<?xml version="1.0"?>
<!DOCTYPE pathway SYSTEM "http://www.kegg.jp/kegg/xml/KGML_v0.7.1_.dtd">
<!-- Creation date: Oct 23, 2015 09:46:24 +0900 (GMT+9) -->
<pathway name="path:mmu04270" org="mmu" number="04270"
         title="Vascular smooth muscle contraction"
         image="http://www.kegg.jp/kegg/pathway/mmu/mmu04270.png"
         link="http://www.kegg.jp/kegg-bin/show_pathway?mmu04270">
    <entry id="1" name="path:mmu04020" type="map"
        link="http://www.kegg.jp/dbget-bin/www_bget?mmu04020">
        <graphics name="Calcium signaling pathway" fgcolor="#000000" bgcolor="#FFFFFF"
             type="roundrectangle" x="547" y="175" width="111" height="34"/>
    </entry>
    <entry id="2" name="mmu:107589 mmu:213435 mmu:228785 mmu:238564" type="gene"
        link="http://www.kegg.jp/dbget-bin/www_bget?mmu:107589+mmu:213435+mmu:228785+mmu:238564">
        <graphics name="Mylk, 9530072E15Rik, A930019C19Rik, AW489456, KRP, MLCK108, MLCK210, Mlck, nmMlck, smMLCK..." fgcolor="#000000" bgcolor="#BFFFBF"
             type="rectangle" x="708" y="132" width="46" height="17"/>
    </entry>
    <entry id="3" name="mmu:17904 mmu:216459 mmu:98932" type="gene"
        link="http://www.kegg.jp/dbget-bin/www_bget?mmu:17904+mmu:216459+mmu:98932">
        <graphics name="Myl6, ESMLC, LC17, LC17-GI, LC17-NM, LC17A, LC17B, MLC-3, MLC1SM, MLC3SM, MLC3nm, Myln..." fgcolor="#000000" bgcolor="#BFFFBF"
             type="rectangle" x="801" y="238" width="46" height="17"/>
    </entry>
    <entry id="4" name="mmu:17931 mmu:19045 mmu:19046 mmu:19047 mmu:232807 mmu:329251 mmu:434233" type="gene"
        link="http://www.kegg.jp/dbget-bin/www_bget?mmu:17931+mmu:19045+mmu:19046+mmu:19047+mmu:232807+mmu:329251+mmu:434233">
        <graphics name="Ppp1r12a, 1200015F06Rik, 5730577I22Rik, AA792106, AV099298, D10Ertd625e, Mypt1..." fgcolor="#000000" bgcolor="#BFFFBF"
             type="rectangle" x="708" y="359" width="46" height="17"/>
    </entry>
    <entry id="5" name="mmu:19877 mmu:19878" type="gene"
        link="http://www.kegg.jp/dbget-bin/www_bget?mmu:19877+mmu:19878">
        <graphics name="Rock1, 1110055K06Rik, Rock-I..." fgcolor="#000000" bgcolor="#BFFFBF"
             type="rectangle" x="541" y="421" width="46" height="17"/>
    </entry>
    <entry id="6" name="mmu:18750 mmu:18751 mmu:18752 mmu:18753 mmu:18754 mmu:18755 mmu:18761" type="gene"
        link="http://www.kegg.jp/dbget-bin/www_bget?mmu:18750+mmu:18751+mmu:18752+mmu:18753+mmu:18754+mmu:18755+mmu:18761">
        <graphics name="Prkca, AI875142, Pkca..." fgcolor="#000000" bgcolor="#BFFFBF"
             type="rectangle" x="474" y="354" width="46" height="17"/>
    </entry>
    <entry id="7" name="mmu:11848 mmu:67653" type="gene"
        link="http://www.kegg.jp/dbget-bin/www_bget?mmu:11848+mmu:67653">
        <graphics name="Rhoa, Arha, Arha1, Arha2..." fgcolor="#000000" bgcolor="#BFFFBF"
             type="rectangle" x="450" y="421" width="46" height="17"/>
    </entry>
    <entry id="8" name="mmu:16801 mmu:213498 mmu:69632" type="gene"
        link="http://www.kegg.jp/dbget-bin/www_bget?mmu:16801+mmu:213498+mmu:69632">
        <graphics name="Arhgef1, Lbcl2, Lsc..." fgcolor="#000000" bgcolor="#BFFFBF"
             type="rectangle" x="362" y="421" width="46" height="17"/>
    </entry>
    <entry id="9" name="path:mmu04270" type="map"
        link="http://www.kegg.jp/dbget-bin/www_bget?mmu04270">
        <graphics name="TITLE:Vascular smooth muscle contraction" fgcolor="#000000" bgcolor="#FFFFFF"
             type="roundrectangle" x="213" y="58" width="346" height="25"/>
    </entry>
    <entry id="10" name="mmu:11468 mmu:11475" type="gene"
        link="http://www.kegg.jp/dbget-bin/www_bget?mmu:11468+mmu:11475">
        <graphics name="Actg2, ACTA3, Act-4, Act4, SMGA..." fgcolor="#000000" bgcolor="#BFFFBF"
             type="rectangle" x="800" y="308" width="46" height="17"/>
    </entry>
    <entry id="11" name="mmu:11548 mmu:11549 mmu:11550" type="gene"
        link="http://www.kegg.jp/dbget-bin/www_bget?mmu:11548+mmu:11549+mmu:11550">
        <graphics name="Adra1b, [a]1b..." fgcolor="#000000" bgcolor="#BFFFBF"
             type="rectangle" x="191" y="282" width="46" height="17"/>
    </entry>
    <entry id="12" name="mmu:14672 mmu:14682" type="gene"
        link="http://www.kegg.jp/dbget-bin/www_bget?mmu:14672+mmu:14682">
        <graphics name="Gna11, Dsk7, E430025L19..." fgcolor="#000000" bgcolor="#BFFFBF"
             type="rectangle" x="274" y="320" width="46" height="17"/>
    </entry>
    <entry id="13" name="mmu:14673 mmu:14674" type="gene"
        link="http://www.kegg.jp/dbget-bin/www_bget?mmu:14673+mmu:14674">
        <graphics name="Gna12, AI414047, AI504261, Galpha12..." fgcolor="#000000" bgcolor="#BFFFBF"
             type="rectangle" x="284" y="399" width="46" height="17"/>
    </entry>
    <entry id="14" name="mmu:18795 mmu:18796 mmu:18797 mmu:18798" type="gene"
        link="http://www.kegg.jp/dbget-bin/www_bget?mmu:18795+mmu:18796+mmu:18797+mmu:18798">
        <graphics name="Plcb1, 3110043I21Rik, AI132408, Plcb, mKIAA0581..." fgcolor="#000000" bgcolor="#BFFFBF"
             type="rectangle" x="359" y="319" width="46" height="17"/>
    </entry>
    <entry id="15" name="cpd:C01245" type="compound"
        link="http://www.kegg.jp/dbget-bin/www_bget?C01245">
        <graphics name="C01245" fgcolor="#000000" bgcolor="#FFFFFF"
             type="circle" x="417" y="298" width="8" height="8"/>
    </entry>
    <entry id="16" name="cpd:C00165" type="compound"
        link="http://www.kegg.jp/dbget-bin/www_bget?C00165">
        <graphics name="C00165" fgcolor="#000000" bgcolor="#FFFFFF"
             type="circle" x="416" y="352" width="8" height="8"/>
    </entry>
    <entry id="17" name="mmu:16438 mmu:16439 mmu:16440" type="gene"
        link="http://www.kegg.jp/dbget-bin/www_bget?mmu:16438+mmu:16439+mmu:16440">
        <graphics name="Itpr1, D6Pas2, Gm10429, IP3R1, InsP3R, Ip3r, Itpr-1, P400, Pcp-1, Pcp1, opt..." fgcolor="#000000" bgcolor="#BFFFBF"
             type="rectangle" x="564" y="228" width="46" height="17"/>
    </entry>
    <entry id="18" name="cpd:C00076" type="compound"
        link="http://www.kegg.jp/dbget-bin/www_bget?C00076">
        <graphics name="C00076" fgcolor="#000000" bgcolor="#FFFFFF"
             type="circle" x="516" y="130" width="8" height="8"/>
    </entry>
    <entry id="19" name="mmu:12313 mmu:12314 mmu:12315 mmu:494124 mmu:70405 mmu:80796" type="gene"
        link="http://www.kegg.jp/dbget-bin/www_bget?mmu:12313+mmu:12314+mmu:12315+mmu:494124+mmu:70405+mmu:80796">
        <graphics name="Calm1, AI256814, AI327027, AI461935, AL024000, CaM, Calm..." fgcolor="#000000" bgcolor="#BFFFBF"
             type="rectangle" x="604" y="132" width="46" height="17"/>
    </entry>
    <entry id="20" name="mmu:12288 mmu:12289 mmu:12292 mmu:54652" type="gene"
        link="http://www.kegg.jp/dbget-bin/www_bget?mmu:12288+mmu:12289+mmu:12292+mmu:54652">
        <graphics name="Cacna1c, Cav1.2, Cchl1a1, D930026N18Rik, MBC, MELC-CC..." fgcolor="#000000" bgcolor="#BFFFBF"
             type="rectangle" x="192" y="124" width="46" height="17"/>
    </entry>
    <entry id="21" name="mmu:68458" type="gene"
        link="http://www.kegg.jp/dbget-bin/www_bget?mmu:68458">
        <graphics name="Ppp1r14a, 1110001M11Rik, Cpi17" fgcolor="#000000" bgcolor="#BFFFBF"
             type="rectangle" x="585" y="354" width="46" height="17"/>
    </entry>
    <entry id="22" name="mmu:17931 mmu:19045 mmu:19046 mmu:19047 mmu:232807 mmu:329251 mmu:434233" type="gene"
        link="http://www.kegg.jp/dbget-bin/www_bget?mmu:17931+mmu:19045+mmu:19046+mmu:19047+mmu:232807+mmu:329251+mmu:434233">
        <graphics name="Ppp1r12a, 1200015F06Rik, 5730577I22Rik, AA792106, AV099298, D10Ertd625e, Mypt1..." fgcolor="#000000" bgcolor="#BFFFBF"
             type="rectangle" x="708" y="660" width="46" height="17"/>
    </entry>
    <entry id="23" name="mmu:17904 mmu:216459 mmu:98932" type="gene"
        link="http://www.kegg.jp/dbget-bin/www_bget?mmu:17904+mmu:216459+mmu:98932">
        <graphics name="Myl6, ESMLC, LC17, LC17-GI, LC17-NM, LC17A, LC17B, MLC-3, MLC1SM, MLC3SM, MLC3nm, Myln..." fgcolor="#000000" bgcolor="#BFFFBF"
             type="rectangle" x="798" y="580" width="46" height="17"/>
    </entry>
    <entry id="24" name="mmu:11468 mmu:11475" type="gene"
        link="http://www.kegg.jp/dbget-bin/www_bget?mmu:11468+mmu:11475">
        <graphics name="Actg2, ACTA3, Act-4, Act4, SMGA..." fgcolor="#000000" bgcolor="#BFFFBF"
             type="rectangle" x="797" y="645" width="46" height="17"/>
    </entry>
    <entry id="25" name="path:mmu00590" type="map"
        link="http://www.kegg.jp/dbget-bin/www_bget?mmu00590">
        <graphics name="Arachidonic acid metabolism" fgcolor="#000000" bgcolor="#FFFFFF"
             type="roundrectangle" x="287" y="232" width="111" height="34"/>
    </entry>
    <entry id="26" name="cpd:C00219" type="compound"
        link="http://www.kegg.jp/dbget-bin/www_bget?C00219">
        <graphics name="C00219" fgcolor="#000000" bgcolor="#FFFFFF"
             type="circle" x="384" y="264" width="8" height="8"/>
    </entry>
    <entry id="27" name="cpd:C14748" type="compound"
        link="http://www.kegg.jp/dbget-bin/www_bget?C14748">
        <graphics name="C14748" fgcolor="#000000" bgcolor="#FFFFFF"
             type="circle" x="384" y="204" width="8" height="8"/>
    </entry>
    <entry id="28" name="mmu:100502876 mmu:16531 mmu:16532 mmu:16533 mmu:58802 mmu:72413" type="gene"
        link="http://www.kegg.jp/dbget-bin/www_bget?mmu:100502876+mmu:16531+mmu:16532+mmu:16533+mmu:58802+mmu:72413">
        <graphics name="Kcnmb3, EG435726, Gm5707..." fgcolor="#000000" bgcolor="#BFFFBF"
             type="rectangle" x="192" y="180" width="46" height="17"/>
    </entry>
    <entry id="29" name="mmu:100040843 mmu:13117 mmu:13118 mmu:13119 mmu:230639 mmu:277753 mmu:435802 mmu:666168" type="gene"
        link="http://www.kegg.jp/dbget-bin/www_bget?mmu:100040843+mmu:13117+mmu:13118+mmu:13119+mmu:230639+mmu:277753+mmu:435802+mmu:666168">
        <graphics name="Cyp4a32, OTTMUSG00000008689..." fgcolor="#000000" bgcolor="#BFFFBF"
             type="rectangle" x="411" y="242" width="46" height="17"/>
    </entry>
    <entry id="30" name="mmu:18778 mmu:18780 mmu:18781 mmu:18782 mmu:18783 mmu:18784 mmu:211429 mmu:232889 mmu:237625 mmu:26565 mmu:26970 mmu:26971 mmu:271844 mmu:329502 mmu:53357 mmu:66350 mmu:69836 mmu:78390" type="gene"
        link="http://www.kegg.jp/dbget-bin/www_bget?mmu:18778+mmu:18780+mmu:18781+mmu:18782+mmu:18783+mmu:18784+mmu:211429+mmu:232889+mmu:237625+mmu:26565+mmu:26970+mmu:26971+mmu:271844+mmu:329502+mmu:53357+mmu:66350+mmu:69836+mmu:78390">
        <graphics name="Pla2g1b, Pla2a, sPLA2IB..." fgcolor="#000000" bgcolor="#BFFFBF"
             type="rectangle" x="319" y="266" width="46" height="17"/>
    </entry>
    <entry id="31" name="cpd:C00238" type="compound"
        link="http://www.kegg.jp/dbget-bin/www_bget?C00238">
        <graphics name="C00238" fgcolor="#000000" bgcolor="#FFFFFF"
             type="circle" x="140" y="180" width="8" height="8"/>
    </entry>
    <entry id="32" name="mmu:109624" type="gene"
        link="http://www.kegg.jp/dbget-bin/www_bget?mmu:109624">
        <graphics name="Cald1, 4833423D12Rik, AI195384, AV071549, AW536160, C920027I18Rik" fgcolor="#000000" bgcolor="#BFFFBF"
             type="rectangle" x="702" y="308" width="46" height="17"/>
    </entry>
    <entry id="33" name="mmu:109880 mmu:110157 mmu:11836" type="gene"
        link="http://www.kegg.jp/dbget-bin/www_bget?mmu:109880+mmu:110157+mmu:11836">
        <graphics name="Braf, 9930012E13Rik, AA120551, AA387315, AA473386, B-raf, Braf-2, Braf2, C230098H17, C87398, D6Ertd631e..." fgcolor="#000000" bgcolor="#BFFFBF"
             type="rectangle" x="484" y="308" width="46" height="17"/>
    </entry>
    <entry id="34" name="mmu:26395 mmu:26396" type="gene"
        link="http://www.kegg.jp/dbget-bin/www_bget?mmu:26395+mmu:26396">
        <graphics name="Map2k1, MAPKK1, MEKK1, Mek1, Prkmk1..." fgcolor="#000000" bgcolor="#BFFFBF"
             type="rectangle" x="557" y="308" width="46" height="17"/>
    </entry>
    <entry id="35" name="mmu:26413 mmu:26417" type="gene"
        link="http://www.kegg.jp/dbget-bin/www_bget?mmu:26413+mmu:26417">
        <graphics name="Mapk1, 9030612K14Rik, AA407128, AU018647, C78273, ERK, Erk2, MAPK2, PRKM2, Prkm1, p41mapk, p42mapk..." fgcolor="#000000" bgcolor="#BFFFBF"
             type="rectangle" x="630" y="308" width="46" height="17"/>
    </entry>
    <entry id="36" name="cpd:C00533" type="compound"
        link="http://www.kegg.jp/dbget-bin/www_bget?C00533">
        <graphics name="C00533" fgcolor="#000000" bgcolor="#FFFFFF"
             type="circle" x="116" y="713" width="8" height="8"/>
    </entry>
    <entry id="37" name="mmu:11540 mmu:11541" type="gene"
        link="http://www.kegg.jp/dbget-bin/www_bget?mmu:11540+mmu:11541">
        <graphics name="Adora2a, A2AAR, A2aR, AA2AR..." fgcolor="#000000" bgcolor="#BFFFBF"
             type="rectangle" x="191" y="459" width="46" height="17"/>
    </entry>
    <entry id="38" name="mmu:18160" type="gene"
        link="http://www.kegg.jp/dbget-bin/www_bget?mmu:18160">
        <graphics name="Npr1, AI893888, GC-A, NPR-A, NPRA, Pndr" fgcolor="#000000" bgcolor="#BFFFBF"
             type="rectangle" x="191" y="649" width="46" height="17"/>
    </entry>
    <entry id="39" name="mmu:104110 mmu:104111 mmu:11512 mmu:11513 mmu:11514 mmu:11515 mmu:210044 mmu:224129 mmu:432530" type="gene"
        link="http://www.kegg.jp/dbget-bin/www_bget?mmu:104110+mmu:104111+mmu:11512+mmu:11513+mmu:11514+mmu:11515+mmu:210044+mmu:224129+mmu:432530">
        <graphics name="Adcy4, mKIAA4004..." fgcolor="#000000" bgcolor="#BFFFBF"
             type="rectangle" x="342" y="484" width="46" height="17"/>
    </entry>
    <entry id="40" name="cpd:C00575" type="compound"
        link="http://www.kegg.jp/dbget-bin/www_bget?C00575">
        <graphics name="C00575" fgcolor="#000000" bgcolor="#FFFFFF"
             type="circle" x="397" y="483" width="8" height="8"/>
    </entry>
    <entry id="41" name="cpd:C00942" type="compound"
        link="http://www.kegg.jp/dbget-bin/www_bget?C00942">
        <graphics name="C00942" fgcolor="#000000" bgcolor="#FFFFFF"
             type="circle" x="347" y="661" width="8" height="8"/>
    </entry>
    <entry id="42" name="mmu:18747 mmu:18749" type="gene"
        link="http://www.kegg.jp/dbget-bin/www_bget?mmu:18747+mmu:18749">
        <graphics name="Prkaca, PKCD, Pkaca..." fgcolor="#000000" bgcolor="#BFFFBF"
             type="rectangle" x="446" y="484" width="46" height="17"/>
    </entry>
    <entry id="43" name="mmu:19091" type="gene"
        link="http://www.kegg.jp/dbget-bin/www_bget?mmu:19091">
        <graphics name="Prkg1, AW125416, CGKI, Gm19690, Prkg1b, Prkgr1b" fgcolor="#000000" bgcolor="#BFFFBF"
             type="rectangle" x="441" y="660" width="46" height="17"/>
    </entry>
    <entry id="44" name="mmu:234889 mmu:239134 mmu:54195 mmu:60596" type="gene"
        link="http://www.kegg.jp/dbget-bin/www_bget?mmu:234889+mmu:239134+mmu:54195+mmu:60596">
        <graphics name="Gucy1a2, 6330407I18Rik, A230060L24Rik..." fgcolor="#000000" bgcolor="#BFFFBF"
             type="rectangle" x="278" y="714" width="46" height="17"/>
    </entry>
    <entry id="45" name="mmu:107589 mmu:213435 mmu:228785 mmu:238564" type="gene"
        link="http://www.kegg.jp/dbget-bin/www_bget?mmu:107589+mmu:213435+mmu:228785+mmu:238564">
        <graphics name="Mylk, 9530072E15Rik, A930019C19Rik, AW489456, KRP, MLCK108, MLCK210, Mlck, nmMlck, smMLCK..." fgcolor="#000000" bgcolor="#BFFFBF"
             type="rectangle" x="708" y="486" width="46" height="17"/>
    </entry>
    <entry id="46" name="mmu:16438 mmu:16439 mmu:16440" type="gene"
        link="http://www.kegg.jp/dbget-bin/www_bget?mmu:16438+mmu:16439+mmu:16440">
        <graphics name="Itpr1, D6Pas2, Gm10429, IP3R1, InsP3R, Ip3r, Itpr-1, P400, Pcp-1, Pcp1, opt..." fgcolor="#000000" bgcolor="#BFFFBF"
             type="rectangle" x="564" y="582" width="46" height="17"/>
    </entry>
    <entry id="47" name="cpd:C00076" type="compound"
        link="http://www.kegg.jp/dbget-bin/www_bget?C00076">
        <graphics name="C00076" fgcolor="#000000" bgcolor="#FFFFFF"
             type="circle" x="511" y="580" width="8" height="8"/>
    </entry>
    <entry id="48" name="mmu:100502876 mmu:16531 mmu:16532 mmu:16533 mmu:58802 mmu:72413" type="gene"
        link="http://www.kegg.jp/dbget-bin/www_bget?mmu:100502876+mmu:16531+mmu:16532+mmu:16533+mmu:58802+mmu:72413">
        <graphics name="Kcnmb3, EG435726, Gm5707..." fgcolor="#000000" bgcolor="#BFFFBF"
             type="rectangle" x="192" y="604" width="46" height="17"/>
    </entry>
    <entry id="49" name="mmu:12288 mmu:12289 mmu:12292 mmu:54652" type="gene"
        link="http://www.kegg.jp/dbget-bin/www_bget?mmu:12288+mmu:12289+mmu:12292+mmu:54652">
        <graphics name="Cacna1c, Cav1.2, Cchl1a1, D930026N18Rik, MBC, MELC-CC..." fgcolor="#000000" bgcolor="#BFFFBF"
             type="rectangle" x="192" y="547" width="46" height="17"/>
    </entry>
    <entry id="50" name="cpd:C00238" type="compound"
        link="http://www.kegg.jp/dbget-bin/www_bget?C00238">
        <graphics name="C00238" fgcolor="#000000" bgcolor="#FFFFFF"
             type="circle" x="144" y="602" width="8" height="8"/>
    </entry>
    <entry id="51" name="cpd:C00076" type="compound"
        link="http://www.kegg.jp/dbget-bin/www_bget?C00076">
        <graphics name="C00076" fgcolor="#000000" bgcolor="#FFFFFF"
             type="circle" x="264" y="546" width="8" height="8"/>
    </entry>
    <entry id="52" name="mmu:14683" type="gene"
        link="http://www.kegg.jp/dbget-bin/www_bget?mmu:14683">
        <graphics name="Gnas, 5530400H20Rik, A930027G11Rik, C130027O20Rik, GPSA, GSP, Galphas, Gnas1, Gnasxl, Gs-alpha, Gsa, Nesp, Nesp55, Nespl, Oed-Sml, Oedsml, P1, P2, P3, PHP1A, PHP1B, POH, SCG6" fgcolor="#000000" bgcolor="#BFFFBF"
             type="rectangle" x="266" y="484" width="46" height="17"/>
    </entry>
    <entry id="53" name="cpd:C00212" type="compound"
        link="http://www.kegg.jp/dbget-bin/www_bget?C00212">
        <graphics name="C00212" fgcolor="#000000" bgcolor="#FFFFFF"
             type="circle" x="116" y="445" width="8" height="8"/>
    </entry>
    <entry id="54" name="cpd:C01312" type="compound"
        link="http://www.kegg.jp/dbget-bin/www_bget?C01312">
        <graphics name="C01312" fgcolor="#000000" bgcolor="#FFFFFF"
             type="circle" x="116" y="476" width="8" height="8"/>
    </entry>
    <entry id="55" name="cpd:C16127" type="compound"
        link="http://www.kegg.jp/dbget-bin/www_bget?C16127">
        <graphics name="C16127" fgcolor="#000000" bgcolor="#FFFFFF"
             type="circle" x="116" y="523" width="8" height="8"/>
    </entry>
    <entry id="56" name="cpd:C16125" type="compound"
        link="http://www.kegg.jp/dbget-bin/www_bget?C16125">
        <graphics name="C16125" fgcolor="#000000" bgcolor="#FFFFFF"
             type="circle" x="116" y="498" width="8" height="8"/>
    </entry>
    <entry id="57" name="cpd:C16003" type="compound"
        link="http://www.kegg.jp/dbget-bin/www_bget?C16003">
        <graphics name="C16003" fgcolor="#000000" bgcolor="#FFFFFF"
             type="circle" x="116" y="623" width="8" height="8"/>
    </entry>
    <entry id="58" name="cpd:C16004" type="compound"
        link="http://www.kegg.jp/dbget-bin/www_bget?C16004">
        <graphics name="C16004" fgcolor="#000000" bgcolor="#FFFFFF"
             type="circle" x="116" y="652" width="8" height="8"/>
    </entry>
    <entry id="59" name="cpd:C16005" type="compound"
        link="http://www.kegg.jp/dbget-bin/www_bget?C16005">
        <graphics name="C16005" fgcolor="#000000" bgcolor="#FFFFFF"
             type="circle" x="116" y="681" width="8" height="8"/>
    </entry>
    <entry id="60" name="cpd:C02135" type="compound"
        link="http://www.kegg.jp/dbget-bin/www_bget?C02135">
        <graphics name="C02135" fgcolor="#000000" bgcolor="#FFFFFF"
             type="circle" x="116" y="295" width="8" height="8"/>
    </entry>
    <entry id="61" name="cpd:C00547" type="compound"
        link="http://www.kegg.jp/dbget-bin/www_bget?C00547">
        <graphics name="C00547" fgcolor="#000000" bgcolor="#FFFFFF"
             type="circle" x="116" y="260" width="8" height="8"/>
    </entry>
    <entry id="62" name="cpd:C16010 cpd:C16012 cpd:C16013" type="compound"
        link="http://www.kegg.jp/dbget-bin/www_bget?C16010+C16012+C16013">
        <graphics name="C16010..." fgcolor="#000000" bgcolor="#FFFFFF"
             type="circle" x="116" y="333" width="8" height="8"/>
    </entry>
    <entry id="63" name="cpd:C13662" type="compound"
        link="http://www.kegg.jp/dbget-bin/www_bget?C13662">
        <graphics name="C13662" fgcolor="#000000" bgcolor="#FFFFFF"
             type="circle" x="116" y="362" width="8" height="8"/>
    </entry>
    <entry id="64" name="cpd:C14771 cpd:C14770 cpd:C14769 cpd:C14768" type="compound"
        link="http://www.kegg.jp/dbget-bin/www_bget?C14771+C14770+C14769+C14768">
        <graphics name="C14771..." fgcolor="#000000" bgcolor="#FFFFFF"
             type="circle" x="116" y="568" width="8" height="8"/>
    </entry>
    <entry id="65" name="mmu:230103" type="gene"
        link="http://www.kegg.jp/dbget-bin/www_bget?mmu:230103">
        <graphics name="Npr2, GC-B, GC-B2, GC-B3, cn, mNPR-B, pwe" fgcolor="#000000" bgcolor="#BFFFBF"
             type="rectangle" x="191" y="672" width="46" height="17"/>
    </entry>
    <entry id="66" name="mmu:11607 mmu:11608" type="gene"
        link="http://www.kegg.jp/dbget-bin/www_bget?mmu:11607+mmu:11608">
        <graphics name="Agtr1a, 1810074K20Rik, AG2S, AI551199, AT1, AT1a, AT2R1, AT2R1A, Agtr-1a, Agtr1, Angtr-1a..." fgcolor="#000000" bgcolor="#BFFFBF"
             type="rectangle" x="191" y="305" width="46" height="17"/>
    </entry>
    <entry id="67" name="mmu:13617" type="gene"
        link="http://www.kegg.jp/dbget-bin/www_bget?mmu:13617">
        <graphics name="Ednra, ET-AR, ETa, Gpcr10" fgcolor="#000000" bgcolor="#BFFFBF"
             type="rectangle" x="192" y="330" width="46" height="17"/>
    </entry>
    <entry id="68" name="mmu:26361 mmu:54140" type="gene"
        link="http://www.kegg.jp/dbget-bin/www_bget?mmu:26361+mmu:54140">
        <graphics name="Avpr1b, AVPR3, V3/V1b, VIBR, VPR3..." fgcolor="#000000" bgcolor="#BFFFBF"
             type="rectangle" x="192" y="354" width="46" height="17"/>
    </entry>
    <entry id="69" name="mmu:19222" type="gene"
        link="http://www.kegg.jp/dbget-bin/www_bget?mmu:19222">
        <graphics name="Ptgir, IP, PGI2" fgcolor="#000000" bgcolor="#BFFFBF"
             type="rectangle" x="191" y="484" width="46" height="17"/>
    </entry>
    <entry id="70" name="mmu:51801 mmu:54409 mmu:54598 mmu:56089" type="gene"
        link="http://www.kegg.jp/dbget-bin/www_bget?mmu:51801+mmu:54409+mmu:54598+mmu:56089">
        <graphics name="Ramp1, 9130218E19Rik..." fgcolor="#000000" bgcolor="#BFFFBF"
             type="rectangle" x="191" y="509" width="46" height="17"/>
    </entry>
    <entry id="71" name="mmu:17880" type="gene"
        link="http://www.kegg.jp/dbget-bin/www_bget?mmu:17880">
        <graphics name="Myh11, AV071570, SM1, SM2, smMHC" fgcolor="#000000" bgcolor="#BFFFBF"
             type="rectangle" x="801" y="255" width="46" height="17"/>
    </entry>
    <entry id="72" name="mmu:17880" type="gene"
        link="http://www.kegg.jp/dbget-bin/www_bget?mmu:17880">
        <graphics name="Myh11, AV071570, SM1, SM2, smMHC" fgcolor="#000000" bgcolor="#BFFFBF"
             type="rectangle" x="798" y="597" width="46" height="17"/>
    </entry>
    <entry id="73" name="mmu:17540" type="gene"
        link="http://www.kegg.jp/dbget-bin/www_bget?mmu:17540">
        <graphics name="Mrvi1, BB115629, Irag, Ris1" fgcolor="#000000" bgcolor="#BFFFBF"
             type="rectangle" x="506" y="622" width="46" height="17"/>
    </entry>
    <entry id="74" name="undefined" type="group">
        <graphics fgcolor="#000000" bgcolor="#FFFFFF"
             type="rectangle" x="801" y="246" width="46" height="34"/>
        <component id="3"/>
        <component id="71"/>
    </entry>
    <entry id="75" name="undefined" type="group">
        <graphics fgcolor="#000000" bgcolor="#FFFFFF"
             type="rectangle" x="798" y="588" width="46" height="34"/>
        <component id="23"/>
        <component id="72"/>
    </entry>
    <relation entry1="18" entry2="19" type="PCrel">
        <subtype name="activation" value="--&gt;"/>
    </relation>
    <relation entry1="19" entry2="2" type="PPrel">
        <subtype name="activation" value="--&gt;"/>
    </relation>
    <relation entry1="61" entry2="11" type="PCrel">
        <subtype name="activation" value="--&gt;"/>
    </relation>
    <relation entry1="60" entry2="66" type="PCrel">
        <subtype name="activation" value="--&gt;"/>
    </relation>
    <relation entry1="62" entry2="67" type="PCrel">
        <subtype name="activation" value="--&gt;"/>
    </relation>
    <relation entry1="63" entry2="68" type="PCrel">
        <subtype name="activation" value="--&gt;"/>
    </relation>
    <relation entry1="11" entry2="12" type="PPrel">
        <subtype name="activation" value="--&gt;"/>
    </relation>
    <relation entry1="66" entry2="12" type="PPrel">
        <subtype name="activation" value="--&gt;"/>
    </relation>
    <relation entry1="67" entry2="12" type="PPrel">
        <subtype name="activation" value="--&gt;"/>
    </relation>
    <relation entry1="68" entry2="12" type="PPrel">
        <subtype name="activation" value="--&gt;"/>
    </relation>
    <relation entry1="12" entry2="30" type="PPrel">
        <subtype name="activation" value="--&gt;"/>
    </relation>
    <relation entry1="30" entry2="26" type="PCrel">
        <subtype name="activation" value="--&gt;"/>
    </relation>
    <relation entry1="12" entry2="14" type="PPrel">
        <subtype name="activation" value="--&gt;"/>
    </relation>
    <relation entry1="14" entry2="15" type="PCrel">
        <subtype name="activation" value="--&gt;"/>
    </relation>
    <relation entry1="15" entry2="17" type="PCrel">
        <subtype name="activation" value="--&gt;"/>
    </relation>
    <relation entry1="14" entry2="16" type="PCrel">
        <subtype name="activation" value="--&gt;"/>
    </relation>
    <relation entry1="16" entry2="6" type="PCrel">
        <subtype name="activation" value="--&gt;"/>
    </relation>
    <relation entry1="6" entry2="33" type="PPrel">
        <subtype name="activation" value="--&gt;"/>
    </relation>
    <relation entry1="11" entry2="13" type="PPrel">
        <subtype name="activation" value="--&gt;"/>
    </relation>
    <relation entry1="66" entry2="13" type="PPrel">
        <subtype name="activation" value="--&gt;"/>
    </relation>
    <relation entry1="67" entry2="13" type="PPrel">
        <subtype name="activation" value="--&gt;"/>
    </relation>
    <relation entry1="13" entry2="68" type="PPrel">
        <subtype name="activation" value="--&gt;"/>
    </relation>
    <relation entry1="13" entry2="8" type="PPrel">
        <subtype name="activation" value="--&gt;"/>
    </relation>
    <relation entry1="8" entry2="7" type="PPrel">
        <subtype name="activation" value="--&gt;"/>
    </relation>
    <relation entry1="7" entry2="5" type="PPrel">
        <subtype name="activation" value="--&gt;"/>
    </relation>
    <relation entry1="53" entry2="37" type="PCrel">
        <subtype name="activation" value="--&gt;"/>
    </relation>
    <relation entry1="54" entry2="69" type="PCrel">
        <subtype name="activation" value="--&gt;"/>
    </relation>
    <relation entry1="56" entry2="70" type="PCrel">
        <subtype name="activation" value="--&gt;"/>
    </relation>
    <relation entry1="55" entry2="70" type="PCrel">
        <subtype name="activation" value="--&gt;"/>
    </relation>
    <relation entry1="37" entry2="52" type="PPrel">
        <subtype name="activation" value="--&gt;"/>
    </relation>
    <relation entry1="69" entry2="52" type="PPrel">
        <subtype name="activation" value="--&gt;"/>
    </relation>
    <relation entry1="70" entry2="52" type="PPrel">
        <subtype name="activation" value="--&gt;"/>
    </relation>
    <relation entry1="52" entry2="39" type="PPrel">
        <subtype name="activation" value="--&gt;"/>
    </relation>
    <relation entry1="39" entry2="40" type="PCrel">
        <subtype name="activation" value="--&gt;"/>
    </relation>
    <relation entry1="40" entry2="42" type="PCrel">
        <subtype name="activation" value="--&gt;"/>
    </relation>
    <relation entry1="57" entry2="38" type="PCrel">
        <subtype name="activation" value="--&gt;"/>
    </relation>
    <relation entry1="58" entry2="38" type="PCrel">
        <subtype name="activation" value="--&gt;"/>
    </relation>
    <relation entry1="59" entry2="65" type="PCrel">
        <subtype name="activation" value="--&gt;"/>
    </relation>
    <relation entry1="36" entry2="44" type="PCrel">
        <subtype name="activation" value="--&gt;"/>
    </relation>
    <relation entry1="44" entry2="41" type="PCrel">
        <subtype name="activation" value="--&gt;"/>
    </relation>
    <relation entry1="38" entry2="41" type="PCrel">
        <subtype name="activation" value="--&gt;"/>
    </relation>
    <relation entry1="41" entry2="43" type="PCrel">
        <subtype name="activation" value="--&gt;"/>
    </relation>
    <relation entry1="43" entry2="48" type="PPrel">
        <subtype name="activation" value="--&gt;"/>
    </relation>
    <relation entry1="42" entry2="48" type="PPrel">
        <subtype name="activation" value="--&gt;"/>
    </relation>
    <relation entry1="43" entry2="22" type="PPrel">
        <subtype name="activation" value="--&gt;"/>
    </relation>
    <relation entry1="21" entry2="4" type="PPrel">
        <subtype name="inhibition" value="--|"/>
    </relation>
    <relation entry1="5" entry2="4" type="PPrel">
        <subtype name="inhibition" value="--|"/>
    </relation>
    <relation entry1="42" entry2="45" type="PPrel">
        <subtype name="inhibition" value="--|"/>
    </relation>
    <relation entry1="42" entry2="46" type="PPrel">
        <subtype name="inhibition" value="--|"/>
    </relation>
    <relation entry1="2" entry2="3" type="PPrel">
        <subtype name="activation" value="--&gt;"/>
        <subtype name="phosphorylation" value="+p"/>
    </relation>
    <relation entry1="45" entry2="23" type="PPrel">
        <subtype name="activation" value="--&gt;"/>
        <subtype name="phosphorylation" value="+p"/>
    </relation>
    <relation entry1="33" entry2="34" type="PPrel">
        <subtype name="activation" value="--&gt;"/>
        <subtype name="phosphorylation" value="+p"/>
    </relation>
    <relation entry1="34" entry2="35" type="PPrel">
        <subtype name="activation" value="--&gt;"/>
        <subtype name="phosphorylation" value="+p"/>
    </relation>
    <relation entry1="35" entry2="32" type="PPrel">
        <subtype name="activation" value="--&gt;"/>
        <subtype name="phosphorylation" value="+p"/>
    </relation>
    <relation entry1="4" entry2="3" type="PPrel">
        <subtype name="inhibition" value="--|"/>
        <subtype name="dephosphorylation" value="-p"/>
    </relation>
    <relation entry1="22" entry2="23" type="PPrel">
        <subtype name="inhibition" value="--|"/>
        <subtype name="dephosphorylation" value="-p"/>
    </relation>
    <relation entry1="74" entry2="10" type="PPrel">
        <subtype name="binding/association" value="---"/>
    </relation>
    <relation entry1="75" entry2="24" type="PPrel">
        <subtype name="dissociation" value="-+-"/>
    </relation>
    <relation entry1="27" entry2="28" type="PCrel">
        <subtype name="inhibition" value="--|"/>
    </relation>
    <relation entry1="43" entry2="73" type="PPrel">
        <subtype name="activation" value="--&gt;"/>
        <subtype name="phosphorylation" value="+p"/>
    </relation>
    <relation entry1="73" entry2="46" type="PPrel">
        <subtype name="inhibition" value="--|"/>
    </relation>
</pathway>
