<?xml version="1.0"?>
<!DOCTYPE pathway SYSTEM "http://www.kegg.jp/kegg/xml/KGML_v0.7.1_.dtd">
<!-- Creation date: Oct 29, 2013 10:35:50 +0900 (GMT+09:00) -->
<pathway name="path:mmu05202" org="mmu" number="05202"
         title="Transcriptional misregulation in cancer"
         image="http://www.kegg.jp/kegg/pathway/mmu/mmu05202.png"
         link="http://www.kegg.jp/kegg-bin/show_pathway?mmu05202">
    <entry id="1" name="path:mmu05202" type="map"
        link="http://www.kegg.jp/dbget-bin/www_bget?mmu05202">
        <graphics name="TITLE:Transcriptional misregulation in cancer" fgcolor="#000000" bgcolor="#FFFFFF"
             type="roundrectangle" x="222" y="58" width="363" height="25"/>
    </entry>
    <entry id="2" name="mmu:14030" type="gene"
        link="http://www.kegg.jp/dbget-bin/www_bget?mmu:14030">
        <graphics name="Ewsr1, Ews, Ewsh" fgcolor="#000000" bgcolor="#BFFFBF"
             type="rectangle" x="1280" y="282" width="46" height="17"/>
    </entry>
    <entry id="3" name="mmu:14247" type="gene"
        link="http://www.kegg.jp/dbget-bin/www_bget?mmu:14247">
        <graphics name="Fli1, EWSR2, Fli-1, SIC-1, Sic1" fgcolor="#000000" bgcolor="#BFFFBF"
             type="rectangle" x="1335" y="282" width="46" height="17"/>
    </entry>
    <entry id="4" name="mmu:14030" type="gene"
        link="http://www.kegg.jp/dbget-bin/www_bget?mmu:14030">
        <graphics name="Ewsr1, Ews, Ewsh" fgcolor="#000000" bgcolor="#BFFFBF"
             type="rectangle" x="1280" y="322" width="46" height="17"/>
    </entry>
    <entry id="5" name="mmu:13876" type="gene"
        link="http://www.kegg.jp/dbget-bin/www_bget?mmu:13876">
        <graphics name="Erg, D030036I24Rik" fgcolor="#000000" bgcolor="#BFFFBF"
             type="rectangle" x="1335" y="322" width="46" height="17"/>
    </entry>
    <entry id="6" name="mmu:14030" type="gene"
        link="http://www.kegg.jp/dbget-bin/www_bget?mmu:14030">
        <graphics name="Ewsr1, Ews, Ewsh" fgcolor="#000000" bgcolor="#BFFFBF"
             type="rectangle" x="1280" y="369" width="46" height="17"/>
    </entry>
    <entry id="7" name="mmu:14009" type="gene"
        link="http://www.kegg.jp/dbget-bin/www_bget?mmu:14009">
        <graphics name="Etv1, ER81, Etsrp81" fgcolor="#000000" bgcolor="#BFFFBF"
             type="rectangle" x="1335" y="369" width="46" height="17"/>
    </entry>
    <entry id="8" name="mmu:14030" type="gene"
        link="http://www.kegg.jp/dbget-bin/www_bget?mmu:14030">
        <graphics name="Ewsr1, Ews, Ewsh" fgcolor="#000000" bgcolor="#BFFFBF"
             type="rectangle" x="1280" y="410" width="46" height="17"/>
    </entry>
    <entry id="9" name="mmu:18612" type="gene"
        link="http://www.kegg.jp/dbget-bin/www_bget?mmu:18612">
        <graphics name="Etv4, AW414408, Pea-3, Pea3" fgcolor="#000000" bgcolor="#BFFFBF"
             type="rectangle" x="1335" y="410" width="46" height="17"/>
    </entry>
    <entry id="10" name="mmu:14030" type="gene"
        link="http://www.kegg.jp/dbget-bin/www_bget?mmu:14030">
        <graphics name="Ewsr1, Ews, Ewsh" fgcolor="#000000" bgcolor="#BFFFBF"
             type="rectangle" x="1280" y="454" width="46" height="17"/>
    </entry>
    <entry id="11" name="mmu:260298" type="gene"
        link="http://www.kegg.jp/dbget-bin/www_bget?mmu:260298">
        <graphics name="Fev, Pet-1, Pet1, mPet-1" fgcolor="#000000" bgcolor="#BFFFBF"
             type="rectangle" x="1335" y="454" width="46" height="17"/>
    </entry>
    <entry id="12" name="mmu:14030" type="gene"
        link="http://www.kegg.jp/dbget-bin/www_bget?mmu:14030">
        <graphics name="Ewsr1, Ews, Ewsh" fgcolor="#000000" bgcolor="#BFFFBF"
             type="rectangle" x="1280" y="521" width="46" height="17"/>
    </entry>
    <entry id="13" name="mmu:11908" type="gene"
        link="http://www.kegg.jp/dbget-bin/www_bget?mmu:11908">
        <graphics name="Atf1" fgcolor="#000000" bgcolor="#BFFFBF"
             type="rectangle" x="1335" y="521" width="46" height="17"/>
    </entry>
    <entry id="14" name="mmu:14030" type="gene"
        link="http://www.kegg.jp/dbget-bin/www_bget?mmu:14030">
        <graphics name="Ewsr1, Ews, Ewsh" fgcolor="#000000" bgcolor="#BFFFBF"
             type="rectangle" x="1280" y="594" width="46" height="17"/>
    </entry>
    <entry id="15" name="mmu:22431" type="gene"
        link="http://www.kegg.jp/dbget-bin/www_bget?mmu:22431">
        <graphics name="Wt1, D630046I19Rik, Wt-1" fgcolor="#000000" bgcolor="#BFFFBF"
             type="rectangle" x="1335" y="594" width="46" height="17"/>
    </entry>
    <entry id="16" name="mmu:14030" type="gene"
        link="http://www.kegg.jp/dbget-bin/www_bget?mmu:14030">
        <graphics name="Ewsr1, Ews, Ewsh" fgcolor="#000000" bgcolor="#BFFFBF"
             type="rectangle" x="1280" y="679" width="46" height="17"/>
    </entry>
    <entry id="17" name="mmu:18124" type="gene"
        link="http://www.kegg.jp/dbget-bin/www_bget?mmu:18124">
        <graphics name="Nr4a3, AI573420, CHN, CSMF, MINOR, NOR-1, Nor1, TEC" fgcolor="#000000" bgcolor="#BFFFBF"
             type="rectangle" x="1335" y="679" width="46" height="17"/>
    </entry>
    <entry id="18" name="mmu:233908" type="gene"
        link="http://www.kegg.jp/dbget-bin/www_bget?mmu:233908">
        <graphics name="Fus, D430004D17Rik, D930039C12Rik, Fus1, Tls" fgcolor="#000000" bgcolor="#BFFFBF"
             type="rectangle" x="1280" y="765" width="46" height="17"/>
    </entry>
    <entry id="19" name="mmu:13198" type="gene"
        link="http://www.kegg.jp/dbget-bin/www_bget?mmu:13198">
        <graphics name="Ddit3, CHOP-10, CHOP10, chop, gadd153" fgcolor="#000000" bgcolor="#BFFFBF"
             type="rectangle" x="1335" y="765" width="46" height="17"/>
    </entry>
    <entry id="20" name="mmu:14030" type="gene"
        link="http://www.kegg.jp/dbget-bin/www_bget?mmu:14030">
        <graphics name="Ewsr1, Ews, Ewsh" fgcolor="#000000" bgcolor="#BFFFBF"
             type="rectangle" x="1280" y="811" width="46" height="17"/>
    </entry>
    <entry id="21" name="mmu:13198" type="gene"
        link="http://www.kegg.jp/dbget-bin/www_bget?mmu:13198">
        <graphics name="Ddit3, CHOP-10, CHOP10, chop, gadd153" fgcolor="#000000" bgcolor="#BFFFBF"
             type="rectangle" x="1335" y="811" width="46" height="17"/>
    </entry>
    <entry id="22" name="mmu:18505" type="gene"
        link="http://www.kegg.jp/dbget-bin/www_bget?mmu:18505">
        <graphics name="Pax3, Pax-3, Sp, splotch" fgcolor="#000000" bgcolor="#BFFFBF"
             type="rectangle" x="1280" y="871" width="46" height="17"/>
    </entry>
    <entry id="23" name="mmu:56458" type="gene"
        link="http://www.kegg.jp/dbget-bin/www_bget?mmu:56458">
        <graphics name="Foxo1, AI876417, Afxh, FKHR, Fkhr1, Foxo1a" fgcolor="#000000" bgcolor="#BFFFBF"
             type="rectangle" x="1335" y="871" width="46" height="17"/>
    </entry>
    <entry id="24" name="mmu:18509" type="gene"
        link="http://www.kegg.jp/dbget-bin/www_bget?mmu:18509">
        <graphics name="Pax7, Pax-7" fgcolor="#000000" bgcolor="#BFFFBF"
             type="rectangle" x="1280" y="913" width="46" height="17"/>
    </entry>
    <entry id="25" name="mmu:56458" type="gene"
        link="http://www.kegg.jp/dbget-bin/www_bget?mmu:56458">
        <graphics name="Foxo1, AI876417, Afxh, FKHR, Fkhr1, Foxo1a" fgcolor="#000000" bgcolor="#BFFFBF"
             type="rectangle" x="1335" y="913" width="46" height="17"/>
    </entry>
    <entry id="26" name="mmu:268996" type="gene"
        link="http://www.kegg.jp/dbget-bin/www_bget?mmu:268996">
        <graphics name="Ss18, D130059H17, Ssxt, Syt" fgcolor="#000000" bgcolor="#BFFFBF"
             type="rectangle" x="1280" y="970" width="46" height="17"/>
    </entry>
    <entry id="27" name="ko:K15624 ko:K15625" type="ortholog"
        link="http://www.kegg.jp/dbget-bin/www_bget?K15624+K15625">
        <graphics name="K15624..." fgcolor="#000000" bgcolor="#FFFFFF"
             type="rectangle" x="1335" y="970" width="46" height="17"/>
    </entry>
    <entry id="28" name="mmu:68938" type="gene"
        link="http://www.kegg.jp/dbget-bin/www_bget?mmu:68938">
        <graphics name="Aspscr1, 1190006K01Rik, ASPC, ASPCR1, ASPL, ASPS, RCC17, TUG" fgcolor="#000000" bgcolor="#BFFFBF"
             type="rectangle" x="1280" y="1025" width="46" height="17"/>
    </entry>
    <entry id="29" name="mmu:209446" type="gene"
        link="http://www.kegg.jp/dbget-bin/www_bget?mmu:209446">
        <graphics name="Tfe3, F830016E06Rik, Tcfe3, Tfe-3, bHLHe33" fgcolor="#000000" bgcolor="#BFFFBF"
             type="rectangle" x="1335" y="1025" width="46" height="17"/>
    </entry>
    <entry id="30" name="mmu:17869" type="gene"
        link="http://www.kegg.jp/dbget-bin/www_bget?mmu:17869">
        <graphics name="Myc, AU016757, Myc2, Niard, Nird, bHLHe39" fgcolor="#000000" bgcolor="#BFFFBF"
             type="rectangle" x="1503" y="297" width="46" height="17"/>
    </entry>
    <entry id="31" name="mmu:15902" type="gene"
        link="http://www.kegg.jp/dbget-bin/www_bget?mmu:15902">
        <graphics name="Id2, AI255428, C78922, Idb2, bHLHb26" fgcolor="#000000" bgcolor="#BFFFBF"
             type="rectangle" x="1503" y="320" width="46" height="17"/>
    </entry>
    <entry id="32" name="mmu:11864" type="gene"
        link="http://www.kegg.jp/dbget-bin/www_bget?mmu:11864">
        <graphics name="Arnt2, Hif-2b, bHLHe1, mKIAA0307" fgcolor="#000000" bgcolor="#BFFFBF"
             type="rectangle" x="1503" y="497" width="46" height="17"/>
    </entry>
    <entry id="33" name="mmu:11920" type="gene"
        link="http://www.kegg.jp/dbget-bin/www_bget?mmu:11920">
        <graphics name="Atm, AI256621, C030026E19Rik" fgcolor="#000000" bgcolor="#BFFFBF"
             type="rectangle" x="1503" y="521" width="46" height="17"/>
    </entry>
    <entry id="34" name="mmu:229593 mmu:66629" type="gene"
        link="http://www.kegg.jp/dbget-bin/www_bget?mmu:229593+mmu:66629">
        <graphics name="Golph3l, 2010204I15Rik, AU015439, AW549227, C77637, Gpp34r..." fgcolor="#000000" bgcolor="#BFFFBF"
             type="rectangle" x="1503" y="545" width="46" height="17"/>
    </entry>
    <entry id="35" name="mmu:18590" type="gene"
        link="http://www.kegg.jp/dbget-bin/www_bget?mmu:18590">
        <graphics name="Pdgfa" fgcolor="#000000" bgcolor="#BFFFBF"
             type="rectangle" x="1503" y="580" width="46" height="17"/>
    </entry>
    <entry id="36" name="mmu:16185" type="gene"
        link="http://www.kegg.jp/dbget-bin/www_bget?mmu:16185">
        <graphics name="Il2rb, CD122, IL-15Rbeta, IL15Rbeta, Il-2/15Rbeta, Il-2Rbeta, p70" fgcolor="#000000" bgcolor="#BFFFBF"
             type="rectangle" x="1556" y="580" width="46" height="17"/>
    </entry>
    <entry id="37" name="mmu:545192" type="gene"
        link="http://www.kegg.jp/dbget-bin/www_bget?mmu:545192">
        <graphics name="Baiap3, Bap3, Gm937" fgcolor="#000000" bgcolor="#BFFFBF"
             type="rectangle" x="1503" y="603" width="46" height="17"/>
    </entry>
    <entry id="38" name="mmu:21912" type="gene"
        link="http://www.kegg.jp/dbget-bin/www_bget?mmu:21912">
        <graphics name="Tspan7, 1200014P11Rik, A15, AI323365, Cd231, Mxs1, PE31, R74651, TALLA, Tm4sf2" fgcolor="#000000" bgcolor="#BFFFBF"
             type="rectangle" x="1503" y="626" width="46" height="17"/>
    </entry>
    <entry id="39" name="mmu:17349" type="gene"
        link="http://www.kegg.jp/dbget-bin/www_bget?mmu:17349">
        <graphics name="Mlf1, HLS7" fgcolor="#000000" bgcolor="#BFFFBF"
             type="rectangle" x="1503" y="649" width="46" height="17"/>
    </entry>
    <entry id="40" name="mmu:19016" type="gene"
        link="http://www.kegg.jp/dbget-bin/www_bget?mmu:19016">
        <graphics name="Pparg, Nr1c3, PPAR-gamma, PPAR-gamma2, PPARgamma, PPARgamma2" fgcolor="#000000" bgcolor="#BFFFBF"
             type="rectangle" x="1503" y="679" width="46" height="17"/>
    </entry>
    <entry id="41" name="mmu:17295" type="gene"
        link="http://www.kegg.jp/dbget-bin/www_bget?mmu:17295">
        <graphics name="Met, AI838057, HGF, HGFR, Par4, c-Met" fgcolor="#000000" bgcolor="#BFFFBF"
             type="rectangle" x="1506" y="1025" width="46" height="17"/>
    </entry>
    <entry id="42" name="mmu:14254" type="gene"
        link="http://www.kegg.jp/dbget-bin/www_bget?mmu:14254">
        <graphics name="Flt1, AI323757, Flt-1, VEGFR-1, VEGFR1, sFlt1" fgcolor="#000000" bgcolor="#BFFFBF"
             type="rectangle" x="1503" y="871" width="46" height="17"/>
    </entry>
    <entry id="43" name="mmu:56312" type="gene"
        link="http://www.kegg.jp/dbget-bin/www_bget?mmu:56312">
        <graphics name="Nupr1, 2310032H04Rik, Com1, p8" fgcolor="#000000" bgcolor="#BFFFBF"
             type="rectangle" x="1506" y="970" width="46" height="17"/>
    </entry>
    <entry id="44" name="mmu:12575" type="gene"
        link="http://www.kegg.jp/dbget-bin/www_bget?mmu:12575">
        <graphics name="Cdkn1a, CAP20, CDKI, CIP1, Cdkn1, P21, SDI1, Waf1, mda6, p21Cip1, p21WAF" fgcolor="#000000" bgcolor="#BFFFBF"
             type="rectangle" x="1503" y="367" width="46" height="17"/>
    </entry>
    <entry id="45" name="mmu:16009" type="gene"
        link="http://www.kegg.jp/dbget-bin/www_bget?mmu:16009">
        <graphics name="Igfbp3, AI649005, IGFBP-3, IGgfbp3" fgcolor="#000000" bgcolor="#BFFFBF"
             type="rectangle" x="1503" y="413" width="46" height="17"/>
    </entry>
    <entry id="46" name="mmu:21813" type="gene"
        link="http://www.kegg.jp/dbget-bin/www_bget?mmu:21813">
        <graphics name="Tgfbr2, 1110020H15Rik, AU042018, DNIIR, RIIDN, TBR-II, TbetaR-II, TbetaRII" fgcolor="#000000" bgcolor="#BFFFBF"
             type="rectangle" x="1503" y="390" width="46" height="17"/>
    </entry>
    <entry id="47" name="mmu:16000" type="gene"
        link="http://www.kegg.jp/dbget-bin/www_bget?mmu:16000">
        <graphics name="Igf1, C730016P09Rik, Igf-1, Igf-I" fgcolor="#000000" bgcolor="#BFFFBF"
             type="rectangle" x="1503" y="274" width="46" height="17"/>
    </entry>
    <entry id="48" name="mmu:12608" type="gene"
        link="http://www.kegg.jp/dbget-bin/www_bget?mmu:12608">
        <graphics name="Cebpb, C/EBPbeta, CRP2, IL-6DBP, LAP, LIP, NF-IL6, NF-M, Nfil6" fgcolor="#000000" bgcolor="#BFFFBF"
             type="rectangle" x="1409" y="765" width="46" height="17"/>
    </entry>
    <entry id="49" name="mmu:16193" type="gene"
        link="http://www.kegg.jp/dbget-bin/www_bget?mmu:16193">
        <graphics name="Il6, Il-6" fgcolor="#000000" bgcolor="#BFFFBF"
             type="rectangle" x="1519" y="766" width="46" height="17"/>
    </entry>
    <entry id="50" name="mmu:80859" type="gene"
        link="http://www.kegg.jp/dbget-bin/www_bget?mmu:80859">
        <graphics name="Nfkbiz, AA408868, INAP, Mail" fgcolor="#000000" bgcolor="#BFFFBF"
             type="rectangle" x="1410" y="795" width="46" height="17"/>
    </entry>
    <entry id="51" name="ko:K10030" type="ortholog"
        link="http://www.kegg.jp/dbget-bin/www_bget?K10030">
        <graphics name="K10030" fgcolor="#000000" bgcolor="#FFFFFF"
             type="rectangle" x="1519" y="812" width="46" height="17"/>
    </entry>
    <entry id="52" name="mmu:16000" type="gene"
        link="http://www.kegg.jp/dbget-bin/www_bget?mmu:16000">
        <graphics name="Igf1, C730016P09Rik, Igf-1, Igf-I" fgcolor="#000000" bgcolor="#BFFFBF"
             type="rectangle" x="1503" y="449" width="46" height="17"/>
    </entry>
    <entry id="53" name="mmu:18510" type="gene"
        link="http://www.kegg.jp/dbget-bin/www_bget?mmu:18510">
        <graphics name="Pax8, Pax-8" fgcolor="#000000" bgcolor="#BFFFBF"
             type="rectangle" x="731" y="732" width="46" height="17"/>
    </entry>
    <entry id="54" name="mmu:19016" type="gene"
        link="http://www.kegg.jp/dbget-bin/www_bget?mmu:19016">
        <graphics name="Pparg, Nr1c3, PPAR-gamma, PPAR-gamma2, PPARgamma, PPARgamma2" fgcolor="#000000" bgcolor="#BFFFBF"
             type="rectangle" x="786" y="732" width="46" height="17"/>
    </entry>
    <entry id="55" name="mmu:94315" type="gene"
        link="http://www.kegg.jp/dbget-bin/www_bget?mmu:94315">
        <graphics name="Prcc" fgcolor="#000000" bgcolor="#BFFFBF"
             type="rectangle" x="731" y="810" width="46" height="17"/>
    </entry>
    <entry id="56" name="mmu:209446" type="gene"
        link="http://www.kegg.jp/dbget-bin/www_bget?mmu:209446">
        <graphics name="Tfe3, F830016E06Rik, Tcfe3, Tfe-3, bHLHe33" fgcolor="#000000" bgcolor="#BFFFBF"
             type="rectangle" x="786" y="810" width="46" height="17"/>
    </entry>
    <entry id="57" name="mmu:50528" type="gene"
        link="http://www.kegg.jp/dbget-bin/www_bget?mmu:50528">
        <graphics name="Tmprss2, D16Ertd61e" fgcolor="#000000" bgcolor="#BFFFBF"
             type="rectangle" x="731" y="872" width="46" height="17"/>
    </entry>
    <entry id="58" name="mmu:13876" type="gene"
        link="http://www.kegg.jp/dbget-bin/www_bget?mmu:13876">
        <graphics name="Erg, D030036I24Rik" fgcolor="#000000" bgcolor="#BFFFBF"
             type="rectangle" x="786" y="872" width="46" height="17"/>
    </entry>
    <entry id="59" name="mmu:50528" type="gene"
        link="http://www.kegg.jp/dbget-bin/www_bget?mmu:50528">
        <graphics name="Tmprss2, D16Ertd61e" fgcolor="#000000" bgcolor="#BFFFBF"
             type="rectangle" x="731" y="913" width="46" height="17"/>
    </entry>
    <entry id="60" name="mmu:14009" type="gene"
        link="http://www.kegg.jp/dbget-bin/www_bget?mmu:14009">
        <graphics name="Etv1, ER81, Etsrp81" fgcolor="#000000" bgcolor="#BFFFBF"
             type="rectangle" x="786" y="913" width="46" height="17"/>
    </entry>
    <entry id="61" name="mmu:50528" type="gene"
        link="http://www.kegg.jp/dbget-bin/www_bget?mmu:50528">
        <graphics name="Tmprss2, D16Ertd61e" fgcolor="#000000" bgcolor="#BFFFBF"
             type="rectangle" x="731" y="959" width="46" height="17"/>
    </entry>
    <entry id="62" name="mmu:18612" type="gene"
        link="http://www.kegg.jp/dbget-bin/www_bget?mmu:18612">
        <graphics name="Etv4, AW414408, Pea-3, Pea3" fgcolor="#000000" bgcolor="#BFFFBF"
             type="rectangle" x="786" y="959" width="46" height="17"/>
    </entry>
    <entry id="63" name="mmu:50528" type="gene"
        link="http://www.kegg.jp/dbget-bin/www_bget?mmu:50528">
        <graphics name="Tmprss2, D16Ertd61e" fgcolor="#000000" bgcolor="#BFFFBF"
             type="rectangle" x="731" y="1005" width="46" height="17"/>
    </entry>
    <entry id="64" name="mmu:104156" type="gene"
        link="http://www.kegg.jp/dbget-bin/www_bget?mmu:104156">
        <graphics name="Etv5, 1110005E01Rik, 8430401F14Rik, ERM" fgcolor="#000000" bgcolor="#BFFFBF"
             type="rectangle" x="786" y="1005" width="46" height="17"/>
    </entry>
    <entry id="65" name="mmu:212980" type="gene"
        link="http://www.kegg.jp/dbget-bin/www_bget?mmu:212980">
        <graphics name="Slc45a3, 2210413P12Rik, AU023994, AU043764, IPCA-6, PRST, Pcanap6" fgcolor="#000000" bgcolor="#BFFFBF"
             type="rectangle" x="731" y="1048" width="46" height="17"/>
    </entry>
    <entry id="66" name="mmu:13714" type="gene"
        link="http://www.kegg.jp/dbget-bin/www_bget?mmu:13714">
        <graphics name="Elk4, 2310011G17Rik, A130026I01Rik, BB162516, SAP-1, Sap1" fgcolor="#000000" bgcolor="#BFFFBF"
             type="rectangle" x="786" y="1048" width="46" height="17"/>
    </entry>
    <entry id="67" name="mmu:13207" type="gene"
        link="http://www.kegg.jp/dbget-bin/www_bget?mmu:13207">
        <graphics name="Ddx5, 2600009A06Rik, G17P1, HUMP68, Hlr1, p68" fgcolor="#000000" bgcolor="#BFFFBF"
             type="rectangle" x="731" y="1085" width="46" height="17"/>
    </entry>
    <entry id="68" name="mmu:18612" type="gene"
        link="http://www.kegg.jp/dbget-bin/www_bget?mmu:18612">
        <graphics name="Etv4, AW414408, Pea-3, Pea3" fgcolor="#000000" bgcolor="#BFFFBF"
             type="rectangle" x="786" y="1085" width="46" height="17"/>
    </entry>
    <entry id="69" name="mmu:18792" type="gene"
        link="http://www.kegg.jp/dbget-bin/www_bget?mmu:18792">
        <graphics name="Plau, u-PA, uPA" fgcolor="#000000" bgcolor="#BFFFBF"
             type="rectangle" x="928" y="860" width="46" height="17"/>
    </entry>
    <entry id="70" name="mmu:17392 mmu:17395" type="gene"
        link="http://www.kegg.jp/dbget-bin/www_bget?mmu:17392+mmu:17395">
        <graphics name="Mmp3, EMS-2, MMP-3, SL-1, SLN-1, SLN1, STR-1, Stmy1, Str1..." fgcolor="#000000" bgcolor="#BFFFBF"
             type="rectangle" x="928" y="882" width="46" height="17"/>
    </entry>
    <entry id="71" name="mmu:21417" type="gene"
        link="http://www.kegg.jp/dbget-bin/www_bget?mmu:21417">
        <graphics name="Zeb1, 3110032K11Rik, AREB6, BZP, MEB1, Nil2, TCF-8, Tcf18, Tcf8, Tw, ZEB, Zfhep, Zfhx1a, Zfx1a, Zfx1ha, [delta]EF1" fgcolor="#000000" bgcolor="#BFFFBF"
             type="rectangle" x="979" y="882" width="46" height="17"/>
    </entry>
    <entry id="72" name="mmu:16178" type="gene"
        link="http://www.kegg.jp/dbget-bin/www_bget?mmu:16178">
        <graphics name="Il1r2, CD121b, Il1r-2" fgcolor="#000000" bgcolor="#BFFFBF"
             type="rectangle" x="979" y="904" width="46" height="17"/>
    </entry>
    <entry id="73" name="mmu:20732" type="gene"
        link="http://www.kegg.jp/dbget-bin/www_bget?mmu:20732">
        <graphics name="Spint1, HAI-1" fgcolor="#000000" bgcolor="#BFFFBF"
             type="rectangle" x="928" y="904" width="46" height="17"/>
    </entry>
    <entry id="74" name="mmu:17395" type="gene"
        link="http://www.kegg.jp/dbget-bin/www_bget?mmu:17395">
        <graphics name="Mmp9, AW743869, B/MMP9, Clg4b, MMP-9, pro-MMP-9" fgcolor="#000000" bgcolor="#BFFFBF"
             type="rectangle" x="928" y="944" width="46" height="17"/>
    </entry>
    <entry id="75" name="mmu:18792" type="gene"
        link="http://www.kegg.jp/dbget-bin/www_bget?mmu:18792">
        <graphics name="Plau, u-PA, uPA" fgcolor="#000000" bgcolor="#BFFFBF"
             type="rectangle" x="928" y="997" width="46" height="17"/>
    </entry>
    <entry id="76" name="mmu:17395" type="gene"
        link="http://www.kegg.jp/dbget-bin/www_bget?mmu:17395">
        <graphics name="Mmp9, AW743869, B/MMP9, Clg4b, MMP-9, pro-MMP-9" fgcolor="#000000" bgcolor="#BFFFBF"
             type="rectangle" x="928" y="1019" width="46" height="17"/>
    </entry>
    <entry id="77" name="mmu:20181 mmu:20182 mmu:20183" type="gene"
        link="http://www.kegg.jp/dbget-bin/www_bget?mmu:20181+mmu:20182+mmu:20183">
        <graphics name="Rxra, 9530071D11Rik, Nr2b1, RXRalpha1..." fgcolor="#000000" bgcolor="#BFFFBF"
             type="rectangle" x="854" y="710" width="46" height="17"/>
    </entry>
    <entry id="78" name="mmu:19016" type="gene"
        link="http://www.kegg.jp/dbget-bin/www_bget?mmu:19016">
        <graphics name="Pparg, Nr1c3, PPAR-gamma, PPAR-gamma2, PPARgamma, PPARgamma2" fgcolor="#000000" bgcolor="#BFFFBF"
             type="rectangle" x="854" y="750" width="46" height="17"/>
    </entry>
    <entry id="79" name="path:mmu05216" type="map"
        link="http://www.kegg.jp/dbget-bin/www_bget?mmu05216">
        <graphics name="Thyroid cancer" fgcolor="#000000" bgcolor="#FFFFFF"
             type="roundrectangle" x="1000" y="708" width="97" height="25"/>
    </entry>
    <entry id="80" name="mmu:12575" type="gene"
        link="http://www.kegg.jp/dbget-bin/www_bget?mmu:12575">
        <graphics name="Cdkn1a, CAP20, CDKI, CIP1, Cdkn1, P21, SDI1, Waf1, mda6, p21Cip1, p21WAF" fgcolor="#000000" bgcolor="#BFFFBF"
             type="rectangle" x="928" y="810" width="46" height="17"/>
    </entry>
    <entry id="81" name="mmu:12394" type="gene"
        link="http://www.kegg.jp/dbget-bin/www_bget?mmu:12394">
        <graphics name="Runx1, AML1, CBF-alpha-2, Cbfa2, Pebp2a2, Pebpa2b" fgcolor="#000000" bgcolor="#BFFFBF"
             type="rectangle" x="171" y="347" width="46" height="17"/>
    </entry>
    <entry id="82" name="mmu:12395" type="gene"
        link="http://www.kegg.jp/dbget-bin/www_bget?mmu:12395">
        <graphics name="Runx1t1, Cbfa2t1h, ETO, MTG8" fgcolor="#000000" bgcolor="#BFFFBF"
             type="rectangle" x="226" y="347" width="46" height="17"/>
    </entry>
    <entry id="83" name="mmu:18854" type="gene"
        link="http://www.kegg.jp/dbget-bin/www_bget?mmu:18854">
        <graphics name="Pml, 1200009E24Rik, AI661194, Trim19" fgcolor="#000000" bgcolor="#BFFFBF"
             type="rectangle" x="171" y="444" width="46" height="17"/>
    </entry>
    <entry id="84" name="mmu:19401" type="gene"
        link="http://www.kegg.jp/dbget-bin/www_bget?mmu:19401">
        <graphics name="Rara, Nr1b1, RAR, RARalpha1" fgcolor="#000000" bgcolor="#BFFFBF"
             type="rectangle" x="226" y="444" width="46" height="17"/>
    </entry>
    <entry id="85" name="mmu:235320" type="gene"
        link="http://www.kegg.jp/dbget-bin/www_bget?mmu:235320">
        <graphics name="Zbtb16, AI467657, PLZF, Zfp145, lu" fgcolor="#000000" bgcolor="#BFFFBF"
             type="rectangle" x="171" y="535" width="46" height="17"/>
    </entry>
    <entry id="86" name="mmu:19401" type="gene"
        link="http://www.kegg.jp/dbget-bin/www_bget?mmu:19401">
        <graphics name="Rara, Nr1b1, RAR, RARalpha1" fgcolor="#000000" bgcolor="#BFFFBF"
             type="rectangle" x="226" y="535" width="46" height="17"/>
    </entry>
    <entry id="87" name="mmu:17869" type="gene"
        link="http://www.kegg.jp/dbget-bin/www_bget?mmu:17869">
        <graphics name="Myc, AU016757, Myc2, Niard, Nird, bHLHe39" fgcolor="#000000" bgcolor="#BFFFBF"
             type="rectangle" x="403" y="535" width="46" height="17"/>
    </entry>
    <entry id="88" name="mmu:12427" type="gene"
        link="http://www.kegg.jp/dbget-bin/www_bget?mmu:12427">
        <graphics name="Ccna1" fgcolor="#000000" bgcolor="#BFFFBF"
             type="rectangle" x="403" y="447" width="46" height="17"/>
    </entry>
    <entry id="89" name="mmu:16480" type="gene"
        link="http://www.kegg.jp/dbget-bin/www_bget?mmu:16480">
        <graphics name="Jup, Ctnng, D930025P04Rik, PG" fgcolor="#000000" bgcolor="#BFFFBF"
             type="rectangle" x="403" y="415" width="46" height="17"/>
    </entry>
    <entry id="90" name="mmu:110794" type="gene"
        link="http://www.kegg.jp/dbget-bin/www_bget?mmu:110794">
        <graphics name="Cebpe, C/EBPe, CRP1, Gm294" fgcolor="#000000" bgcolor="#BFFFBF"
             type="rectangle" x="403" y="479" width="46" height="17"/>
    </entry>
    <entry id="91" name="mmu:12044 mmu:12045 mmu:12046 mmu:12047" type="gene"
        link="http://www.kegg.jp/dbget-bin/www_bget?mmu:12044+mmu:12045+mmu:12046+mmu:12047">
        <graphics name="Bcl2a1a, A1, BB218357, Bcl2a1, Bfl-1, Hbpa1..." fgcolor="#000000" bgcolor="#BFFFBF"
             type="rectangle" x="403" y="500" width="46" height="17"/>
    </entry>
    <entry id="92" name="mmu:12606" type="gene"
        link="http://www.kegg.jp/dbget-bin/www_bget?mmu:12606">
        <graphics name="Cebpa, C/ebpalpha, CBF-A, Cebp" fgcolor="#000000" bgcolor="#BFFFBF"
             type="rectangle" x="316" y="272" width="46" height="17"/>
    </entry>
    <entry id="93" name="mmu:18627" type="gene"
        link="http://www.kegg.jp/dbget-bin/www_bget?mmu:18627">
        <graphics name="Per2, mKIAA0347, mPer2" fgcolor="#000000" bgcolor="#BFFFBF"
             type="rectangle" x="424" y="272" width="46" height="17"/>
    </entry>
    <entry id="94" name="mmu:20375" type="gene"
        link="http://www.kegg.jp/dbget-bin/www_bget?mmu:20375">
        <graphics name="Spi1, Dis-1, Dis1, PU.1, Sfpi-1, Sfpi1, Spi-1, Tcfpu1, Tfpu.1" fgcolor="#000000" bgcolor="#BFFFBF"
             type="rectangle" x="316" y="361" width="46" height="17"/>
    </entry>
    <entry id="95" name="mmu:12475" type="gene"
        link="http://www.kegg.jp/dbget-bin/www_bget?mmu:12475">
        <graphics name="Cd14" fgcolor="#000000" bgcolor="#BFFFBF"
             type="rectangle" x="425" y="340" width="46" height="17"/>
    </entry>
    <entry id="96" name="mmu:16409" type="gene"
        link="http://www.kegg.jp/dbget-bin/www_bget?mmu:16409">
        <graphics name="Itgam, CD11b/CD18, CR3, CR3A, Cd11b, F730045J24Rik, Ly-40, MAC1, Mac-1, Mac-1a" fgcolor="#000000" bgcolor="#BFFFBF"
             type="rectangle" x="425" y="362" width="46" height="17"/>
    </entry>
    <entry id="97" name="mmu:14129" type="gene"
        link="http://www.kegg.jp/dbget-bin/www_bget?mmu:14129">
        <graphics name="Fcgr1, AI323638, AV092959, CD64, FcgammaRI, IGGHAFC" fgcolor="#000000" bgcolor="#BFFFBF"
             type="rectangle" x="425" y="384" width="46" height="17"/>
    </entry>
    <entry id="98" name="path:mmu05221" type="map"
        link="http://www.kegg.jp/dbget-bin/www_bget?mmu05221">
        <graphics name="Acute myeloid leukemia" fgcolor="#000000" bgcolor="#FFFFFF"
             type="roundrectangle" x="162" y="219" width="137" height="25"/>
    </entry>
    <entry id="99" name="mmu:19696" type="gene"
        link="http://www.kegg.jp/dbget-bin/www_bget?mmu:19696">
        <graphics name="Rel, c-Rel" fgcolor="#000000" bgcolor="#BFFFBF"
             type="rectangle" x="731" y="380" width="46" height="17"/>
    </entry>
    <entry id="100" name="mmu:12044 mmu:12045 mmu:12046 mmu:12047" type="gene"
        link="http://www.kegg.jp/dbget-bin/www_bget?mmu:12044+mmu:12045+mmu:12046+mmu:12047">
        <graphics name="Bcl2a1a, A1, BB218357, Bcl2a1, Bfl-1, Hbpa1..." fgcolor="#000000" bgcolor="#BFFFBF"
             type="rectangle" x="913" y="359" width="46" height="17"/>
    </entry>
    <entry id="101" name="mmu:11796" type="gene"
        link="http://www.kegg.jp/dbget-bin/www_bget?mmu:11796">
        <graphics name="Birc3, AW107670, Api1, Api2, Birc2, HIAP2, IAP1, IAP2, MIAP1, MIAP2, MIHB, MIHC, RNF49, cIAP-1, cIAP-2, cIAP1, cIAP2" fgcolor="#000000" bgcolor="#BFFFBF"
             type="rectangle" x="966" y="359" width="46" height="17"/>
    </entry>
    <entry id="102" name="mmu:22029" type="gene"
        link="http://www.kegg.jp/dbget-bin/www_bget?mmu:22029">
        <graphics name="Traf1, 4732496E14Rik" fgcolor="#000000" bgcolor="#BFFFBF"
             type="rectangle" x="913" y="381" width="46" height="17"/>
    </entry>
    <entry id="103" name="mmu:12048" type="gene"
        link="http://www.kegg.jp/dbget-bin/www_bget?mmu:12048">
        <graphics name="Bcl2l1, Bcl(X)L, Bcl-XL, Bcl2l, BclX, bcl-x, bcl2-L-1" fgcolor="#000000" bgcolor="#BFFFBF"
             type="rectangle" x="966" y="381" width="46" height="17"/>
    </entry>
    <entry id="104" name="mmu:12524" type="gene"
        link="http://www.kegg.jp/dbget-bin/www_bget?mmu:12524">
        <graphics name="Cd86, B7, B7-2, B7.2, B70, CLS1, Cd28l2, ETC-1, Ly-58, Ly58, MB7, MB7-2, TS/A-2" fgcolor="#000000" bgcolor="#BFFFBF"
             type="rectangle" x="913" y="403" width="46" height="17"/>
    </entry>
    <entry id="105" name="mmu:21939" type="gene"
        link="http://www.kegg.jp/dbget-bin/www_bget?mmu:21939">
        <graphics name="Cd40, AI326936, Bp50, GP39, HIGM1, IGM, IMD3, T-BAM, TRAP, Tnfrsf5, p50" fgcolor="#000000" bgcolor="#BFFFBF"
             type="rectangle" x="966" y="403" width="46" height="17"/>
    </entry>
    <entry id="106" name="mmu:21423" type="gene"
        link="http://www.kegg.jp/dbget-bin/www_bget?mmu:21423">
        <graphics name="Tcf3, A1, AA408400, ALF2, AW209082, E12, E12/E47, E2A, E47, ME2, Pan1, Pan2, TCF-3, Tcfe2a, VDIR, bHLHb21" fgcolor="#000000" bgcolor="#BFFFBF"
             type="rectangle" x="171" y="665" width="46" height="17"/>
    </entry>
    <entry id="107" name="mmu:18514" type="gene"
        link="http://www.kegg.jp/dbget-bin/www_bget?mmu:18514">
        <graphics name="Pbx1, 2310056B04Rik, D230003C07Rik, Pbx-1" fgcolor="#000000" bgcolor="#BFFFBF"
             type="rectangle" x="226" y="665" width="46" height="17"/>
    </entry>
    <entry id="108" name="mmu:14011" type="gene"
        link="http://www.kegg.jp/dbget-bin/www_bget?mmu:14011">
        <graphics name="Etv6, AW123102, AW557856, Tel" fgcolor="#000000" bgcolor="#BFFFBF"
             type="rectangle" x="171" y="739" width="46" height="17"/>
    </entry>
    <entry id="109" name="mmu:12394" type="gene"
        link="http://www.kegg.jp/dbget-bin/www_bget?mmu:12394">
        <graphics name="Runx1, AML1, CBF-alpha-2, Cbfa2, Pebp2a2, Pebpa2b" fgcolor="#000000" bgcolor="#BFFFBF"
             type="rectangle" x="226" y="739" width="46" height="17"/>
    </entry>
    <entry id="110" name="mmu:93735" type="gene"
        link="http://www.kegg.jp/dbget-bin/www_bget?mmu:93735">
        <graphics name="Wnt16, E130309I19Rik" fgcolor="#000000" bgcolor="#BFFFBF"
             type="rectangle" x="403" y="665" width="46" height="17"/>
    </entry>
    <entry id="111" name="mmu:20185" type="gene"
        link="http://www.kegg.jp/dbget-bin/www_bget?mmu:20185">
        <graphics name="Ncor1, 5730405M06Rik, A230020K14Rik, N-CoR, RIP13, Rxrip13, mKIAA1047" fgcolor="#000000" bgcolor="#BFFFBF"
             type="rectangle" x="261" y="786" width="46" height="17"/>
    </entry>
    <entry id="112" name="mmu:20466" type="gene"
        link="http://www.kegg.jp/dbget-bin/www_bget?mmu:20466">
        <graphics name="Sin3a, AW553200, Sin3, mKIAA4126, mSin3A" fgcolor="#000000" bgcolor="#BFFFBF"
             type="rectangle" x="261" y="769" width="46" height="17"/>
    </entry>
    <entry id="113" name="mmu:214162" type="gene"
        link="http://www.kegg.jp/dbget-bin/www_bget?mmu:214162">
        <graphics name="Kmt2a, 6430520K01, ALL-1, All1, Cxxc7, HRX, HTRX1, Mll, Mll1, mKIAA4050" fgcolor="#000000" bgcolor="#BFFFBF"
             type="rectangle" x="171" y="941" width="46" height="17"/>
    </entry>
    <entry id="114" name="mmu:17355" type="gene"
        link="http://www.kegg.jp/dbget-bin/www_bget?mmu:17355">
        <graphics name="Aff1, 9630032B01Rik, AW319193, Af4, Mllt2h, Rob" fgcolor="#000000" bgcolor="#BFFFBF"
             type="rectangle" x="226" y="941" width="46" height="17"/>
    </entry>
    <entry id="115" name="mmu:16909" type="gene"
        link="http://www.kegg.jp/dbget-bin/www_bget?mmu:16909">
        <graphics name="Lmo2, Rbtn-2, Rbtn2, Rhom-2, Ttg2" fgcolor="#000000" bgcolor="#BFFFBF"
             type="rectangle" x="372" y="825" width="46" height="17"/>
    </entry>
    <entry id="116" name="mmu:12393" type="gene"
        link="http://www.kegg.jp/dbget-bin/www_bget?mmu:12393">
        <graphics name="Runx2, AML3, Cbf, Cbfa-1, Cbfa1, LS3, Osf2, PEBP2aA, Pebp2a1, Pebpa2a" fgcolor="#000000" bgcolor="#BFFFBF"
             type="rectangle" x="372" y="847" width="46" height="17"/>
    </entry>
    <entry id="117" name="mmu:15405" type="gene"
        link="http://www.kegg.jp/dbget-bin/www_bget?mmu:15405">
        <graphics name="Hoxa9, D6a9, Hox-1.7" fgcolor="#000000" bgcolor="#BFFFBF"
             type="rectangle" x="372" y="891" width="46" height="17"/>
    </entry>
    <entry id="118" name="mmu:15395" type="gene"
        link="http://www.kegg.jp/dbget-bin/www_bget?mmu:15395">
        <graphics name="Hoxa10, Hox-1.8, Hoxa-10" fgcolor="#000000" bgcolor="#BFFFBF"
             type="rectangle" x="425" y="891" width="46" height="17"/>
    </entry>
    <entry id="119" name="mmu:18516" type="gene"
        link="http://www.kegg.jp/dbget-bin/www_bget?mmu:18516">
        <graphics name="Pbx3" fgcolor="#000000" bgcolor="#BFFFBF"
             type="rectangle" x="425" y="825" width="46" height="17"/>
    </entry>
    <entry id="120" name="mmu:17125" type="gene"
        link="http://www.kegg.jp/dbget-bin/www_bget?mmu:17125">
        <graphics name="Smad1, AI528653, Madh1, Madr1, Mlp1, MusMLP" fgcolor="#000000" bgcolor="#BFFFBF"
             type="rectangle" x="425" y="847" width="46" height="17"/>
    </entry>
    <entry id="121" name="mmu:17260" type="gene"
        link="http://www.kegg.jp/dbget-bin/www_bget?mmu:17260">
        <graphics name="Mef2c, 5430401D19Rik, 9930028G15Rik, AV011172, Mef2" fgcolor="#000000" bgcolor="#BFFFBF"
             type="rectangle" x="425" y="869" width="46" height="17"/>
    </entry>
    <entry id="122" name="mmu:16599" type="gene"
        link="http://www.kegg.jp/dbget-bin/www_bget?mmu:16599">
        <graphics name="Klf3, 9930027G08Rik, AL024007, Bklf, Tef-2" fgcolor="#000000" bgcolor="#BFFFBF"
             type="rectangle" x="372" y="869" width="46" height="17"/>
    </entry>
    <entry id="123" name="mmu:108829" type="gene"
        link="http://www.kegg.jp/dbget-bin/www_bget?mmu:108829">
        <graphics name="Jmjd1c, 5430433L24Rik, D630035I23Rik, Jmjdic, TRIP8" fgcolor="#000000" bgcolor="#BFFFBF"
             type="rectangle" x="372" y="931" width="46" height="17"/>
    </entry>
    <entry id="124" name="mmu:22289 mmu:22290" type="gene"
        link="http://www.kegg.jp/dbget-bin/www_bget?mmu:22289+mmu:22290">
        <graphics name="Kdm6a, Utx..." fgcolor="#000000" bgcolor="#BFFFBF"
             type="rectangle" x="372" y="953" width="46" height="17"/>
    </entry>
    <entry id="125" name="mmu:15364" type="gene"
        link="http://www.kegg.jp/dbget-bin/www_bget?mmu:15364">
        <graphics name="Hmga2, 9430083A20Rik, HMGI-C, Hmgic, pg, pygmy" fgcolor="#000000" bgcolor="#BFFFBF"
             type="rectangle" x="425" y="931" width="46" height="17"/>
    </entry>
    <entry id="126" name="mmu:109115" type="gene"
        link="http://www.kegg.jp/dbget-bin/www_bget?mmu:109115">
        <graphics name="Supt3, 2310066G22Rik, AI315192, SPT3, SPT3L, Supt3h" fgcolor="#000000" bgcolor="#BFFFBF"
             type="rectangle" x="425" y="953" width="46" height="17"/>
    </entry>
    <entry id="127" name="mmu:19126" type="gene"
        link="http://www.kegg.jp/dbget-bin/www_bget?mmu:19126">
        <graphics name="Prom1, 4932416E19Rik, AC133, CD133, Prom, Prom-1, Proml1" fgcolor="#000000" bgcolor="#BFFFBF"
             type="rectangle" x="372" y="999" width="46" height="17"/>
    </entry>
    <entry id="128" name="mmu:140780" type="gene"
        link="http://www.kegg.jp/dbget-bin/www_bget?mmu:140780">
        <graphics name="Bmp2k, 4933417M22Rik, AA673486, AV128808, BIKE" fgcolor="#000000" bgcolor="#BFFFBF"
             type="rectangle" x="372" y="1021" width="46" height="17"/>
    </entry>
    <entry id="129" name="mmu:14255" type="gene"
        link="http://www.kegg.jp/dbget-bin/www_bget?mmu:14255">
        <graphics name="Flt3, B230315G04, CD135, Flk-2, Flk2, Flt-3, Ly72, wmfl" fgcolor="#000000" bgcolor="#BFFFBF"
             type="rectangle" x="425" y="999" width="46" height="17"/>
    </entry>
    <entry id="130" name="mmu:16001" type="gene"
        link="http://www.kegg.jp/dbget-bin/www_bget?mmu:16001">
        <graphics name="Igf1r, A330103N21Rik, CD221, D930020L01, IGF-1R, hyft" fgcolor="#000000" bgcolor="#BFFFBF"
             type="rectangle" x="425" y="1021" width="46" height="17"/>
    </entry>
    <entry id="131" name="mmu:12576" type="gene"
        link="http://www.kegg.jp/dbget-bin/www_bget?mmu:12576">
        <graphics name="Cdkn1b, AA408329, AI843786, Kip1, p27, p27Kip1" fgcolor="#000000" bgcolor="#BFFFBF"
             type="rectangle" x="372" y="1063" width="46" height="17"/>
    </entry>
    <entry id="132" name="mmu:18647" type="gene"
        link="http://www.kegg.jp/dbget-bin/www_bget?mmu:18647">
        <graphics name="Cdk14, Pftk1, mKIAA0834" fgcolor="#000000" bgcolor="#BFFFBF"
             type="rectangle" x="372" y="1085" width="46" height="17"/>
    </entry>
    <entry id="133" name="mmu:17132" type="gene"
        link="http://www.kegg.jp/dbget-bin/www_bget?mmu:17132">
        <graphics name="Maf, 2810401A20Rik, A230108G15Rik, AW047063, c-maf" fgcolor="#000000" bgcolor="#BFFFBF"
             type="rectangle" x="786" y="516" width="46" height="17"/>
    </entry>
    <entry id="134" name="mmu:12444" type="gene"
        link="http://www.kegg.jp/dbget-bin/www_bget?mmu:12444">
        <graphics name="Ccnd2, 2600016F06Rik, AI256817, BF642806, C86853, Vin-1, Vin1, cD2" fgcolor="#000000" bgcolor="#BFFFBF"
             type="rectangle" x="928" y="500" width="46" height="17"/>
    </entry>
    <entry id="135" name="mmu:16421" type="gene"
        link="http://www.kegg.jp/dbget-bin/www_bget?mmu:16421">
        <graphics name="Itgb7, Ly69" fgcolor="#000000" bgcolor="#BFFFBF"
             type="rectangle" x="928" y="530" width="46" height="17"/>
    </entry>
    <entry id="136" name="mmu:102642252 mmu:105243590" type="gene"
        link="http://www.kegg.jp/dbget-bin/www_bget?mmu:102642252+mmu:105243590">
        <graphics name="IgH, IgVH..." fgcolor="#000000" bgcolor="#BFFFBF"
             type="rectangle" x="731" y="516" width="46" height="17"/>
    </entry>
    <entry id="137" name="mmu:18507" type="gene"
        link="http://www.kegg.jp/dbget-bin/www_bget?mmu:18507">
        <graphics name="Pax5, BSAP, EBB-1, KLP, Pax-5" fgcolor="#000000" bgcolor="#BFFFBF"
             type="rectangle" x="731" y="634" width="46" height="17"/>
    </entry>
    <entry id="138" name="mmu:102642252 mmu:105243590" type="gene"
        link="http://www.kegg.jp/dbget-bin/www_bget?mmu:102642252+mmu:105243590">
        <graphics name="IgH, IgVH..." fgcolor="#000000" bgcolor="#BFFFBF"
             type="rectangle" x="786" y="634" width="46" height="17"/>
    </entry>
    <entry id="139" name="mmu:18109" type="gene"
        link="http://www.kegg.jp/dbget-bin/www_bget?mmu:18109">
        <graphics name="Mycn, N-myc, Nmyc, Nmyc-1, Nmyc1, bHLHe37, c-nmyc" fgcolor="#000000" bgcolor="#BFFFBF"
             type="rectangle" x="1280" y="101" width="46" height="17"/>
    </entry>
    <entry id="140" name="mmu:17187" type="gene"
        link="http://www.kegg.jp/dbget-bin/www_bget?mmu:17187">
        <graphics name="Max, AA960152, AI875693, bHLHd4, bHLHd5, bHLHd6, bHLHd7, bHLHd8" fgcolor="#000000" bgcolor="#BFFFBF"
             type="rectangle" x="1335" y="101" width="46" height="17"/>
    </entry>
    <entry id="141" name="mmu:20683" type="gene"
        link="http://www.kegg.jp/dbget-bin/www_bget?mmu:20683">
        <graphics name="Sp1, 1110003E12Rik, AA450830, AI845540, Sp1-1" fgcolor="#000000" bgcolor="#BFFFBF"
             type="rectangle" x="1336" y="133" width="46" height="17"/>
    </entry>
    <entry id="142" name="mmu:22642" type="gene"
        link="http://www.kegg.jp/dbget-bin/www_bget?mmu:22642">
        <graphics name="Zbtb17, AA589413, Lp-1, Miz1, Zfp100, mZ13" fgcolor="#000000" bgcolor="#BFFFBF"
             type="rectangle" x="1336" y="150" width="46" height="17"/>
    </entry>
    <entry id="143" name="mmu:17246" type="gene"
        link="http://www.kegg.jp/dbget-bin/www_bget?mmu:17246">
        <graphics name="Mdm2, 1700007J15Rik, AA415488, Mdm-2" fgcolor="#000000" bgcolor="#BFFFBF"
             type="rectangle" x="1480" y="51" width="46" height="17"/>
    </entry>
    <entry id="144" name="mmu:22059" type="gene"
        link="http://www.kegg.jp/dbget-bin/www_bget?mmu:22059">
        <graphics name="Trp53, Tp53, bbl, bfy, bhy, p44, p53" fgcolor="#000000" bgcolor="#BFFFBF"
             type="rectangle" x="1480" y="93" width="46" height="17"/>
    </entry>
    <entry id="145" name="mmu:12151" type="gene"
        link="http://www.kegg.jp/dbget-bin/www_bget?mmu:12151">
        <graphics name="Bmi1, AW546694, Bmi-1, Pcgf4" fgcolor="#000000" bgcolor="#BFFFBF"
             type="rectangle" x="1480" y="114" width="46" height="17"/>
    </entry>
    <entry id="146" name="mmu:14083" type="gene"
        link="http://www.kegg.jp/dbget-bin/www_bget?mmu:14083">
        <graphics name="Ptk2, FAK, FRNK, Fadk, mKIAA4203, p125FAK" fgcolor="#000000" bgcolor="#BFFFBF"
             type="rectangle" x="1480" y="72" width="46" height="17"/>
    </entry>
    <entry id="147" name="mmu:18211" type="gene"
        link="http://www.kegg.jp/dbget-bin/www_bget?mmu:18211">
        <graphics name="Ntrk1, C80751, Tkr, TrkA, trk" fgcolor="#000000" bgcolor="#BFFFBF"
             type="rectangle" x="1480" y="145" width="46" height="17"/>
    </entry>
    <entry id="148" name="mmu:18053" type="gene"
        link="http://www.kegg.jp/dbget-bin/www_bget?mmu:18053">
        <graphics name="Ngfr, LNGFR, Tnfrsf16, p75, p75NGFR, p75NTR" fgcolor="#000000" bgcolor="#BFFFBF"
             type="rectangle" x="1480" y="166" width="46" height="17"/>
    </entry>
    <entry id="149" name="mmu:17283" type="gene"
        link="http://www.kegg.jp/dbget-bin/www_bget?mmu:17283">
        <graphics name="Men1, AW045611" fgcolor="#000000" bgcolor="#BFFFBF"
             type="rectangle" x="1280" y="197" width="46" height="17"/>
    </entry>
    <entry id="150" name="mmu:12576" type="gene"
        link="http://www.kegg.jp/dbget-bin/www_bget?mmu:12576">
        <graphics name="Cdkn1b, AA408329, AI843786, Kip1, p27, p27Kip1" fgcolor="#000000" bgcolor="#BFFFBF"
             type="rectangle" x="1480" y="198" width="46" height="17"/>
    </entry>
    <entry id="151" name="mmu:214162" type="gene"
        link="http://www.kegg.jp/dbget-bin/www_bget?mmu:214162">
        <graphics name="Kmt2a, 6430520K01, ALL-1, All1, Cxxc7, HRX, HTRX1, Mll, Mll1, mKIAA4050" fgcolor="#000000" bgcolor="#BFFFBF"
             type="rectangle" x="1280" y="214" width="46" height="17"/>
    </entry>
    <entry id="152" name="mmu:107951 mmu:12455 mmu:72949" type="gene"
        link="http://www.kegg.jp/dbget-bin/www_bget?mmu:107951+mmu:12455+mmu:72949">
        <graphics name="Cdk9, PITALRE..." fgcolor="#000000" bgcolor="#BFFFBF"
             type="rectangle" x="174" y="977" width="46" height="17"/>
    </entry>
    <entry id="153" name="mmu:64144 mmu:70122" type="gene"
        link="http://www.kegg.jp/dbget-bin/www_bget?mmu:64144+mmu:70122">
        <graphics name="Mllt1, AA407901, BAM11, ENL, LTG19..." fgcolor="#000000" bgcolor="#BFFFBF"
             type="rectangle" x="196" y="1004" width="46" height="17"/>
    </entry>
    <entry id="154" name="mmu:208266" type="gene"
        link="http://www.kegg.jp/dbget-bin/www_bget?mmu:208266">
        <graphics name="Dot1l, A630076O07, AW907654, Dot1, KMT4, mDot1" fgcolor="#000000" bgcolor="#BFFFBF"
             type="rectangle" x="229" y="1035" width="46" height="17"/>
    </entry>
    <entry id="155" name="mmu:16187" type="gene"
        link="http://www.kegg.jp/dbget-bin/www_bget?mmu:16187">
        <graphics name="Il3, BPA, Csfmu, HCGF, Il-3, MCGF, PSF" fgcolor="#000000" bgcolor="#BFFFBF"
             type="rectangle" x="425" y="709" width="46" height="17"/>
    </entry>
    <entry id="156" name="mmu:12981" type="gene"
        link="http://www.kegg.jp/dbget-bin/www_bget?mmu:12981">
        <graphics name="Csf2, Csfgm, GMCSF, Gm-CSf, MGI-IGM" fgcolor="#000000" bgcolor="#BFFFBF"
             type="rectangle" x="372" y="731" width="46" height="17"/>
    </entry>
    <entry id="157" name="mmu:17523" type="gene"
        link="http://www.kegg.jp/dbget-bin/www_bget?mmu:17523">
        <graphics name="Mpo, mKIAA4033" fgcolor="#000000" bgcolor="#BFFFBF"
             type="rectangle" x="425" y="731" width="46" height="17"/>
    </entry>
    <entry id="158" name="ko:K10784 ko:K10785" type="ortholog"
        link="http://www.kegg.jp/dbget-bin/www_bget?K10784+K10785">
        <graphics name="K10784..." fgcolor="#000000" bgcolor="#FFFFFF"
             type="rectangle" x="372" y="753" width="46" height="17"/>
    </entry>
    <entry id="159" name="mmu:13237" type="gene"
        link="http://www.kegg.jp/dbget-bin/www_bget?mmu:13237">
        <graphics name="Defa3, Defa27, Defcr-3, Defcr3" fgcolor="#000000" bgcolor="#BFFFBF"
             type="rectangle" x="425" y="753" width="46" height="17"/>
    </entry>
    <entry id="160" name="mmu:50701" type="gene"
        link="http://www.kegg.jp/dbget-bin/www_bget?mmu:50701">
        <graphics name="Elane, Ela2, F430011M15Rik, NE" fgcolor="#000000" bgcolor="#BFFFBF"
             type="rectangle" x="372" y="775" width="46" height="17"/>
    </entry>
    <entry id="161" name="mmu:14939" type="gene"
        link="http://www.kegg.jp/dbget-bin/www_bget?mmu:14939">
        <graphics name="Gzmb, AI553453, CCP-1/C11, CCP1, Ctla-1, Ctla1, GZB" fgcolor="#000000" bgcolor="#BFFFBF"
             type="rectangle" x="425" y="775" width="46" height="17"/>
    </entry>
    <entry id="162" name="mmu:20466" type="gene"
        link="http://www.kegg.jp/dbget-bin/www_bget?mmu:20466">
        <graphics name="Sin3a, AW553200, Sin3, mKIAA4126, mSin3A" fgcolor="#000000" bgcolor="#BFFFBF"
             type="rectangle" x="224" y="293" width="46" height="17"/>
    </entry>
    <entry id="163" name="mmu:20185" type="gene"
        link="http://www.kegg.jp/dbget-bin/www_bget?mmu:20185">
        <graphics name="Ncor1, 5730405M06Rik, A230020K14Rik, N-CoR, RIP13, Rxrip13, mKIAA1047" fgcolor="#000000" bgcolor="#BFFFBF"
             type="rectangle" x="224" y="310" width="46" height="17"/>
    </entry>
    <entry id="164" name="mmu:67603" type="gene"
        link="http://www.kegg.jp/dbget-bin/www_bget?mmu:67603">
        <graphics name="Dusp6, 1300019I03Rik, MKP-3, MKP3, PYST1" fgcolor="#000000" bgcolor="#BFFFBF"
             type="rectangle" x="403" y="567" width="46" height="17"/>
    </entry>
    <entry id="165" name="mmu:12394" type="gene"
        link="http://www.kegg.jp/dbget-bin/www_bget?mmu:12394">
        <graphics name="Runx1, AML1, CBF-alpha-2, Cbfa2, Pebp2a2, Pebpa2b" fgcolor="#000000" bgcolor="#BFFFBF"
             type="rectangle" x="256" y="189" width="46" height="17"/>
    </entry>
    <entry id="166" name="mmu:12978" type="gene"
        link="http://www.kegg.jp/dbget-bin/www_bget?mmu:12978">
        <graphics name="Csf1r, AI323359, CD115, CSF-1R, Csfmr, Fim-2, Fms, M-CSF-R, M-CSFR" fgcolor="#000000" bgcolor="#BFFFBF"
             type="rectangle" x="372" y="180" width="46" height="17"/>
    </entry>
    <entry id="167" name="mmu:17523" type="gene"
        link="http://www.kegg.jp/dbget-bin/www_bget?mmu:17523">
        <graphics name="Mpo, mKIAA4033" fgcolor="#000000" bgcolor="#BFFFBF"
             type="rectangle" x="425" y="180" width="46" height="17"/>
    </entry>
    <entry id="168" name="mmu:12981" type="gene"
        link="http://www.kegg.jp/dbget-bin/www_bget?mmu:12981">
        <graphics name="Csf2, Csfgm, GMCSF, Gm-CSf, MGI-IGM" fgcolor="#000000" bgcolor="#BFFFBF"
             type="rectangle" x="372" y="202" width="46" height="17"/>
    </entry>
    <entry id="169" name="mmu:16187" type="gene"
        link="http://www.kegg.jp/dbget-bin/www_bget?mmu:16187">
        <graphics name="Il3, BPA, Csfmu, HCGF, Il-3, MCGF, PSF" fgcolor="#000000" bgcolor="#BFFFBF"
             type="rectangle" x="425" y="202" width="46" height="17"/>
    </entry>
    <entry id="170" name="mmu:20375" type="gene"
        link="http://www.kegg.jp/dbget-bin/www_bget?mmu:20375">
        <graphics name="Spi1, Dis-1, Dis1, PU.1, Sfpi-1, Sfpi1, Spi-1, Tcfpu1, Tfpu.1" fgcolor="#000000" bgcolor="#BFFFBF"
             type="rectangle" x="316" y="314" width="46" height="17"/>
    </entry>
    <entry id="171" name="mmu:12978" type="gene"
        link="http://www.kegg.jp/dbget-bin/www_bget?mmu:12978">
        <graphics name="Csf1r, AI323359, CD115, CSF-1R, Csfmr, Fim-2, Fms, M-CSF-R, M-CSFR" fgcolor="#000000" bgcolor="#BFFFBF"
             type="rectangle" x="425" y="314" width="46" height="17"/>
    </entry>
    <entry id="172" name="mmu:12606" type="gene"
        link="http://www.kegg.jp/dbget-bin/www_bget?mmu:12606">
        <graphics name="Cebpa, C/ebpalpha, CBF-A, Cebp" fgcolor="#000000" bgcolor="#BFFFBF"
             type="rectangle" x="316" y="234" width="46" height="17"/>
    </entry>
    <entry id="173" name="mmu:214162" type="gene"
        link="http://www.kegg.jp/dbget-bin/www_bget?mmu:214162">
        <graphics name="Kmt2a, 6430520K01, ALL-1, All1, Cxxc7, HRX, HTRX1, Mll, Mll1, mKIAA4050" fgcolor="#000000" bgcolor="#BFFFBF"
             type="rectangle" x="731" y="115" width="46" height="17"/>
    </entry>
    <entry id="174" name="mmu:64144 mmu:70122" type="gene"
        link="http://www.kegg.jp/dbget-bin/www_bget?mmu:64144+mmu:70122">
        <graphics name="Mllt1, AA407901, BAM11, ENL, LTG19..." fgcolor="#000000" bgcolor="#BFFFBF"
             type="rectangle" x="786" y="115" width="46" height="17"/>
    </entry>
    <entry id="175" name="mmu:17268" type="gene"
        link="http://www.kegg.jp/dbget-bin/www_bget?mmu:17268">
        <graphics name="Meis1, C530044H18Rik, Evi8" fgcolor="#000000" bgcolor="#BFFFBF"
             type="rectangle" x="913" y="97" width="46" height="17"/>
    </entry>
    <entry id="176" name="mmu:15405" type="gene"
        link="http://www.kegg.jp/dbget-bin/www_bget?mmu:15405">
        <graphics name="Hoxa9, D6a9, Hox-1.7" fgcolor="#000000" bgcolor="#BFFFBF"
             type="rectangle" x="966" y="97" width="46" height="17"/>
    </entry>
    <entry id="177" name="mmu:15395" type="gene"
        link="http://www.kegg.jp/dbget-bin/www_bget?mmu:15395">
        <graphics name="Hoxa10, Hox-1.8, Hoxa-10" fgcolor="#000000" bgcolor="#BFFFBF"
             type="rectangle" x="913" y="119" width="46" height="17"/>
    </entry>
    <entry id="178" name="mmu:15396" type="gene"
        link="http://www.kegg.jp/dbget-bin/www_bget?mmu:15396">
        <graphics name="Hoxa11, Hox-1.9, Hoxa-11" fgcolor="#000000" bgcolor="#BFFFBF"
             type="rectangle" x="966" y="119" width="46" height="17"/>
    </entry>
    <entry id="179" name="mmu:20471" type="gene"
        link="http://www.kegg.jp/dbget-bin/www_bget?mmu:20471">
        <graphics name="Six1, BB138287" fgcolor="#000000" bgcolor="#BFFFBF"
             type="rectangle" x="1019" y="119" width="46" height="17"/>
    </entry>
    <entry id="180" name="mmu:20474" type="gene"
        link="http://www.kegg.jp/dbget-bin/www_bget?mmu:20474">
        <graphics name="Six4, AI047561, AREC3, TrexBF" fgcolor="#000000" bgcolor="#BFFFBF"
             type="rectangle" x="913" y="141" width="46" height="17"/>
    </entry>
    <entry id="181" name="mmu:14048" type="gene"
        link="http://www.kegg.jp/dbget-bin/www_bget?mmu:14048">
        <graphics name="Eya1, bor" fgcolor="#000000" bgcolor="#BFFFBF"
             type="rectangle" x="966" y="141" width="46" height="17"/>
    </entry>
    <entry id="182" name="mmu:12580" type="gene"
        link="http://www.kegg.jp/dbget-bin/www_bget?mmu:12580">
        <graphics name="Cdkn2c, C77269, INK4c, p18, p18-INK4c, p18-INK6, p18INK4c" fgcolor="#000000" bgcolor="#BFFFBF"
             type="rectangle" x="1019" y="141" width="46" height="17"/>
    </entry>
    <entry id="183" name="mmu:15446" type="gene"
        link="http://www.kegg.jp/dbget-bin/www_bget?mmu:15446">
        <graphics name="Hpgd, 15-PGDH, AV026552" fgcolor="#000000" bgcolor="#BFFFBF"
             type="rectangle" x="913" y="163" width="46" height="17"/>
    </entry>
    <entry id="184" name="mmu:53623" type="gene"
        link="http://www.kegg.jp/dbget-bin/www_bget?mmu:53623">
        <graphics name="Gria3, 2900064I19Rik, GluA3, GluR-C, GluR-K3, Glur-3, Glur3, Gluralpha3" fgcolor="#000000" bgcolor="#BFFFBF"
             type="rectangle" x="966" y="163" width="46" height="17"/>
    </entry>
    <entry id="185" name="mmu:53618" type="gene"
        link="http://www.kegg.jp/dbget-bin/www_bget?mmu:53618">
        <graphics name="Fut8" fgcolor="#000000" bgcolor="#BFFFBF"
             type="rectangle" x="1019" y="163" width="46" height="17"/>
    </entry>
    <entry id="186" name="mmu:21908" type="gene"
        link="http://www.kegg.jp/dbget-bin/www_bget?mmu:21908">
        <graphics name="Tlx1, Hox-11, Hox11" fgcolor="#000000" bgcolor="#BFFFBF"
             type="rectangle" x="731" y="209" width="46" height="17"/>
    </entry>
    <entry id="187" name="mmu:27140" type="gene"
        link="http://www.kegg.jp/dbget-bin/www_bget?mmu:27140">
        <graphics name="Tlx3, Hox11l2, Rnx, Tlx1l2" fgcolor="#000000" bgcolor="#BFFFBF"
             type="rectangle" x="731" y="157" width="46" height="17"/>
    </entry>
    <entry id="188" name="mmu:12775" type="gene"
        link="http://www.kegg.jp/dbget-bin/www_bget?mmu:12775">
        <graphics name="Ccr7, CC-CKR-7, CCR-7, CD197, Cdw197, Cmkbr7, EBI1, Ebi1h" fgcolor="#000000" bgcolor="#BFFFBF"
             type="rectangle" x="913" y="209" width="46" height="17"/>
    </entry>
    <entry id="189" name="mmu:12053" type="gene"
        link="http://www.kegg.jp/dbget-bin/www_bget?mmu:12053">
        <graphics name="Bcl6, Bcl5" fgcolor="#000000" bgcolor="#BFFFBF"
             type="rectangle" x="731" y="448" width="46" height="17"/>
    </entry>
    <entry id="190" name="mmu:102642252 mmu:105243590" type="gene"
        link="http://www.kegg.jp/dbget-bin/www_bget?mmu:102642252+mmu:105243590">
        <graphics name="IgH, IgVH..." fgcolor="#000000" bgcolor="#BFFFBF"
             type="rectangle" x="731" y="557" width="46" height="17"/>
    </entry>
    <entry id="191" name="mmu:107823" type="gene"
        link="http://www.kegg.jp/dbget-bin/www_bget?mmu:107823">
        <graphics name="Whsc1, 5830445G22Rik, 9430010A17Rik, AW555663, C130020C13Rik, D030027O06Rik, D930023B08Rik, MMSET, NSD2, Whsc1l, mKIAA1090" fgcolor="#000000" bgcolor="#BFFFBF"
             type="rectangle" x="786" y="557" width="46" height="17"/>
    </entry>
    <entry id="192" name="mmu:15077 mmu:15078 mmu:15081 mmu:260423 mmu:319148 mmu:319149 mmu:319150 mmu:319151 mmu:319152 mmu:319153 mmu:319154 mmu:360198 mmu:544973 mmu:625328 mmu:626150 mmu:667250 mmu:97114 mmu:97908" type="gene"
        link="http://www.kegg.jp/dbget-bin/www_bget?mmu:15077+mmu:15078+mmu:15081+mmu:260423+mmu:319148+mmu:319149+mmu:319150+mmu:319151+mmu:319152+mmu:319153+mmu:319154+mmu:360198+mmu:544973+mmu:625328+mmu:626150+mmu:667250+mmu:97114+mmu:97908">
        <graphics name="Hist2h3c1, BE691662, H3-615, H3f2, Hist2h3ca1..." fgcolor="#000000" bgcolor="#BFFFBF"
             type="rectangle" x="863" y="558" width="46" height="17"/>
    </entry>
    <entry id="193" name="mmu:12444" type="gene"
        link="http://www.kegg.jp/dbget-bin/www_bget?mmu:12444">
        <graphics name="Ccnd2, 2600016F06Rik, AI256817, BF642806, C86853, Vin-1, Vin1, cD2" fgcolor="#000000" bgcolor="#BFFFBF"
             type="rectangle" x="928" y="596" width="46" height="17"/>
    </entry>
    <entry id="194" name="mmu:70439" type="gene"
        link="http://www.kegg.jp/dbget-bin/www_bget?mmu:70439">
        <graphics name="Taf15, 2610111C21Rik, 68kDa, TAFII68, Taf2n" fgcolor="#000000" bgcolor="#BFFFBF"
             type="rectangle" x="1280" y="715" width="46" height="17"/>
    </entry>
    <entry id="195" name="mmu:18124" type="gene"
        link="http://www.kegg.jp/dbget-bin/www_bget?mmu:18124">
        <graphics name="Nr4a3, AI573420, CHN, CSMF, MINOR, NOR-1, Nor1, TEC" fgcolor="#000000" bgcolor="#BFFFBF"
             type="rectangle" x="1335" y="715" width="46" height="17"/>
    </entry>
    <entry id="196" name="mmu:18791" type="gene"
        link="http://www.kegg.jp/dbget-bin/www_bget?mmu:18791">
        <graphics name="Plat, AU020998, AW212668, D8Ertd2e, tPA" fgcolor="#000000" bgcolor="#BFFFBF"
             type="rectangle" x="979" y="860" width="46" height="17"/>
    </entry>
    <entry id="197" name="mmu:15182 mmu:433759" type="gene"
        link="http://www.kegg.jp/dbget-bin/www_bget?mmu:15182+mmu:433759">
        <graphics name="Hdac2, D10Wsu179e, YAF1, Yy1bp, mRPD3..." fgcolor="#000000" bgcolor="#BFFFBF"
             type="rectangle" x="178" y="302" width="46" height="17"/>
    </entry>
    <entry id="198" name="mmu:15182 mmu:433759" type="gene"
        link="http://www.kegg.jp/dbget-bin/www_bget?mmu:15182+mmu:433759">
        <graphics name="Hdac2, D10Wsu179e, YAF1, Yy1bp, mRPD3..." fgcolor="#000000" bgcolor="#BFFFBF"
             type="rectangle" x="261" y="711" width="46" height="17"/>
    </entry>
    <entry id="199" name="mmu:18033 mmu:19697" type="gene"
        link="http://www.kegg.jp/dbget-bin/www_bget?mmu:18033+mmu:19697">
        <graphics name="Nfkb1, NF-KB1, NF-kappaB, NF-kappaB1, p105, p50, p50/p105..." fgcolor="#000000" bgcolor="#BFFFBF"
             type="rectangle" x="1410" y="812" width="46" height="17"/>
    </entry>
    <entry id="200" name="mmu:22059" type="gene"
        link="http://www.kegg.jp/dbget-bin/www_bget?mmu:22059">
        <graphics name="Trp53, Tp53, bbl, bfy, bhy, p44, p53" fgcolor="#000000" bgcolor="#BFFFBF"
             type="rectangle" x="1280" y="1090" width="46" height="17"/>
    </entry>
    <entry id="201" name="path:mmu04115" type="map"
        link="http://www.kegg.jp/dbget-bin/www_bget?mmu04115">
        <graphics name="p53 signaling pathway" fgcolor="#000000" bgcolor="#FFFFFF"
             type="roundrectangle" x="1514" y="1070" width="134" height="25"/>
    </entry>
    <entry id="202" name="mmu:16909" type="gene"
        link="http://www.kegg.jp/dbget-bin/www_bget?mmu:16909">
        <graphics name="Lmo2, Rbtn-2, Rbtn2, Rhom-2, Ttg2" fgcolor="#000000" bgcolor="#BFFFBF"
             type="rectangle" x="731" y="277" width="46" height="17"/>
    </entry>
    <entry id="203" name="mmu:16825" type="gene"
        link="http://www.kegg.jp/dbget-bin/www_bget?mmu:16825">
        <graphics name="Ldb1, CLIM2, NLI" fgcolor="#000000" bgcolor="#BFFFBF"
             type="rectangle" x="731" y="294" width="46" height="17"/>
    </entry>
    <entry id="204" name="mmu:17095" type="gene"
        link="http://www.kegg.jp/dbget-bin/www_bget?mmu:17095">
        <graphics name="Lyl1, Lyl-1, bHLHa18" fgcolor="#000000" bgcolor="#BFFFBF"
             type="rectangle" x="807" y="290" width="46" height="17"/>
    </entry>
    <entry id="205" name="mmu:21423" type="gene"
        link="http://www.kegg.jp/dbget-bin/www_bget?mmu:21423">
        <graphics name="Tcf3, A1, AA408400, ALF2, AW209082, E12, E12/E47, E2A, E47, ME2, Pan1, Pan2, TCF-3, Tcfe2a, VDIR, bHLHb21" fgcolor="#000000" bgcolor="#BFFFBF"
             type="rectangle" x="807" y="307" width="46" height="17"/>
    </entry>
    <entry id="206" name="mmu:15242" type="gene"
        link="http://www.kegg.jp/dbget-bin/www_bget?mmu:15242">
        <graphics name="Hhex, Hex, Hex1, Hhex-rs2, Prh, Prhx" fgcolor="#000000" bgcolor="#BFFFBF"
             type="rectangle" x="937" y="283" width="46" height="17"/>
    </entry>
    <entry id="207" name="mmu:19208" type="gene"
        link="http://www.kegg.jp/dbget-bin/www_bget?mmu:19208">
        <graphics name="Ptcra, gp33, pT-alpha, pT-alpha-TCR, pT[a], pTa, pTalpha" fgcolor="#000000" bgcolor="#BFFFBF"
             type="rectangle" x="937" y="311" width="46" height="17"/>
    </entry>
    <entry id="208" name="path:mmu05215" type="map"
        link="http://www.kegg.jp/dbget-bin/www_bget?mmu05215">
        <graphics name="Prostate cancer" fgcolor="#000000" bgcolor="#FFFFFF"
             type="roundrectangle" x="1002" y="1060" width="97" height="25"/>
    </entry>
    <entry id="209" name="path:mmu05211" type="map"
        link="http://www.kegg.jp/dbget-bin/www_bget?mmu05211">
        <graphics name="Renal cell carcinoma" fgcolor="#000000" bgcolor="#FFFFFF"
             type="roundrectangle" x="1013" y="785" width="124" height="25"/>
    </entry>
    <relation entry1="92" entry2="93" type="GErel">
        <subtype name="expression" value="--&gt;"/>
    </relation>
    <relation entry1="94" entry2="95" type="GErel">
        <subtype name="expression" value="--&gt;"/>
    </relation>
    <relation entry1="94" entry2="96" type="GErel">
        <subtype name="expression" value="--&gt;"/>
    </relation>
    <relation entry1="94" entry2="97" type="GErel">
        <subtype name="expression" value="--&gt;"/>
    </relation>
    <relation entry1="112" entry2="111" type="PPrel">
        <subtype name="binding/association" value="---"/>
    </relation>
    <relation entry1="77" entry2="78" type="PPrel">
        <subtype name="binding/association" value="---"/>
    </relation>
    <relation entry1="204" entry2="205" type="PPrel">
        <subtype name="binding/association" value="---"/>
    </relation>
    <relation entry1="141" entry2="142" type="PPrel">
        <subtype name="binding/association" value="---"/>
    </relation>
    <relation entry1="50" entry2="199" type="PPrel">
        <subtype name="binding/association" value="---"/>
    </relation>
</pathway>
