<?xml version="1.0"?>
<!DOCTYPE pathway SYSTEM "http://www.kegg.jp/kegg/xml/KGML_v0.7.1_.dtd">
<!-- Creation date: Oct 23, 2015 09:58:43 +0900 (GMT+9) -->
<pathway name="path:mmu04713" org="mmu" number="04713"
         title="Circadian entrainment"
         image="http://www.kegg.jp/kegg/pathway/mmu/mmu04713.png"
         link="http://www.kegg.jp/kegg-bin/show_pathway?mmu04713">
    <entry id="1" name="path:mmu04713" type="map"
        link="http://www.kegg.jp/dbget-bin/www_bget?mmu04713">
        <graphics name="TITLE:Circadian entrainment" fgcolor="#000000" bgcolor="#FFFFFF"
             type="roundrectangle" x="145" y="58" width="209" height="25"/>
    </entry>
    <entry id="2" name="mmu:14810 mmu:14811 mmu:14812 mmu:14813 mmu:14814" type="gene"
        link="http://www.kegg.jp/dbget-bin/www_bget?mmu:14810+mmu:14811+mmu:14812+mmu:14813+mmu:14814">
        <graphics name="Grin1, GluN1, GluRdelta1, GluRzeta1, M100174, NMD-R1, NMDAR1, NR1, Nmdar, Rgsc174..." fgcolor="#000000" bgcolor="#BFFFBF"
             type="rectangle" x="332" y="206" width="46" height="17"/>
    </entry>
    <entry id="3" name="cpd:C00076" type="compound"
        link="http://www.kegg.jp/dbget-bin/www_bget?C00076">
        <graphics name="C00076" fgcolor="#000000" bgcolor="#FFFFFF"
             type="circle" x="471" y="205" width="8" height="8"/>
    </entry>
    <entry id="4" name="mmu:12313 mmu:12314 mmu:12315 mmu:494124 mmu:70405 mmu:80796" type="gene"
        link="http://www.kegg.jp/dbget-bin/www_bget?mmu:12313+mmu:12314+mmu:12315+mmu:494124+mmu:70405+mmu:80796">
        <graphics name="Calm1, AI256814, AI327027, AI461935, AL024000, CaM, Calm..." fgcolor="#000000" bgcolor="#BFFFBF"
             type="rectangle" x="544" y="147" width="46" height="17"/>
    </entry>
    <entry id="5" name="mmu:108058 mmu:12322 mmu:12323 mmu:12325" type="gene"
        link="http://www.kegg.jp/dbget-bin/www_bget?mmu:108058+mmu:12322+mmu:12323+mmu:12325">
        <graphics name="Camk2d, 2810011D23Rik, 8030469K03Rik, CaMK_II, [d]-CaMKII..." fgcolor="#000000" bgcolor="#BFFFBF"
             type="rectangle" x="617" y="147" width="46" height="17"/>
    </entry>
    <entry id="6" name="mmu:18125" type="gene"
        link="http://www.kegg.jp/dbget-bin/www_bget?mmu:18125">
        <graphics name="Nos1, 2310005C01Rik, N-NOS, NC-NOS, NO, NOS, NOS-I, Nos-1, bNOS, nNOS" fgcolor="#000000" bgcolor="#BFFFBF"
             type="rectangle" x="708" y="206" width="46" height="17"/>
    </entry>
    <entry id="7" name="cpd:C00533" type="compound"
        link="http://www.kegg.jp/dbget-bin/www_bget?C00533">
        <graphics name="C00533" fgcolor="#000000" bgcolor="#FFFFFF"
             type="circle" x="764" y="205" width="8" height="8"/>
    </entry>
    <entry id="8" name="mmu:234889 mmu:239134 mmu:54195 mmu:60596" type="gene"
        link="http://www.kegg.jp/dbget-bin/www_bget?mmu:234889+mmu:239134+mmu:54195+mmu:60596">
        <graphics name="Gucy1a2, 6330407I18Rik, A230060L24Rik..." fgcolor="#000000" bgcolor="#BFFFBF"
             type="rectangle" x="830" y="437" width="46" height="17"/>
    </entry>
    <entry id="9" name="cpd:C00942" type="compound"
        link="http://www.kegg.jp/dbget-bin/www_bget?C00942">
        <graphics name="C00942" fgcolor="#000000" bgcolor="#FFFFFF"
             type="circle" x="884" y="436" width="8" height="8"/>
    </entry>
    <entry id="10" name="mmu:19091 mmu:19092" type="gene"
        link="http://www.kegg.jp/dbget-bin/www_bget?mmu:19091+mmu:19092">
        <graphics name="Prkg1, AW125416, CGKI, Gm19690, Prkg1b, Prkgr1b..." fgcolor="#000000" bgcolor="#BFFFBF"
             type="rectangle" x="938" y="437" width="46" height="17"/>
    </entry>
    <entry id="11" name="mmu:244701" type="gene"
        link="http://www.kegg.jp/dbget-bin/www_bget?mmu:244701">
        <graphics name="Mtnr1b, Mel-1B-R, Mel1b, Mt2" fgcolor="#000000" bgcolor="#BFFFBF"
             type="rectangle" x="332" y="740" width="46" height="17"/>
    </entry>
    <entry id="12" name="mmu:18795 mmu:18796 mmu:18797 mmu:18798" type="gene"
        link="http://www.kegg.jp/dbget-bin/www_bget?mmu:18795+mmu:18796+mmu:18797+mmu:18798">
        <graphics name="Plcb1, 3110043I21Rik, AI132408, Plcb, mKIAA0581..." fgcolor="#000000" bgcolor="#BFFFBF"
             type="rectangle" x="562" y="765" width="46" height="17"/>
    </entry>
    <entry id="13" name="cpd:C00165" type="compound"
        link="http://www.kegg.jp/dbget-bin/www_bget?C00165">
        <graphics name="C00165" fgcolor="#000000" bgcolor="#FFFFFF"
             type="circle" x="647" y="764" width="8" height="8"/>
    </entry>
    <entry id="14" name="mmu:18750 mmu:18751 mmu:18752" type="gene"
        link="http://www.kegg.jp/dbget-bin/www_bget?mmu:18750+mmu:18751+mmu:18752">
        <graphics name="Prkca, AI875142, Pkca..." fgcolor="#000000" bgcolor="#BFFFBF"
             type="rectangle" x="732" y="765" width="46" height="17"/>
    </entry>
    <entry id="15" name="mmu:100043507 mmu:100503710 mmu:102641276 mmu:14682 mmu:14688 mmu:14693 mmu:14695 mmu:14696 mmu:14697 mmu:14699 mmu:14700 mmu:14701 mmu:14702 mmu:14704 mmu:14706 mmu:14707 mmu:14708 mmu:14709 mmu:14710 mmu:64337 mmu:66066" type="gene"
        link="http://www.kegg.jp/dbget-bin/www_bget?mmu:100043507+mmu:100503710+mmu:102641276+mmu:14682+mmu:14688+mmu:14693+mmu:14695+mmu:14696+mmu:14697+mmu:14699+mmu:14700+mmu:14701+mmu:14702+mmu:14704+mmu:14706+mmu:14707+mmu:14708+mmu:14709+mmu:14710+mmu:64337+mmu:66066">
        <graphics name="Gm15776, OTTMUSG00000026148..." fgcolor="#000000" bgcolor="#BFFFBF"
             type="rectangle" x="432" y="765" width="46" height="17"/>
    </entry>
    <entry id="16" name="cpd:C01598" type="compound"
        link="http://www.kegg.jp/dbget-bin/www_bget?C01598">
        <graphics name="C01598" fgcolor="#000000" bgcolor="#FFFFFF"
             type="circle" x="187" y="749" width="8" height="8"/>
    </entry>
    <entry id="17" name="mmu:12291 mmu:239556 mmu:58226" type="gene"
        link="http://www.kegg.jp/dbget-bin/www_bget?mmu:12291+mmu:239556+mmu:58226">
        <graphics name="Cacna1g, Cav3.1d, [a]1G, a1G, alpha-1G, mKIAA1123..." fgcolor="#000000" bgcolor="#BFFFBF"
             type="rectangle" x="332" y="260" width="46" height="17"/>
    </entry>
    <entry id="18" name="mmu:16438 mmu:16440" type="gene"
        link="http://www.kegg.jp/dbget-bin/www_bget?mmu:16438+mmu:16440">
        <graphics name="Itpr1, D6Pas2, Gm10429, IP3R1, InsP3R, Ip3r, Itpr-1, P400, Pcp-1, Pcp1, opt..." fgcolor="#000000" bgcolor="#BFFFBF"
             type="rectangle" x="447" y="270" width="46" height="17"/>
    </entry>
    <entry id="19" name="mmu:20190 mmu:20191 mmu:20192" type="gene"
        link="http://www.kegg.jp/dbget-bin/www_bget?mmu:20190+mmu:20191+mmu:20192">
        <graphics name="Ryr1, AI528790, RYR-1, Ryr, skrr..." fgcolor="#000000" bgcolor="#BFFFBF"
             type="rectangle" x="496" y="270" width="46" height="17"/>
    </entry>
    <entry id="20" name="mmu:14799 mmu:14800 mmu:14802 mmu:53623" type="gene"
        link="http://www.kegg.jp/dbget-bin/www_bget?mmu:14799+mmu:14800+mmu:14802+mmu:53623">
        <graphics name="Gria1, 2900051M01Rik, Glr-1, Glr1, GluA1, GluR-A, GluRA, Glur-1, Glur1, HIPA1, gluR-K1..." fgcolor="#000000" bgcolor="#BFFFBF"
             type="rectangle" x="332" y="152" width="46" height="17"/>
    </entry>
    <entry id="21" name="cpd:C01330" type="compound"
        link="http://www.kegg.jp/dbget-bin/www_bget?C01330">
        <graphics name="C01330" fgcolor="#000000" bgcolor="#FFFFFF"
             type="circle" x="379" y="151" width="8" height="8"/>
    </entry>
    <entry id="22" name="mmu:26413 mmu:26417" type="gene"
        link="http://www.kegg.jp/dbget-bin/www_bget?mmu:26413+mmu:26417">
        <graphics name="Mapk1, 9030612K14Rik, AA407128, AU018647, C78273, ERK, Erk2, MAPK2, PRKM2, Prkm1, p41mapk, p42mapk..." fgcolor="#000000" bgcolor="#BFFFBF"
             type="rectangle" x="902" y="206" width="46" height="17"/>
    </entry>
    <entry id="23" name="mmu:11517" type="gene"
        link="http://www.kegg.jp/dbget-bin/www_bget?mmu:11517">
        <graphics name="Adcyap1r1, 2900024I10Rik, AI846590, PAC1, PAC1R, PACAP1-R" fgcolor="#000000" bgcolor="#BFFFBF"
             type="rectangle" x="332" y="341" width="46" height="17"/>
    </entry>
    <entry id="24" name="mmu:104110 mmu:104111 mmu:11512 mmu:11513 mmu:11514 mmu:11515 mmu:210044 mmu:224129 mmu:271639 mmu:432530" type="gene"
        link="http://www.kegg.jp/dbget-bin/www_bget?mmu:104110+mmu:104111+mmu:11512+mmu:11513+mmu:11514+mmu:11515+mmu:210044+mmu:224129+mmu:271639+mmu:432530">
        <graphics name="Adcy4, mKIAA4004..." fgcolor="#000000" bgcolor="#BFFFBF"
             type="rectangle" x="562" y="341" width="46" height="17"/>
    </entry>
    <entry id="25" name="cpd:C00575" type="compound"
        link="http://www.kegg.jp/dbget-bin/www_bget?C00575">
        <graphics name="C00575" fgcolor="#000000" bgcolor="#FFFFFF"
             type="circle" x="647" y="340" width="8" height="8"/>
    </entry>
    <entry id="26" name="mmu:18747 mmu:18749" type="gene"
        link="http://www.kegg.jp/dbget-bin/www_bget?mmu:18747+mmu:18749">
        <graphics name="Prkaca, PKCD, Pkaca..." fgcolor="#000000" bgcolor="#BFFFBF"
             type="rectangle" x="732" y="341" width="46" height="17"/>
    </entry>
    <entry id="27" name="mmu:100043507 mmu:100503710 mmu:102641276 mmu:14683 mmu:14688 mmu:14693 mmu:14695 mmu:14696 mmu:14697 mmu:14699 mmu:14700 mmu:14701 mmu:14702 mmu:14704 mmu:14706 mmu:14707 mmu:14708 mmu:14709 mmu:14710 mmu:64337 mmu:66066" type="gene"
        link="http://www.kegg.jp/dbget-bin/www_bget?mmu:100043507+mmu:100503710+mmu:102641276+mmu:14683+mmu:14688+mmu:14693+mmu:14695+mmu:14696+mmu:14697+mmu:14699+mmu:14700+mmu:14701+mmu:14702+mmu:14704+mmu:14706+mmu:14707+mmu:14708+mmu:14709+mmu:14710+mmu:64337+mmu:66066">
        <graphics name="Gm15776, OTTMUSG00000026148..." fgcolor="#000000" bgcolor="#BFFFBF"
             type="rectangle" x="432" y="341" width="46" height="17"/>
    </entry>
    <entry id="28" name="mmu:19416" type="gene"
        link="http://www.kegg.jp/dbget-bin/www_bget?mmu:19416">
        <graphics name="Rasd1, Dexras1" fgcolor="#000000" bgcolor="#BFFFBF"
             type="rectangle" x="784" y="276" width="46" height="17"/>
    </entry>
    <entry id="29" name="mmu:14810 mmu:14811 mmu:14812 mmu:14813 mmu:14814" type="gene"
        link="http://www.kegg.jp/dbget-bin/www_bget?mmu:14810+mmu:14811+mmu:14812+mmu:14813+mmu:14814">
        <graphics name="Grin1, GluN1, GluRdelta1, GluRzeta1, M100174, NMD-R1, NMDAR1, NR1, Nmdar, Rgsc174..." fgcolor="#000000" bgcolor="#BFFFBF"
             type="rectangle" x="332" y="511" width="46" height="17"/>
    </entry>
    <entry id="30" name="cpd:C00076" type="compound"
        link="http://www.kegg.jp/dbget-bin/www_bget?C00076">
        <graphics name="C00076" fgcolor="#000000" bgcolor="#FFFFFF"
             type="circle" x="471" y="510" width="8" height="8"/>
    </entry>
    <entry id="31" name="mmu:12313 mmu:12314 mmu:12315 mmu:494124 mmu:70405 mmu:80796" type="gene"
        link="http://www.kegg.jp/dbget-bin/www_bget?mmu:12313+mmu:12314+mmu:12315+mmu:494124+mmu:70405+mmu:80796">
        <graphics name="Calm1, AI256814, AI327027, AI461935, AL024000, CaM, Calm..." fgcolor="#000000" bgcolor="#BFFFBF"
             type="rectangle" x="544" y="452" width="46" height="17"/>
    </entry>
    <entry id="32" name="mmu:108058 mmu:12322 mmu:12323 mmu:12325" type="gene"
        link="http://www.kegg.jp/dbget-bin/www_bget?mmu:108058+mmu:12322+mmu:12323+mmu:12325">
        <graphics name="Camk2d, 2810011D23Rik, 8030469K03Rik, CaMK_II, [d]-CaMKII..." fgcolor="#000000" bgcolor="#BFFFBF"
             type="rectangle" x="617" y="452" width="46" height="17"/>
    </entry>
    <entry id="33" name="mmu:18125" type="gene"
        link="http://www.kegg.jp/dbget-bin/www_bget?mmu:18125">
        <graphics name="Nos1, 2310005C01Rik, N-NOS, NC-NOS, NO, NOS, NOS-I, Nos-1, bNOS, nNOS" fgcolor="#000000" bgcolor="#BFFFBF"
             type="rectangle" x="708" y="511" width="46" height="17"/>
    </entry>
    <entry id="34" name="mmu:14799 mmu:14800 mmu:14802 mmu:53623" type="gene"
        link="http://www.kegg.jp/dbget-bin/www_bget?mmu:14799+mmu:14800+mmu:14802+mmu:53623">
        <graphics name="Gria1, 2900051M01Rik, Glr-1, Glr1, GluA1, GluR-A, GluRA, Glur-1, Glur1, HIPA1, gluR-K1..." fgcolor="#000000" bgcolor="#BFFFBF"
             type="rectangle" x="332" y="457" width="46" height="17"/>
    </entry>
    <entry id="35" name="cpd:C01330" type="compound"
        link="http://www.kegg.jp/dbget-bin/www_bget?C01330">
        <graphics name="C01330" fgcolor="#000000" bgcolor="#FFFFFF"
             type="circle" x="379" y="456" width="8" height="8"/>
    </entry>
    <entry id="36" name="mmu:11517" type="gene"
        link="http://www.kegg.jp/dbget-bin/www_bget?mmu:11517">
        <graphics name="Adcyap1r1, 2900024I10Rik, AI846590, PAC1, PAC1R, PACAP1-R" fgcolor="#000000" bgcolor="#BFFFBF"
             type="rectangle" x="332" y="633" width="46" height="17"/>
    </entry>
    <entry id="37" name="mmu:104110 mmu:104111 mmu:11512 mmu:11513 mmu:11514 mmu:11515 mmu:210044 mmu:224129 mmu:271639 mmu:432530" type="gene"
        link="http://www.kegg.jp/dbget-bin/www_bget?mmu:104110+mmu:104111+mmu:11512+mmu:11513+mmu:11514+mmu:11515+mmu:210044+mmu:224129+mmu:271639+mmu:432530">
        <graphics name="Adcy4, mKIAA4004..." fgcolor="#000000" bgcolor="#BFFFBF"
             type="rectangle" x="562" y="633" width="46" height="17"/>
    </entry>
    <entry id="38" name="cpd:C00575" type="compound"
        link="http://www.kegg.jp/dbget-bin/www_bget?C00575">
        <graphics name="C00575" fgcolor="#000000" bgcolor="#FFFFFF"
             type="circle" x="647" y="632" width="8" height="8"/>
    </entry>
    <entry id="39" name="mmu:18747 mmu:18749" type="gene"
        link="http://www.kegg.jp/dbget-bin/www_bget?mmu:18747+mmu:18749">
        <graphics name="Prkaca, PKCD, Pkaca..." fgcolor="#000000" bgcolor="#BFFFBF"
             type="rectangle" x="732" y="633" width="46" height="17"/>
    </entry>
    <entry id="40" name="mmu:19416" type="gene"
        link="http://www.kegg.jp/dbget-bin/www_bget?mmu:19416">
        <graphics name="Rasd1, Dexras1" fgcolor="#000000" bgcolor="#BFFFBF"
             type="rectangle" x="719" y="577" width="46" height="17"/>
    </entry>
    <entry id="41" name="mmu:12288 mmu:12289" type="gene"
        link="http://www.kegg.jp/dbget-bin/www_bget?mmu:12288+mmu:12289">
        <graphics name="Cacna1c, Cav1.2, Cchl1a1, D930026N18Rik, MBC, MELC-CC..." fgcolor="#000000" bgcolor="#BFFFBF"
             type="rectangle" x="332" y="565" width="46" height="17"/>
    </entry>
    <entry id="42" name="cpd:C00533" type="compound"
        link="http://www.kegg.jp/dbget-bin/www_bget?C00533">
        <graphics name="C00533" fgcolor="#000000" bgcolor="#FFFFFF"
             type="circle" x="764" y="510" width="8" height="8"/>
    </entry>
    <entry id="43" name="mmu:26413 mmu:26417" type="gene"
        link="http://www.kegg.jp/dbget-bin/www_bget?mmu:26413+mmu:26417">
        <graphics name="Mapk1, 9030612K14Rik, AA407128, AU018647, C78273, ERK, Erk2, MAPK2, PRKM2, Prkm1, p41mapk, p42mapk..." fgcolor="#000000" bgcolor="#BFFFBF"
             type="rectangle" x="902" y="511" width="46" height="17"/>
    </entry>
    <entry id="44" name="mmu:14683" type="gene"
        link="http://www.kegg.jp/dbget-bin/www_bget?mmu:14683">
        <graphics name="Gnas, 5530400H20Rik, A930027G11Rik, C130027O20Rik, GPSA, GSP, Galphas, Gnas1, Gnasxl, Gs-alpha, Gsa, Nesp, Nesp55, Nespl, Oed-Sml, Oedsml, P1, P2, P3, PHP1A, PHP1B, POH, SCG6" fgcolor="#000000" bgcolor="#BFFFBF"
             type="rectangle" x="432" y="633" width="46" height="17"/>
    </entry>
    <entry id="45" name="mmu:100043507 mmu:100503710 mmu:102641276 mmu:14688 mmu:14693 mmu:14695 mmu:14696 mmu:14697 mmu:14699 mmu:14700 mmu:14701 mmu:14702 mmu:14704 mmu:14706 mmu:14707 mmu:14708 mmu:14709 mmu:14710 mmu:64337 mmu:66066" type="gene"
        link="http://www.kegg.jp/dbget-bin/www_bget?mmu:100043507+mmu:100503710+mmu:102641276+mmu:14688+mmu:14693+mmu:14695+mmu:14696+mmu:14697+mmu:14699+mmu:14700+mmu:14701+mmu:14702+mmu:14704+mmu:14706+mmu:14707+mmu:14708+mmu:14709+mmu:14710+mmu:64337+mmu:66066">
        <graphics name="Gm15776, OTTMUSG00000026148..." fgcolor="#000000" bgcolor="#BFFFBF"
             type="rectangle" x="432" y="593" width="46" height="17"/>
    </entry>
    <entry id="46" name="path:mmu04010" type="map"
        link="http://www.kegg.jp/dbget-bin/www_bget?mmu04010">
        <graphics name="MAPK signaling pathway" fgcolor="#000000" bgcolor="#FFFFFF"
             type="roundrectangle" x="891" y="477" width="113" height="34"/>
    </entry>
    <entry id="47" name="mmu:70729" type="gene"
        link="http://www.kegg.jp/dbget-bin/www_bget?mmu:70729">
        <graphics name="Nos1ap, 6330408P19Rik, Capon" fgcolor="#000000" bgcolor="#BFFFBF"
             type="rectangle" x="733" y="241" width="46" height="17"/>
    </entry>
    <entry id="48" name="path:mmu04010" type="map"
        link="http://www.kegg.jp/dbget-bin/www_bget?mmu04010">
        <graphics name="MAPK signaling pathway" fgcolor="#000000" bgcolor="#FFFFFF"
             type="roundrectangle" x="893" y="167" width="113" height="34"/>
    </entry>
    <entry id="49" name="mmu:100043507 mmu:100503710 mmu:102641276 mmu:14677 mmu:14678 mmu:14679 mmu:14681 mmu:14688 mmu:14693 mmu:14695 mmu:14696 mmu:14697 mmu:14699 mmu:14700 mmu:14701 mmu:14702 mmu:14704 mmu:14706 mmu:14707 mmu:14708 mmu:14709 mmu:14710 mmu:64337 mmu:66066" type="gene"
        link="http://www.kegg.jp/dbget-bin/www_bget?mmu:100043507+mmu:100503710+mmu:102641276+mmu:14677+mmu:14678+mmu:14679+mmu:14681+mmu:14688+mmu:14693+mmu:14695+mmu:14696+mmu:14697+mmu:14699+mmu:14700+mmu:14701+mmu:14702+mmu:14704+mmu:14706+mmu:14707+mmu:14708+mmu:14709+mmu:14710+mmu:64337+mmu:66066">
        <graphics name="Gm15776, OTTMUSG00000026148..." fgcolor="#000000" bgcolor="#BFFFBF"
             type="rectangle" x="840" y="241" width="46" height="17"/>
    </entry>
    <entry id="50" name="mmu:73086" type="gene"
        link="http://www.kegg.jp/dbget-bin/www_bget?mmu:73086">
        <graphics name="Rps6ka5, 3110005L17Rik, 6330404E13Rik, AI854034, MSK1, MSPK1, RLPK" fgcolor="#000000" bgcolor="#BFFFBF"
             type="rectangle" x="1020" y="511" width="46" height="17"/>
    </entry>
    <entry id="51" name="mmu:73086" type="gene"
        link="http://www.kegg.jp/dbget-bin/www_bget?mmu:73086">
        <graphics name="Rps6ka5, 3110005L17Rik, 6330404E13Rik, AI854034, MSK1, MSPK1, RLPK" fgcolor="#000000" bgcolor="#BFFFBF"
             type="rectangle" x="1020" y="206" width="46" height="17"/>
    </entry>
    <entry id="52" name="mmu:12912" type="gene"
        link="http://www.kegg.jp/dbget-bin/www_bget?mmu:12912">
        <graphics name="Creb1, 2310001E10Rik, 3526402H21Rik, AV083133, Creb, Creb-1" fgcolor="#000000" bgcolor="#BFFFBF"
             type="rectangle" x="1111" y="511" width="46" height="17"/>
    </entry>
    <entry id="53" name="mmu:12912" type="gene"
        link="http://www.kegg.jp/dbget-bin/www_bget?mmu:12912">
        <graphics name="Creb1, 2310001E10Rik, 3526402H21Rik, AV083133, Creb, Creb-1" fgcolor="#000000" bgcolor="#BFFFBF"
             type="rectangle" x="1113" y="206" width="46" height="17"/>
    </entry>
    <entry id="54" name="mmu:17773" type="gene"
        link="http://www.kegg.jp/dbget-bin/www_bget?mmu:17773">
        <graphics name="Mtnr1a, MR, MelR" fgcolor="#000000" bgcolor="#BFFFBF"
             type="rectangle" x="332" y="760" width="46" height="17"/>
    </entry>
    <entry id="55" name="mmu:100043507 mmu:100503710 mmu:102641276 mmu:14677 mmu:14678 mmu:14679 mmu:14688 mmu:14693 mmu:14695 mmu:14696 mmu:14697 mmu:14699 mmu:14700 mmu:14701 mmu:14702 mmu:14704 mmu:14706 mmu:14707 mmu:14708 mmu:14709 mmu:14710 mmu:64337 mmu:66066" type="gene"
        link="http://www.kegg.jp/dbget-bin/www_bget?mmu:100043507+mmu:100503710+mmu:102641276+mmu:14677+mmu:14678+mmu:14679+mmu:14688+mmu:14693+mmu:14695+mmu:14696+mmu:14697+mmu:14699+mmu:14700+mmu:14701+mmu:14702+mmu:14704+mmu:14706+mmu:14707+mmu:14708+mmu:14709+mmu:14710+mmu:64337+mmu:66066">
        <graphics name="Gm15776, OTTMUSG00000026148..." fgcolor="#000000" bgcolor="#BFFFBF"
             type="rectangle" x="432" y="730" width="46" height="17"/>
    </entry>
    <entry id="56" name="mmu:16519 mmu:16521 mmu:16522 mmu:16524" type="gene"
        link="http://www.kegg.jp/dbget-bin/www_bget?mmu:16519+mmu:16521+mmu:16522+mmu:16524">
        <graphics name="Kcnj3, GIRK-1, GIRK1, Kcnf3, Kir3.1..." fgcolor="#000000" bgcolor="#BFFFBF"
             type="rectangle" x="332" y="844" width="46" height="17"/>
    </entry>
    <entry id="57" name="cpd:C00238" type="compound"
        link="http://www.kegg.jp/dbget-bin/www_bget?C00238">
        <graphics name="C00238" fgcolor="#000000" bgcolor="#FFFFFF"
             type="circle" x="378" y="844" width="8" height="8"/>
    </entry>
    <entry id="58" name="mmu:100043507 mmu:100503710 mmu:102641276 mmu:14677 mmu:14678 mmu:14679 mmu:14688 mmu:14693 mmu:14695 mmu:14696 mmu:14697 mmu:14699 mmu:14700 mmu:14701 mmu:14702 mmu:14704 mmu:14706 mmu:14707 mmu:14708 mmu:14709 mmu:14710 mmu:64337 mmu:66066" type="gene"
        link="http://www.kegg.jp/dbget-bin/www_bget?mmu:100043507+mmu:100503710+mmu:102641276+mmu:14677+mmu:14678+mmu:14679+mmu:14688+mmu:14693+mmu:14695+mmu:14696+mmu:14697+mmu:14699+mmu:14700+mmu:14701+mmu:14702+mmu:14704+mmu:14706+mmu:14707+mmu:14708+mmu:14709+mmu:14710+mmu:64337+mmu:66066">
        <graphics name="Gm15776, OTTMUSG00000026148..." fgcolor="#000000" bgcolor="#BFFFBF"
             type="rectangle" x="432" y="805" width="46" height="17"/>
    </entry>
    <entry id="59" name="path:mmu04710" type="map"
        link="http://www.kegg.jp/dbget-bin/www_bget?mmu04710">
        <graphics name="Circadian rhythm" fgcolor="#000000" bgcolor="#FFFFFF"
             type="roundrectangle" x="1273" y="315" width="113" height="34"/>
    </entry>
    <entry id="60" name="mmu:18626 mmu:18627 mmu:18628" type="gene"
        link="http://www.kegg.jp/dbget-bin/www_bget?mmu:18626+mmu:18627+mmu:18628">
        <graphics name="Per1, Per, m-rigui, mPer1..." fgcolor="#000000" bgcolor="#BFFFBF"
             type="rectangle" x="1246" y="350" width="46" height="17"/>
    </entry>
    <entry id="61" name="mmu:14281" type="gene"
        link="http://www.kegg.jp/dbget-bin/www_bget?mmu:14281">
        <graphics name="Fos, D12Rfj1, c-fos, cFos" fgcolor="#000000" bgcolor="#BFFFBF"
             type="rectangle" x="1246" y="375" width="46" height="17"/>
    </entry>
    <entry id="62" name="cpd:C16088 cpd:C16089" type="compound"
        link="http://www.kegg.jp/dbget-bin/www_bget?C16088+C16089">
        <graphics name="C16088..." fgcolor="#000000" bgcolor="#FFFFFF"
             type="circle" x="187" y="492" width="8" height="8"/>
    </entry>
    <entry id="63" name="cpd:C00025" type="compound"
        link="http://www.kegg.jp/dbget-bin/www_bget?C00025">
        <graphics name="C00025" fgcolor="#000000" bgcolor="#FFFFFF"
             type="circle" x="187" y="351" width="8" height="8"/>
    </entry>
    <relation entry1="2" entry2="6" type="PPrel">
        <subtype name="compound" value="3"/>
    </relation>
    <relation entry1="2" entry2="4" type="PPrel">
        <subtype name="compound" value="3"/>
    </relation>
    <relation entry1="17" entry2="6" type="PPrel">
        <subtype name="compound" value="3"/>
    </relation>
    <relation entry1="17" entry2="4" type="PPrel">
        <subtype name="compound" value="3"/>
    </relation>
    <relation entry1="18" entry2="6" type="PPrel">
        <subtype name="compound" value="3"/>
    </relation>
    <relation entry1="18" entry2="4" type="PPrel">
        <subtype name="compound" value="3"/>
    </relation>
    <relation entry1="19" entry2="6" type="PPrel">
        <subtype name="compound" value="3"/>
    </relation>
    <relation entry1="19" entry2="4" type="PPrel">
        <subtype name="compound" value="3"/>
    </relation>
    <relation entry1="24" entry2="26" type="PPrel">
        <subtype name="compound" value="25"/>
    </relation>
    <relation entry1="29" entry2="31" type="PPrel">
        <subtype name="compound" value="30"/>
    </relation>
    <relation entry1="41" entry2="31" type="PPrel">
        <subtype name="compound" value="30"/>
    </relation>
    <relation entry1="37" entry2="39" type="PPrel">
        <subtype name="compound" value="38"/>
    </relation>
    <relation entry1="12" entry2="14" type="PPrel">
        <subtype name="compound" value="13"/>
    </relation>
    <relation entry1="33" entry2="8" type="PPrel">
        <subtype name="compound" value="42"/>
    </relation>
    <relation entry1="8" entry2="10" type="PPrel">
        <subtype name="compound" value="9"/>
    </relation>
    <relation entry1="29" entry2="33" type="PPrel">
        <subtype name="compound" value="30"/>
    </relation>
    <relation entry1="41" entry2="33" type="PPrel">
        <subtype name="compound" value="30"/>
    </relation>
    <relation entry1="33" entry2="43" type="PPrel">
        <subtype name="compound" value="42"/>
    </relation>
    <relation entry1="6" entry2="22" type="PPrel">
        <subtype name="compound" value="7"/>
    </relation>
    <relation entry1="6" entry2="28" type="PPrel">
        <subtype name="compound" value="7"/>
    </relation>
    <relation entry1="63" entry2="20" type="PCrel">
    </relation>
    <relation entry1="63" entry2="2" type="PCrel">
    </relation>
    <relation entry1="63" entry2="34" type="PCrel">
    </relation>
    <relation entry1="63" entry2="29" type="PCrel">
    </relation>
    <relation entry1="62" entry2="23" type="PCrel">
    </relation>
    <relation entry1="62" entry2="36" type="PCrel">
    </relation>
    <relation entry1="16" entry2="11" type="PCrel">
    </relation>
    <relation entry1="16" entry2="54" type="PCrel">
    </relation>
    <relation entry1="4" entry2="5" type="PPrel">
        <subtype name="activation" value="--&gt;"/>
    </relation>
    <relation entry1="5" entry2="6" type="PPrel">
        <subtype name="activation" value="--&gt;"/>
        <subtype name="phosphorylation" value="+p"/>
    </relation>
    <relation entry1="5" entry2="22" type="PPrel">
        <subtype name="activation" value="--&gt;"/>
        <subtype name="indirect effect" value="..&gt;"/>
    </relation>
    <relation entry1="22" entry2="51" type="PPrel">
        <subtype name="activation" value="--&gt;"/>
        <subtype name="phosphorylation" value="+p"/>
    </relation>
    <relation entry1="51" entry2="53" type="PPrel">
        <subtype name="activation" value="--&gt;"/>
        <subtype name="phosphorylation" value="+p"/>
    </relation>
    <relation entry1="26" entry2="53" type="PPrel">
        <subtype name="activation" value="--&gt;"/>
        <subtype name="phosphorylation" value="+p"/>
    </relation>
    <relation entry1="28" entry2="49" type="PPrel">
        <subtype name="activation" value="--&gt;"/>
    </relation>
    <relation entry1="49" entry2="22" type="PPrel">
        <subtype name="activation" value="--&gt;"/>
        <subtype name="indirect effect" value="..&gt;"/>
    </relation>
    <relation entry1="26" entry2="51" type="PPrel">
        <subtype name="activation" value="--&gt;"/>
        <subtype name="indirect effect" value="..&gt;"/>
    </relation>
    <relation entry1="23" entry2="27" type="PPrel">
        <subtype name="activation" value="--&gt;"/>
    </relation>
    <relation entry1="27" entry2="24" type="PPrel">
        <subtype name="activation" value="--&gt;"/>
    </relation>
    <relation entry1="31" entry2="32" type="PPrel">
        <subtype name="activation" value="--&gt;"/>
    </relation>
    <relation entry1="32" entry2="33" type="PPrel">
        <subtype name="activation" value="--&gt;"/>
        <subtype name="phosphorylation" value="+p"/>
    </relation>
    <relation entry1="43" entry2="50" type="PPrel">
        <subtype name="activation" value="--&gt;"/>
        <subtype name="phosphorylation" value="+p"/>
    </relation>
    <relation entry1="50" entry2="52" type="PPrel">
        <subtype name="activation" value="--&gt;"/>
        <subtype name="phosphorylation" value="+p"/>
    </relation>
    <relation entry1="39" entry2="52" type="PPrel">
        <subtype name="activation" value="--&gt;"/>
        <subtype name="phosphorylation" value="+p"/>
    </relation>
    <relation entry1="10" entry2="52" type="PPrel">
        <subtype name="activation" value="--&gt;"/>
        <subtype name="indirect effect" value="..&gt;"/>
    </relation>
    <relation entry1="39" entry2="50" type="PPrel">
        <subtype name="activation" value="--&gt;"/>
        <subtype name="indirect effect" value="..&gt;"/>
    </relation>
    <relation entry1="45" entry2="43" type="PPrel">
        <subtype name="activation" value="--&gt;"/>
        <subtype name="indirect effect" value="..&gt;"/>
    </relation>
    <relation entry1="36" entry2="44" type="PPrel">
        <subtype name="activation" value="--&gt;"/>
    </relation>
    <relation entry1="44" entry2="37" type="PPrel">
        <subtype name="activation" value="--&gt;"/>
    </relation>
    <relation entry1="11" entry2="55" type="PPrel">
        <subtype name="activation" value="--&gt;"/>
    </relation>
    <relation entry1="11" entry2="15" type="PPrel">
        <subtype name="activation" value="--&gt;"/>
    </relation>
    <relation entry1="54" entry2="55" type="PPrel">
        <subtype name="activation" value="--&gt;"/>
    </relation>
    <relation entry1="54" entry2="58" type="PPrel">
        <subtype name="activation" value="--&gt;"/>
    </relation>
    <relation entry1="58" entry2="56" type="PPrel">
        <subtype name="activation" value="--&gt;"/>
    </relation>
    <relation entry1="15" entry2="12" type="PPrel">
        <subtype name="activation" value="--&gt;"/>
    </relation>
    <relation entry1="55" entry2="24" type="PPrel">
        <subtype name="inhibition" value="--|"/>
    </relation>
    <relation entry1="55" entry2="37" type="PPrel">
        <subtype name="inhibition" value="--|"/>
    </relation>
    <relation entry1="40" entry2="45" type="PPrel">
        <subtype name="inhibition" value="--|"/>
        <subtype name="indirect effect" value="..&gt;"/>
    </relation>
    <relation entry1="40" entry2="39" type="PPrel">
        <subtype name="inhibition" value="--|"/>
        <subtype name="indirect effect" value="..&gt;"/>
    </relation>
    <relation entry1="44" entry2="45" type="PPrel">
        <subtype name="dissociation" value="-+-"/>
    </relation>
    <relation entry1="6" entry2="47" type="PPrel">
        <subtype name="binding/association" value="---"/>
    </relation>
    <relation entry1="47" entry2="28" type="PPrel">
        <subtype name="binding/association" value="---"/>
    </relation>
    <relation entry1="53" entry2="60" type="GErel">
        <subtype name="expression" value="--&gt;"/>
    </relation>
    <relation entry1="53" entry2="61" type="GErel">
        <subtype name="expression" value="--&gt;"/>
    </relation>
    <relation entry1="52" entry2="60" type="GErel">
        <subtype name="expression" value="--&gt;"/>
    </relation>
    <relation entry1="52" entry2="61" type="GErel">
        <subtype name="expression" value="--&gt;"/>
    </relation>
    <relation entry1="20" entry2="2" type="PPrel">
        <subtype name="activation" value="--&gt;"/>
        <subtype name="indirect effect" value="..&gt;"/>
    </relation>
    <relation entry1="2" entry2="17" type="PPrel">
        <subtype name="activation" value="--&gt;"/>
        <subtype name="indirect effect" value="..&gt;"/>
    </relation>
    <relation entry1="34" entry2="29" type="PPrel">
        <subtype name="activation" value="--&gt;"/>
        <subtype name="indirect effect" value="..&gt;"/>
    </relation>
    <relation entry1="29" entry2="41" type="PPrel">
        <subtype name="activation" value="--&gt;"/>
        <subtype name="indirect effect" value="..&gt;"/>
    </relation>
</pathway>
