<?xml version="1.0"?>
<!DOCTYPE pathway SYSTEM "http://www.kegg.jp/kegg/xml/KGML_v0.7.1_.dtd">
<!-- Creation date: Mar 3, 2015 18:24:26 +0900 (GMT+9) -->
<pathway name="path:mmu04024" org="mmu" number="04024"
         title="cAMP signaling pathway"
         image="http://www.kegg.jp/kegg/pathway/mmu/mmu04024.png"
         link="http://www.kegg.jp/kegg-bin/show_pathway?mmu04024">
    <entry id="1" name="path:mmu04024" type="map"
        link="http://www.kegg.jp/dbget-bin/www_bget?mmu04024">
        <graphics name="TITLE:cAMP signaling pathway" fgcolor="#000000" bgcolor="#FFFFFF"
             type="roundrectangle" x="157" y="58" width="234" height="25"/>
    </entry>
    <entry id="2" name="mmu:12288 mmu:12289 mmu:12292 mmu:54652" type="gene"
        link="http://www.kegg.jp/dbget-bin/www_bget?mmu:12288+mmu:12289+mmu:12292+mmu:54652">
        <graphics name="Cacna1c, Cav1.2, Cchl1a1, D930026N18Rik, MBC, MELC-CC..." fgcolor="#000000" bgcolor="#BFFFBF"
             type="rectangle" x="278" y="773" width="46" height="17"/>
    </entry>
    <entry id="3" name="mmu:20191" type="gene"
        link="http://www.kegg.jp/dbget-bin/www_bget?mmu:20191">
        <graphics name="Ryr2, 9330127I20Rik, RYR-2" fgcolor="#000000" bgcolor="#BFFFBF"
             type="rectangle" x="744" y="965" width="46" height="17"/>
    </entry>
    <entry id="4" name="cpd:C00076" type="compound"
        link="http://www.kegg.jp/dbget-bin/www_bget?C00076">
        <graphics name="C00076" fgcolor="#000000" bgcolor="#FFFFFF"
             type="circle" x="241" y="773" width="8" height="8"/>
    </entry>
    <entry id="5" name="cpd:C00076" type="compound"
        link="http://www.kegg.jp/dbget-bin/www_bget?C00076">
        <graphics name="C00076" fgcolor="#000000" bgcolor="#FFFFFF"
             type="circle" x="908" y="969" width="8" height="8"/>
    </entry>
    <entry id="6" name="mmu:11938" type="gene"
        link="http://www.kegg.jp/dbget-bin/www_bget?mmu:11938">
        <graphics name="Atp2a2, 9530097L16Rik, D5Wsu150e, SERCA2, SERCA2B, Serca2a, mKIAA4195" fgcolor="#000000" bgcolor="#BFFFBF"
             type="rectangle" x="908" y="924" width="46" height="17"/>
    </entry>
    <entry id="7" name="mmu:21954" type="gene"
        link="http://www.kegg.jp/dbget-bin/www_bget?mmu:21954">
        <graphics name="Tnni3, Tn1, cTnI" fgcolor="#000000" bgcolor="#BFFFBF"
             type="rectangle" x="810" y="819" width="46" height="17"/>
    </entry>
    <entry id="8" name="path:mmu04020" type="map"
        link="http://www.kegg.jp/dbget-bin/www_bget?mmu04020">
        <graphics name="Calcium signaling pathway" fgcolor="#000000" bgcolor="#FFFFFF"
             type="roundrectangle" x="361" y="702" width="117" height="34"/>
    </entry>
    <entry id="9" name="mmu:11928 mmu:11931 mmu:11932 mmu:11933 mmu:11936 mmu:232975 mmu:27222 mmu:67821 mmu:98660" type="gene"
        link="http://www.kegg.jp/dbget-bin/www_bget?mmu:11928+mmu:11931+mmu:11932+mmu:11933+mmu:11936+mmu:232975+mmu:27222+mmu:67821+mmu:98660">
        <graphics name="Atp1a1, Atpa-1, BC010319..." fgcolor="#000000" bgcolor="#BFFFBF"
             type="rectangle" x="364" y="1071" width="46" height="17"/>
    </entry>
    <entry id="10" name="cpd:C00238" type="compound"
        link="http://www.kegg.jp/dbget-bin/www_bget?C00238">
        <graphics name="C00238" fgcolor="#000000" bgcolor="#FFFFFF"
             type="circle" x="224" y="880" width="8" height="8"/>
    </entry>
    <entry id="11" name="cpd:C01330" type="compound"
        link="http://www.kegg.jp/dbget-bin/www_bget?C01330">
        <graphics name="C01330" fgcolor="#000000" bgcolor="#FFFFFF"
             type="circle" x="370" y="1021" width="8" height="8"/>
    </entry>
    <entry id="12" name="mmu:20544" type="gene"
        link="http://www.kegg.jp/dbget-bin/www_bget?mmu:20544">
        <graphics name="Slc9a1, AW554487, Apnh, Mir5122, Nhe1, mir-5122, swe" fgcolor="#000000" bgcolor="#BFFFBF"
             type="rectangle" x="278" y="943" width="46" height="17"/>
    </entry>
    <entry id="13" name="cpd:C00080" type="compound"
        link="http://www.kegg.jp/dbget-bin/www_bget?C00080">
        <graphics name="C00080" fgcolor="#000000" bgcolor="#FFFFFF"
             type="circle" x="350" y="947" width="8" height="8"/>
    </entry>
    <entry id="14" name="cpd:C01330" type="compound"
        link="http://www.kegg.jp/dbget-bin/www_bget?C01330">
        <graphics name="C01330" fgcolor="#000000" bgcolor="#FFFFFF"
             type="circle" x="219" y="938" width="8" height="8"/>
    </entry>
    <entry id="15" name="mmu:11539 mmu:11555 mmu:12669 mmu:13489 mmu:13617 mmu:15550 mmu:15551 mmu:15552 mmu:15557 mmu:18166 mmu:18430 mmu:19218 mmu:20605 mmu:20606 mmu:20609 mmu:208188 mmu:233079 mmu:242425 mmu:243270 mmu:243764 mmu:54393 mmu:80885 mmu:84112" type="gene"
        link="http://www.kegg.jp/dbget-bin/www_bget?mmu:11539+mmu:11555+mmu:12669+mmu:13489+mmu:13617+mmu:15550+mmu:15551+mmu:15552+mmu:15557+mmu:18166+mmu:18430+mmu:19218+mmu:20605+mmu:20606+mmu:20609+mmu:208188+mmu:233079+mmu:242425+mmu:243270+mmu:243764+mmu:54393+mmu:80885+mmu:84112">
        <graphics name="Adora1, A1-AR, A1AR, A1R, AA1R, AI848715, BB176431, Ri..." fgcolor="#000000" bgcolor="#BFFFBF"
             type="rectangle" x="278" y="470" width="46" height="17"/>
    </entry>
    <entry id="16" name="mmu:14677 mmu:14678 mmu:14679" type="gene"
        link="http://www.kegg.jp/dbget-bin/www_bget?mmu:14677+mmu:14678+mmu:14679">
        <graphics name="Gnai1, AU046200, Gialpha1, Gnai-1..." fgcolor="#000000" bgcolor="#BFFFBF"
             type="rectangle" x="358" y="470" width="46" height="17"/>
    </entry>
    <entry id="17" name="mmu:14683" type="gene"
        link="http://www.kegg.jp/dbget-bin/www_bget?mmu:14683">
        <graphics name="Gnas, 5530400H20Rik, A930027G11Rik, C130027O20Rik, GPSA, GSP, Galphas, Gnas1, Gnasxl, Gs-alpha, Gsa, Nesp, Nesp55, Nespl, Oed-Sml, Oedsml, P1, P2, P3, PHP1A, PHP1B, POH, SCG6" fgcolor="#000000" bgcolor="#BFFFBF"
             type="rectangle" x="356" y="294" width="46" height="17"/>
    </entry>
    <entry id="18" name="mmu:104110 mmu:104111 mmu:11512 mmu:11513 mmu:11514 mmu:11515 mmu:210044 mmu:224129 mmu:432530" type="gene"
        link="http://www.kegg.jp/dbget-bin/www_bget?mmu:104110+mmu:104111+mmu:11512+mmu:11513+mmu:11514+mmu:11515+mmu:210044+mmu:224129+mmu:432530">
        <graphics name="Adcy4, mKIAA4004..." fgcolor="#000000" bgcolor="#BFFFBF"
             type="rectangle" x="278" y="342" width="46" height="17"/>
    </entry>
    <entry id="19" name="mmu:18747 mmu:18749" type="gene"
        link="http://www.kegg.jp/dbget-bin/www_bget?mmu:18747+mmu:18749">
        <graphics name="Prkaca, PKCD, Pkaca..." fgcolor="#000000" bgcolor="#BFFFBF"
             type="rectangle" x="618" y="509" width="46" height="17"/>
    </entry>
    <entry id="20" name="mmu:18706 mmu:18707 mmu:18708 mmu:18709 mmu:18710 mmu:30955 mmu:320207 mmu:74769" type="gene"
        link="http://www.kegg.jp/dbget-bin/www_bget?mmu:18706+mmu:18707+mmu:18708+mmu:18709+mmu:18710+mmu:30955+mmu:320207+mmu:74769">
        <graphics name="Pik3ca, 6330412C24Rik, caPI3K, p110, p110alpha..." fgcolor="#000000" bgcolor="#BFFFBF"
             type="rectangle" x="920" y="319" width="46" height="17"/>
    </entry>
    <entry id="21" name="mmu:11651 mmu:11652 mmu:23797" type="gene"
        link="http://www.kegg.jp/dbget-bin/www_bget?mmu:11651+mmu:11652+mmu:23797">
        <graphics name="Akt1, Akt, PKB, PKB/Akt, PKBalpha, Rac..." fgcolor="#000000" bgcolor="#BFFFBF"
             type="rectangle" x="1002" y="319" width="46" height="17"/>
    </entry>
    <entry id="22" name="cpd:C00575" type="compound"
        link="http://www.kegg.jp/dbget-bin/www_bget?C00575">
        <graphics name="C00575" fgcolor="#000000" bgcolor="#FFFFFF"
             type="circle" x="515" y="339" width="8" height="8"/>
    </entry>
    <entry id="23" name="mmu:26413 mmu:26417" type="gene"
        link="http://www.kegg.jp/dbget-bin/www_bget?mmu:26413+mmu:26417">
        <graphics name="Mapk1, 9030612K14Rik, AA407128, AU018647, C78273, ERK, Erk2, MAPK2, PRKM2, Prkm1, p41mapk, p42mapk..." fgcolor="#000000" bgcolor="#BFFFBF"
             type="rectangle" x="997" y="397" width="46" height="17"/>
    </entry>
    <entry id="24" name="mmu:18821" type="gene"
        link="http://www.kegg.jp/dbget-bin/www_bget?mmu:18821">
        <graphics name="Pln, Plb" fgcolor="#000000" bgcolor="#BFFFBF"
             type="rectangle" x="877" y="907" width="46" height="17"/>
    </entry>
    <entry id="25" name="mmu:12638" type="gene"
        link="http://www.kegg.jp/dbget-bin/www_bget?mmu:12638">
        <graphics name="Cftr, AW495489, Abcc7" fgcolor="#000000" bgcolor="#BFFFBF"
             type="rectangle" x="516" y="1071" width="46" height="17"/>
    </entry>
    <entry id="26" name="cpd:C00076" type="compound"
        link="http://www.kegg.jp/dbget-bin/www_bget?C00076">
        <graphics name="C00076" fgcolor="#000000" bgcolor="#FFFFFF"
             type="circle" x="691" y="963" width="8" height="8"/>
    </entry>
    <entry id="27" name="mmu:12313 mmu:12314 mmu:12315 mmu:494124 mmu:70405 mmu:80796" type="gene"
        link="http://www.kegg.jp/dbget-bin/www_bget?mmu:12313+mmu:12314+mmu:12315+mmu:494124+mmu:70405+mmu:80796">
        <graphics name="Calm1, AI256814, AI327027, AI461935, AL024000, CaM, Calm..." fgcolor="#000000" bgcolor="#BFFFBF"
             type="rectangle" x="404" y="648" width="46" height="17"/>
    </entry>
    <entry id="28" name="path:mmu04260" type="map"
        link="http://www.kegg.jp/dbget-bin/www_bget?mmu04260">
        <graphics name="Cardiac muscle contraction" fgcolor="#000000" bgcolor="#FFFFFF"
             type="roundrectangle" x="1025" y="960" width="117" height="34"/>
    </entry>
    <entry id="29" name="mmu:223864 mmu:56508" type="gene"
        link="http://www.kegg.jp/dbget-bin/www_bget?mmu:223864+mmu:56508">
        <graphics name="Rapgef3, 2310016P22Rik, 9330170P05Rik, Epac, Epac1..." fgcolor="#000000" bgcolor="#BFFFBF"
             type="rectangle" x="614" y="397" width="46" height="17"/>
    </entry>
    <entry id="30" name="path:mmu04151" type="map"
        link="http://www.kegg.jp/dbget-bin/www_bget?mmu04151">
        <graphics name="PI3K-Akt signaling pathway" fgcolor="#000000" bgcolor="#FFFFFF"
             type="roundrectangle" x="1217" y="323" width="117" height="34"/>
    </entry>
    <entry id="31" name="cpd:C00165" type="compound"
        link="http://www.kegg.jp/dbget-bin/www_bget?C00165">
        <graphics name="C00165" fgcolor="#000000" bgcolor="#FFFFFF"
             type="circle" x="997" y="108" width="8" height="8"/>
    </entry>
    <entry id="32" name="cpd:C01245" type="compound"
        link="http://www.kegg.jp/dbget-bin/www_bget?C01245">
        <graphics name="C01245" fgcolor="#000000" bgcolor="#FFFFFF"
             type="circle" x="997" y="142" width="8" height="8"/>
    </entry>
    <entry id="33" name="cpd:C01330" type="compound"
        link="http://www.kegg.jp/dbget-bin/www_bget?C01330">
        <graphics name="C01330" fgcolor="#000000" bgcolor="#FFFFFF"
             type="circle" x="586" y="1112" width="8" height="8"/>
    </entry>
    <entry id="34" name="mmu:11941 mmu:320707 mmu:381290 mmu:67972" type="gene"
        link="http://www.kegg.jp/dbget-bin/www_bget?mmu:11941+mmu:320707+mmu:381290+mmu:67972">
        <graphics name="Atp2b2, D6Abb2e, Gena300, PMCA2, Tmy, dfw, jog, wms, wri..." fgcolor="#000000" bgcolor="#BFFFBF"
             type="rectangle" x="278" y="820" width="46" height="17"/>
    </entry>
    <entry id="35" name="cpd:C00076" type="compound"
        link="http://www.kegg.jp/dbget-bin/www_bget?C00076">
        <graphics name="C00076" fgcolor="#000000" bgcolor="#FFFFFF"
             type="circle" x="358" y="821" width="8" height="8"/>
    </entry>
    <entry id="36" name="cpd:C00238" type="compound"
        link="http://www.kegg.jp/dbget-bin/www_bget?C00238">
        <graphics name="C00238" fgcolor="#000000" bgcolor="#FFFFFF"
             type="circle" x="359" y="1119" width="8" height="8"/>
    </entry>
    <entry id="37" name="mmu:109905 mmu:215449" type="gene"
        link="http://www.kegg.jp/dbget-bin/www_bget?mmu:109905+mmu:215449">
        <graphics name="Rap1a, AI848598, G-22K, Krev-1, Rap1..." fgcolor="#000000" bgcolor="#BFFFBF"
             type="rectangle" x="710" y="397" width="46" height="17"/>
    </entry>
    <entry id="38" name="mmu:110157" type="gene"
        link="http://www.kegg.jp/dbget-bin/www_bget?mmu:110157">
        <graphics name="Raf1, 6430402F14Rik, AA990557, BB129353, Craf1, D830050J10Rik, Raf-1, c-Raf, v-Raf" fgcolor="#000000" bgcolor="#BFFFBF"
             type="rectangle" x="803" y="397" width="46" height="17"/>
    </entry>
    <entry id="39" name="mmu:26395 mmu:26396" type="gene"
        link="http://www.kegg.jp/dbget-bin/www_bget?mmu:26395+mmu:26396">
        <graphics name="Map2k1, MAPKK1, MEKK1, Mek1, Prkmk1..." fgcolor="#000000" bgcolor="#BFFFBF"
             type="rectangle" x="895" y="397" width="46" height="17"/>
    </entry>
    <entry id="40" name="mmu:106952" type="gene"
        link="http://www.kegg.jp/dbget-bin/www_bget?mmu:106952">
        <graphics name="Arap3, Centd3, Drag1, E030006K04Rik, cnt-d3" fgcolor="#000000" bgcolor="#BFFFBF"
             type="rectangle" x="920" y="236" width="46" height="17"/>
    </entry>
    <entry id="41" name="mmu:109880" type="gene"
        link="http://www.kegg.jp/dbget-bin/www_bget?mmu:109880">
        <graphics name="Braf, 9930012E13Rik, AA120551, AA387315, AA473386, B-raf, Braf-2, Braf2, C230098H17, C87398, D6Ertd631e" fgcolor="#000000" bgcolor="#BFFFBF"
             type="rectangle" x="802" y="358" width="46" height="17"/>
    </entry>
    <entry id="42" name="mmu:74055" type="gene"
        link="http://www.kegg.jp/dbget-bin/www_bget?mmu:74055">
        <graphics name="Plce1, 4933403A21Rik, PLCepsilon, Plce, mKIAA1516" fgcolor="#000000" bgcolor="#BFFFBF"
             type="rectangle" x="924" y="116" width="46" height="17"/>
    </entry>
    <entry id="43" name="mmu:26414 mmu:26419 mmu:26420" type="gene"
        link="http://www.kegg.jp/dbget-bin/www_bget?mmu:26414+mmu:26419+mmu:26420">
        <graphics name="Mapk10, C230008H04Rik, JNK3, JNK3B1, JNK3B2, SAPK(beta), Serk2, p493F12, p54bSAPK..." fgcolor="#000000" bgcolor="#BFFFBF"
             type="rectangle" x="714" y="306" width="46" height="17"/>
    </entry>
    <entry id="44" name="mmu:12912 mmu:12913 mmu:208647 mmu:208677 mmu:231991 mmu:26427 mmu:78284" type="gene"
        link="http://www.kegg.jp/dbget-bin/www_bget?mmu:12912+mmu:12913+mmu:208647+mmu:208677+mmu:231991+mmu:26427+mmu:78284">
        <graphics name="Creb1, 2310001E10Rik, 3526402H21Rik, AV083133, Creb, Creb-1..." fgcolor="#000000" bgcolor="#BFFFBF"
             type="rectangle" x="997" y="470" width="46" height="17"/>
    </entry>
    <entry id="45" name="mmu:12788 mmu:12789 mmu:12790 mmu:233649 mmu:30952 mmu:333329" type="gene"
        link="http://www.kegg.jp/dbget-bin/www_bget?mmu:12788+mmu:12789+mmu:12790+mmu:233649+mmu:30952+mmu:333329">
        <graphics name="Cnga1, Cncg..." fgcolor="#000000" bgcolor="#BFFFBF"
             type="rectangle" x="278" y="646" width="46" height="17"/>
    </entry>
    <entry id="46" name="mmu:11848 mmu:67653" type="gene"
        link="http://www.kegg.jp/dbget-bin/www_bget?mmu:11848+mmu:67653">
        <graphics name="Rhoa, Arha, Arha1, Arha2..." fgcolor="#000000" bgcolor="#BFFFBF"
             type="rectangle" x="810" y="781" width="46" height="17"/>
    </entry>
    <entry id="47" name="mmu:19877 mmu:19878" type="gene"
        link="http://www.kegg.jp/dbget-bin/www_bget?mmu:19877+mmu:19878">
        <graphics name="Rock1, 1110055K06Rik, Rock-I..." fgcolor="#000000" bgcolor="#BFFFBF"
             type="rectangle" x="886" y="781" width="46" height="17"/>
    </entry>
    <entry id="48" name="mmu:17931" type="gene"
        link="http://www.kegg.jp/dbget-bin/www_bget?mmu:17931">
        <graphics name="Ppp1r12a, 1200015F06Rik, 5730577I22Rik, AA792106, AV099298, D10Ertd625e, Mypt1" fgcolor="#000000" bgcolor="#BFFFBF"
             type="rectangle" x="962" y="781" width="46" height="17"/>
    </entry>
    <entry id="49" name="cpd:C00076" type="compound"
        link="http://www.kegg.jp/dbget-bin/www_bget?C00076">
        <graphics name="C00076" fgcolor="#000000" bgcolor="#FFFFFF"
             type="circle" x="328" y="648" width="8" height="8"/>
    </entry>
    <entry id="50" name="mmu:108058 mmu:12322 mmu:12323 mmu:12325 mmu:12326" type="gene"
        link="http://www.kegg.jp/dbget-bin/www_bget?mmu:108058+mmu:12322+mmu:12323+mmu:12325+mmu:12326">
        <graphics name="Camk2d, 2810011D23Rik, 8030469K03Rik, CaMK_II, [d]-CaMKII..." fgcolor="#000000" bgcolor="#BFFFBF"
             type="rectangle" x="450" y="648" width="46" height="17"/>
    </entry>
    <entry id="51" name="mmu:11517 mmu:11540 mmu:11554 mmu:13488 mmu:13492 mmu:14309 mmu:14652 mmu:15562 mmu:15565 mmu:17200 mmu:18160 mmu:19217 mmu:22095 mmu:22355 mmu:236781 mmu:381853" type="gene"
        link="http://www.kegg.jp/dbget-bin/www_bget?mmu:11517+mmu:11540+mmu:11554+mmu:13488+mmu:13492+mmu:14309+mmu:14652+mmu:15562+mmu:15565+mmu:17200+mmu:18160+mmu:19217+mmu:22095+mmu:22355+mmu:236781+mmu:381853">
        <graphics name="Adcyap1r1, 2900024I10Rik, AI846590, PAC1, PAC1R, PACAP1-R..." fgcolor="#000000" bgcolor="#BFFFBF"
             type="rectangle" x="278" y="294" width="46" height="17"/>
    </entry>
    <entry id="52" name="cpd:C03758" type="compound"
        link="http://www.kegg.jp/dbget-bin/www_bget?C03758">
        <graphics name="C03758" fgcolor="#000000" bgcolor="#FFFFFF"
             type="circle" x="65" y="368" width="8" height="8"/>
    </entry>
    <entry id="53" name="cpd:C01312" type="compound"
        link="http://www.kegg.jp/dbget-bin/www_bget?C01312">
        <graphics name="C01312" fgcolor="#000000" bgcolor="#FFFFFF"
             type="circle" x="133" y="205" width="8" height="8"/>
    </entry>
    <entry id="54" name="cpd:C00780" type="compound"
        link="http://www.kegg.jp/dbget-bin/www_bget?C00780">
        <graphics name="C00780" fgcolor="#000000" bgcolor="#FFFFFF"
             type="circle" x="200" y="334" width="8" height="8"/>
    </entry>
    <entry id="55" name="cpd:C01996" type="compound"
        link="http://www.kegg.jp/dbget-bin/www_bget?C01996">
        <graphics name="C01996" fgcolor="#000000" bgcolor="#FFFFFF"
             type="circle" x="52" y="427" width="8" height="8"/>
    </entry>
    <entry id="56" name="cpd:C00334" type="compound"
        link="http://www.kegg.jp/dbget-bin/www_bget?C00334">
        <graphics name="C00334" fgcolor="#000000" bgcolor="#FFFFFF"
             type="circle" x="97" y="427" width="8" height="8"/>
    </entry>
    <entry id="57" name="cpd:C00788" type="compound"
        link="http://www.kegg.jp/dbget-bin/www_bget?C00788">
        <graphics name="C00788" fgcolor="#000000" bgcolor="#FFFFFF"
             type="circle" x="64" y="334" width="8" height="8"/>
    </entry>
    <entry id="58" name="cpd:C00212" type="compound"
        link="http://www.kegg.jp/dbget-bin/www_bget?C00212">
        <graphics name="C00212" fgcolor="#000000" bgcolor="#FFFFFF"
             type="circle" x="136" y="368" width="8" height="8"/>
    </entry>
    <entry id="59" name="mmu:17356" type="gene"
        link="http://www.kegg.jp/dbget-bin/www_bget?mmu:17356">
        <graphics name="Mllt4, 5033403D15Rik, AF6, Af-6, Afadin, Gm314, I-afadin, S-afadin" fgcolor="#000000" bgcolor="#BFFFBF"
             type="rectangle" x="920" y="278" width="46" height="17"/>
    </entry>
    <entry id="60" name="mmu:110385 mmu:18576 mmu:18577 mmu:18578 mmu:238871 mmu:54611" type="gene"
        link="http://www.kegg.jp/dbget-bin/www_bget?mmu:110385+mmu:18576+mmu:18577+mmu:18578+mmu:238871+mmu:54611">
        <graphics name="Pde4c, Dpde1, E130301F19Rik, dunce..." fgcolor="#000000" bgcolor="#BFFFBF"
             type="rectangle" x="542" y="452" width="46" height="17"/>
    </entry>
    <entry id="61" name="cpd:C00020" type="compound"
        link="http://www.kegg.jp/dbget-bin/www_bget?C00020">
        <graphics name="C00020" fgcolor="#000000" bgcolor="#FFFFFF"
             type="circle" x="512" y="510" width="8" height="8"/>
    </entry>
    <entry id="62" name="mmu:12015" type="gene"
        link="http://www.kegg.jp/dbget-bin/www_bget?mmu:12015">
        <graphics name="Bad, AI325008, Bbc2" fgcolor="#000000" bgcolor="#BFFFBF"
             type="rectangle" x="810" y="706" width="46" height="17"/>
    </entry>
    <entry id="63" name="mmu:14634" type="gene"
        link="http://www.kegg.jp/dbget-bin/www_bget?mmu:14634">
        <graphics name="Gli3, AI854843, AU023367, Bph, GLI3-190, GLI3FL, Pdn, Xt, add" fgcolor="#000000" bgcolor="#BFFFBF"
             type="rectangle" x="994" y="529" width="46" height="17"/>
    </entry>
    <entry id="64" name="mmu:18033 mmu:19697" type="gene"
        link="http://www.kegg.jp/dbget-bin/www_bget?mmu:18033+mmu:19697">
        <graphics name="Nfkb1, NF-KB1, NF-kappaB, NF-kappaB1, p105, p50, p50/p105..." fgcolor="#000000" bgcolor="#BFFFBF"
             type="rectangle" x="994" y="576" width="46" height="17"/>
    </entry>
    <entry id="65" name="mmu:19013" type="gene"
        link="http://www.kegg.jp/dbget-bin/www_bget?mmu:19013">
        <graphics name="Ppara, 4933429D07Rik, AW742785, Nr1c1, PPAR-alpha, PPARalpha, Ppar" fgcolor="#000000" bgcolor="#BFFFBF"
             type="rectangle" x="994" y="635" width="46" height="17"/>
    </entry>
    <entry id="66" name="mmu:18018" type="gene"
        link="http://www.kegg.jp/dbget-bin/www_bget?mmu:18018">
        <graphics name="Nfatc1, 2210017P03Rik, AI449492, AV076380, NF-ATc, NFAT2, NFATc, Nfatcb" fgcolor="#000000" bgcolor="#BFFFBF"
             type="rectangle" x="994" y="676" width="46" height="17"/>
    </entry>
    <entry id="67" name="mmu:12914 mmu:328572" type="gene"
        link="http://www.kegg.jp/dbget-bin/www_bget?mmu:12914+mmu:328572">
        <graphics name="Crebbp, AW558298, CBP, CBP/p300, KAT3A, p300/CBP..." fgcolor="#000000" bgcolor="#BFFFBF"
             type="rectangle" x="974" y="487" width="46" height="17"/>
    </entry>
    <entry id="68" name="mmu:20682" type="gene"
        link="http://www.kegg.jp/dbget-bin/www_bget?mmu:20682">
        <graphics name="Sox9, 2010306G03Rik, AV220920, mKIAA4243" fgcolor="#000000" bgcolor="#BFFFBF"
             type="rectangle" x="994" y="603" width="46" height="17"/>
    </entry>
    <entry id="69" name="mmu:239273" type="gene"
        link="http://www.kegg.jp/dbget-bin/www_bget?mmu:239273">
        <graphics name="Abcc4, D630049P08Rik, MOATB, MRP4" fgcolor="#000000" bgcolor="#BFFFBF"
             type="rectangle" x="278" y="167" width="46" height="17"/>
    </entry>
    <entry id="70" name="path:mmu04015" type="map"
        link="http://www.kegg.jp/dbget-bin/www_bget?mmu04015">
        <graphics name="Rap1 signaling pathway" fgcolor="#000000" bgcolor="#FFFFFF"
             type="roundrectangle" x="908" y="356" width="117" height="34"/>
    </entry>
    <entry id="71" name="mmu:271639" type="gene"
        link="http://www.kegg.jp/dbget-bin/www_bget?mmu:271639">
        <graphics name="Adcy10, 4930431D04Rik, 4931412F17, Sacy, sAC" fgcolor="#000000" bgcolor="#BFFFBF"
             type="rectangle" x="407" y="247" width="46" height="17"/>
    </entry>
    <entry id="72" name="cpd:C00288" type="compound"
        link="http://www.kegg.jp/dbget-bin/www_bget?C00288">
        <graphics name="C00288" fgcolor="#000000" bgcolor="#FFFFFF"
             type="circle" x="339" y="215" width="8" height="8"/>
    </entry>
    <entry id="73" name="cpd:C00076" type="compound"
        link="http://www.kegg.jp/dbget-bin/www_bget?C00076">
        <graphics name="C00076" fgcolor="#000000" bgcolor="#FFFFFF"
             type="circle" x="339" y="246" width="8" height="8"/>
    </entry>
    <entry id="74" name="mmu:20130 mmu:66922" type="gene"
        link="http://www.kegg.jp/dbget-bin/www_bget?mmu:20130+mmu:66922">
        <graphics name="Rras, AI573426..." fgcolor="#000000" bgcolor="#BFFFBF"
             type="rectangle" x="825" y="81" width="46" height="17"/>
    </entry>
    <entry id="75" name="mmu:18805 mmu:18806" type="gene"
        link="http://www.kegg.jp/dbget-bin/www_bget?mmu:18805+mmu:18806">
        <graphics name="Pld1, AA536939, C85393, Pld1a, Pld1b..." fgcolor="#000000" bgcolor="#BFFFBF"
             type="rectangle" x="924" y="81" width="46" height="17"/>
    </entry>
    <entry id="76" name="cpd:C00416" type="compound"
        link="http://www.kegg.jp/dbget-bin/www_bget?C00416">
        <graphics name="C00416" fgcolor="#000000" bgcolor="#FFFFFF"
             type="circle" x="997" y="80" width="8" height="8"/>
    </entry>
    <entry id="77" name="mmu:11848 mmu:67653" type="gene"
        link="http://www.kegg.jp/dbget-bin/www_bget?mmu:11848+mmu:67653">
        <graphics name="Rhoa, Arha, Arha1, Arha2..." fgcolor="#000000" bgcolor="#BFFFBF"
             type="rectangle" x="1000" y="236" width="46" height="17"/>
    </entry>
    <entry id="78" name="mmu:16890" type="gene"
        link="http://www.kegg.jp/dbget-bin/www_bget?mmu:16890">
        <graphics name="Lipe, 4933403G17Rik, HSL" fgcolor="#000000" bgcolor="#BFFFBF"
             type="rectangle" x="810" y="743" width="46" height="17"/>
    </entry>
    <entry id="79" name="cpd:C16010 cpd:C16012 cpd:C16013" type="compound"
        link="http://www.kegg.jp/dbget-bin/www_bget?C16010+C16012+C16013">
        <graphics name="C16010..." fgcolor="#000000" bgcolor="#FFFFFF"
             type="circle" x="160" y="427" width="8" height="8"/>
    </entry>
    <entry id="80" name="cpd:C15949" type="compound"
        link="http://www.kegg.jp/dbget-bin/www_bget?C15949">
        <graphics name="C15949" fgcolor="#000000" bgcolor="#FFFFFF"
             type="circle" x="73" y="460" width="8" height="8"/>
    </entry>
    <entry id="81" name="cpd:C16022 cpd:C16021" type="compound"
        link="http://www.kegg.jp/dbget-bin/www_bget?C16022+C16021">
        <graphics name="C16022..." fgcolor="#000000" bgcolor="#FFFFFF"
             type="circle" x="164" y="460" width="8" height="8"/>
    </entry>
    <entry id="82" name="cpd:C00186" type="compound"
        link="http://www.kegg.jp/dbget-bin/www_bget?C00186">
        <graphics name="C00186" fgcolor="#000000" bgcolor="#FFFFFF"
             type="circle" x="44" y="490" width="8" height="8"/>
    </entry>
    <entry id="83" name="mmu:109648" type="gene"
        link="http://www.kegg.jp/dbget-bin/www_bget?mmu:109648">
        <graphics name="Npy, 0710005A05Rik" fgcolor="#000000" bgcolor="#BFFFBF"
             type="rectangle" x="142" y="529" width="46" height="17"/>
    </entry>
    <entry id="84" name="mmu:58991" type="gene"
        link="http://www.kegg.jp/dbget-bin/www_bget?mmu:58991">
        <graphics name="Ghrl, 2210006E23Rik, Ghr, MTLRP, MTLRPAP, m46" fgcolor="#000000" bgcolor="#BFFFBF"
             type="rectangle" x="193" y="529" width="46" height="17"/>
    </entry>
    <entry id="85" name="cpd:C00547" type="compound"
        link="http://www.kegg.jp/dbget-bin/www_bget?C00547">
        <graphics name="C00547" fgcolor="#000000" bgcolor="#FFFFFF"
             type="circle" x="136" y="334" width="8" height="8"/>
    </entry>
    <entry id="86" name="cpd:C16048" type="compound"
        link="http://www.kegg.jp/dbget-bin/www_bget?C16048">
        <graphics name="C16048" fgcolor="#000000" bgcolor="#FFFFFF"
             type="circle" x="178" y="241" width="8" height="8"/>
    </entry>
    <entry id="87" name="cpd:C15906" type="compound"
        link="http://www.kegg.jp/dbget-bin/www_bget?C15906">
        <graphics name="C15906" fgcolor="#000000" bgcolor="#FFFFFF"
             type="circle" x="39" y="273" width="8" height="8"/>
    </entry>
    <entry id="88" name="cpd:C16088 cpd:C16089" type="compound"
        link="http://www.kegg.jp/dbget-bin/www_bget?C16088+C16089">
        <graphics name="C16088..." fgcolor="#000000" bgcolor="#FFFFFF"
             type="circle" x="179" y="205" width="8" height="8"/>
    </entry>
    <entry id="89" name="cpd:C18182" type="compound"
        link="http://www.kegg.jp/dbget-bin/www_bget?C18182">
        <graphics name="C18182" fgcolor="#000000" bgcolor="#FFFFFF"
             type="circle" x="85" y="241" width="8" height="8"/>
    </entry>
    <entry id="90" name="cpd:C02017" type="compound"
        link="http://www.kegg.jp/dbget-bin/www_bget?C02017">
        <graphics name="C02017" fgcolor="#000000" bgcolor="#FFFFFF"
             type="circle" x="132" y="241" width="8" height="8"/>
    </entry>
    <entry id="91" name="mmu:14799 mmu:14800 mmu:14802 mmu:53623" type="gene"
        link="http://www.kegg.jp/dbget-bin/www_bget?mmu:14799+mmu:14800+mmu:14802+mmu:53623">
        <graphics name="Gria1, 2900051M01Rik, Glr-1, Glr1, GluA1, GluR-A, GluRA, Glur-1, Glur1, HIPA1, gluR-K1..." fgcolor="#000000" bgcolor="#BFFFBF"
             type="rectangle" x="584" y="1071" width="46" height="17"/>
    </entry>
    <entry id="92" name="mmu:14810 mmu:14811 mmu:14812 mmu:14813 mmu:14814 mmu:170483 mmu:242443" type="gene"
        link="http://www.kegg.jp/dbget-bin/www_bget?mmu:14810+mmu:14811+mmu:14812+mmu:14813+mmu:14814+mmu:170483+mmu:242443">
        <graphics name="Grin1, GluN1, GluRdelta1, GluRzeta1, M100174, NMD-R1, NMDAR1, NR1, Nmdar, Rgsc174..." fgcolor="#000000" bgcolor="#BFFFBF"
             type="rectangle" x="700" y="1071" width="46" height="17"/>
    </entry>
    <entry id="93" name="mmu:109305" type="gene"
        link="http://www.kegg.jp/dbget-bin/www_bget?mmu:109305">
        <graphics name="Orai1, D730049H07Rik, Tmem142a, orai-1" fgcolor="#000000" bgcolor="#BFFFBF"
             type="rectangle" x="278" y="883" width="46" height="17"/>
    </entry>
    <entry id="94" name="cpd:C00076" type="compound"
        link="http://www.kegg.jp/dbget-bin/www_bget?C00076">
        <graphics name="C00076" fgcolor="#000000" bgcolor="#FFFFFF"
             type="circle" x="700" y="1111" width="8" height="8"/>
    </entry>
    <entry id="95" name="mmu:56188" type="gene"
        link="http://www.kegg.jp/dbget-bin/www_bget?mmu:56188">
        <graphics name="Fxyd1, 0610012C17Rik, 1110006M24Rik, Plm, Pml" fgcolor="#000000" bgcolor="#BFFFBF"
             type="rectangle" x="403" y="1054" width="46" height="17"/>
    </entry>
    <entry id="96" name="cpd:C01330" type="compound"
        link="http://www.kegg.jp/dbget-bin/www_bget?C01330">
        <graphics name="C01330" fgcolor="#000000" bgcolor="#FFFFFF"
             type="circle" x="701" y="1131" width="8" height="8"/>
    </entry>
    <entry id="97" name="path:mmu04720" type="map"
        link="http://www.kegg.jp/dbget-bin/www_bget?mmu04720">
        <graphics name="Long-term potentiation" fgcolor="#000000" bgcolor="#FFFFFF"
             type="roundrectangle" x="627" y="1005" width="80" height="34"/>
    </entry>
    <entry id="98" name="path:mmu04972" type="map"
        link="http://www.kegg.jp/dbget-bin/www_bget?mmu04972">
        <graphics name="Pancreatic secretion" fgcolor="#000000" bgcolor="#FFFFFF"
             type="roundrectangle" x="508" y="950" width="80" height="34"/>
    </entry>
    <entry id="99" name="path:mmu04976" type="map"
        link="http://www.kegg.jp/dbget-bin/www_bget?mmu04976">
        <graphics name="Bile secretion" fgcolor="#000000" bgcolor="#FFFFFF"
             type="roundrectangle" x="490" y="992" width="80" height="34"/>
    </entry>
    <entry id="100" name="cpd:C00698" type="compound"
        link="http://www.kegg.jp/dbget-bin/www_bget?C00698">
        <graphics name="C00698" fgcolor="#000000" bgcolor="#FFFFFF"
             type="circle" x="516" y="1021" width="8" height="8"/>
    </entry>
    <entry id="101" name="mmu:15166 mmu:330953" type="gene"
        link="http://www.kegg.jp/dbget-bin/www_bget?mmu:15166+mmu:330953">
        <graphics name="Hcn2, BCNG2, HAC1, trls..." fgcolor="#000000" bgcolor="#BFFFBF"
             type="rectangle" x="278" y="588" width="46" height="17"/>
    </entry>
    <entry id="102" name="cpd:C01330" type="compound"
        link="http://www.kegg.jp/dbget-bin/www_bget?C01330">
        <graphics name="C01330" fgcolor="#000000" bgcolor="#FFFFFF"
             type="circle" x="223" y="581" width="8" height="8"/>
    </entry>
    <entry id="103" name="cpd:C00238" type="compound"
        link="http://www.kegg.jp/dbget-bin/www_bget?C00238">
        <graphics name="C00238" fgcolor="#000000" bgcolor="#FFFFFF"
             type="circle" x="224" y="599" width="8" height="8"/>
    </entry>
    <entry id="104" name="path:mmu04740" type="map"
        link="http://www.kegg.jp/dbget-bin/www_bget?mmu04740">
        <graphics name="Olfactory transduction" fgcolor="#000000" bgcolor="#FFFFFF"
             type="roundrectangle" x="372" y="612" width="80" height="34"/>
    </entry>
    <entry id="105" name="mmu:19049" type="gene"
        link="http://www.kegg.jp/dbget-bin/www_bget?mmu:19049">
        <graphics name="Ppp1r1b, AU040756, DARPP-32, Darpp32" fgcolor="#000000" bgcolor="#BFFFBF"
             type="rectangle" x="860" y="436" width="46" height="17"/>
    </entry>
    <entry id="106" name="mmu:19045 mmu:19046 mmu:19047 mmu:434233" type="gene"
        link="http://www.kegg.jp/dbget-bin/www_bget?mmu:19045+mmu:19046+mmu:19047+mmu:434233">
        <graphics name="Ppp1ca, Ppp1c, dism2..." fgcolor="#000000" bgcolor="#BFFFBF"
             type="rectangle" x="937" y="437" width="46" height="17"/>
    </entry>
    <entry id="107" name="mmu:18035" type="gene"
        link="http://www.kegg.jp/dbget-bin/www_bget?mmu:18035">
        <graphics name="Nfkbia, AI462015, Nfkbi" fgcolor="#000000" bgcolor="#BFFFBF"
             type="rectangle" x="994" y="559" width="46" height="17"/>
    </entry>
    <entry id="108" name="mmu:11705" type="gene"
        link="http://www.kegg.jp/dbget-bin/www_bget?mmu:11705">
        <graphics name="Amh, MIS" fgcolor="#000000" bgcolor="#BFFFBF"
             type="rectangle" x="1150" y="592" width="46" height="17"/>
    </entry>
    <entry id="109" name="mmu:12064" type="gene"
        link="http://www.kegg.jp/dbget-bin/www_bget?mmu:12064">
        <graphics name="Bdnf" fgcolor="#000000" bgcolor="#BFFFBF"
             type="rectangle" x="1150" y="433" width="46" height="17"/>
    </entry>
    <entry id="110" name="mmu:14281" type="gene"
        link="http://www.kegg.jp/dbget-bin/www_bget?mmu:14281">
        <graphics name="Fos, D12Rfj1, c-fos, cFos" fgcolor="#000000" bgcolor="#BFFFBF"
             type="rectangle" x="1150" y="456" width="46" height="17"/>
    </entry>
    <entry id="111" name="mmu:16476" type="gene"
        link="http://www.kegg.jp/dbget-bin/www_bget?mmu:16476">
        <graphics name="Jun, AP-1, Junc, c-jun" fgcolor="#000000" bgcolor="#BFFFBF"
             type="rectangle" x="1150" y="478" width="46" height="17"/>
    </entry>
    <entry id="112" name="mmu:14632" type="gene"
        link="http://www.kegg.jp/dbget-bin/www_bget?mmu:14632">
        <graphics name="Gli1, AV235269, Zfp-5, Zfp5" fgcolor="#000000" bgcolor="#BFFFBF"
             type="rectangle" x="1150" y="510" width="46" height="17"/>
    </entry>
    <entry id="113" name="mmu:19206" type="gene"
        link="http://www.kegg.jp/dbget-bin/www_bget?mmu:19206">
        <graphics name="Ptch1, A230106A15Rik, Ptc, Ptc1, Ptch, mes" fgcolor="#000000" bgcolor="#BFFFBF"
             type="rectangle" x="1150" y="531" width="46" height="17"/>
    </entry>
    <entry id="114" name="mmu:15245" type="gene"
        link="http://www.kegg.jp/dbget-bin/www_bget?mmu:15245">
        <graphics name="Hhip, Hhip1" fgcolor="#000000" bgcolor="#BFFFBF"
             type="rectangle" x="1150" y="553" width="46" height="17"/>
    </entry>
    <entry id="115" name="mmu:14062" type="gene"
        link="http://www.kegg.jp/dbget-bin/www_bget?mmu:14062">
        <graphics name="F2r, AI482343, Cf2r, Par1, ThrR" fgcolor="#000000" bgcolor="#BFFFBF"
             type="rectangle" x="1150" y="676" width="46" height="17"/>
    </entry>
    <entry id="116" name="mmu:11430 mmu:80911" type="gene"
        link="http://www.kegg.jp/dbget-bin/www_bget?mmu:11430+mmu:80911">
        <graphics name="Acox1, AOX, Acox, D130055E20Rik, Paox..." fgcolor="#000000" bgcolor="#BFFFBF"
             type="rectangle" x="1150" y="635" width="46" height="17"/>
    </entry>
    <entry id="117" name="path:mmu00071" type="map"
        link="http://www.kegg.jp/dbget-bin/www_bget?mmu00071">
        <graphics name="Fatty acid degradation" fgcolor="#000000" bgcolor="#FFFFFF"
             type="roundrectangle" x="1357" y="638" width="80" height="34"/>
    </entry>
    <entry id="118" name="mmu:98932" type="gene"
        link="http://www.kegg.jp/dbget-bin/www_bget?mmu:98932">
        <graphics name="Myl9, AI327049, MLC20, Mylc2c, RLC-C" fgcolor="#000000" bgcolor="#BFFFBF"
             type="rectangle" x="1038" y="781" width="46" height="17"/>
    </entry>
    <entry id="119" name="path:mmu04210" type="map"
        link="http://www.kegg.jp/dbget-bin/www_bget?mmu04210">
        <graphics name="Apoptosis" fgcolor="#000000" bgcolor="#FFFFFF"
             type="roundrectangle" x="873" y="680" width="80" height="25"/>
    </entry>
    <entry id="120" name="mmu:21844" type="gene"
        link="http://www.kegg.jp/dbget-bin/www_bget?mmu:21844">
        <graphics name="Tiam1, AI847750, D16Ium10, D16Ium10e" fgcolor="#000000" bgcolor="#BFFFBF"
             type="rectangle" x="854" y="168" width="46" height="17"/>
    </entry>
    <entry id="121" name="mmu:22324 mmu:22325 mmu:57257" type="gene"
        link="http://www.kegg.jp/dbget-bin/www_bget?mmu:22324+mmu:22325+mmu:57257">
        <graphics name="Vav1, Vav, vav-T..." fgcolor="#000000" bgcolor="#BFFFBF"
             type="rectangle" x="854" y="191" width="46" height="17"/>
    </entry>
    <entry id="122" name="mmu:170758 mmu:19353 mmu:19354" type="gene"
        link="http://www.kegg.jp/dbget-bin/www_bget?mmu:170758+mmu:19353+mmu:19354">
        <graphics name="Rac3, Rac1B..." fgcolor="#000000" bgcolor="#BFFFBF"
             type="rectangle" x="936" y="179" width="46" height="17"/>
    </entry>
    <entry id="123" name="mmu:18479" type="gene"
        link="http://www.kegg.jp/dbget-bin/www_bget?mmu:18479">
        <graphics name="Pak1, AW045634, PAK-1, Paka" fgcolor="#000000" bgcolor="#BFFFBF"
             type="rectangle" x="1016" y="179" width="46" height="17"/>
    </entry>
    <entry id="124" name="path:mmu04340" type="map"
        link="http://www.kegg.jp/dbget-bin/www_bget?mmu04340">
        <graphics name="Hedgehog signaling pathway" fgcolor="#000000" bgcolor="#FFFFFF"
             type="roundrectangle" x="1271" y="553" width="117" height="34"/>
    </entry>
    <entry id="125" name="cpd:C16119" type="compound"
        link="http://www.kegg.jp/dbget-bin/www_bget?C16119">
        <graphics name="C16119" fgcolor="#000000" bgcolor="#FFFFFF"
             type="circle" x="45" y="241" width="8" height="8"/>
    </entry>
    <entry id="126" name="cpd:C20792" type="compound"
        link="http://www.kegg.jp/dbget-bin/www_bget?C20792">
        <graphics name="C20792" fgcolor="#000000" bgcolor="#FFFFFF"
             type="circle" x="79" y="273" width="8" height="8"/>
    </entry>
    <entry id="127" name="mmu:14308" type="gene"
        link="http://www.kegg.jp/dbget-bin/www_bget?mmu:14308">
        <graphics name="Fshb, FSH, Fshbeta" fgcolor="#000000" bgcolor="#BFFFBF"
             type="rectangle" x="125" y="279" width="46" height="17"/>
    </entry>
    <entry id="128" name="cpd:C16003" type="compound"
        link="http://www.kegg.jp/dbget-bin/www_bget?C16003">
        <graphics name="C16003" fgcolor="#000000" bgcolor="#FFFFFF"
             type="circle" x="173" y="273" width="8" height="8"/>
    </entry>
    <entry id="129" name="cpd:C01089" type="compound"
        link="http://www.kegg.jp/dbget-bin/www_bget?C01089">
        <graphics name="C01089" fgcolor="#000000" bgcolor="#FFFFFF"
             type="circle" x="94" y="490" width="8" height="8"/>
    </entry>
    <entry id="130" name="cpd:C20793" type="compound"
        link="http://www.kegg.jp/dbget-bin/www_bget?C20793">
        <graphics name="C20793" fgcolor="#000000" bgcolor="#FFFFFF"
             type="circle" x="164" y="490" width="8" height="8"/>
    </entry>
    <entry id="131" name="cpd:C00042" type="compound"
        link="http://www.kegg.jp/dbget-bin/www_bget?C00042">
        <graphics name="C00042" fgcolor="#000000" bgcolor="#FFFFFF"
             type="circle" x="94" y="520" width="8" height="8"/>
    </entry>
    <entry id="132" name="cpd:C00584" type="compound"
        link="http://www.kegg.jp/dbget-bin/www_bget?C00584">
        <graphics name="C00584" fgcolor="#000000" bgcolor="#FFFFFF"
             type="circle" x="190" y="368" width="8" height="8"/>
    </entry>
    <entry id="133" name="cpd:C00746" type="compound"
        link="http://www.kegg.jp/dbget-bin/www_bget?C00746">
        <graphics name="C00746" fgcolor="#000000" bgcolor="#FFFFFF"
             type="circle" x="95" y="548" width="8" height="8"/>
    </entry>
    <entry id="134" name="undefined" type="group">
        <graphics fgcolor="#000000" bgcolor="#FFFFFF"
             type="rectangle" x="985" y="478" width="69" height="34"/>
        <component id="44"/>
        <component id="67"/>
    </entry>
    <entry id="135" name="undefined" type="group">
        <graphics fgcolor="#000000" bgcolor="#FFFFFF"
             type="rectangle" x="994" y="567" width="46" height="34"/>
        <component id="107"/>
        <component id="64"/>
    </entry>
    <relation entry1="53" entry2="51" type="PCrel">
        <subtype name="activation" value="--&gt;"/>
    </relation>
    <relation entry1="88" entry2="51" type="PCrel">
        <subtype name="activation" value="--&gt;"/>
    </relation>
    <relation entry1="125" entry2="51" type="PCrel">
        <subtype name="activation" value="--&gt;"/>
    </relation>
    <relation entry1="89" entry2="51" type="PCrel">
        <subtype name="activation" value="--&gt;"/>
    </relation>
    <relation entry1="90" entry2="51" type="PCrel">
        <subtype name="activation" value="--&gt;"/>
    </relation>
    <relation entry1="86" entry2="51" type="PCrel">
        <subtype name="activation" value="--&gt;"/>
    </relation>
    <relation entry1="87" entry2="51" type="PCrel">
        <subtype name="activation" value="--&gt;"/>
    </relation>
    <relation entry1="126" entry2="51" type="PCrel">
        <subtype name="activation" value="--&gt;"/>
    </relation>
    <relation entry1="127" entry2="51" type="PPrel">
        <subtype name="activation" value="--&gt;"/>
    </relation>
    <relation entry1="128" entry2="51" type="PCrel">
        <subtype name="activation" value="--&gt;"/>
    </relation>
    <relation entry1="57" entry2="51" type="PCrel">
        <subtype name="activation" value="--&gt;"/>
    </relation>
    <relation entry1="85" entry2="51" type="PCrel">
        <subtype name="activation" value="--&gt;"/>
    </relation>
    <relation entry1="54" entry2="51" type="PCrel">
        <subtype name="activation" value="--&gt;"/>
    </relation>
    <relation entry1="52" entry2="51" type="PCrel">
        <subtype name="activation" value="--&gt;"/>
    </relation>
    <relation entry1="58" entry2="51" type="PCrel">
        <subtype name="activation" value="--&gt;"/>
    </relation>
    <relation entry1="132" entry2="51" type="PCrel">
        <subtype name="activation" value="--&gt;"/>
    </relation>
    <relation entry1="57" entry2="15" type="PCrel">
        <subtype name="activation" value="--&gt;"/>
    </relation>
    <relation entry1="85" entry2="15" type="PCrel">
        <subtype name="activation" value="--&gt;"/>
    </relation>
    <relation entry1="54" entry2="15" type="PCrel">
        <subtype name="activation" value="--&gt;"/>
    </relation>
    <relation entry1="52" entry2="15" type="PCrel">
        <subtype name="activation" value="--&gt;"/>
    </relation>
    <relation entry1="58" entry2="15" type="PCrel">
        <subtype name="activation" value="--&gt;"/>
    </relation>
    <relation entry1="132" entry2="15" type="PCrel">
        <subtype name="activation" value="--&gt;"/>
    </relation>
    <relation entry1="55" entry2="15" type="PCrel">
        <subtype name="activation" value="--&gt;"/>
    </relation>
    <relation entry1="56" entry2="15" type="PCrel">
        <subtype name="activation" value="--&gt;"/>
    </relation>
    <relation entry1="79" entry2="15" type="PCrel">
        <subtype name="activation" value="--&gt;"/>
    </relation>
    <relation entry1="80" entry2="15" type="PCrel">
        <subtype name="activation" value="--&gt;"/>
    </relation>
    <relation entry1="81" entry2="15" type="PCrel">
        <subtype name="activation" value="--&gt;"/>
    </relation>
    <relation entry1="82" entry2="15" type="PCrel">
        <subtype name="activation" value="--&gt;"/>
    </relation>
    <relation entry1="129" entry2="15" type="PCrel">
        <subtype name="activation" value="--&gt;"/>
    </relation>
    <relation entry1="130" entry2="15" type="PCrel">
        <subtype name="activation" value="--&gt;"/>
    </relation>
    <relation entry1="131" entry2="15" type="PCrel">
        <subtype name="activation" value="--&gt;"/>
    </relation>
    <relation entry1="83" entry2="15" type="PPrel">
        <subtype name="activation" value="--&gt;"/>
    </relation>
    <relation entry1="84" entry2="15" type="PPrel">
        <subtype name="activation" value="--&gt;"/>
    </relation>
    <relation entry1="133" entry2="15" type="PCrel">
        <subtype name="activation" value="--&gt;"/>
    </relation>
    <relation entry1="51" entry2="17" type="PPrel">
        <subtype name="activation" value="--&gt;"/>
    </relation>
    <relation entry1="17" entry2="18" type="PPrel">
        <subtype name="activation" value="--&gt;"/>
    </relation>
    <relation entry1="18" entry2="22" type="PCrel">
        <subtype name="activation" value="--&gt;"/>
    </relation>
    <relation entry1="72" entry2="71" type="PCrel">
        <subtype name="activation" value="--&gt;"/>
    </relation>
    <relation entry1="73" entry2="71" type="PCrel">
        <subtype name="activation" value="--&gt;"/>
    </relation>
    <relation entry1="71" entry2="22" type="PCrel">
        <subtype name="activation" value="--&gt;"/>
    </relation>
    <relation entry1="15" entry2="16" type="PPrel">
        <subtype name="activation" value="--&gt;"/>
    </relation>
    <relation entry1="22" entry2="101" type="PCrel">
        <subtype name="activation" value="--&gt;"/>
    </relation>
    <relation entry1="22" entry2="45" type="PCrel">
        <subtype name="activation" value="--&gt;"/>
    </relation>
    <relation entry1="22" entry2="29" type="PCrel">
        <subtype name="activation" value="--&gt;"/>
    </relation>
    <relation entry1="29" entry2="74" type="PPrel">
        <subtype name="activation" value="--&gt;"/>
    </relation>
    <relation entry1="74" entry2="75" type="PPrel">
        <subtype name="activation" value="--&gt;"/>
    </relation>
    <relation entry1="74" entry2="42" type="PPrel">
        <subtype name="activation" value="--&gt;"/>
    </relation>
    <relation entry1="29" entry2="43" type="PPrel">
        <subtype name="activation" value="--&gt;"/>
    </relation>
    <relation entry1="29" entry2="37" type="PPrel">
        <subtype name="activation" value="--&gt;"/>
    </relation>
    <relation entry1="37" entry2="42" type="PPrel">
        <subtype name="activation" value="--&gt;"/>
    </relation>
    <relation entry1="37" entry2="120" type="PPrel">
        <subtype name="activation" value="--&gt;"/>
    </relation>
    <relation entry1="37" entry2="121" type="PPrel">
        <subtype name="activation" value="--&gt;"/>
    </relation>
    <relation entry1="120" entry2="122" type="PPrel">
        <subtype name="activation" value="--&gt;"/>
    </relation>
    <relation entry1="121" entry2="122" type="PPrel">
        <subtype name="activation" value="--&gt;"/>
    </relation>
    <relation entry1="122" entry2="123" type="PPrel">
        <subtype name="activation" value="--&gt;"/>
    </relation>
    <relation entry1="37" entry2="40" type="PPrel">
        <subtype name="activation" value="--&gt;"/>
    </relation>
    <relation entry1="37" entry2="59" type="PPrel">
        <subtype name="activation" value="--&gt;"/>
    </relation>
    <relation entry1="37" entry2="20" type="PPrel">
        <subtype name="activation" value="--&gt;"/>
    </relation>
    <relation entry1="37" entry2="41" type="PPrel">
        <subtype name="activation" value="--&gt;"/>
    </relation>
    <relation entry1="37" entry2="38" type="PPrel">
        <subtype name="activation" value="--&gt;"/>
    </relation>
    <relation entry1="19" entry2="68" type="PPrel">
        <subtype name="activation" value="--&gt;"/>
    </relation>
    <relation entry1="46" entry2="47" type="PPrel">
        <subtype name="activation" value="--&gt;"/>
    </relation>
    <relation entry1="19" entry2="93" type="PPrel">
        <subtype name="activation" value="--&gt;"/>
    </relation>
    <relation entry1="49" entry2="27" type="PCrel">
        <subtype name="activation" value="--&gt;"/>
    </relation>
    <relation entry1="27" entry2="18" type="PPrel">
        <subtype name="activation" value="--&gt;"/>
    </relation>
    <relation entry1="16" entry2="18" type="PPrel">
        <subtype name="inhibition" value="--|"/>
    </relation>
    <relation entry1="50" entry2="18" type="PPrel">
        <subtype name="inhibition" value="--|"/>
    </relation>
    <relation entry1="105" entry2="106" type="PPrel">
        <subtype name="inhibition" value="--|"/>
    </relation>
    <relation entry1="106" entry2="44" type="PPrel">
        <subtype name="inhibition" value="--|"/>
    </relation>
    <relation entry1="19" entry2="62" type="PPrel">
        <subtype name="inhibition" value="--|"/>
        <subtype name="phosphorylation" value="+p"/>
    </relation>
    <relation entry1="19" entry2="46" type="PPrel">
        <subtype name="inhibition" value="--|"/>
        <subtype name="phosphorylation" value="+p"/>
    </relation>
    <relation entry1="47" entry2="48" type="PPrel">
        <subtype name="inhibition" value="--|"/>
        <subtype name="phosphorylation" value="+p"/>
    </relation>
    <relation entry1="75" entry2="76" type="PCrel">
        <subtype name="activation" value="--&gt;"/>
    </relation>
    <relation entry1="42" entry2="31" type="PCrel">
        <subtype name="activation" value="--&gt;"/>
    </relation>
    <relation entry1="42" entry2="32" type="PCrel">
        <subtype name="activation" value="--&gt;"/>
    </relation>
    <relation entry1="38" entry2="39" type="PPrel">
        <subtype name="activation" value="--&gt;"/>
        <subtype name="phosphorylation" value="+p"/>
    </relation>
    <relation entry1="39" entry2="23" type="PPrel">
        <subtype name="activation" value="--&gt;"/>
        <subtype name="phosphorylation" value="+p"/>
    </relation>
    <relation entry1="23" entry2="44" type="PPrel">
        <subtype name="activation" value="--&gt;"/>
        <subtype name="phosphorylation" value="+p"/>
    </relation>
    <relation entry1="19" entry2="105" type="PPrel">
        <subtype name="activation" value="--&gt;"/>
        <subtype name="phosphorylation" value="+p"/>
    </relation>
    <relation entry1="19" entry2="134" type="PPrel">
        <subtype name="activation" value="--&gt;"/>
        <subtype name="phosphorylation" value="+p"/>
    </relation>
    <relation entry1="19" entry2="135" type="PPrel">
        <subtype name="activation" value="--&gt;"/>
        <subtype name="phosphorylation" value="+p"/>
    </relation>
    <relation entry1="19" entry2="65" type="PPrel">
        <subtype name="activation" value="--&gt;"/>
        <subtype name="phosphorylation" value="+p"/>
    </relation>
    <relation entry1="19" entry2="66" type="PPrel">
        <subtype name="inhibition" value="--|"/>
        <subtype name="phosphorylation" value="+p"/>
    </relation>
    <relation entry1="48" entry2="118" type="PPrel">
        <subtype name="inhibition" value="--|"/>
        <subtype name="dephosphorylation" value="-p"/>
    </relation>
    <relation entry1="19" entry2="24" type="PPrel">
        <subtype name="activation" value="--&gt;"/>
        <subtype name="phosphorylation" value="+p"/>
    </relation>
    <relation entry1="19" entry2="3" type="PPrel">
        <subtype name="activation" value="--&gt;"/>
        <subtype name="phosphorylation" value="+p"/>
    </relation>
    <relation entry1="19" entry2="92" type="PPrel">
        <subtype name="activation" value="--&gt;"/>
        <subtype name="phosphorylation" value="+p"/>
    </relation>
    <relation entry1="19" entry2="91" type="PPrel">
        <subtype name="activation" value="--&gt;"/>
        <subtype name="phosphorylation" value="+p"/>
    </relation>
    <relation entry1="19" entry2="25" type="PPrel">
        <subtype name="activation" value="--&gt;"/>
        <subtype name="phosphorylation" value="+p"/>
    </relation>
    <relation entry1="19" entry2="95" type="PPrel">
        <subtype name="activation" value="--&gt;"/>
        <subtype name="phosphorylation" value="+p"/>
    </relation>
    <relation entry1="19" entry2="12" type="PPrel">
        <subtype name="activation" value="--&gt;"/>
        <subtype name="phosphorylation" value="+p"/>
    </relation>
    <relation entry1="19" entry2="34" type="PPrel">
        <subtype name="activation" value="--&gt;"/>
        <subtype name="phosphorylation" value="+p"/>
    </relation>
    <relation entry1="19" entry2="2" type="PPrel">
        <subtype name="activation" value="--&gt;"/>
        <subtype name="phosphorylation" value="+p"/>
    </relation>
    <relation entry1="95" entry2="9" type="PPrel">
        <subtype name="binding/association" value="---"/>
    </relation>
    <relation entry1="44" entry2="109" type="GErel">
        <subtype name="expression" value="--&gt;"/>
    </relation>
    <relation entry1="44" entry2="110" type="GErel">
        <subtype name="expression" value="--&gt;"/>
    </relation>
    <relation entry1="44" entry2="111" type="GErel">
        <subtype name="expression" value="--&gt;"/>
    </relation>
    <relation entry1="63" entry2="112" type="GErel">
        <subtype name="expression" value="--&gt;"/>
    </relation>
    <relation entry1="63" entry2="113" type="GErel">
        <subtype name="expression" value="--&gt;"/>
    </relation>
    <relation entry1="63" entry2="114" type="GErel">
        <subtype name="expression" value="--&gt;"/>
    </relation>
    <relation entry1="64" entry2="108" type="GErel">
        <subtype name="expression" value="--&gt;"/>
    </relation>
    <relation entry1="68" entry2="108" type="GErel">
        <subtype name="expression" value="--&gt;"/>
    </relation>
    <relation entry1="65" entry2="116" type="GErel">
        <subtype name="expression" value="--&gt;"/>
    </relation>
    <relation entry1="66" entry2="115" type="GErel">
        <subtype name="expression" value="--&gt;"/>
    </relation>
    <relation entry1="19" entry2="60" type="PPrel">
        <subtype name="activation" value="--&gt;"/>
        <subtype name="phosphorylation" value="+p"/>
    </relation>
    <relation entry1="40" entry2="77" type="PPrel">
        <subtype name="inhibition" value="--|"/>
    </relation>
    <relation entry1="20" entry2="21" type="PPrel">
        <subtype name="activation" value="--&gt;"/>
        <subtype name="indirect effect" value="..&gt;"/>
    </relation>
    <relation entry1="19" entry2="63" type="PPrel">
        <subtype name="inhibition" value="--|"/>
        <subtype name="phosphorylation" value="+p"/>
    </relation>
    <relation entry1="50" entry2="60" type="PPrel">
        <subtype name="inhibition" value="--|"/>
        <subtype name="phosphorylation" value="+p"/>
    </relation>
    <relation entry1="41" entry2="39" type="PPrel">
        <subtype name="activation" value="--&gt;"/>
        <subtype name="phosphorylation" value="+p"/>
    </relation>
</pathway>
