<?xml version="1.0"?>
<!DOCTYPE pathway SYSTEM "http://www.kegg.jp/kegg/xml/KGML_v0.7.1_.dtd">
<!-- Creation date: Oct 2, 2012 14:04:48 +0900 (GMT+09:00) -->
<pathway name="path:mmu05210" org="mmu" number="05210"
         title="Colorectal cancer"
         image="http://www.kegg.jp/kegg/pathway/mmu/mmu05210.png"
         link="http://www.kegg.jp/kegg-bin/show_pathway?mmu05210">
    <entry id="1" name="mmu:13176" type="gene"
        link="http://www.kegg.jp/dbget-bin/www_bget?mmu:13176">
        <graphics name="Dcc, C030036D22Rik, Igdcc1" fgcolor="#000000" bgcolor="#BFFFBF"
             type="rectangle" x="276" y="520" width="46" height="17"/>
    </entry>
    <entry id="2" name="mmu:12367" type="gene"
        link="http://www.kegg.jp/dbget-bin/www_bget?mmu:12367">
        <graphics name="Casp3, A830040C14Rik, AC-3, Apopain, CASP-3, CC3, CPP-32, CPP32, Caspase-3, Lice, SCA-1, Yama, mldy" fgcolor="#000000" bgcolor="#BFFFBF"
             type="rectangle" x="357" y="480" width="46" height="17"/>
    </entry>
    <entry id="3" name="mmu:21803 mmu:21808 mmu:21809" type="gene"
        link="http://www.kegg.jp/dbget-bin/www_bget?mmu:21803+mmu:21808+mmu:21809">
        <graphics name="Tgfb1, TGF-beta1, TGFbeta1, Tgfb, Tgfb-1..." fgcolor="#000000" bgcolor="#BFFFBF"
             type="rectangle" x="196" y="596" width="46" height="17"/>
    </entry>
    <entry id="4" name="mmu:18706 mmu:18707 mmu:18708 mmu:18709 mmu:18710 mmu:30955 mmu:320207 mmu:74769" type="gene"
        link="http://www.kegg.jp/dbget-bin/www_bget?mmu:18706+mmu:18707+mmu:18708+mmu:18709+mmu:18710+mmu:30955+mmu:320207+mmu:74769">
        <graphics name="Pik3ca, 6330412C24Rik, caPI3K, p110, p110alpha..." fgcolor="#000000" bgcolor="#BFFFBF"
             type="rectangle" x="499" y="357" width="46" height="17"/>
    </entry>
    <entry id="5" name="mmu:12371" type="gene"
        link="http://www.kegg.jp/dbget-bin/www_bget?mmu:12371">
        <graphics name="Casp9, AI115399, APAF-3, AW493809, CASP-9, Caspase-9, ICE-LAP6, Mch6" fgcolor="#000000" bgcolor="#BFFFBF"
             type="rectangle" x="423" y="512" width="46" height="17"/>
    </entry>
    <entry id="6" name="mmu:72993" type="gene"
        link="http://www.kegg.jp/dbget-bin/www_bget?mmu:72993">
        <graphics name="Appl1, 2900057D21Rik, 7330406P05Rik, AI585782, AW209077, BB022931, C88264, DIP13" fgcolor="#000000" bgcolor="#BFFFBF"
             type="rectangle" x="423" y="529" width="46" height="17"/>
    </entry>
    <entry id="7" name="mmu:12367" type="gene"
        link="http://www.kegg.jp/dbget-bin/www_bget?mmu:12367">
        <graphics name="Casp3, A830040C14Rik, AC-3, Apopain, CASP-3, CC3, CPP-32, CPP32, Caspase-3, Lice, SCA-1, Yama, mldy" fgcolor="#000000" bgcolor="#BFFFBF"
             type="rectangle" x="558" y="520" width="46" height="17"/>
    </entry>
    <entry id="8" name="mmu:11789 mmu:23805" type="gene"
        link="http://www.kegg.jp/dbget-bin/www_bget?mmu:11789+mmu:23805">
        <graphics name="Apc, AI047805, AU020952, AW124434, CC1, Min, mAPC..." fgcolor="#000000" bgcolor="#BFFFBF"
             type="rectangle" x="684" y="151" width="46" height="17"/>
    </entry>
    <entry id="9" name="mmu:17126 mmu:17127" type="gene"
        link="http://www.kegg.jp/dbget-bin/www_bget?mmu:17126+mmu:17127">
        <graphics name="Smad2, 7120426M23Rik, Madh2, Madr2, Smad-2, mMad2..." fgcolor="#000000" bgcolor="#BFFFBF"
             type="rectangle" x="428" y="598" width="46" height="17"/>
    </entry>
    <entry id="10" name="mmu:21812" type="gene"
        link="http://www.kegg.jp/dbget-bin/www_bget?mmu:21812">
        <graphics name="Tgfbr1, ALK5, AU017191, Alk-5, TbetaR-I, TbetaRI" fgcolor="#000000" bgcolor="#BFFFBF"
             type="rectangle" x="277" y="589" width="46" height="17"/>
    </entry>
    <entry id="11" name="mmu:17128" type="gene"
        link="http://www.kegg.jp/dbget-bin/www_bget?mmu:17128">
        <graphics name="Smad4, AW743858, D18Wsu70e, DPC4, Madh4" fgcolor="#000000" bgcolor="#BFFFBF"
             type="rectangle" x="428" y="630" width="46" height="17"/>
    </entry>
    <entry id="12" name="mmu:17350" type="gene"
        link="http://www.kegg.jp/dbget-bin/www_bget?mmu:17350">
        <graphics name="Mlh1, 1110035C23Rik, AI317206, AI325952, AI561766" fgcolor="#000000" bgcolor="#BFFFBF"
             type="rectangle" x="882" y="526" width="46" height="17"/>
    </entry>
    <entry id="13" name="mmu:17685" type="gene"
        link="http://www.kegg.jp/dbget-bin/www_bget?mmu:17685">
        <graphics name="Msh2, AI788990" fgcolor="#000000" bgcolor="#BFFFBF"
             type="rectangle" x="882" y="547" width="46" height="17"/>
    </entry>
    <entry id="14" name="mmu:16653" type="gene"
        link="http://www.kegg.jp/dbget-bin/www_bget?mmu:16653">
        <graphics name="Kras, AI929937, K-ras, Ki-ras, Kras-2, Kras2, p21B, ras" fgcolor="#000000" bgcolor="#BFFFBF"
             type="rectangle" x="444" y="403" width="46" height="17"/>
    </entry>
    <entry id="15" name="mmu:109880 mmu:110157 mmu:11836" type="gene"
        link="http://www.kegg.jp/dbget-bin/www_bget?mmu:109880+mmu:110157+mmu:11836">
        <graphics name="Braf, 9930012E13Rik, AA120551, AA387315, AA473386, B-raf, Braf-2, Braf2, C230098H17, C87398, D6Ertd631e..." fgcolor="#000000" bgcolor="#BFFFBF"
             type="rectangle" x="525" y="403" width="46" height="17"/>
    </entry>
    <entry id="16" name="mmu:26414 mmu:26419 mmu:26420" type="gene"
        link="http://www.kegg.jp/dbget-bin/www_bget?mmu:26414+mmu:26419+mmu:26420">
        <graphics name="Mapk10, C230008H04Rik, JNK3, JNK3B1, JNK3B2, SAPK(beta), Serk2, p493F12, p54bSAPK..." fgcolor="#000000" bgcolor="#BFFFBF"
             type="rectangle" x="682" y="470" width="46" height="17"/>
    </entry>
    <entry id="17" name="mmu:12005 mmu:12006" type="gene"
        link="http://www.kegg.jp/dbget-bin/www_bget?mmu:12005+mmu:12006">
        <graphics name="Axin1, AI316800, Axin, Fu, Kb, Ki, fused, kinky, knobbly..." fgcolor="#000000" bgcolor="#BFFFBF"
             type="rectangle" x="632" y="169" width="46" height="17"/>
    </entry>
    <entry id="18" name="mmu:12005 mmu:12006" type="gene"
        link="http://www.kegg.jp/dbget-bin/www_bget?mmu:12005+mmu:12006">
        <graphics name="Axin1, AI316800, Axin, Fu, Kb, Ki, fused, kinky, knobbly..." fgcolor="#000000" bgcolor="#BFFFBF"
             type="rectangle" x="634" y="250" width="46" height="17"/>
    </entry>
    <entry id="19" name="mmu:19730" type="gene"
        link="http://www.kegg.jp/dbget-bin/www_bget?mmu:19730">
        <graphics name="Ralgds, Gnds, Rgds, mKIAA1308" fgcolor="#000000" bgcolor="#BFFFBF"
             type="rectangle" x="525" y="470" width="46" height="17"/>
    </entry>
    <entry id="20" name="mmu:11848 mmu:170758 mmu:19353 mmu:19354 mmu:67653" type="gene"
        link="http://www.kegg.jp/dbget-bin/www_bget?mmu:11848+mmu:170758+mmu:19353+mmu:19354+mmu:67653">
        <graphics name="Rhoa, Arha, Arha1, Arha2..." fgcolor="#000000" bgcolor="#BFFFBF"
             type="rectangle" x="604" y="470" width="46" height="17"/>
    </entry>
    <entry id="21" name="mmu:11799" type="gene"
        link="http://www.kegg.jp/dbget-bin/www_bget?mmu:11799">
        <graphics name="Birc5, AAC-11, Api4, TIAP, survivin40" fgcolor="#000000" bgcolor="#BFFFBF"
             type="rectangle" x="1022" y="210" width="46" height="17"/>
    </entry>
    <entry id="22" name="mmu:17869" type="gene"
        link="http://www.kegg.jp/dbget-bin/www_bget?mmu:17869">
        <graphics name="Myc, AU016757, Myc2, Niard, Nird, bHLHe39" fgcolor="#000000" bgcolor="#BFFFBF"
             type="rectangle" x="1022" y="245" width="46" height="17"/>
    </entry>
    <entry id="23" name="mmu:12443" type="gene"
        link="http://www.kegg.jp/dbget-bin/www_bget?mmu:12443">
        <graphics name="Ccnd1, AI327039, CycD1, Cyl-1, PRAD1, bcl-1, cD1" fgcolor="#000000" bgcolor="#BFFFBF"
             type="rectangle" x="1022" y="268" width="46" height="17"/>
    </entry>
    <entry id="24" name="mmu:11789 mmu:23805" type="gene"
        link="http://www.kegg.jp/dbget-bin/www_bget?mmu:11789+mmu:23805">
        <graphics name="Apc, AI047805, AU020952, AW124434, CC1, Min, mAPC..." fgcolor="#000000" bgcolor="#BFFFBF"
             type="rectangle" x="680" y="250" width="46" height="17"/>
    </entry>
    <entry id="25" name="mmu:26395" type="gene"
        link="http://www.kegg.jp/dbget-bin/www_bget?mmu:26395">
        <graphics name="Map2k1, MAPKK1, MEKK1, Mek1, Prkmk1" fgcolor="#000000" bgcolor="#BFFFBF"
             type="rectangle" x="604" y="403" width="46" height="17"/>
    </entry>
    <entry id="26" name="mmu:26413 mmu:26417" type="gene"
        link="http://www.kegg.jp/dbget-bin/www_bget?mmu:26413+mmu:26417">
        <graphics name="Mapk1, 9030612K14Rik, AA407128, AU018647, C78273, ERK, Erk2, MAPK2, PRKM2, Prkm1, p41mapk, p42mapk..." fgcolor="#000000" bgcolor="#BFFFBF"
             type="rectangle" x="764" y="403" width="46" height="17"/>
    </entry>
    <entry id="27" name="mmu:16476" type="gene"
        link="http://www.kegg.jp/dbget-bin/www_bget?mmu:16476">
        <graphics name="Jun, AP-1, Junc, c-jun" fgcolor="#000000" bgcolor="#BFFFBF"
             type="rectangle" x="906" y="378" width="46" height="17"/>
    </entry>
    <entry id="28" name="mmu:14281" type="gene"
        link="http://www.kegg.jp/dbget-bin/www_bget?mmu:14281">
        <graphics name="Fos, D12Rfj1, c-fos, cFos" fgcolor="#000000" bgcolor="#BFFFBF"
             type="rectangle" x="906" y="403" width="46" height="17"/>
    </entry>
    <entry id="29" name="mmu:17869" type="gene"
        link="http://www.kegg.jp/dbget-bin/www_bget?mmu:17869">
        <graphics name="Myc, AU016757, Myc2, Niard, Nird, bHLHe39" fgcolor="#000000" bgcolor="#BFFFBF"
             type="rectangle" x="906" y="428" width="46" height="17"/>
    </entry>
    <entry id="30" name="mmu:13063 mmu:13067" type="gene"
        link="http://www.kegg.jp/dbget-bin/www_bget?mmu:13063+mmu:13067">
        <graphics name="Cycs..." fgcolor="#000000" bgcolor="#BFFFBF"
             type="rectangle" x="555" y="784" width="46" height="17"/>
    </entry>
    <entry id="31" name="mmu:12043" type="gene"
        link="http://www.kegg.jp/dbget-bin/www_bget?mmu:12043">
        <graphics name="Bcl2, AW986256, Bcl-2, C430015F12Rik, D630044D05Rik, D830018M01Rik" fgcolor="#000000" bgcolor="#BFFFBF"
             type="rectangle" x="635" y="745" width="46" height="17"/>
    </entry>
    <entry id="32" name="mmu:22059" type="gene"
        link="http://www.kegg.jp/dbget-bin/www_bget?mmu:22059">
        <graphics name="Trp53, Tp53, bbl, bfy, bhy, p44, p53" fgcolor="#000000" bgcolor="#BFFFBF"
             type="rectangle" x="903" y="770" width="46" height="17"/>
    </entry>
    <entry id="33" name="mmu:16842 mmu:21414 mmu:21415 mmu:21416" type="gene"
        link="http://www.kegg.jp/dbget-bin/www_bget?mmu:16842+mmu:21414+mmu:21415+mmu:21416">
        <graphics name="Lef1, 3000002B05, AI451430, Lef-1..." fgcolor="#000000" bgcolor="#BFFFBF"
             type="rectangle" x="906" y="229" width="46" height="17"/>
    </entry>
    <entry id="34" name="mmu:56637" type="gene"
        link="http://www.kegg.jp/dbget-bin/www_bget?mmu:56637">
        <graphics name="Gsk3b, 7330414F15Rik, 8430431H08Rik, C86142, GSK-3, GSK-3beta, GSK3" fgcolor="#000000" bgcolor="#BFFFBF"
             type="rectangle" x="591" y="186" width="46" height="17"/>
    </entry>
    <entry id="35" name="mmu:56637" type="gene"
        link="http://www.kegg.jp/dbget-bin/www_bget?mmu:56637">
        <graphics name="Gsk3b, 7330414F15Rik, 8430431H08Rik, C86142, GSK-3, GSK-3beta, GSK3" fgcolor="#000000" bgcolor="#BFFFBF"
             type="rectangle" x="592" y="267" width="46" height="17"/>
    </entry>
    <entry id="36" name="mmu:12387" type="gene"
        link="http://www.kegg.jp/dbget-bin/www_bget?mmu:12387">
        <graphics name="Ctnnb1, Bfc, Catnb, Mesc" fgcolor="#000000" bgcolor="#BFFFBF"
             type="rectangle" x="673" y="186" width="46" height="17"/>
    </entry>
    <entry id="37" name="mmu:12387" type="gene"
        link="http://www.kegg.jp/dbget-bin/www_bget?mmu:12387">
        <graphics name="Ctnnb1, Bfc, Catnb, Mesc" fgcolor="#000000" bgcolor="#BFFFBF"
             type="rectangle" x="676" y="267" width="46" height="17"/>
    </entry>
    <entry id="38" name="mmu:11651 mmu:11652 mmu:23797" type="gene"
        link="http://www.kegg.jp/dbget-bin/www_bget?mmu:11651+mmu:11652+mmu:23797">
        <graphics name="Akt1, Akt, PKB, PKB/Akt, PKBalpha, Rac..." fgcolor="#000000" bgcolor="#BFFFBF"
             type="rectangle" x="525" y="314" width="46" height="17"/>
    </entry>
    <entry id="39" name="mmu:12015" type="gene"
        link="http://www.kegg.jp/dbget-bin/www_bget?mmu:12015">
        <graphics name="Bad, AI325008, Bbc2" fgcolor="#000000" bgcolor="#BFFFBF"
             type="rectangle" x="614" y="340" width="46" height="17"/>
    </entry>
    <entry id="40" name="mmu:12371" type="gene"
        link="http://www.kegg.jp/dbget-bin/www_bget?mmu:12371">
        <graphics name="Casp9, AI115399, APAF-3, AW493809, CASP-9, Caspase-9, ICE-LAP6, Mch6" fgcolor="#000000" bgcolor="#BFFFBF"
             type="rectangle" x="614" y="366" width="46" height="17"/>
    </entry>
    <entry id="41" name="mmu:17688" type="gene"
        link="http://www.kegg.jp/dbget-bin/www_bget?mmu:17688">
        <graphics name="Msh6, AU044881, AW550279, GTBP, Gtmbp" fgcolor="#000000" bgcolor="#BFFFBF"
             type="rectangle" x="1081" y="679" width="46" height="17"/>
    </entry>
    <entry id="42" name="mmu:12028" type="gene"
        link="http://www.kegg.jp/dbget-bin/www_bget?mmu:12028">
        <graphics name="Bax" fgcolor="#000000" bgcolor="#BFFFBF"
             type="rectangle" x="1025" y="706" width="46" height="17"/>
    </entry>
    <entry id="43" name="mmu:17686" type="gene"
        link="http://www.kegg.jp/dbget-bin/www_bget?mmu:17686">
        <graphics name="Msh3, D13Em1, Rep-3, Rep3" fgcolor="#000000" bgcolor="#BFFFBF"
             type="rectangle" x="1025" y="679" width="46" height="17"/>
    </entry>
    <entry id="44" name="mmu:21813" type="gene"
        link="http://www.kegg.jp/dbget-bin/www_bget?mmu:21813">
        <graphics name="Tgfbr2, 1110020H15Rik, AU042018, DNIIR, RIIDN, TBR-II, TbetaR-II, TbetaRII" fgcolor="#000000" bgcolor="#BFFFBF"
             type="rectangle" x="277" y="606" width="46" height="17"/>
    </entry>
    <entry id="45" name="mmu:21813" type="gene"
        link="http://www.kegg.jp/dbget-bin/www_bget?mmu:21813">
        <graphics name="Tgfbr2, 1110020H15Rik, AU042018, DNIIR, RIIDN, TBR-II, TbetaR-II, TbetaRII" fgcolor="#000000" bgcolor="#BFFFBF"
             type="rectangle" x="1025" y="653" width="46" height="17"/>
    </entry>
    <entry id="46" name="path:mmu04310" type="map"
        link="http://www.kegg.jp/dbget-bin/www_bget?mmu04310">
        <graphics name="Wnt signaling pathway" fgcolor="#000000" bgcolor="#FFFFFF"
             type="roundrectangle" x="471" y="217" width="111" height="34"/>
    </entry>
    <entry id="47" name="path:mmu04110" type="map"
        link="http://www.kegg.jp/dbget-bin/www_bget?mmu04110">
        <graphics name="Cell cycle" fgcolor="#000000" bgcolor="#FFFFFF"
             type="roundrectangle" x="1024" y="334" width="111" height="25"/>
    </entry>
    <entry id="48" name="path:mmu04210" type="map"
        link="http://www.kegg.jp/dbget-bin/www_bget?mmu04210">
        <graphics name="Apoptosis" fgcolor="#000000" bgcolor="#FFFFFF"
             type="roundrectangle" x="713" y="317" width="111" height="25"/>
    </entry>
    <entry id="49" name="path:mmu04010" type="map"
        link="http://www.kegg.jp/dbget-bin/www_bget?mmu04010">
        <graphics name="MAPK signaling pathway" fgcolor="#000000" bgcolor="#FFFFFF"
             type="roundrectangle" x="636" y="435" width="111" height="34"/>
    </entry>
    <entry id="50" name="path:mmu04350" type="map"
        link="http://www.kegg.jp/dbget-bin/www_bget?mmu04350">
        <graphics name="TGF-beta signaling pathway" fgcolor="#000000" bgcolor="#FFFFFF"
             type="roundrectangle" x="609" y="570" width="111" height="34"/>
    </entry>
    <entry id="51" name="path:mmu04210" type="map"
        link="http://www.kegg.jp/dbget-bin/www_bget?mmu04210">
        <graphics name="Apoptosis" fgcolor="#000000" bgcolor="#FFFFFF"
             type="roundrectangle" x="411" y="768" width="111" height="25"/>
    </entry>
    <entry id="52" name="path:mmu04115" type="map"
        link="http://www.kegg.jp/dbget-bin/www_bget?mmu04115">
        <graphics name="p53 signaling pathway" fgcolor="#000000" bgcolor="#FFFFFF"
             type="roundrectangle" x="742" y="768" width="111" height="34"/>
    </entry>
    <entry id="53" name="mmu:12443" type="gene"
        link="http://www.kegg.jp/dbget-bin/www_bget?mmu:12443">
        <graphics name="Ccnd1, AI327039, CycD1, Cyl-1, PRAD1, bcl-1, cD1" fgcolor="#000000" bgcolor="#BFFFBF"
             type="rectangle" x="1023" y="404" width="46" height="17"/>
    </entry>
    <entry id="54" name="path:mmu05210" type="map"
        link="http://www.kegg.jp/dbget-bin/www_bget?mmu05210">
        <graphics name="TITLE:Colorectal cancer" fgcolor="#000000" bgcolor="#FFFFFF"
             type="roundrectangle" x="140" y="43" width="176" height="25"/>
    </entry>
    <entry id="55" name="path:mmu04151" type="map"
        link="http://www.kegg.jp/dbget-bin/www_bget?mmu04151">
        <graphics name="PI3K-Akt signaling pathway" fgcolor="#000000" bgcolor="#FFFFFF"
             type="roundrectangle" x="426" y="326" width="111" height="34"/>
    </entry>
    <entry id="56" name="undefined" type="group">
        <graphics fgcolor="#000000" bgcolor="#FFFFFF"
             type="rectangle" x="423" y="520" width="46" height="34"/>
        <component id="5"/>
        <component id="6"/>
    </entry>
    <entry id="57" name="undefined" type="group">
        <graphics fgcolor="#000000" bgcolor="#FFFFFF"
             type="rectangle" x="277" y="597" width="46" height="34"/>
        <component id="10"/>
        <component id="44"/>
    </entry>
    <relation entry1="36" entry2="33" type="PPrel">
        <subtype name="activation" value="--&gt;"/>
    </relation>
    <relation entry1="37" entry2="33" type="PPrel">
        <subtype name="activation" value="--&gt;"/>
    </relation>
    <relation entry1="14" entry2="4" type="PPrel">
        <subtype name="activation" value="--&gt;"/>
    </relation>
    <relation entry1="4" entry2="38" type="PPrel">
        <subtype name="activation" value="--&gt;"/>
    </relation>
    <relation entry1="14" entry2="15" type="PPrel">
        <subtype name="activation" value="--&gt;"/>
    </relation>
    <relation entry1="14" entry2="19" type="PPrel">
        <subtype name="activation" value="--&gt;"/>
    </relation>
    <relation entry1="19" entry2="20" type="PPrel">
        <subtype name="activation" value="--&gt;"/>
    </relation>
    <relation entry1="20" entry2="16" type="PPrel">
        <subtype name="activation" value="--&gt;"/>
    </relation>
    <relation entry1="33" entry2="21" type="PPrel">
        <subtype name="expression" value="--&gt;"/>
    </relation>
    <relation entry1="33" entry2="22" type="PPrel">
        <subtype name="expression" value="--&gt;"/>
    </relation>
    <relation entry1="33" entry2="23" type="PPrel">
        <subtype name="expression" value="--&gt;"/>
    </relation>
    <relation entry1="27" entry2="53" type="PPrel">
        <subtype name="expression" value="--&gt;"/>
    </relation>
    <relation entry1="28" entry2="53" type="PPrel">
        <subtype name="expression" value="--&gt;"/>
    </relation>
    <relation entry1="29" entry2="53" type="PPrel">
        <subtype name="expression" value="--&gt;"/>
    </relation>
    <relation entry1="2" entry2="1" type="PPrel">
        <subtype name="activation" value="--&gt;"/>
    </relation>
    <relation entry1="38" entry2="35" type="PPrel">
        <subtype name="phosphorylation" value="+p"/>
    </relation>
    <relation entry1="38" entry2="39" type="PPrel">
        <subtype name="phosphorylation" value="+p"/>
    </relation>
    <relation entry1="38" entry2="40" type="PPrel">
        <subtype name="phosphorylation" value="+p"/>
    </relation>
    <relation entry1="15" entry2="25" type="PPrel">
        <subtype name="phosphorylation" value="+p"/>
    </relation>
    <relation entry1="25" entry2="26" type="PPrel">
        <subtype name="phosphorylation" value="+p"/>
    </relation>
    <relation entry1="26" entry2="27" type="PPrel">
        <subtype name="phosphorylation" value="+p"/>
    </relation>
    <relation entry1="26" entry2="28" type="PPrel">
        <subtype name="phosphorylation" value="+p"/>
    </relation>
    <relation entry1="26" entry2="29" type="PPrel">
        <subtype name="phosphorylation" value="+p"/>
    </relation>
    <relation entry1="34" entry2="36" type="PPrel">
        <subtype name="missing interaction" value="-/-"/>
    </relation>
    <relation entry1="35" entry2="37" type="PPrel">
        <subtype name="missing interaction" value="-/-"/>
    </relation>
    <relation entry1="1" entry2="56" type="PPrel">
        <subtype name="missing interaction" value="-/-"/>
    </relation>
    <relation entry1="56" entry2="7" type="PPrel">
        <subtype name="missing interaction" value="-/-"/>
    </relation>
    <relation entry1="57" entry2="9" type="PPrel">
        <subtype name="missing interaction" value="-/-"/>
    </relation>
    <relation entry1="9" entry2="11" type="PPrel">
        <subtype name="binding/association" value="---"/>
    </relation>
    <relation entry1="42" entry2="31" type="PPrel">
        <subtype name="missing interaction" value="-/-"/>
    </relation>
</pathway>
