<?xml version="1.0"?>
<!DOCTYPE pathway SYSTEM "http://www.kegg.jp/kegg/xml/KGML_v0.7.1_.dtd">
<!-- Creation date: May 14, 2014 17:16:53 +0900 (GMT+09:00) -->
<pathway name="path:mmu04620" org="mmu" number="04620"
         title="Toll-like receptor signaling pathway"
         image="http://www.kegg.jp/kegg/pathway/mmu/mmu04620.png"
         link="http://www.kegg.jp/kegg-bin/show_pathway?mmu04620">
    <entry id="1" name="mmu:15977" type="gene"
        link="http://www.kegg.jp/dbget-bin/www_bget?mmu:15977">
        <graphics name="Ifnb1, IFN-beta, IFNB, Ifb" fgcolor="#000000" bgcolor="#BFFFBF"
             type="rectangle" x="156" y="674" width="46" height="17"/>
    </entry>
    <entry id="2" name="mmu:12675" type="gene"
        link="http://www.kegg.jp/dbget-bin/www_bget?mmu:12675">
        <graphics name="Chuk, AI256658, Chuk1, Fbx24, Fbxo24, IKBKA, IKK1, Ikka, NFKBIKA" fgcolor="#000000" bgcolor="#BFFFBF"
             type="rectangle" x="793" y="543" width="46" height="17"/>
    </entry>
    <entry id="3" name="mmu:22034" type="gene"
        link="http://www.kegg.jp/dbget-bin/www_bget?mmu:22034">
        <graphics name="Traf6, 2310003F17Rik, AI851288, C630032O20Rik" fgcolor="#000000" bgcolor="#BFFFBF"
             type="rectangle" x="666" y="469" width="46" height="17"/>
    </entry>
    <entry id="4" name="mmu:16179" type="gene"
        link="http://www.kegg.jp/dbget-bin/www_bget?mmu:16179">
        <graphics name="Irak1, AA408924, IRAK, IRAK-1, IRAK1-S, Il1rak, Plpk, mPLK" fgcolor="#000000" bgcolor="#BFFFBF"
             type="rectangle" x="665" y="498" width="46" height="17"/>
    </entry>
    <entry id="5" name="mmu:266632" type="gene"
        link="http://www.kegg.jp/dbget-bin/www_bget?mmu:266632">
        <graphics name="Irak4, 8430405M07Rik, 9330209D03Rik, IRAK-4, NY-REN-64" fgcolor="#000000" bgcolor="#BFFFBF"
             type="rectangle" x="584" y="498" width="46" height="17"/>
    </entry>
    <entry id="6" name="mmu:17874" type="gene"
        link="http://www.kegg.jp/dbget-bin/www_bget?mmu:17874">
        <graphics name="Myd88" fgcolor="#000000" bgcolor="#BFFFBF"
             type="rectangle" x="434" y="499" width="46" height="17"/>
    </entry>
    <entry id="7" name="mmu:17874" type="gene"
        link="http://www.kegg.jp/dbget-bin/www_bget?mmu:17874">
        <graphics name="Myd88" fgcolor="#000000" bgcolor="#BFFFBF"
             type="rectangle" x="330" y="416" width="46" height="17"/>
    </entry>
    <entry id="8" name="mmu:17874" type="gene"
        link="http://www.kegg.jp/dbget-bin/www_bget?mmu:17874">
        <graphics name="Myd88" fgcolor="#000000" bgcolor="#BFFFBF"
             type="rectangle" x="330" y="308" width="46" height="17"/>
    </entry>
    <entry id="9" name="mmu:22034" type="gene"
        link="http://www.kegg.jp/dbget-bin/www_bget?mmu:22034">
        <graphics name="Traf6, 2310003F17Rik, AI851288, C630032O20Rik" fgcolor="#000000" bgcolor="#BFFFBF"
             type="rectangle" x="584" y="389" width="46" height="17"/>
    </entry>
    <entry id="10" name="mmu:26413 mmu:26417" type="gene"
        link="http://www.kegg.jp/dbget-bin/www_bget?mmu:26413+mmu:26417">
        <graphics name="Mapk1, 9030612K14Rik, AA407128, AU018647, C78273, ERK, Erk2, MAPK2, PRKM2, Prkm1, p41mapk, p42mapk..." fgcolor="#000000" bgcolor="#BFFFBF"
             type="rectangle" x="837" y="317" width="46" height="17"/>
    </entry>
    <entry id="11" name="mmu:26410" type="gene"
        link="http://www.kegg.jp/dbget-bin/www_bget?mmu:26410">
        <graphics name="Map3k8, Cot, Cot/Tpl2, Est, Estf, Tpl-2, Tpl2, c-COT" fgcolor="#000000" bgcolor="#BFFFBF"
             type="rectangle" x="693" y="317" width="46" height="17"/>
    </entry>
    <entry id="12" name="mmu:18033" type="gene"
        link="http://www.kegg.jp/dbget-bin/www_bget?mmu:18033">
        <graphics name="Nfkb1, NF-KB1, NF-kappaB, NF-kappaB1, p105, p50, p50/p105" fgcolor="#000000" bgcolor="#BFFFBF"
             type="rectangle" x="693" y="286" width="46" height="17"/>
    </entry>
    <entry id="13" name="mmu:20750" type="gene"
        link="http://www.kegg.jp/dbget-bin/www_bget?mmu:20750">
        <graphics name="Spp1, 2AR, Apl-1, BNSP, BSPI, Bsp, ETA-1, Eta, OP, Opn, Opnl, Ric, Spp-1" fgcolor="#000000" bgcolor="#BFFFBF"
             type="rectangle" x="740" y="559" width="46" height="17"/>
    </entry>
    <entry id="14" name="mmu:22031" type="gene"
        link="http://www.kegg.jp/dbget-bin/www_bget?mmu:22031">
        <graphics name="Traf3, AI528849, CAP-1, CD40bp, CRAF1, LAP1, T-BAM, amn" fgcolor="#000000" bgcolor="#BFFFBF"
             type="rectangle" x="521" y="584" width="46" height="17"/>
    </entry>
    <entry id="15" name="mmu:19766" type="gene"
        link="http://www.kegg.jp/dbget-bin/www_bget?mmu:19766">
        <graphics name="Ripk1, D330015H01Rik, RIP, Rinp, Rip1" fgcolor="#000000" bgcolor="#BFFFBF"
             type="rectangle" x="584" y="406" width="46" height="17"/>
    </entry>
    <entry id="16" name="mmu:54123" type="gene"
        link="http://www.kegg.jp/dbget-bin/www_bget?mmu:54123">
        <graphics name="Irf7" fgcolor="#000000" bgcolor="#BFFFBF"
             type="rectangle" x="837" y="498" width="46" height="17"/>
    </entry>
    <entry id="17" name="mmu:27056" type="gene"
        link="http://www.kegg.jp/dbget-bin/www_bget?mmu:27056">
        <graphics name="Irf5, AW491843, mirf5" fgcolor="#000000" bgcolor="#BFFFBF"
             type="rectangle" x="837" y="448" width="46" height="17"/>
    </entry>
    <entry id="18" name="mmu:56066" type="gene"
        link="http://www.kegg.jp/dbget-bin/www_bget?mmu:56066">
        <graphics name="Cxcl11, Cxc11, H174, I-tac, Ip9, Itac, Scyb11, Scyb9b, b-R1, betaR1" fgcolor="#000000" bgcolor="#BFFFBF"
             type="rectangle" x="1099" y="696" width="46" height="17"/>
    </entry>
    <entry id="19" name="mmu:15945" type="gene"
        link="http://www.kegg.jp/dbget-bin/www_bget?mmu:15945">
        <graphics name="Cxcl10, C7, CRG-2, INP10, IP-10, IP10, Ifi10, Scyb10, gIP-10, mob-1" fgcolor="#000000" bgcolor="#BFFFBF"
             type="rectangle" x="1099" y="652" width="46" height="17"/>
    </entry>
    <entry id="20" name="mmu:15977" type="gene"
        link="http://www.kegg.jp/dbget-bin/www_bget?mmu:15977">
        <graphics name="Ifnb1, IFN-beta, IFNB, Ifb" fgcolor="#000000" bgcolor="#BFFFBF"
             type="rectangle" x="1099" y="577" width="46" height="17"/>
    </entry>
    <entry id="21" name="mmu:15962 mmu:15964 mmu:15965 mmu:15967 mmu:15968 mmu:15969 mmu:15970 mmu:15972 mmu:15974 mmu:230396 mmu:242517 mmu:242519 mmu:404549" type="gene"
        link="http://www.kegg.jp/dbget-bin/www_bget?mmu:15962+mmu:15964+mmu:15965+mmu:15967+mmu:15968+mmu:15969+mmu:15970+mmu:15972+mmu:15974+mmu:230396+mmu:242517+mmu:242519+mmu:404549">
        <graphics name="Ifna1, Ifa1..." fgcolor="#000000" bgcolor="#BFFFBF"
             type="rectangle" x="1099" y="554" width="46" height="17"/>
    </entry>
    <entry id="22" name="mmu:12524" type="gene"
        link="http://www.kegg.jp/dbget-bin/www_bget?mmu:12524">
        <graphics name="Cd86, B7, B7-2, B7.2, B70, CLS1, Cd28l2, ETC-1, Ly-58, Ly58, MB7, MB7-2, TS/A-2" fgcolor="#000000" bgcolor="#BFFFBF"
             type="rectangle" x="1099" y="463" width="46" height="17"/>
    </entry>
    <entry id="23" name="mmu:21939" type="gene"
        link="http://www.kegg.jp/dbget-bin/www_bget?mmu:21939">
        <graphics name="Cd40, AI326936, Bp50, GP39, HIGM1, IGM, IMD3, T-BAM, TRAP, Tnfrsf5, p50" fgcolor="#000000" bgcolor="#BFFFBF"
             type="rectangle" x="1099" y="419" width="46" height="17"/>
    </entry>
    <entry id="24" name="mmu:16150" type="gene"
        link="http://www.kegg.jp/dbget-bin/www_bget?mmu:16150">
        <graphics name="Ikbkb, AI132552, IKK-2, IKK-beta, IKK2, IKK[b], IKKbeta" fgcolor="#000000" bgcolor="#BFFFBF"
             type="rectangle" x="713" y="247" width="46" height="17"/>
    </entry>
    <entry id="25" name="mmu:26409" type="gene"
        link="http://www.kegg.jp/dbget-bin/www_bget?mmu:26409">
        <graphics name="Map3k7, B430101B05, C87327, Tak1" fgcolor="#000000" bgcolor="#BFFFBF"
             type="rectangle" x="586" y="308" width="46" height="17"/>
    </entry>
    <entry id="26" name="mmu:19094 mmu:26415 mmu:26416 mmu:29857" type="gene"
        link="http://www.kegg.jp/dbget-bin/www_bget?mmu:19094+mmu:26415+mmu:26416+mmu:29857">
        <graphics name="Mapk11, P38b, Prkm11, Sapk2, Sapk2b, p38-2, p38beta, p38beta2..." fgcolor="#000000" bgcolor="#BFFFBF"
             type="rectangle" x="837" y="384" width="46" height="17"/>
    </entry>
    <entry id="27" name="mmu:16179" type="gene"
        link="http://www.kegg.jp/dbget-bin/www_bget?mmu:16179">
        <graphics name="Irak1, AA408924, IRAK, IRAK-1, IRAK1-S, Il1rak, Plpk, mPLK" fgcolor="#000000" bgcolor="#BFFFBF"
             type="rectangle" x="430" y="317" width="46" height="17"/>
    </entry>
    <entry id="28" name="mmu:12675" type="gene"
        link="http://www.kegg.jp/dbget-bin/www_bget?mmu:12675">
        <graphics name="Chuk, AI256658, Chuk1, Fbx24, Fbxo24, IKBKA, IKK1, Ikka, NFKBIKA" fgcolor="#000000" bgcolor="#BFFFBF"
             type="rectangle" x="713" y="230" width="46" height="17"/>
    </entry>
    <entry id="29" name="ko:K10030" type="ortholog"
        link="http://www.kegg.jp/dbget-bin/www_bget?K10030">
        <graphics name="K10030" fgcolor="#000000" bgcolor="#FFFFFF"
             type="rectangle" x="1099" y="245" width="46" height="17"/>
    </entry>
    <entry id="30" name="mmu:117149" type="gene"
        link="http://www.kegg.jp/dbget-bin/www_bget?mmu:117149">
        <graphics name="Tirap, AA407980, C130027E04Rik, Mal, Tlr4ap, Wyatt" fgcolor="#000000" bgcolor="#BFFFBF"
             type="rectangle" x="330" y="291" width="46" height="17"/>
    </entry>
    <entry id="31" name="mmu:17874" type="gene"
        link="http://www.kegg.jp/dbget-bin/www_bget?mmu:17874">
        <graphics name="Myd88" fgcolor="#000000" bgcolor="#BFFFBF"
             type="rectangle" x="330" y="193" width="46" height="17"/>
    </entry>
    <entry id="32" name="mmu:19353" type="gene"
        link="http://www.kegg.jp/dbget-bin/www_bget?mmu:19353">
        <graphics name="Rac1, AL023026, D5Ertd559e" fgcolor="#000000" bgcolor="#BFFFBF"
             type="rectangle" x="330" y="130" width="46" height="17"/>
    </entry>
    <entry id="33" name="mmu:26414 mmu:26419 mmu:26420" type="gene"
        link="http://www.kegg.jp/dbget-bin/www_bget?mmu:26414+mmu:26419+mmu:26420">
        <graphics name="Mapk10, C230008H04Rik, JNK3, JNK3B1, JNK3B2, SAPK(beta), Serk2, p493F12, p54bSAPK..." fgcolor="#000000" bgcolor="#BFFFBF"
             type="rectangle" x="837" y="413" width="46" height="17"/>
    </entry>
    <entry id="34" name="mmu:16176" type="gene"
        link="http://www.kegg.jp/dbget-bin/www_bget?mmu:16176">
        <graphics name="Il1b, IL-1beta, Il-1b" fgcolor="#000000" bgcolor="#BFFFBF"
             type="rectangle" x="1099" y="172" width="46" height="17"/>
    </entry>
    <entry id="35" name="mmu:56480" type="gene"
        link="http://www.kegg.jp/dbget-bin/www_bget?mmu:56480">
        <graphics name="Tbk1, 1200008B05Rik, AI462036, AW048562" fgcolor="#000000" bgcolor="#BFFFBF"
             type="rectangle" x="590" y="584" width="46" height="17"/>
    </entry>
    <entry id="36" name="mmu:22034" type="gene"
        link="http://www.kegg.jp/dbget-bin/www_bget?mmu:22034">
        <graphics name="Traf6, 2310003F17Rik, AI851288, C630032O20Rik" fgcolor="#000000" bgcolor="#BFFFBF"
             type="rectangle" x="507" y="308" width="46" height="17"/>
    </entry>
    <entry id="37" name="mmu:56489" type="gene"
        link="http://www.kegg.jp/dbget-bin/www_bget?mmu:56489">
        <graphics name="Ikbke, AW558201, IKK-i, IKKepsilon, Ikki" fgcolor="#000000" bgcolor="#BFFFBF"
             type="rectangle" x="590" y="567" width="46" height="17"/>
    </entry>
    <entry id="38" name="mmu:14082" type="gene"
        link="http://www.kegg.jp/dbget-bin/www_bget?mmu:14082">
        <graphics name="Fadd, Mort1/FADD" fgcolor="#000000" bgcolor="#BFFFBF"
             type="rectangle" x="431" y="193" width="46" height="17"/>
    </entry>
    <entry id="39" name="mmu:16193" type="gene"
        link="http://www.kegg.jp/dbget-bin/www_bget?mmu:16193">
        <graphics name="Il6, Il-6" fgcolor="#000000" bgcolor="#BFFFBF"
             type="rectangle" x="1099" y="193" width="46" height="17"/>
    </entry>
    <entry id="40" name="mmu:20304" type="gene"
        link="http://www.kegg.jp/dbget-bin/www_bget?mmu:20304">
        <graphics name="Ccl5, MuRantes, RANTES, SISd, Scya5, TCP228" fgcolor="#000000" bgcolor="#BFFFBF"
             type="rectangle" x="1099" y="267" width="46" height="17"/>
    </entry>
    <entry id="41" name="mmu:66513" type="gene"
        link="http://www.kegg.jp/dbget-bin/www_bget?mmu:66513">
        <graphics name="Tab1, 2310012M03Rik, Map3k7ip1, b2b449Clo" fgcolor="#000000" bgcolor="#BFFFBF"
             type="rectangle" x="586" y="274" width="46" height="17"/>
    </entry>
    <entry id="42" name="mmu:11651 mmu:11652 mmu:23797" type="gene"
        link="http://www.kegg.jp/dbget-bin/www_bget?mmu:11651+mmu:11652+mmu:23797">
        <graphics name="Akt1, Akt, PKB, PKB/Akt, PKBalpha, Rac..." fgcolor="#000000" bgcolor="#BFFFBF"
             type="rectangle" x="507" y="130" width="46" height="17"/>
    </entry>
    <entry id="43" name="mmu:68652" type="gene"
        link="http://www.kegg.jp/dbget-bin/www_bget?mmu:68652">
        <graphics name="Tab2, 1110030N06Rik, A530078N03Rik, Map3k7ip2, mKIAA0733" fgcolor="#000000" bgcolor="#BFFFBF"
             type="rectangle" x="586" y="291" width="46" height="17"/>
    </entry>
    <entry id="44" name="mmu:20846" type="gene"
        link="http://www.kegg.jp/dbget-bin/www_bget?mmu:20846">
        <graphics name="Stat1, 2010005J02Rik, AA408197" fgcolor="#000000" bgcolor="#BFFFBF"
             type="rectangle" x="838" y="674" width="46" height="17"/>
    </entry>
    <entry id="45" name="mmu:18035" type="gene"
        link="http://www.kegg.jp/dbget-bin/www_bget?mmu:18035">
        <graphics name="Nfkbia, AI462015, Nfkbi" fgcolor="#000000" bgcolor="#BFFFBF"
             type="rectangle" x="837" y="247" width="46" height="17"/>
    </entry>
    <entry id="46" name="mmu:21926" type="gene"
        link="http://www.kegg.jp/dbget-bin/www_bget?mmu:21926">
        <graphics name="Tnf, DIF, TNF-a, TNF-alpha, TNFSF2, TNFalpha, Tnfa, Tnfsf1a" fgcolor="#000000" bgcolor="#BFFFBF"
             type="rectangle" x="1099" y="151" width="46" height="17"/>
    </entry>
    <entry id="47" name="mmu:54131" type="gene"
        link="http://www.kegg.jp/dbget-bin/www_bget?mmu:54131">
        <graphics name="Irf3, C920001K05Rik, IRF-3" fgcolor="#000000" bgcolor="#BFFFBF"
             type="rectangle" x="838" y="576" width="46" height="17"/>
    </entry>
    <entry id="48" name="mmu:12519" type="gene"
        link="http://www.kegg.jp/dbget-bin/www_bget?mmu:12519">
        <graphics name="Cd80, B71, Cd28l, Ly-53, Ly53, MIC17, TSA1" fgcolor="#000000" bgcolor="#BFFFBF"
             type="rectangle" x="1099" y="441" width="46" height="17"/>
    </entry>
    <entry id="49" name="mmu:24088" type="gene"
        link="http://www.kegg.jp/dbget-bin/www_bget?mmu:24088">
        <graphics name="Tlr2, Ly105" fgcolor="#000000" bgcolor="#BFFFBF"
             type="rectangle" x="250" y="193" width="46" height="17"/>
    </entry>
    <entry id="50" name="mmu:17087" type="gene"
        link="http://www.kegg.jp/dbget-bin/www_bget?mmu:17087">
        <graphics name="Ly96, ESOP-1, MD-2, MD2" fgcolor="#000000" bgcolor="#BFFFBF"
             type="rectangle" x="204" y="299" width="46" height="17"/>
    </entry>
    <entry id="51" name="mmu:53791" type="gene"
        link="http://www.kegg.jp/dbget-bin/www_bget?mmu:53791">
        <graphics name="Tlr5" fgcolor="#000000" bgcolor="#BFFFBF"
             type="rectangle" x="250" y="417" width="46" height="17"/>
    </entry>
    <entry id="52" name="mmu:142980" type="gene"
        link="http://www.kegg.jp/dbget-bin/www_bget?mmu:142980">
        <graphics name="Tlr3, AI957183" fgcolor="#000000" bgcolor="#BFFFBF"
             type="rectangle" x="352" y="584" width="46" height="17"/>
    </entry>
    <entry id="53" name="mmu:24088" type="gene"
        link="http://www.kegg.jp/dbget-bin/www_bget?mmu:24088">
        <graphics name="Tlr2, Ly105" fgcolor="#000000" bgcolor="#BFFFBF"
             type="rectangle" x="250" y="130" width="46" height="17"/>
    </entry>
    <entry id="54" name="mmu:21897" type="gene"
        link="http://www.kegg.jp/dbget-bin/www_bget?mmu:21897">
        <graphics name="Tlr1" fgcolor="#000000" bgcolor="#BFFFBF"
             type="rectangle" x="250" y="113" width="46" height="17"/>
    </entry>
    <entry id="55" name="mmu:21899" type="gene"
        link="http://www.kegg.jp/dbget-bin/www_bget?mmu:21899">
        <graphics name="Tlr6" fgcolor="#000000" bgcolor="#BFFFBF"
             type="rectangle" x="250" y="177" width="46" height="17"/>
    </entry>
    <entry id="56" name="mmu:16803" type="gene"
        link="http://www.kegg.jp/dbget-bin/www_bget?mmu:16803">
        <graphics name="Lbp, Bpifd2, Ly88" fgcolor="#000000" bgcolor="#BFFFBF"
             type="rectangle" x="172" y="245" width="46" height="17"/>
    </entry>
    <entry id="57" name="mmu:81897" type="gene"
        link="http://www.kegg.jp/dbget-bin/www_bget?mmu:81897">
        <graphics name="Tlr9" fgcolor="#000000" bgcolor="#BFFFBF"
             type="rectangle" x="352" y="543" width="46" height="17"/>
    </entry>
    <entry id="58" name="mmu:21898" type="gene"
        link="http://www.kegg.jp/dbget-bin/www_bget?mmu:21898">
        <graphics name="Tlr4, Lps, Ly87, Ran/M1, Rasl2-8" fgcolor="#000000" bgcolor="#BFFFBF"
             type="rectangle" x="250" y="308" width="46" height="17"/>
    </entry>
    <entry id="59" name="mmu:225471" type="gene"
        link="http://www.kegg.jp/dbget-bin/www_bget?mmu:225471">
        <graphics name="Ticam2, B430113A10, TICAM-2, TRAM, Tirp, Trif" fgcolor="#000000" bgcolor="#BFFFBF"
             type="rectangle" x="330" y="363" width="46" height="17"/>
    </entry>
    <entry id="60" name="mmu:54473" type="gene"
        link="http://www.kegg.jp/dbget-bin/www_bget?mmu:54473">
        <graphics name="Tollip, 4930403G24Rik, 4931428G15Rik" fgcolor="#000000" bgcolor="#BFFFBF"
             type="rectangle" x="330" y="176" width="46" height="17"/>
    </entry>
    <entry id="61" name="mmu:106759" type="gene"
        link="http://www.kegg.jp/dbget-bin/www_bget?mmu:106759">
        <graphics name="Ticam1, AW046014, AW547018, TICAM-1, TRIF" fgcolor="#000000" bgcolor="#BFFFBF"
             type="rectangle" x="435" y="584" width="46" height="17"/>
    </entry>
    <entry id="62" name="mmu:117149" type="gene"
        link="http://www.kegg.jp/dbget-bin/www_bget?mmu:117149">
        <graphics name="Tirap, AA407980, C130027E04Rik, Mal, Tlr4ap, Wyatt" fgcolor="#000000" bgcolor="#BFFFBF"
             type="rectangle" x="330" y="209" width="46" height="17"/>
    </entry>
    <entry id="63" name="mmu:12475" type="gene"
        link="http://www.kegg.jp/dbget-bin/www_bget?mmu:12475">
        <graphics name="Cd14" fgcolor="#000000" bgcolor="#BFFFBF"
             type="rectangle" x="251" y="261" width="46" height="17"/>
    </entry>
    <entry id="64" name="mmu:16151" type="gene"
        link="http://www.kegg.jp/dbget-bin/www_bget?mmu:16151">
        <graphics name="Ikbkg, 1110037D23Rik, AI848108, AI851264, AW124339, IKK[g], NEMO" fgcolor="#000000" bgcolor="#BFFFBF"
             type="rectangle" x="713" y="213" width="46" height="17"/>
    </entry>
    <entry id="65" name="mmu:266632" type="gene"
        link="http://www.kegg.jp/dbget-bin/www_bget?mmu:266632">
        <graphics name="Irak4, 8430405M07Rik, 9330209D03Rik, IRAK-4, NY-REN-64" fgcolor="#000000" bgcolor="#BFFFBF"
             type="rectangle" x="430" y="300" width="46" height="17"/>
    </entry>
    <entry id="66" name="mmu:12370" type="gene"
        link="http://www.kegg.jp/dbget-bin/www_bget?mmu:12370">
        <graphics name="Casp8, CASP-8, FLICE, MACH, Mch5" fgcolor="#000000" bgcolor="#BFFFBF"
             type="rectangle" x="507" y="193" width="46" height="17"/>
    </entry>
    <entry id="67" name="path:mmu04620" type="map"
        link="http://www.kegg.jp/dbget-bin/www_bget?mmu04620">
        <graphics name="TITLE:Toll-like receptor signaling pathway" fgcolor="#000000" bgcolor="#FFFFFF"
             type="roundrectangle" x="209" y="58" width="337" height="25"/>
    </entry>
    <entry id="68" name="path:mmu04120" type="map"
        link="http://www.kegg.jp/dbget-bin/www_bget?mmu04120">
        <graphics name="Ubiquitin mediated proteolysis" fgcolor="#000000" bgcolor="#FFFFFF"
             type="roundrectangle" x="865" y="86" width="110" height="34"/>
    </entry>
    <entry id="69" name="path:mmu04210" type="map"
        link="http://www.kegg.jp/dbget-bin/www_bget?mmu04210">
        <graphics name="Apoptosis" fgcolor="#000000" bgcolor="#FFFFFF"
             type="roundrectangle" x="623" y="193" width="109" height="25"/>
    </entry>
    <entry id="70" name="path:mmu04610" type="map"
        link="http://www.kegg.jp/dbget-bin/www_bget?mmu04610">
        <graphics name="Complement and coagulation cascades" fgcolor="#000000" bgcolor="#FFFFFF"
             type="roundrectangle" x="1236" y="323" width="126" height="34"/>
    </entry>
    <entry id="71" name="path:mmu04060" type="map"
        link="http://www.kegg.jp/dbget-bin/www_bget?mmu04060">
        <graphics name="Cytokine-cytokine receptor interaction" fgcolor="#000000" bgcolor="#FFFFFF"
             type="roundrectangle" x="1235" y="616" width="126" height="45"/>
    </entry>
    <entry id="72" name="path:mmu04630" type="map"
        link="http://www.kegg.jp/dbget-bin/www_bget?mmu04630">
        <graphics name="Jak-STAT signaling pathway" fgcolor="#000000" bgcolor="#FFFFFF"
             type="roundrectangle" x="643" y="706" width="110" height="34"/>
    </entry>
    <entry id="73" name="path:map02040" type="map"
        link="http://www.kegg.jp/dbget-bin/www_bget?map02040">
        <graphics name="Flagellar assembly" fgcolor="#000000" bgcolor="#FFFFFF"
             type="roundrectangle" x="112" y="385" width="113" height="25"/>
    </entry>
    <entry id="74" name="path:map00540" type="map"
        link="http://www.kegg.jp/dbget-bin/www_bget?map00540">
        <graphics name="Lipopolysaccharide biosynthesis" fgcolor="#000000" bgcolor="#FFFFFF"
             type="roundrectangle" x="112" y="296" width="113" height="34"/>
    </entry>
    <entry id="75" name="path:mmu04010" type="map"
        link="http://www.kegg.jp/dbget-bin/www_bget?mmu04010">
        <graphics name="MAPK signaling pathway" fgcolor="#000000" bgcolor="#FFFFFF"
             type="roundrectangle" x="748" y="349" width="108" height="34"/>
    </entry>
    <entry id="76" name="mmu:20302" type="gene"
        link="http://www.kegg.jp/dbget-bin/www_bget?mmu:20302">
        <graphics name="Ccl3, AI323804, G0S19-1, LD78alpha, MIP-1alpha, MIP1-(a), MIP1-alpha, Mip1a, Scya3" fgcolor="#000000" bgcolor="#BFFFBF"
             type="rectangle" x="1099" y="289" width="46" height="17"/>
    </entry>
    <entry id="77" name="mmu:17329" type="gene"
        link="http://www.kegg.jp/dbget-bin/www_bget?mmu:17329">
        <graphics name="Cxcl9, BB139920, CMK, Mig, MuMIG, Scyb9, crg-10" fgcolor="#000000" bgcolor="#BFFFBF"
             type="rectangle" x="1099" y="675" width="46" height="17"/>
    </entry>
    <entry id="78" name="mmu:18706 mmu:18707 mmu:18708 mmu:18709 mmu:18710 mmu:30955 mmu:320207 mmu:74769" type="gene"
        link="http://www.kegg.jp/dbget-bin/www_bget?mmu:18706+mmu:18707+mmu:18708+mmu:18709+mmu:18710+mmu:30955+mmu:320207+mmu:74769">
        <graphics name="Pik3ca, 6330412C24Rik, caPI3K, p110, p110alpha..." fgcolor="#000000" bgcolor="#BFFFBF"
             type="rectangle" x="431" y="130" width="46" height="17"/>
    </entry>
    <entry id="79" name="mmu:15975 mmu:15976" type="gene"
        link="http://www.kegg.jp/dbget-bin/www_bget?mmu:15975+mmu:15976">
        <graphics name="Ifnar1, CD118, Ifar, Ifnar, Ifrc, Infar..." fgcolor="#000000" bgcolor="#BFFFBF"
             type="rectangle" x="251" y="674" width="46" height="17"/>
    </entry>
    <entry id="80" name="mmu:170743 mmu:170744" type="gene"
        link="http://www.kegg.jp/dbget-bin/www_bget?mmu:170743+mmu:170744">
        <graphics name="Tlr7..." fgcolor="#000000" bgcolor="#BFFFBF"
             type="rectangle" x="352" y="498" width="46" height="17"/>
    </entry>
    <entry id="81" name="mmu:26398 mmu:26400" type="gene"
        link="http://www.kegg.jp/dbget-bin/www_bget?mmu:26398+mmu:26400">
        <graphics name="Map2k4, JNKK1, MEK4, MKK4, PRKMK4, Sek1, Serk1..." fgcolor="#000000" bgcolor="#BFFFBF"
             type="rectangle" x="699" y="413" width="46" height="17"/>
    </entry>
    <entry id="82" name="mmu:18033 mmu:19697" type="gene"
        link="http://www.kegg.jp/dbget-bin/www_bget?mmu:18033+mmu:19697">
        <graphics name="Nfkb1, NF-KB1, NF-kappaB, NF-kappaB1, p105, p50, p50/p105..." fgcolor="#000000" bgcolor="#BFFFBF"
             type="rectangle" x="837" y="219" width="46" height="17"/>
    </entry>
    <entry id="83" name="mmu:26397 mmu:26399" type="gene"
        link="http://www.kegg.jp/dbget-bin/www_bget?mmu:26397+mmu:26399">
        <graphics name="Map2k3, AW212142, MEK3, MKK3, Prkmk3, mMKK3b..." fgcolor="#000000" bgcolor="#BFFFBF"
             type="rectangle" x="699" y="384" width="46" height="17"/>
    </entry>
    <entry id="84" name="mmu:26395 mmu:26396" type="gene"
        link="http://www.kegg.jp/dbget-bin/www_bget?mmu:26395+mmu:26396">
        <graphics name="Map2k1, MAPKK1, MEKK1, Mek1, Prkmk1..." fgcolor="#000000" bgcolor="#BFFFBF"
             type="rectangle" x="765" y="317" width="46" height="17"/>
    </entry>
    <entry id="85" name="mmu:14281 mmu:16476" type="gene"
        link="http://www.kegg.jp/dbget-bin/www_bget?mmu:14281+mmu:16476">
        <graphics name="Fos, D12Rfj1, c-fos, cFos..." fgcolor="#000000" bgcolor="#BFFFBF"
             type="rectangle" x="951" y="361" width="46" height="17"/>
    </entry>
    <entry id="86" name="mmu:16159 mmu:16160" type="gene"
        link="http://www.kegg.jp/dbget-bin/www_bget?mmu:16159+mmu:16160">
        <graphics name="Il12a, IL-12p35, Il-12a, Ll12a, p35..." fgcolor="#000000" bgcolor="#BFFFBF"
             type="rectangle" x="1099" y="214" width="46" height="17"/>
    </entry>
    <entry id="87" name="mmu:20303" type="gene"
        link="http://www.kegg.jp/dbget-bin/www_bget?mmu:20303">
        <graphics name="Ccl4, AT744.1, Act-2, MIP-1B, Mip1b, Scya4" fgcolor="#000000" bgcolor="#BFFFBF"
             type="rectangle" x="1099" y="310" width="46" height="17"/>
    </entry>
    <entry id="88" name="mmu:13038" type="gene"
        link="http://www.kegg.jp/dbget-bin/www_bget?mmu:13038">
        <graphics name="Ctsk, AI323530, MMS10-Q, Ms10q, catK" fgcolor="#000000" bgcolor="#BFFFBF"
             type="rectangle" x="303" y="529" width="46" height="17"/>
    </entry>
    <entry id="89" name="path:mmu04064" type="map"
        link="http://www.kegg.jp/dbget-bin/www_bget?mmu04064">
        <graphics name="NF-kappa B signaling pathway" fgcolor="#000000" bgcolor="#FFFFFF"
             type="roundrectangle" x="774" y="170" width="108" height="34"/>
    </entry>
    <entry id="90" name="path:mmu04151" type="map"
        link="http://www.kegg.jp/dbget-bin/www_bget?mmu04151">
        <graphics name="PI3K-Akt signaling pathway" fgcolor="#000000" bgcolor="#FFFFFF"
             type="roundrectangle" x="469" y="96" width="108" height="34"/>
    </entry>
    <entry id="91" name="undefined" type="group">
        <graphics fgcolor="#000000" bgcolor="#FFFFFF"
             type="rectangle" x="330" y="192" width="46" height="50"/>
        <component id="31"/>
        <component id="60"/>
        <component id="62"/>
    </entry>
    <entry id="92" name="undefined" type="group">
        <graphics fgcolor="#000000" bgcolor="#FFFFFF"
             type="rectangle" x="430" y="308" width="46" height="34"/>
        <component id="27"/>
        <component id="65"/>
    </entry>
    <entry id="93" name="undefined" type="group">
        <graphics fgcolor="#000000" bgcolor="#FFFFFF"
             type="rectangle" x="330" y="299" width="46" height="34"/>
        <component id="30"/>
        <component id="8"/>
    </entry>
    <entry id="94" name="undefined" type="group">
        <graphics fgcolor="#000000" bgcolor="#FFFFFF"
             type="rectangle" x="590" y="575" width="46" height="34"/>
        <component id="35"/>
        <component id="37"/>
    </entry>
    <entry id="95" name="undefined" type="group">
        <graphics fgcolor="#000000" bgcolor="#FFFFFF"
             type="rectangle" x="584" y="397" width="46" height="34"/>
        <component id="15"/>
        <component id="9"/>
    </entry>
    <entry id="96" name="undefined" type="group">
        <graphics fgcolor="#000000" bgcolor="#FFFFFF"
             type="rectangle" x="713" y="230" width="46" height="51"/>
        <component id="24"/>
        <component id="28"/>
        <component id="64"/>
    </entry>
    <relation entry1="17" entry2="46" type="GErel">
        <subtype name="expression" value="--&gt;"/>
    </relation>
    <relation entry1="16" entry2="21" type="GErel">
        <subtype name="expression" value="--&gt;"/>
    </relation>
    <relation entry1="16" entry2="20" type="GErel">
        <subtype name="expression" value="--&gt;"/>
    </relation>
    <relation entry1="47" entry2="23" type="GErel">
        <subtype name="expression" value="--&gt;"/>
    </relation>
    <relation entry1="47" entry2="48" type="GErel">
        <subtype name="expression" value="--&gt;"/>
    </relation>
    <relation entry1="47" entry2="22" type="GErel">
        <subtype name="expression" value="--&gt;"/>
    </relation>
    <relation entry1="47" entry2="20" type="GErel">
        <subtype name="expression" value="--&gt;"/>
    </relation>
    <relation entry1="47" entry2="19" type="GErel">
        <subtype name="expression" value="--&gt;"/>
    </relation>
    <relation entry1="47" entry2="18" type="GErel">
        <subtype name="expression" value="--&gt;"/>
    </relation>
    <relation entry1="44" entry2="19" type="GErel">
        <subtype name="expression" value="--&gt;"/>
    </relation>
    <relation entry1="44" entry2="18" type="GErel">
        <subtype name="expression" value="--&gt;"/>
    </relation>
    <relation entry1="53" entry2="32" type="PPrel">
        <subtype name="activation" value="--&gt;"/>
    </relation>
    <relation entry1="53" entry2="91" type="PPrel">
        <subtype name="activation" value="--&gt;"/>
    </relation>
    <relation entry1="31" entry2="38" type="PPrel">
        <subtype name="activation" value="--&gt;"/>
    </relation>
    <relation entry1="38" entry2="66" type="PPrel">
        <subtype name="activation" value="--&gt;"/>
    </relation>
    <relation entry1="49" entry2="91" type="PPrel">
        <subtype name="activation" value="--&gt;"/>
    </relation>
    <relation entry1="31" entry2="92" type="PPrel">
        <subtype name="activation" value="--&gt;"/>
    </relation>
    <relation entry1="63" entry2="58" type="PPrel">
        <subtype name="activation" value="--&gt;"/>
    </relation>
    <relation entry1="58" entry2="8" type="PPrel">
        <subtype name="activation" value="--&gt;"/>
    </relation>
    <relation entry1="8" entry2="92" type="PPrel">
        <subtype name="activation" value="--&gt;"/>
    </relation>
    <relation entry1="93" entry2="36" type="PPrel">
        <subtype name="activation" value="--&gt;"/>
    </relation>
    <relation entry1="36" entry2="25" type="PPrel">
        <subtype name="activation" value="--&gt;"/>
    </relation>
    <relation entry1="36" entry2="17" type="PPrel">
        <subtype name="activation" value="--&gt;"/>
    </relation>
    <relation entry1="58" entry2="59" type="PPrel">
        <subtype name="activation" value="--&gt;"/>
    </relation>
    <relation entry1="59" entry2="61" type="PPrel">
        <subtype name="activation" value="--&gt;"/>
    </relation>
    <relation entry1="51" entry2="7" type="PPrel">
        <subtype name="activation" value="--&gt;"/>
    </relation>
    <relation entry1="7" entry2="92" type="PPrel">
        <subtype name="activation" value="--&gt;"/>
    </relation>
    <relation entry1="92" entry2="36" type="PPrel">
        <subtype name="activation" value="--&gt;"/>
    </relation>
    <relation entry1="6" entry2="27" type="PPrel">
        <subtype name="activation" value="--&gt;"/>
    </relation>
    <relation entry1="57" entry2="6" type="PPrel">
        <subtype name="activation" value="--&gt;"/>
    </relation>
    <relation entry1="52" entry2="61" type="PPrel">
        <subtype name="activation" value="--&gt;"/>
    </relation>
    <relation entry1="61" entry2="14" type="PPrel">
        <subtype name="activation" value="--&gt;"/>
    </relation>
    <relation entry1="14" entry2="94" type="PPrel">
        <subtype name="activation" value="--&gt;"/>
    </relation>
    <relation entry1="95" entry2="25" type="PPrel">
        <subtype name="activation" value="--&gt;"/>
    </relation>
    <relation entry1="96" entry2="12" type="PPrel">
        <subtype name="activation" value="--&gt;"/>
    </relation>
    <relation entry1="3" entry2="17" type="PPrel">
        <subtype name="activation" value="--&gt;"/>
    </relation>
    <relation entry1="3" entry2="16" type="PPrel">
        <subtype name="activation" value="--&gt;"/>
        <subtype name="phosphorylation" value="+p"/>
    </relation>
    <relation entry1="5" entry2="3" type="PPrel">
        <subtype name="binding/association" value="---"/>
    </relation>
    <relation entry1="5" entry2="4" type="PPrel">
        <subtype name="activation" value="--&gt;"/>
        <subtype name="phosphorylation" value="+p"/>
    </relation>
    <relation entry1="4" entry2="16" type="PPrel">
        <subtype name="activation" value="--&gt;"/>
        <subtype name="phosphorylation" value="+p"/>
    </relation>
    <relation entry1="94" entry2="16" type="PPrel">
        <subtype name="activation" value="--&gt;"/>
        <subtype name="phosphorylation" value="+p"/>
    </relation>
    <relation entry1="94" entry2="47" type="PPrel">
        <subtype name="activation" value="--&gt;"/>
        <subtype name="phosphorylation" value="+p"/>
    </relation>
    <relation entry1="61" entry2="95" type="PPrel">
        <subtype name="activation" value="--&gt;"/>
    </relation>
    <relation entry1="8" entry2="38" type="PPrel">
        <subtype name="activation" value="--&gt;"/>
    </relation>
    <relation entry1="54" entry2="53" type="PPrel">
        <subtype name="binding/association" value="---"/>
    </relation>
    <relation entry1="55" entry2="49" type="PPrel">
        <subtype name="binding/association" value="---"/>
    </relation>
    <relation entry1="50" entry2="58" type="PPrel">
        <subtype name="binding/association" value="---"/>
    </relation>
    <relation entry1="45" entry2="82" type="PPrel">
        <subtype name="inhibition" value="--|"/>
    </relation>
    <relation entry1="80" entry2="6" type="PPrel">
        <subtype name="binding/association" value="---"/>
    </relation>
    <relation entry1="15" entry2="9" type="PPrel">
        <subtype name="inhibition" value="--|"/>
    </relation>
    <relation entry1="41" entry2="43" type="PPrel">
        <subtype name="binding/association" value="---"/>
    </relation>
    <relation entry1="41" entry2="25" type="PPrel">
        <subtype name="binding/association" value="---"/>
    </relation>
    <relation entry1="11" entry2="12" type="PPrel">
        <subtype name="inhibition" value="--|"/>
    </relation>
    <relation entry1="11" entry2="84" type="PPrel">
        <subtype name="phosphorylation" value="+p"/>
    </relation>
    <relation entry1="84" entry2="10" type="PPrel">
        <subtype name="phosphorylation" value="+p"/>
    </relation>
    <relation entry1="83" entry2="26" type="PPrel">
        <subtype name="phosphorylation" value="+p"/>
    </relation>
    <relation entry1="81" entry2="33" type="PPrel">
        <subtype name="phosphorylation" value="+p"/>
    </relation>
    <relation entry1="33" entry2="85" type="PPrel">
        <subtype name="phosphorylation" value="+p"/>
    </relation>
    <relation entry1="32" entry2="78" type="PPrel">
        <subtype name="activation" value="--&gt;"/>
    </relation>
    <relation entry1="1" entry2="79" type="PPrel">
        <subtype name="activation" value="--&gt;"/>
    </relation>
    <relation entry1="79" entry2="44" type="PPrel">
        <subtype name="activation" value="--&gt;"/>
    </relation>
    <relation entry1="44" entry2="77" type="PPrel">
        <subtype name="expression" value="--&gt;"/>
    </relation>
    <relation entry1="17" entry2="34" type="PPrel">
        <subtype name="expression" value="--&gt;"/>
    </relation>
    <relation entry1="17" entry2="39" type="PPrel">
        <subtype name="expression" value="--&gt;"/>
    </relation>
    <relation entry1="17" entry2="86" type="PPrel">
        <subtype name="expression" value="--&gt;"/>
    </relation>
    <relation entry1="17" entry2="40" type="PPrel">
        <subtype name="expression" value="--&gt;"/>
    </relation>
    <relation entry1="17" entry2="76" type="PPrel">
        <subtype name="expression" value="--&gt;"/>
    </relation>
    <relation entry1="17" entry2="87" type="PPrel">
    </relation>
    <relation entry1="2" entry2="16" type="PPrel">
        <subtype name="phosphorylation" value="+p"/>
    </relation>
    <relation entry1="13" entry2="16" type="PPrel">
        <subtype name="activation" value="--&gt;"/>
    </relation>
    <relation entry1="26" entry2="85" type="PPrel">
        <subtype name="activation" value="--&gt;"/>
    </relation>
    <relation entry1="10" entry2="85" type="PPrel">
        <subtype name="activation" value="--&gt;"/>
    </relation>
    <relation entry1="47" entry2="77" type="PPrel">
        <subtype name="expression" value="--&gt;"/>
    </relation>
    <relation entry1="85" entry2="46" type="PPrel">
        <subtype name="expression" value="--&gt;"/>
    </relation>
    <relation entry1="85" entry2="34" type="PPrel">
        <subtype name="expression" value="--&gt;"/>
    </relation>
    <relation entry1="85" entry2="39" type="PPrel">
        <subtype name="expression" value="--&gt;"/>
    </relation>
    <relation entry1="85" entry2="86" type="PPrel">
        <subtype name="expression" value="--&gt;"/>
    </relation>
    <relation entry1="85" entry2="40" type="PPrel">
        <subtype name="expression" value="--&gt;"/>
    </relation>
    <relation entry1="85" entry2="76" type="PPrel">
        <subtype name="expression" value="--&gt;"/>
    </relation>
    <relation entry1="85" entry2="87" type="PPrel">
        <subtype name="expression" value="--&gt;"/>
    </relation>
    <relation entry1="82" entry2="46" type="PPrel">
        <subtype name="expression" value="--&gt;"/>
    </relation>
    <relation entry1="82" entry2="34" type="PPrel">
        <subtype name="expression" value="--&gt;"/>
    </relation>
    <relation entry1="82" entry2="39" type="PPrel">
        <subtype name="expression" value="--&gt;"/>
    </relation>
    <relation entry1="82" entry2="86" type="PPrel">
        <subtype name="expression" value="--&gt;"/>
    </relation>
    <relation entry1="82" entry2="40" type="PPrel">
        <subtype name="expression" value="--&gt;"/>
    </relation>
    <relation entry1="82" entry2="76" type="PPrel">
        <subtype name="expression" value="--&gt;"/>
    </relation>
    <relation entry1="82" entry2="87" type="PPrel">
        <subtype name="expression" value="--&gt;"/>
    </relation>
    <relation entry1="24" entry2="45" type="PPrel">
        <subtype name="phosphorylation" value="+p"/>
    </relation>
    <relation entry1="25" entry2="24" type="PPrel">
        <subtype name="activation" value="--&gt;"/>
        <subtype name="phosphorylation" value="+p"/>
    </relation>
    <relation entry1="25" entry2="83" type="PPrel">
        <subtype name="activation" value="--&gt;"/>
        <subtype name="phosphorylation" value="+p"/>
    </relation>
    <relation entry1="25" entry2="81" type="PPrel">
        <subtype name="activation" value="--&gt;"/>
        <subtype name="phosphorylation" value="+p"/>
    </relation>
    <relation entry1="78" entry2="42" type="PPrel">
        <subtype name="activation" value="--&gt;"/>
        <subtype name="indirect effect" value="..&gt;"/>
    </relation>
    <relation entry1="42" entry2="82" type="PPrel">
        <subtype name="activation" value="--&gt;"/>
        <subtype name="indirect effect" value="..&gt;"/>
    </relation>
    <relation entry1="49" entry2="32" type="PPrel">
        <subtype name="activation" value="--&gt;"/>
    </relation>
</pathway>
