<?xml version="1.0"?>
<!DOCTYPE pathway SYSTEM "http://www.kegg.jp/kegg/xml/KGML_v0.7.1_.dtd">
<!-- Creation date: Oct 23, 2015 10:33:05 +0900 (GMT+9) -->
<pathway name="path:mmu04972" org="mmu" number="04972"
         title="Pancreatic secretion"
         image="http://www.kegg.jp/kegg/pathway/mmu/mmu04972.png"
         link="http://www.kegg.jp/kegg-bin/show_pathway?mmu04972">
    <entry id="1" name="path:mmu04972" type="map"
        link="http://www.kegg.jp/dbget-bin/www_bget?mmu04972">
        <graphics name="TITLE:Pancreatic secretion" fgcolor="#000000" bgcolor="#FFFFFF"
             type="roundrectangle" x="141" y="58" width="201" height="25"/>
    </entry>
    <entry id="2" name="path:mmu04530" type="map"
        link="http://www.kegg.jp/dbget-bin/www_bget?mmu04530">
        <graphics name="Tight junction" fgcolor="#000000" bgcolor="#FFFFFF"
             type="roundrectangle" x="670" y="152" width="115" height="25"/>
    </entry>
    <entry id="3" name="cpd:C01330" type="compound"
        link="http://www.kegg.jp/dbget-bin/www_bget?C01330">
        <graphics name="C01330" fgcolor="#000000" bgcolor="#FFFFFF"
             type="circle" x="109" y="417" width="8" height="8"/>
    </entry>
    <entry id="4" name="cpd:C00698" type="compound"
        link="http://www.kegg.jp/dbget-bin/www_bget?C00698">
        <graphics name="C00698" fgcolor="#000000" bgcolor="#FFFFFF"
             type="circle" x="109" y="395" width="8" height="8"/>
    </entry>
    <entry id="5" name="cpd:C00238" type="compound"
        link="http://www.kegg.jp/dbget-bin/www_bget?C00238">
        <graphics name="C00238" fgcolor="#000000" bgcolor="#FFFFFF"
             type="circle" x="109" y="375" width="8" height="8"/>
    </entry>
    <entry id="6" name="cpd:C01330" type="compound"
        link="http://www.kegg.jp/dbget-bin/www_bget?C01330">
        <graphics name="C01330" fgcolor="#000000" bgcolor="#FFFFFF"
             type="circle" x="162" y="696" width="8" height="8"/>
    </entry>
    <entry id="7" name="mmu:12425" type="gene"
        link="http://www.kegg.jp/dbget-bin/www_bget?mmu:12425">
        <graphics name="Cckar, AW106902" fgcolor="#000000" bgcolor="#BFFFBF"
             type="rectangle" x="199" y="333" width="46" height="17"/>
    </entry>
    <entry id="8" name="mmu:12671" type="gene"
        link="http://www.kegg.jp/dbget-bin/www_bget?mmu:12671">
        <graphics name="Chrm3, Chrm-3, M3, M3R" fgcolor="#000000" bgcolor="#BFFFBF"
             type="rectangle" x="199" y="292" width="46" height="17"/>
    </entry>
    <entry id="9" name="mmu:20496" type="gene"
        link="http://www.kegg.jp/dbget-bin/www_bget?mmu:20496">
        <graphics name="Slc12a2, 9330166H04Rik, Nkcc1, mBSC2, sy-ns" fgcolor="#000000" bgcolor="#BFFFBF"
             type="rectangle" x="199" y="399" width="46" height="17"/>
    </entry>
    <entry id="10" name="mmu:14682" type="gene"
        link="http://www.kegg.jp/dbget-bin/www_bget?mmu:14682">
        <graphics name="Gnaq, 1110005L02Rik, 6230401I02Rik, AA408290, AW060788, Dsk1, Dsk10, Galphaq, Gq, GqI" fgcolor="#000000" bgcolor="#BFFFBF"
             type="rectangle" x="294" y="293" width="46" height="17"/>
    </entry>
    <entry id="11" name="mmu:18795 mmu:18796 mmu:18797 mmu:18798" type="gene"
        link="http://www.kegg.jp/dbget-bin/www_bget?mmu:18795+mmu:18796+mmu:18797+mmu:18798">
        <graphics name="Plcb1, 3110043I21Rik, AI132408, Plcb, mKIAA0581..." fgcolor="#000000" bgcolor="#BFFFBF"
             type="rectangle" x="367" y="292" width="46" height="17"/>
    </entry>
    <entry id="12" name="mmu:16438 mmu:16439 mmu:16440" type="gene"
        link="http://www.kegg.jp/dbget-bin/www_bget?mmu:16438+mmu:16439+mmu:16440">
        <graphics name="Itpr1, D6Pas2, Gm10429, IP3R1, InsP3R, Ip3r, Itpr-1, P400, Pcp-1, Pcp1, opt..." fgcolor="#000000" bgcolor="#BFFFBF"
             type="rectangle" x="525" y="475" width="46" height="17"/>
    </entry>
    <entry id="13" name="cpd:C01245" type="compound"
        link="http://www.kegg.jp/dbget-bin/www_bget?C01245">
        <graphics name="C01245" fgcolor="#000000" bgcolor="#FFFFFF"
             type="circle" x="418" y="364" width="8" height="8"/>
    </entry>
    <entry id="14" name="cpd:C00076" type="compound"
        link="http://www.kegg.jp/dbget-bin/www_bget?C00076">
        <graphics name="C00076" fgcolor="#000000" bgcolor="#FFFFFF"
             type="circle" x="415" y="482" width="8" height="8"/>
    </entry>
    <entry id="15" name="mmu:11941 mmu:320707 mmu:381290 mmu:67972" type="gene"
        link="http://www.kegg.jp/dbget-bin/www_bget?mmu:11941+mmu:320707+mmu:381290+mmu:67972">
        <graphics name="Atp2b2, D6Abb2e, Gena300, PMCA2, Tmy, dfw, jog, wms, wri..." fgcolor="#000000" bgcolor="#BFFFBF"
             type="rectangle" x="199" y="531" width="46" height="17"/>
    </entry>
    <entry id="16" name="cpd:C00076" type="compound"
        link="http://www.kegg.jp/dbget-bin/www_bget?C00076">
        <graphics name="C00076" fgcolor="#000000" bgcolor="#FFFFFF"
             type="circle" x="249" y="530" width="8" height="8"/>
    </entry>
    <entry id="17" name="cpd:C00165" type="compound"
        link="http://www.kegg.jp/dbget-bin/www_bget?C00165">
        <graphics name="C00165" fgcolor="#000000" bgcolor="#FFFFFF"
             type="circle" x="400" y="253" width="8" height="8"/>
    </entry>
    <entry id="18" name="mmu:18750 mmu:18751 mmu:18752" type="gene"
        link="http://www.kegg.jp/dbget-bin/www_bget?mmu:18750+mmu:18751+mmu:18752">
        <graphics name="Prkca, AI875142, Pkca..." fgcolor="#000000" bgcolor="#BFFFBF"
             type="rectangle" x="479" y="257" width="46" height="17"/>
    </entry>
    <entry id="19" name="cpd:C16114" type="compound"
        link="http://www.kegg.jp/dbget-bin/www_bget?C16114">
        <graphics name="C16114" fgcolor="#000000" bgcolor="#FFFFFF"
             type="circle" x="131" y="331" width="8" height="8"/>
    </entry>
    <entry id="20" name="cpd:C01996" type="compound"
        link="http://www.kegg.jp/dbget-bin/www_bget?C01996">
        <graphics name="C01996" fgcolor="#000000" bgcolor="#FFFFFF"
             type="circle" x="131" y="291" width="8" height="8"/>
    </entry>
    <entry id="21" name="mmu:16535" type="gene"
        link="http://www.kegg.jp/dbget-bin/www_bget?mmu:16535">
        <graphics name="Kcnq1, AW559127, KVLQT1, Kcna9" fgcolor="#000000" bgcolor="#BFFFBF"
             type="rectangle" x="199" y="463" width="46" height="17"/>
    </entry>
    <entry id="22" name="cpd:C00238" type="compound"
        link="http://www.kegg.jp/dbget-bin/www_bget?C00238">
        <graphics name="C00238" fgcolor="#000000" bgcolor="#FFFFFF"
             type="circle" x="262" y="463" width="8" height="8"/>
    </entry>
    <entry id="23" name="mmu:16531" type="gene"
        link="http://www.kegg.jp/dbget-bin/www_bget?mmu:16531">
        <graphics name="Kcnma1, 5730414M22Rik, BKCa, MaxiK, Slo, Slo1, mSlo, mSlo1" fgcolor="#000000" bgcolor="#BFFFBF"
             type="rectangle" x="199" y="500" width="46" height="17"/>
    </entry>
    <entry id="24" name="cpd:C00238" type="compound"
        link="http://www.kegg.jp/dbget-bin/www_bget?C00238">
        <graphics name="C00238" fgcolor="#000000" bgcolor="#FFFFFF"
             type="circle" x="263" y="500" width="8" height="8"/>
    </entry>
    <entry id="25" name="path:mmu04020" type="map"
        link="http://www.kegg.jp/dbget-bin/www_bget?mmu04020">
        <graphics name="Calcium signaling pathway" fgcolor="#000000" bgcolor="#FFFFFF"
             type="roundrectangle" x="375" y="409" width="107" height="34"/>
    </entry>
    <entry id="26" name="mmu:11928 mmu:11931 mmu:11932 mmu:11933 mmu:11936 mmu:232975 mmu:27222 mmu:67821 mmu:98660" type="gene"
        link="http://www.kegg.jp/dbget-bin/www_bget?mmu:11928+mmu:11931+mmu:11932+mmu:11933+mmu:11936+mmu:232975+mmu:27222+mmu:67821+mmu:98660">
        <graphics name="Atp1a1, Atpa-1, BC010319..." fgcolor="#000000" bgcolor="#BFFFBF"
             type="rectangle" x="199" y="430" width="46" height="17"/>
    </entry>
    <entry id="27" name="cpd:C01330" type="compound"
        link="http://www.kegg.jp/dbget-bin/www_bget?C01330">
        <graphics name="C01330" fgcolor="#000000" bgcolor="#FFFFFF"
             type="circle" x="262" y="435" width="8" height="8"/>
    </entry>
    <entry id="28" name="cpd:C00238" type="compound"
        link="http://www.kegg.jp/dbget-bin/www_bget?C00238">
        <graphics name="C00238" fgcolor="#000000" bgcolor="#FFFFFF"
             type="circle" x="147" y="426" width="8" height="8"/>
    </entry>
    <entry id="29" name="mmu:20544" type="gene"
        link="http://www.kegg.jp/dbget-bin/www_bget?mmu:20544">
        <graphics name="Slc9a1, AW554487, Apnh, Mir5122, Nhe1, mir-5122, swe" fgcolor="#000000" bgcolor="#BFFFBF"
             type="rectangle" x="199" y="901" width="46" height="17"/>
    </entry>
    <entry id="30" name="cpd:C01330" type="compound"
        link="http://www.kegg.jp/dbget-bin/www_bget?C01330">
        <graphics name="C01330" fgcolor="#000000" bgcolor="#FFFFFF"
             type="circle" x="145" y="897" width="8" height="8"/>
    </entry>
    <entry id="31" name="cpd:C00080" type="compound"
        link="http://www.kegg.jp/dbget-bin/www_bget?C00080">
        <graphics name="C00080" fgcolor="#000000" bgcolor="#FFFFFF"
             type="circle" x="258" y="905" width="8" height="8"/>
    </entry>
    <entry id="32" name="cpd:C00698" type="compound"
        link="http://www.kegg.jp/dbget-bin/www_bget?C00698">
        <graphics name="C00698" fgcolor="#000000" bgcolor="#FFFFFF"
             type="circle" x="768" y="864" width="8" height="8"/>
    </entry>
    <entry id="33" name="cpd:C00288" type="compound"
        link="http://www.kegg.jp/dbget-bin/www_bget?C00288">
        <graphics name="C00288" fgcolor="#000000" bgcolor="#FFFFFF"
             type="circle" x="659" y="872" width="8" height="8"/>
    </entry>
    <entry id="34" name="cpd:C01353" type="compound"
        link="http://www.kegg.jp/dbget-bin/www_bget?C01353">
        <graphics name="C01353" fgcolor="#000000" bgcolor="#FFFFFF"
             type="circle" x="417" y="928" width="8" height="8"/>
    </entry>
    <entry id="35" name="cpd:C00001" type="compound"
        link="http://www.kegg.jp/dbget-bin/www_bget?C00001">
        <graphics name="C00001" fgcolor="#000000" bgcolor="#FFFFFF"
             type="circle" x="439" y="965" width="8" height="8"/>
    </entry>
    <entry id="36" name="cpd:C00011" type="compound"
        link="http://www.kegg.jp/dbget-bin/www_bget?C00011">
        <graphics name="C00011" fgcolor="#000000" bgcolor="#FFFFFF"
             type="circle" x="395" y="965" width="8" height="8"/>
    </entry>
    <entry id="37" name="mmu:13487" type="gene"
        link="http://www.kegg.jp/dbget-bin/www_bget?mmu:13487">
        <graphics name="Slc26a3, 9030623B18Rik, 9130013M11Rik, AV376035, Dra" fgcolor="#000000" bgcolor="#BFFFBF"
             type="rectangle" x="702" y="868" width="46" height="17"/>
    </entry>
    <entry id="38" name="mmu:11928 mmu:11931 mmu:11932 mmu:11933 mmu:11936 mmu:232975 mmu:27222 mmu:67821 mmu:98660" type="gene"
        link="http://www.kegg.jp/dbget-bin/www_bget?mmu:11928+mmu:11931+mmu:11932+mmu:11933+mmu:11936+mmu:232975+mmu:27222+mmu:67821+mmu:98660">
        <graphics name="Atp1a1, Atpa-1, BC010319..." fgcolor="#000000" bgcolor="#BFFFBF"
             type="rectangle" x="199" y="938" width="46" height="17"/>
    </entry>
    <entry id="39" name="mmu:16531" type="gene"
        link="http://www.kegg.jp/dbget-bin/www_bget?mmu:16531">
        <graphics name="Kcnma1, 5730414M22Rik, BKCa, MaxiK, Slo, Slo1, mSlo, mSlo1" fgcolor="#000000" bgcolor="#BFFFBF"
             type="rectangle" x="199" y="837" width="46" height="17"/>
    </entry>
    <entry id="40" name="cpd:C00238" type="compound"
        link="http://www.kegg.jp/dbget-bin/www_bget?C00238">
        <graphics name="C00238" fgcolor="#000000" bgcolor="#FFFFFF"
             type="circle" x="145" y="934" width="8" height="8"/>
    </entry>
    <entry id="41" name="cpd:C01330" type="compound"
        link="http://www.kegg.jp/dbget-bin/www_bget?C01330">
        <graphics name="C01330" fgcolor="#000000" bgcolor="#FFFFFF"
             type="circle" x="258" y="942" width="8" height="8"/>
    </entry>
    <entry id="42" name="mmu:12638" type="gene"
        link="http://www.kegg.jp/dbget-bin/www_bget?mmu:12638">
        <graphics name="Cftr, AW495489, Abcc7" fgcolor="#000000" bgcolor="#BFFFBF"
             type="rectangle" x="702" y="836" width="46" height="17"/>
    </entry>
    <entry id="43" name="mmu:319229" type="gene"
        link="http://www.kegg.jp/dbget-bin/www_bget?mmu:319229">
        <graphics name="Sctr, 6530402O03Rik" fgcolor="#000000" bgcolor="#BFFFBF"
             type="rectangle" x="199" y="788" width="46" height="17"/>
    </entry>
    <entry id="44" name="mmu:20544" type="gene"
        link="http://www.kegg.jp/dbget-bin/www_bget?mmu:20544">
        <graphics name="Slc9a1, AW554487, Apnh, Mir5122, Nhe1, mir-5122, swe" fgcolor="#000000" bgcolor="#BFFFBF"
             type="rectangle" x="199" y="566" width="46" height="17"/>
    </entry>
    <entry id="45" name="mmu:20535" type="gene"
        link="http://www.kegg.jp/dbget-bin/www_bget?mmu:20535">
        <graphics name="Slc4a2, Ae2, B3RP" fgcolor="#000000" bgcolor="#BFFFBF"
             type="rectangle" x="199" y="597" width="46" height="17"/>
    </entry>
    <entry id="46" name="cpd:C01330" type="compound"
        link="http://www.kegg.jp/dbget-bin/www_bget?C01330">
        <graphics name="C01330" fgcolor="#000000" bgcolor="#FFFFFF"
             type="circle" x="154" y="560" width="8" height="8"/>
    </entry>
    <entry id="47" name="cpd:C00080" type="compound"
        link="http://www.kegg.jp/dbget-bin/www_bget?C00080">
        <graphics name="C00080" fgcolor="#000000" bgcolor="#FFFFFF"
             type="circle" x="263" y="569" width="8" height="8"/>
    </entry>
    <entry id="48" name="cpd:C00288" type="compound"
        link="http://www.kegg.jp/dbget-bin/www_bget?C00288">
        <graphics name="C00288" fgcolor="#000000" bgcolor="#FFFFFF"
             type="circle" x="263" y="600" width="8" height="8"/>
    </entry>
    <entry id="49" name="cpd:C00698" type="compound"
        link="http://www.kegg.jp/dbget-bin/www_bget?C00698">
        <graphics name="C00698" fgcolor="#000000" bgcolor="#FFFFFF"
             type="circle" x="154" y="590" width="8" height="8"/>
    </entry>
    <entry id="50" name="cpd:C01330" type="compound"
        link="http://www.kegg.jp/dbget-bin/www_bget?C01330">
        <graphics name="C01330" fgcolor="#000000" bgcolor="#FFFFFF"
             type="circle" x="272" y="90" width="8" height="8"/>
    </entry>
    <entry id="51" name="mmu:12722 mmu:229927 mmu:229933 mmu:23844 mmu:80797 mmu:99663 mmu:99709" type="gene"
        link="http://www.kegg.jp/dbget-bin/www_bget?mmu:12722+mmu:229927+mmu:229933+mmu:23844+mmu:80797+mmu:99663+mmu:99709">
        <graphics name="Clca3a1, Cacc, Clca1..." fgcolor="#000000" bgcolor="#BFFFBF"
             type="rectangle" x="698" y="522" width="46" height="17"/>
    </entry>
    <entry id="52" name="cpd:C00698" type="compound"
        link="http://www.kegg.jp/dbget-bin/www_bget?C00698">
        <graphics name="C00698" fgcolor="#000000" bgcolor="#FFFFFF"
             type="circle" x="646" y="520" width="8" height="8"/>
    </entry>
    <entry id="53" name="cpd:C00238" type="compound"
        link="http://www.kegg.jp/dbget-bin/www_bget?C00238">
        <graphics name="C00238" fgcolor="#000000" bgcolor="#FFFFFF"
             type="circle" x="254" y="837" width="8" height="8"/>
    </entry>
    <entry id="54" name="cpd:C00698" type="compound"
        link="http://www.kegg.jp/dbget-bin/www_bget?C00698">
        <graphics name="C00698" fgcolor="#000000" bgcolor="#FFFFFF"
             type="circle" x="652" y="835" width="8" height="8"/>
    </entry>
    <entry id="55" name="cpd:C13523" type="compound"
        link="http://www.kegg.jp/dbget-bin/www_bget?C13523">
        <graphics name="C13523" fgcolor="#000000" bgcolor="#FFFFFF"
             type="circle" x="129" y="787" width="8" height="8"/>
    </entry>
    <entry id="56" name="cpd:C00575" type="compound"
        link="http://www.kegg.jp/dbget-bin/www_bget?C00575">
        <graphics name="C00575" fgcolor="#000000" bgcolor="#FFFFFF"
             type="circle" x="451" y="787" width="8" height="8"/>
    </entry>
    <entry id="57" name="mmu:12349" type="gene"
        link="http://www.kegg.jp/dbget-bin/www_bget?mmu:12349">
        <graphics name="Car2, AI131712, CAII, Ca2, Car-2, Ltw-5, Lvtw-5" fgcolor="#000000" bgcolor="#BFFFBF"
             type="rectangle" x="448" y="949" width="46" height="17"/>
    </entry>
    <entry id="58" name="cpd:C00001" type="compound"
        link="http://www.kegg.jp/dbget-bin/www_bget?C00001">
        <graphics name="C00001" fgcolor="#000000" bgcolor="#FFFFFF"
             type="circle" x="365" y="568" width="8" height="8"/>
    </entry>
    <entry id="59" name="cpd:C00011" type="compound"
        link="http://www.kegg.jp/dbget-bin/www_bget?C00011">
        <graphics name="C00011" fgcolor="#000000" bgcolor="#FFFFFF"
             type="circle" x="365" y="603" width="8" height="8"/>
    </entry>
    <entry id="60" name="mmu:20191" type="gene"
        link="http://www.kegg.jp/dbget-bin/www_bget?mmu:20191">
        <graphics name="Ryr2, 9330127I20Rik, RYR-2" fgcolor="#000000" bgcolor="#BFFFBF"
             type="rectangle" x="525" y="501" width="46" height="17"/>
    </entry>
    <entry id="61" name="mmu:233979" type="gene"
        link="http://www.kegg.jp/dbget-bin/www_bget?mmu:233979">
        <graphics name="Tpcn2, BC025890, D830047E22Rik" fgcolor="#000000" bgcolor="#BFFFBF"
             type="rectangle" x="525" y="600" width="46" height="17"/>
    </entry>
    <entry id="62" name="cpd:C13050" type="compound"
        link="http://www.kegg.jp/dbget-bin/www_bget?C13050">
        <graphics name="C13050" fgcolor="#000000" bgcolor="#FFFFFF"
             type="circle" x="445" y="534" width="8" height="8"/>
    </entry>
    <entry id="63" name="cpd:C13051" type="compound"
        link="http://www.kegg.jp/dbget-bin/www_bget?C13051">
        <graphics name="C13051" fgcolor="#000000" bgcolor="#FFFFFF"
             type="circle" x="457" y="630" width="8" height="8"/>
    </entry>
    <entry id="64" name="cpd:C00011" type="compound"
        link="http://www.kegg.jp/dbget-bin/www_bget?C00011">
        <graphics name="C00011" fgcolor="#000000" bgcolor="#FFFFFF"
             type="circle" x="153" y="642" width="8" height="8"/>
    </entry>
    <entry id="65" name="cpd:C00076" type="compound"
        link="http://www.kegg.jp/dbget-bin/www_bget?C00076">
        <graphics name="C00076" fgcolor="#000000" bgcolor="#FFFFFF"
             type="circle" x="457" y="599" width="8" height="8"/>
    </entry>
    <entry id="66" name="cpd:C00011" type="compound"
        link="http://www.kegg.jp/dbget-bin/www_bget?C00011">
        <graphics name="C00011" fgcolor="#000000" bgcolor="#FFFFFF"
             type="circle" x="150" y="963" width="8" height="8"/>
    </entry>
    <entry id="67" name="mmu:100043684" type="gene"
        link="http://www.kegg.jp/dbget-bin/www_bget?mmu:100043684">
        <graphics name="Amy2a4, OTTMUSG00000022433, mAmy2-3" fgcolor="#000000" bgcolor="#BFFFBF"
             type="rectangle" x="765" y="368" width="46" height="17"/>
    </entry>
    <entry id="68" name="mmu:54403" type="gene"
        link="http://www.kegg.jp/dbget-bin/www_bget?mmu:54403">
        <graphics name="Slc4a4, AI835705, NBC, NBC1" fgcolor="#000000" bgcolor="#BFFFBF"
             type="rectangle" x="199" y="867" width="46" height="17"/>
    </entry>
    <entry id="69" name="cpd:C01330" type="compound"
        link="http://www.kegg.jp/dbget-bin/www_bget?C01330">
        <graphics name="C01330" fgcolor="#000000" bgcolor="#FFFFFF"
             type="circle" x="145" y="862" width="8" height="8"/>
    </entry>
    <entry id="70" name="cpd:C00288" type="compound"
        link="http://www.kegg.jp/dbget-bin/www_bget?C00288">
        <graphics name="C00288" fgcolor="#000000" bgcolor="#FFFFFF"
             type="circle" x="145" y="872" width="8" height="8"/>
    </entry>
    <entry id="71" name="mmu:545562" type="gene"
        link="http://www.kegg.jp/dbget-bin/www_bget?mmu:545562">
        <graphics name="Amy2b, Amy-X, Amy2-2, OTTMUSG00000022462, mAmy2-1" fgcolor="#000000" bgcolor="#BFFFBF"
             type="rectangle" x="818" y="368" width="46" height="17"/>
    </entry>
    <entry id="72" name="mmu:100040233 mmu:103964 mmu:22072 mmu:22074 mmu:436522 mmu:67373 mmu:73626" type="gene"
        link="http://www.kegg.jp/dbget-bin/www_bget?mmu:100040233+mmu:103964+mmu:22072+mmu:22074+mmu:436522+mmu:67373+mmu:73626">
        <graphics name="Gm10334..." fgcolor="#000000" bgcolor="#BFFFBF"
             type="rectangle" x="765" y="403" width="46" height="17"/>
    </entry>
    <entry id="73" name="mmu:109697 mmu:12873 mmu:232680" type="gene"
        link="http://www.kegg.jp/dbget-bin/www_bget?mmu:109697+mmu:12873+mmu:232680">
        <graphics name="Cpa1, 0910001L12Rik, Cpa..." fgcolor="#000000" bgcolor="#BFFFBF"
             type="rectangle" x="765" y="469" width="46" height="17"/>
    </entry>
    <entry id="74" name="mmu:56373 mmu:76703" type="gene"
        link="http://www.kegg.jp/dbget-bin/www_bget?mmu:56373+mmu:76703">
        <graphics name="Cpb2, 1110032P04Rik, 4930405E17Rik, AI255929, CPR, Cpu, TAFI..." fgcolor="#000000" bgcolor="#BFFFBF"
             type="rectangle" x="818" y="469" width="46" height="17"/>
    </entry>
    <entry id="75" name="mmu:13706 mmu:67868" type="gene"
        link="http://www.kegg.jp/dbget-bin/www_bget?mmu:13706+mmu:67868">
        <graphics name="Cela2a, Ela-2, Ela2, Ela2a..." fgcolor="#000000" bgcolor="#BFFFBF"
             type="rectangle" x="765" y="447" width="46" height="17"/>
    </entry>
    <entry id="76" name="mmu:18946" type="gene"
        link="http://www.kegg.jp/dbget-bin/www_bget?mmu:18946">
        <graphics name="Pnliprp1, Plrp1" fgcolor="#000000" bgcolor="#BFFFBF"
             type="rectangle" x="891" y="447" width="46" height="17"/>
    </entry>
    <entry id="77" name="mmu:18947" type="gene"
        link="http://www.kegg.jp/dbget-bin/www_bget?mmu:18947">
        <graphics name="Pnliprp2, PLRP2" fgcolor="#000000" bgcolor="#BFFFBF"
             type="rectangle" x="944" y="447" width="46" height="17"/>
    </entry>
    <entry id="78" name="mmu:12613" type="gene"
        link="http://www.kegg.jp/dbget-bin/www_bget?mmu:12613">
        <graphics name="Cel, 1810036E18Rik, BAL" fgcolor="#000000" bgcolor="#BFFFBF"
             type="rectangle" x="891" y="469" width="46" height="17"/>
    </entry>
    <entry id="79" name="mmu:18778 mmu:18780 mmu:18781 mmu:18782 mmu:18784 mmu:237625 mmu:26565 mmu:26970 mmu:26971 mmu:66350 mmu:69836" type="gene"
        link="http://www.kegg.jp/dbget-bin/www_bget?mmu:18778+mmu:18780+mmu:18781+mmu:18782+mmu:18784+mmu:237625+mmu:26565+mmu:26970+mmu:26971+mmu:66350+mmu:69836">
        <graphics name="Pla2g1b, Pla2a, sPLA2IB..." fgcolor="#000000" bgcolor="#BFFFBF"
             type="rectangle" x="944" y="469" width="46" height="17"/>
    </entry>
    <entry id="80" name="mmu:69060" type="gene"
        link="http://www.kegg.jp/dbget-bin/www_bget?mmu:69060">
        <graphics name="Pnlip, 1810007A24Rik, PL, PTL" fgcolor="#000000" bgcolor="#BFFFBF"
             type="rectangle" x="891" y="425" width="46" height="17"/>
    </entry>
    <entry id="81" name="cpd:C00001" type="compound"
        link="http://www.kegg.jp/dbget-bin/www_bget?C00001">
        <graphics name="C00001" fgcolor="#000000" bgcolor="#FFFFFF"
             type="circle" x="162" y="708" width="8" height="8"/>
    </entry>
    <entry id="82" name="cpd:C00001" type="compound"
        link="http://www.kegg.jp/dbget-bin/www_bget?C00001">
        <graphics name="C00001" fgcolor="#000000" bgcolor="#FFFFFF"
             type="circle" x="268" y="102" width="8" height="8"/>
    </entry>
    <entry id="83" name="mmu:11937 mmu:11938 mmu:53313" type="gene"
        link="http://www.kegg.jp/dbget-bin/www_bget?mmu:11937+mmu:11938+mmu:53313">
        <graphics name="Atp2a1, SERCA1..." fgcolor="#000000" bgcolor="#BFFFBF"
             type="rectangle" x="608" y="543" width="46" height="17"/>
    </entry>
    <entry id="84" name="cpd:C00076" type="compound"
        link="http://www.kegg.jp/dbget-bin/www_bget?C00076">
        <graphics name="C00076" fgcolor="#000000" bgcolor="#FFFFFF"
             type="circle" x="650" y="542" width="8" height="8"/>
    </entry>
    <entry id="85" name="mmu:22063" type="gene"
        link="http://www.kegg.jp/dbget-bin/www_bget?mmu:22063">
        <graphics name="Trpc1, Mtrp1, Trp1, Trrp1" fgcolor="#000000" bgcolor="#BFFFBF"
             type="rectangle" x="199" y="370" width="46" height="17"/>
    </entry>
    <entry id="86" name="cpd:C00076" type="compound"
        link="http://www.kegg.jp/dbget-bin/www_bget?C00076">
        <graphics name="C00076" fgcolor="#000000" bgcolor="#FFFFFF"
             type="circle" x="147" y="370" width="8" height="8"/>
    </entry>
    <entry id="87" name="mmu:66473" type="gene"
        link="http://www.kegg.jp/dbget-bin/www_bget?mmu:66473">
        <graphics name="Ctrb1, 2200008D09Rik, AI504462, Ctrb, Prt-2" fgcolor="#000000" bgcolor="#BFFFBF"
             type="rectangle" x="765" y="425" width="46" height="17"/>
    </entry>
    <entry id="88" name="mmu:12182 mmu:12494" type="gene"
        link="http://www.kegg.jp/dbget-bin/www_bget?mmu:12182+mmu:12494">
        <graphics name="Bst1, 114/A10, A530073F09, BP-3, Bp3, Bsta1, CD157, Ly65..." fgcolor="#000000" bgcolor="#BFFFBF"
             type="rectangle" x="393" y="547" width="46" height="17"/>
    </entry>
    <entry id="89" name="mmu:14683" type="gene"
        link="http://www.kegg.jp/dbget-bin/www_bget?mmu:14683">
        <graphics name="Gnas, 5530400H20Rik, A930027G11Rik, C130027O20Rik, GPSA, GSP, Galphas, Gnas1, Gnasxl, Gs-alpha, Gsa, Nesp, Nesp55, Nespl, Oed-Sml, Oedsml, P1, P2, P3, PHP1A, PHP1B, POH, SCG6" fgcolor="#000000" bgcolor="#BFFFBF"
             type="rectangle" x="280" y="788" width="46" height="17"/>
    </entry>
    <entry id="90" name="mmu:104110 mmu:104111 mmu:11512 mmu:11513 mmu:11514 mmu:11515 mmu:210044 mmu:224129 mmu:432530" type="gene"
        link="http://www.kegg.jp/dbget-bin/www_bget?mmu:104110+mmu:104111+mmu:11512+mmu:11513+mmu:11514+mmu:11515+mmu:210044+mmu:224129+mmu:432530">
        <graphics name="Adcy4, mKIAA4004..." fgcolor="#000000" bgcolor="#BFFFBF"
             type="rectangle" x="361" y="788" width="46" height="17"/>
    </entry>
    <entry id="91" name="mmu:109660" type="gene"
        link="http://www.kegg.jp/dbget-bin/www_bget?mmu:109660">
        <graphics name="Ctrl, 0910001G08Rik, 1810004D15Rik, AV005227, Ctra-1, Ctra1, chymopasin, mFLJ00366" fgcolor="#000000" bgcolor="#BFFFBF"
             type="rectangle" x="818" y="425" width="46" height="17"/>
    </entry>
    <entry id="92" name="mmu:17274 mmu:19340 mmu:53869 mmu:80718" type="gene"
        link="http://www.kegg.jp/dbget-bin/www_bget?mmu:17274+mmu:19340+mmu:53869+mmu:80718">
        <graphics name="Rab8a, AA409338, Mel..." fgcolor="#000000" bgcolor="#BFFFBF"
             type="rectangle" x="563" y="287" width="46" height="17"/>
    </entry>
    <entry id="93" name="mmu:109905 mmu:215449" type="gene"
        link="http://www.kegg.jp/dbget-bin/www_bget?mmu:109905+mmu:215449">
        <graphics name="Rap1a, AI848598, G-22K, Krev-1, Rap1..." fgcolor="#000000" bgcolor="#BFFFBF"
             type="rectangle" x="615" y="325" width="46" height="17"/>
    </entry>
    <entry id="94" name="mmu:11848 mmu:67653" type="gene"
        link="http://www.kegg.jp/dbget-bin/www_bget?mmu:11848+mmu:67653">
        <graphics name="Rhoa, Arha, Arha1, Arha2..." fgcolor="#000000" bgcolor="#BFFFBF"
             type="rectangle" x="655" y="352" width="46" height="17"/>
    </entry>
    <entry id="95" name="mmu:19353" type="gene"
        link="http://www.kegg.jp/dbget-bin/www_bget?mmu:19353">
        <graphics name="Rac1, AL023026, D5Ertd559e" fgcolor="#000000" bgcolor="#BFFFBF"
             type="rectangle" x="655" y="373" width="46" height="17"/>
    </entry>
    <entry id="96" name="path:mmu04973" type="map"
        link="http://www.kegg.jp/dbget-bin/www_bget?mmu04973">
        <graphics name="Carbohydrate digestion and absorption" fgcolor="#000000" bgcolor="#FFFFFF"
             type="roundrectangle" x="795" y="953" width="126" height="34"/>
    </entry>
    <entry id="97" name="path:mmu04974" type="map"
        link="http://www.kegg.jp/dbget-bin/www_bget?mmu04974">
        <graphics name="Protein digestion and absorption" fgcolor="#000000" bgcolor="#FFFFFF"
             type="roundrectangle" x="934" y="953" width="126" height="34"/>
    </entry>
    <entry id="98" name="path:mmu04975" type="map"
        link="http://www.kegg.jp/dbget-bin/www_bget?mmu04975">
        <graphics name="Fat digestion and absorption" fgcolor="#000000" bgcolor="#FFFFFF"
             type="roundrectangle" x="795" y="995" width="126" height="34"/>
    </entry>
    <entry id="99" name="path:mmu04977" type="map"
        link="http://www.kegg.jp/dbget-bin/www_bget?mmu04977">
        <graphics name="Vitamin digestion and absorption" fgcolor="#000000" bgcolor="#FFFFFF"
             type="roundrectangle" x="934" y="995" width="126" height="34"/>
    </entry>
    <relation entry1="19" entry2="7" type="PCrel">
        <subtype name="activation" value="--&gt;"/>
    </relation>
    <relation entry1="7" entry2="10" type="PPrel">
        <subtype name="activation" value="--&gt;"/>
    </relation>
    <relation entry1="10" entry2="11" type="PPrel">
        <subtype name="activation" value="--&gt;"/>
    </relation>
    <relation entry1="11" entry2="17" type="PCrel">
        <subtype name="activation" value="--&gt;"/>
    </relation>
    <relation entry1="17" entry2="18" type="PCrel">
        <subtype name="activation" value="--&gt;"/>
    </relation>
    <relation entry1="20" entry2="8" type="PCrel">
        <subtype name="activation" value="--&gt;"/>
    </relation>
    <relation entry1="8" entry2="10" type="PPrel">
        <subtype name="activation" value="--&gt;"/>
    </relation>
    <relation entry1="11" entry2="13" type="PCrel">
        <subtype name="activation" value="--&gt;"/>
    </relation>
    <relation entry1="13" entry2="12" type="PCrel">
        <subtype name="activation" value="--&gt;"/>
    </relation>
    <relation entry1="14" entry2="21" type="PCrel">
        <subtype name="indirect effect" value="..&gt;"/>
    </relation>
    <relation entry1="88" entry2="62" type="PCrel">
        <subtype name="activation" value="--&gt;"/>
    </relation>
    <relation entry1="62" entry2="60" type="PCrel">
        <subtype name="activation" value="--&gt;"/>
    </relation>
    <relation entry1="65" entry2="60" type="PCrel">
        <subtype name="activation" value="--&gt;"/>
    </relation>
    <relation entry1="88" entry2="63" type="PCrel">
        <subtype name="activation" value="--&gt;"/>
    </relation>
    <relation entry1="63" entry2="61" type="PCrel">
        <subtype name="activation" value="--&gt;"/>
    </relation>
    <relation entry1="55" entry2="43" type="PCrel">
        <subtype name="activation" value="--&gt;"/>
    </relation>
    <relation entry1="43" entry2="89" type="PPrel">
        <subtype name="activation" value="--&gt;"/>
    </relation>
    <relation entry1="89" entry2="90" type="PPrel">
        <subtype name="activation" value="--&gt;"/>
    </relation>
    <relation entry1="90" entry2="56" type="PCrel">
        <subtype name="activation" value="--&gt;"/>
    </relation>
    <relation entry1="7" entry2="88" type="PPrel">
        <subtype name="activation" value="--&gt;"/>
        <subtype name="indirect effect" value="..&gt;"/>
    </relation>
    <relation entry1="14" entry2="51" type="PCrel">
        <subtype name="activation" value="--&gt;"/>
    </relation>
    <relation entry1="56" entry2="39" type="PCrel">
        <subtype name="activation" value="--&gt;"/>
        <subtype name="indirect effect" value="..&gt;"/>
    </relation>
    <relation entry1="56" entry2="42" type="PCrel">
        <subtype name="activation" value="--&gt;"/>
        <subtype name="indirect effect" value="..&gt;"/>
    </relation>
    <relation entry1="14" entry2="23" type="PCrel">
        <subtype name="activation" value="--&gt;"/>
    </relation>
</pathway>
