<?xml version="1.0"?>
<!DOCTYPE pathway SYSTEM "http://www.kegg.jp/kegg/xml/KGML_v0.7.1_.dtd">
<!-- Creation date: Jul 14, 2015 14:11:33 +0900 (GMT+9) -->
<pathway name="path:mmu00480" org="mmu" number="00480"
         title="Glutathione metabolism"
         image="http://www.kegg.jp/kegg/pathway/mmu/mmu00480.png"
         link="http://www.kegg.jp/kegg-bin/show_pathway?mmu00480">
    <entry id="1" name="cpd:C00024" type="compound"
        link="http://www.kegg.jp/dbget-bin/www_bget?C00024">
        <graphics name="C00024" fgcolor="#000000" bgcolor="#FFFFFF"
             type="circle" x="768" y="498" width="8" height="8"/>
    </entry>
    <entry id="25" name="path:mmu00480" type="map"
        link="http://www.kegg.jp/dbget-bin/www_bget?mmu00480">
        <graphics name="TITLE:Glutathione metabolism" fgcolor="#000000" bgcolor="#FFFFFF"
             type="roundrectangle" x="150" y="58" width="219" height="25"/>
    </entry>
    <entry id="26" name="path:mmu00250" type="map"
        link="http://www.kegg.jp/dbget-bin/www_bget?mmu00250">
        <graphics name="Alanine, aspartate and glutamate metabolism" fgcolor="#000000" bgcolor="#FFFFFF"
             type="roundrectangle" x="588" y="231" width="74" height="34"/>
    </entry>
    <entry id="27" name="path:mmu00430" type="map"
        link="http://www.kegg.jp/dbget-bin/www_bget?mmu00430">
        <graphics name="Taurine and hypotaurine metabolism" fgcolor="#000000" bgcolor="#FFFFFF"
             type="roundrectangle" x="490" y="211" width="78" height="45"/>
    </entry>
    <entry id="28" name="path:mmu00460" type="map"
        link="http://www.kegg.jp/dbget-bin/www_bget?mmu00460">
        <graphics name="Cyanoamino acid metabolism" fgcolor="#000000" bgcolor="#FFFFFF"
             type="roundrectangle" x="406" y="276" width="112" height="34"/>
    </entry>
    <entry id="29" name="path:mmu00270" type="map"
        link="http://www.kegg.jp/dbget-bin/www_bget?mmu00270">
        <graphics name="Cysteine and methionine metabolism" fgcolor="#000000" bgcolor="#FFFFFF"
             type="roundrectangle" x="329" y="206" width="82" height="45"/>
    </entry>
    <entry id="31" name="mmu:16790" type="gene" reaction="rn:R04951"
        link="http://www.kegg.jp/dbget-bin/www_bget?mmu:16790">
        <graphics name="Anpep, AP-M, AP-N, Apn, Cd13, P150" fgcolor="#000000" bgcolor="#BFFFBF"
             type="rectangle" x="592" y="515" width="46" height="17"/>
    </entry>
    <entry id="32" name="mmu:14598 mmu:207182 mmu:23887 mmu:71522" type="gene" reaction="rn:R03916"
        link="http://www.kegg.jp/dbget-bin/www_bget?mmu:14598+mmu:207182+mmu:23887+mmu:71522">
        <graphics name="Ggt1, CD224, GGT, GGT_1, GGT-1, Ggtp, dwg..." fgcolor="#000000" bgcolor="#BFFFBF"
             type="rectangle" x="489" y="526" width="46" height="17"/>
    </entry>
    <entry id="33" name="mmu:14775 mmu:14776 mmu:14778 mmu:14780 mmu:67305 mmu:69590 mmu:75512" type="gene" reaction="rn:R00274"
        link="http://www.kegg.jp/dbget-bin/www_bget?mmu:14775+mmu:14776+mmu:14778+mmu:14780+mmu:67305+mmu:69590+mmu:75512">
        <graphics name="Gpx1, AI195024, AL033363, CGPx, GPx-1, GSHPx-1, Gpx..." fgcolor="#000000" bgcolor="#BFFFBF"
             type="rectangle" x="217" y="567" width="46" height="17"/>
    </entry>
    <entry id="40" name="mmu:625249" type="gene" reaction="rn:R03167"
        link="http://www.kegg.jp/dbget-bin/www_bget?mmu:625249">
        <graphics name="Gpx4, GPx-4, GSHPx-4, PHGPx, mtPHGPx, snGPx" fgcolor="#000000" bgcolor="#BFFFBF"
             type="rectangle" x="217" y="546" width="46" height="17"/>
    </entry>
    <entry id="41" name="mmu:66073" type="gene" reaction="rn:R03915 rn:R02824"
        link="http://www.kegg.jp/dbget-bin/www_bget?mmu:66073">
        <graphics name="Txndc12, 0610040B21Rik, ERp16, ERp19" fgcolor="#000000" bgcolor="#BFFFBF"
             type="rectangle" x="169" y="546" width="46" height="17"/>
    </entry>
    <entry id="42" name="ko:K00310" type="ortholog" reaction="rn:R03984"
        link="http://www.kegg.jp/dbget-bin/www_bget?K00310">
        <graphics name="K00310" fgcolor="#000000" bgcolor="#FFFFFF"
             type="rectangle" x="169" y="613" width="46" height="17"/>
    </entry>
    <entry id="43" name="mmu:14380 mmu:14381" type="gene" reaction="rn:R02736"
        link="http://www.kegg.jp/dbget-bin/www_bget?mmu:14380+mmu:14381">
        <graphics name="G6pd2, G6pdx-ps1, Gpd-2, Gpd2..." fgcolor="#000000" bgcolor="#BFFFBF"
             type="rectangle" x="217" y="511" width="46" height="17"/>
    </entry>
    <entry id="44" name="ko:K00032" type="ortholog" reaction="rn:R02034"
        link="http://www.kegg.jp/dbget-bin/www_bget?K00032">
        <graphics name="K00032" fgcolor="#000000" bgcolor="#FFFFFF"
             type="rectangle" x="217" y="490" width="46" height="17"/>
    </entry>
    <entry id="45" name="mmu:15926 mmu:269951" type="gene" reaction="rn:R00267"
        link="http://www.kegg.jp/dbget-bin/www_bget?mmu:15926+mmu:269951">
        <graphics name="Idh1, AI314845, AI788952, E030024J03Rik, Id-1, Idh-1, Idpc..." fgcolor="#000000" bgcolor="#BFFFBF"
             type="rectangle" x="169" y="490" width="46" height="17"/>
    </entry>
    <entry id="46" name="mmu:14854" type="gene" reaction="rn:R00497"
        link="http://www.kegg.jp/dbget-bin/www_bget?mmu:14854">
        <graphics name="Gss, AI314904, GS-A/GS-B, GSH-S" fgcolor="#000000" bgcolor="#BFFFBF"
             type="rectangle" x="458" y="457" width="46" height="17"/>
    </entry>
    <entry id="47" name="mmu:14629 mmu:14630" type="gene" reaction="rn:R00894"
        link="http://www.kegg.jp/dbget-bin/www_bget?mmu:14629+mmu:14630">
        <graphics name="Gclc, D9Wsu168e, GLCL-H, Ggcs-hs, Glclc..." fgcolor="#000000" bgcolor="#BFFFBF"
             type="rectangle" x="542" y="275" width="46" height="17"/>
    </entry>
    <entry id="48" name="mmu:14598 mmu:207182 mmu:23887 mmu:71522" type="gene" reaction="rn:R00494"
        link="http://www.kegg.jp/dbget-bin/www_bget?mmu:14598+mmu:207182+mmu:23887+mmu:71522">
        <graphics name="Ggt1, CD224, GGT, GGT_1, GGT-1, Ggtp, dwg..." fgcolor="#000000" bgcolor="#BFFFBF"
             type="rectangle" x="333" y="431" width="46" height="17"/>
    </entry>
    <entry id="49" name="mmu:16790" type="gene" reaction="rn:R00899"
        link="http://www.kegg.jp/dbget-bin/www_bget?mmu:16790">
        <graphics name="Anpep, AP-M, AP-N, Apn, Cd13, P150" fgcolor="#000000" bgcolor="#BFFFBF"
             type="rectangle" x="357" y="323" width="46" height="17"/>
    </entry>
    <entry id="50" name="mmu:75475" type="gene" reaction="rn:R00251"
        link="http://www.kegg.jp/dbget-bin/www_bget?mmu:75475">
        <graphics name="Oplah, 1700010G02Rik" fgcolor="#000000" bgcolor="#BFFFBF"
             type="rectangle" x="374" y="144" width="46" height="17"/>
    </entry>
    <entry id="51" name="mmu:110175" type="gene" reaction="rn:R02743"
        link="http://www.kegg.jp/dbget-bin/www_bget?mmu:110175">
        <graphics name="Ggct, A030007L17Rik, AA673177, Gctg, Ggc" fgcolor="#000000" bgcolor="#BFFFBF"
             type="rectangle" x="449" y="103" width="46" height="17"/>
    </entry>
    <entry id="52" name="mmu:14598 mmu:207182 mmu:23887 mmu:71522" type="gene" reaction="rn:R01262"
        link="http://www.kegg.jp/dbget-bin/www_bget?mmu:14598+mmu:207182+mmu:23887+mmu:71522">
        <graphics name="Ggt1, CD224, GGT, GGT_1, GGT-1, Ggtp, dwg..." fgcolor="#000000" bgcolor="#BFFFBF"
             type="rectangle" x="195" y="403" width="46" height="17"/>
    </entry>
    <entry id="53" name="mmu:110175" type="gene" reaction="rn:R03749"
        link="http://www.kegg.jp/dbget-bin/www_bget?mmu:110175">
        <graphics name="Ggct, A030007L17Rik, AA673177, Gctg, Ggc" fgcolor="#000000" bgcolor="#BFFFBF"
             type="rectangle" x="196" y="236" width="46" height="17"/>
    </entry>
    <entry id="55" name="mmu:103140 mmu:14857 mmu:14858 mmu:14859 mmu:14860 mmu:14862 mmu:14863 mmu:14864 mmu:14865 mmu:14866 mmu:14867 mmu:14869 mmu:14870 mmu:14871 mmu:14872 mmu:14873 mmu:211666 mmu:54486 mmu:56615 mmu:66447 mmu:68214 mmu:68312 mmu:76263" type="gene" reaction="rn:R03522"
        link="http://www.kegg.jp/dbget-bin/www_bget?mmu:103140+mmu:14857+mmu:14858+mmu:14859+mmu:14860+mmu:14862+mmu:14863+mmu:14864+mmu:14865+mmu:14866+mmu:14867+mmu:14869+mmu:14870+mmu:14871+mmu:14872+mmu:14873+mmu:211666+mmu:54486+mmu:56615+mmu:66447+mmu:68214+mmu:68312+mmu:76263">
        <graphics name="Gstt3, AI118089..." fgcolor="#000000" bgcolor="#BFFFBF"
             type="rectangle" x="388" y="526" width="46" height="17"/>
    </entry>
    <entry id="56" name="ko:K01917 ko:K01460" type="ortholog" reaction="rn:R01917"
        link="http://www.kegg.jp/dbget-bin/www_bget?K01917+K01460">
        <graphics name="K01917..." fgcolor="#000000" bgcolor="#FFFFFF"
             type="rectangle" x="417" y="674" width="46" height="17"/>
    </entry>
    <entry id="57" name="ko:K01460" type="ortholog" reaction="rn:R01918"
        link="http://www.kegg.jp/dbget-bin/www_bget?K01460">
        <graphics name="K01460" fgcolor="#000000" bgcolor="#FFFFFF"
             type="rectangle" x="417" y="592" width="46" height="17"/>
    </entry>
    <entry id="58" name="cpd:C00151" type="compound"
        link="http://www.kegg.jp/dbget-bin/www_bget?C00151">
        <graphics name="C00151" fgcolor="#000000" bgcolor="#FFFFFF"
             type="circle" x="105" y="215" width="8" height="8"/>
    </entry>
    <entry id="59" name="cpd:C01879" type="compound"
        link="http://www.kegg.jp/dbget-bin/www_bget?C01879">
        <graphics name="C01879" fgcolor="#000000" bgcolor="#FFFFFF"
             type="circle" x="195" y="143" width="8" height="8"/>
    </entry>
    <entry id="60" name="cpd:C00097" type="compound"
        link="http://www.kegg.jp/dbget-bin/www_bget?C00097">
        <graphics name="C00097" fgcolor="#000000" bgcolor="#FFFFFF"
             type="circle" x="415" y="248" width="8" height="8"/>
    </entry>
    <entry id="61" name="cpd:C00025" type="compound"
        link="http://www.kegg.jp/dbget-bin/www_bget?C00025">
        <graphics name="C00025" fgcolor="#000000" bgcolor="#FFFFFF"
             type="circle" x="542" y="175" width="8" height="8"/>
    </entry>
    <entry id="62" name="cpd:C00037" type="compound"
        link="http://www.kegg.jp/dbget-bin/www_bget?C00037">
        <graphics name="C00037" fgcolor="#000000" bgcolor="#FFFFFF"
             type="circle" x="490" y="304" width="8" height="8"/>
    </entry>
    <entry id="63" name="cpd:C01419" type="compound"
        link="http://www.kegg.jp/dbget-bin/www_bget?C01419">
        <graphics name="C01419" fgcolor="#000000" bgcolor="#FFFFFF"
             type="circle" x="332" y="377" width="8" height="8"/>
    </entry>
    <entry id="64" name="cpd:C03740" type="compound"
        link="http://www.kegg.jp/dbget-bin/www_bget?C03740">
        <graphics name="C03740" fgcolor="#000000" bgcolor="#FFFFFF"
             type="circle" x="195" y="297" width="8" height="8"/>
    </entry>
    <entry id="65" name="cpd:C00051" type="compound"
        link="http://www.kegg.jp/dbget-bin/www_bget?C00051">
        <graphics name="C00051" fgcolor="#000000" bgcolor="#FFFFFF"
             type="circle" x="332" y="456" width="8" height="8"/>
    </entry>
    <entry id="66" name="cpd:C00669" type="compound"
        link="http://www.kegg.jp/dbget-bin/www_bget?C00669">
        <graphics name="C00669" fgcolor="#000000" bgcolor="#FFFFFF"
             type="circle" x="542" y="456" width="8" height="8"/>
    </entry>
    <entry id="67" name="cpd:C03646" type="compound"
        link="http://www.kegg.jp/dbget-bin/www_bget?C03646">
        <graphics name="C03646" fgcolor="#000000" bgcolor="#FFFFFF"
             type="circle" x="746" y="460" width="8" height="8"/>
    </entry>
    <entry id="68" name="cpd:C00127" type="compound"
        link="http://www.kegg.jp/dbget-bin/www_bget?C00127">
        <graphics name="C00127" fgcolor="#000000" bgcolor="#FFFFFF"
             type="circle" x="66" y="456" width="8" height="8"/>
    </entry>
    <entry id="69" name="cpd:C00005" type="compound"
        link="http://www.kegg.jp/dbget-bin/www_bget?C00005">
        <graphics name="C00005" fgcolor="#000000" bgcolor="#FFFFFF"
             type="circle" x="117" y="500" width="8" height="8"/>
    </entry>
    <entry id="70" name="cpd:C00006" type="compound"
        link="http://www.kegg.jp/dbget-bin/www_bget?C00006">
        <graphics name="C00006" fgcolor="#000000" bgcolor="#FFFFFF"
             type="circle" x="270" y="500" width="8" height="8"/>
    </entry>
    <entry id="71" name="cpd:C01322" type="compound"
        link="http://www.kegg.jp/dbget-bin/www_bget?C01322">
        <graphics name="C01322" fgcolor="#000000" bgcolor="#FFFFFF"
             type="circle" x="359" y="498" width="8" height="8"/>
    </entry>
    <entry id="72" name="cpd:C02320" type="compound"
        link="http://www.kegg.jp/dbget-bin/www_bget?C02320">
        <graphics name="C02320" fgcolor="#000000" bgcolor="#FFFFFF"
             type="circle" x="441" y="525" width="8" height="8"/>
    </entry>
    <entry id="73" name="cpd:C05730" type="compound"
        link="http://www.kegg.jp/dbget-bin/www_bget?C05730">
        <graphics name="C05730" fgcolor="#000000" bgcolor="#FFFFFF"
             type="circle" x="498" y="684" width="8" height="8"/>
    </entry>
    <entry id="74" name="cpd:C00025" type="compound"
        link="http://www.kegg.jp/dbget-bin/www_bget?C00025">
        <graphics name="C00025" fgcolor="#000000" bgcolor="#FFFFFF"
             type="circle" x="523" y="498" width="8" height="8"/>
    </entry>
    <entry id="75" name="cpd:C05729" type="compound"
        link="http://www.kegg.jp/dbget-bin/www_bget?C05729">
        <graphics name="C05729" fgcolor="#000000" bgcolor="#FFFFFF"
             type="circle" x="548" y="525" width="8" height="8"/>
    </entry>
    <entry id="76" name="cpd:C00037" type="compound"
        link="http://www.kegg.jp/dbget-bin/www_bget?C00037">
        <graphics name="C00037" fgcolor="#000000" bgcolor="#FFFFFF"
             type="circle" x="726" y="498" width="8" height="8"/>
    </entry>
    <entry id="77" name="cpd:C05726" type="compound"
        link="http://www.kegg.jp/dbget-bin/www_bget?C05726">
        <graphics name="C05726" fgcolor="#000000" bgcolor="#FFFFFF"
             type="circle" x="749" y="525" width="8" height="8"/>
    </entry>
    <entry id="78" name="cpd:C05727" type="compound"
        link="http://www.kegg.jp/dbget-bin/www_bget?C05727">
        <graphics name="C05727" fgcolor="#000000" bgcolor="#FFFFFF"
             type="circle" x="856" y="525" width="8" height="8"/>
    </entry>
    <entry id="85" name="mmu:14782" type="gene" reaction="rn:R00115"
        link="http://www.kegg.jp/dbget-bin/www_bget?mmu:14782">
        <graphics name="Gsr, AI325518, D8Ertd238e, Gr-1, Gr1" fgcolor="#000000" bgcolor="#BFFFBF"
             type="rectangle" x="169" y="458" width="46" height="17"/>
    </entry>
    <entry id="90" name="cpd:C00077" type="compound"
        link="http://www.kegg.jp/dbget-bin/www_bget?C00077">
        <graphics name="C00077" fgcolor="#000000" bgcolor="#FFFFFF"
             type="circle" x="207" y="715" width="8" height="8"/>
    </entry>
    <entry id="91" name="cpd:C00134" type="compound"
        link="http://www.kegg.jp/dbget-bin/www_bget?C00134">
        <graphics name="C00134" fgcolor="#000000" bgcolor="#FFFFFF"
             type="circle" x="207" y="642" width="8" height="8"/>
    </entry>
    <entry id="92" name="cpd:C00315" type="compound"
        link="http://www.kegg.jp/dbget-bin/www_bget?C00315">
        <graphics name="C00315" fgcolor="#000000" bgcolor="#FFFFFF"
             type="circle" x="384" y="645" width="8" height="8"/>
    </entry>
    <entry id="99" name="cpd:C02090" type="compound"
        link="http://www.kegg.jp/dbget-bin/www_bget?C02090">
        <graphics name="C02090" fgcolor="#000000" bgcolor="#FFFFFF"
             type="circle" x="621" y="684" width="8" height="8"/>
    </entry>
    <entry id="100" name="cpd:C03170" type="compound"
        link="http://www.kegg.jp/dbget-bin/www_bget?C03170">
        <graphics name="C03170" fgcolor="#000000" bgcolor="#FFFFFF"
             type="circle" x="849" y="684" width="8" height="8"/>
    </entry>
    <entry id="106" name="cpd:C00005" type="compound"
        link="http://www.kegg.jp/dbget-bin/www_bget?C00005">
        <graphics name="C00005" fgcolor="#000000" bgcolor="#FFFFFF"
             type="circle" x="776" y="580" width="8" height="8"/>
    </entry>
    <entry id="107" name="cpd:C00006" type="compound"
        link="http://www.kegg.jp/dbget-bin/www_bget?C00006">
        <graphics name="C00006" fgcolor="#000000" bgcolor="#FFFFFF"
             type="circle" x="694" y="580" width="8" height="8"/>
    </entry>
    <entry id="108" name="cpd:C05422" type="compound"
        link="http://www.kegg.jp/dbget-bin/www_bget?C05422">
        <graphics name="C05422" fgcolor="#000000" bgcolor="#FFFFFF"
             type="circle" x="669" y="649" width="8" height="8"/>
    </entry>
    <entry id="109" name="cpd:C00072" type="compound"
        link="http://www.kegg.jp/dbget-bin/www_bget?C00072">
        <graphics name="C00072" fgcolor="#000000" bgcolor="#FFFFFF"
             type="circle" x="801" y="649" width="8" height="8"/>
    </entry>
    <entry id="112" name="cpd:C16664" type="compound"
        link="http://www.kegg.jp/dbget-bin/www_bget?C16664">
        <graphics name="C16664" fgcolor="#000000" bgcolor="#FFFFFF"
             type="circle" x="669" y="718" width="8" height="8"/>
    </entry>
    <entry id="113" name="cpd:C16663" type="compound"
        link="http://www.kegg.jp/dbget-bin/www_bget?C16663">
        <graphics name="C16663" fgcolor="#000000" bgcolor="#FFFFFF"
             type="circle" x="801" y="718" width="8" height="8"/>
    </entry>
    <entry id="115" name="cpd:C00750" type="compound"
        link="http://www.kegg.jp/dbget-bin/www_bget?C00750">
        <graphics name="C00750" fgcolor="#000000" bgcolor="#FFFFFF"
             type="circle" x="368" y="791" width="8" height="8"/>
    </entry>
    <entry id="117" name="cpd:C16562" type="compound"
        link="http://www.kegg.jp/dbget-bin/www_bget?C16562">
        <graphics name="C16562" fgcolor="#000000" bgcolor="#FFFFFF"
             type="circle" x="498" y="864" width="8" height="8"/>
    </entry>
    <entry id="118" name="cpd:C16563" type="compound"
        link="http://www.kegg.jp/dbget-bin/www_bget?C16563">
        <graphics name="C16563" fgcolor="#000000" bgcolor="#FFFFFF"
             type="circle" x="621" y="864" width="8" height="8"/>
    </entry>
    <entry id="121" name="cpd:C16564" type="compound"
        link="http://www.kegg.jp/dbget-bin/www_bget?C16564">
        <graphics name="C16564" fgcolor="#000000" bgcolor="#FFFFFF"
             type="circle" x="849" y="864" width="8" height="8"/>
    </entry>
    <entry id="123" name="cpd:C01672" type="compound"
        link="http://www.kegg.jp/dbget-bin/www_bget?C01672">
        <graphics name="C01672" fgcolor="#000000" bgcolor="#FFFFFF"
             type="circle" x="188" y="920" width="8" height="8"/>
    </entry>
    <entry id="124" name="cpd:C16565" type="compound"
        link="http://www.kegg.jp/dbget-bin/www_bget?C16565">
        <graphics name="C16565" fgcolor="#000000" bgcolor="#FFFFFF"
             type="circle" x="294" y="920" width="8" height="8"/>
    </entry>
    <entry id="125" name="cpd:C16566" type="compound"
        link="http://www.kegg.jp/dbget-bin/www_bget?C16566">
        <graphics name="C16566" fgcolor="#000000" bgcolor="#FFFFFF"
             type="circle" x="498" y="920" width="8" height="8"/>
    </entry>
    <entry id="129" name="cpd:C16567" type="compound"
        link="http://www.kegg.jp/dbget-bin/www_bget?C16567">
        <graphics name="C16567" fgcolor="#000000" bgcolor="#FFFFFF"
             type="circle" x="621" y="920" width="8" height="8"/>
    </entry>
    <entry id="130" name="cpd:C16568" type="compound"
        link="http://www.kegg.jp/dbget-bin/www_bget?C16568">
        <graphics name="C16568" fgcolor="#000000" bgcolor="#FFFFFF"
             type="circle" x="849" y="920" width="8" height="8"/>
    </entry>
    <entry id="134" name="mmu:110208" type="gene" reaction="rn:R01528"
        link="http://www.kegg.jp/dbget-bin/www_bget?mmu:110208">
        <graphics name="Pgd, 0610042A05Rik, AU019875, C78335" fgcolor="#000000" bgcolor="#BFFFBF"
             type="rectangle" x="169" y="511" width="46" height="17"/>
    </entry>
    <entry id="135" name="mmu:18263" type="gene" reaction="rn:R00670"
        link="http://www.kegg.jp/dbget-bin/www_bget?mmu:18263">
        <graphics name="Odc1, ODC" fgcolor="#000000" bgcolor="#BFFFBF"
             type="rectangle" x="208" y="683" width="46" height="17"/>
    </entry>
    <entry id="136" name="mmu:20810" type="gene" reaction="rn:R01920"
        link="http://www.kegg.jp/dbget-bin/www_bget?mmu:20810">
        <graphics name="Srm, AA407669, SpdST, SpdSy" fgcolor="#000000" bgcolor="#BFFFBF"
             type="rectangle" x="290" y="643" width="46" height="17"/>
    </entry>
    <entry id="137" name="ko:K01833" type="ortholog" reaction="rn:R01918"
        link="http://www.kegg.jp/dbget-bin/www_bget?K01833">
        <graphics name="K01833" fgcolor="#000000" bgcolor="#FFFFFF"
             type="rectangle" x="417" y="613" width="46" height="17"/>
    </entry>
    <entry id="138" name="ko:K01833" type="ortholog" reaction="rn:R01917"
        link="http://www.kegg.jp/dbget-bin/www_bget?K01833">
        <graphics name="K01833" fgcolor="#000000" bgcolor="#FFFFFF"
             type="rectangle" x="417" y="695" width="46" height="17"/>
    </entry>
    <entry id="139" name="ko:K01833" type="ortholog" reaction="rn:R08350"
        link="http://www.kegg.jp/dbget-bin/www_bget?K01833">
        <graphics name="K01833" fgcolor="#000000" bgcolor="#FFFFFF"
             type="rectangle" x="557" y="629" width="46" height="17"/>
    </entry>
    <entry id="140" name="ko:K01833" type="ortholog" reaction="rn:R03822"
        link="http://www.kegg.jp/dbget-bin/www_bget?K01833">
        <graphics name="K01833" fgcolor="#000000" bgcolor="#FFFFFF"
             type="rectangle" x="557" y="685" width="46" height="17"/>
    </entry>
    <entry id="141" name="mmu:20603 mmu:671878" type="gene" reaction="rn:R02869"
        link="http://www.kegg.jp/dbget-bin/www_bget?mmu:20603+mmu:671878">
        <graphics name="Sms, AI427066, Gy, SPMSY, SpmST, gyro..." fgcolor="#000000" bgcolor="#BFFFBF"
             type="rectangle" x="369" y="727" width="46" height="17"/>
    </entry>
    <entry id="142" name="ko:K01833" type="ortholog" reaction="rn:R08352"
        link="http://www.kegg.jp/dbget-bin/www_bget?K01833">
        <graphics name="K01833" fgcolor="#000000" bgcolor="#FFFFFF"
             type="rectangle" x="417" y="865" width="46" height="17"/>
    </entry>
    <entry id="143" name="ko:K01833" type="ortholog" reaction="rn:R08353"
        link="http://www.kegg.jp/dbget-bin/www_bget?K01833">
        <graphics name="K01833" fgcolor="#000000" bgcolor="#FFFFFF"
             type="rectangle" x="557" y="865" width="46" height="17"/>
    </entry>
    <entry id="144" name="mmu:20810" type="gene" reaction="rn:R08359"
        link="http://www.kegg.jp/dbget-bin/www_bget?mmu:20810">
        <graphics name="Srm, AA407669, SpdST, SpdSy" fgcolor="#000000" bgcolor="#BFFFBF"
             type="rectangle" x="237" y="921" width="46" height="17"/>
    </entry>
    <entry id="145" name="ko:K01833" type="ortholog" reaction="rn:R08354"
        link="http://www.kegg.jp/dbget-bin/www_bget?K01833">
        <graphics name="K01833" fgcolor="#000000" bgcolor="#FFFFFF"
             type="rectangle" x="417" y="921" width="46" height="17"/>
    </entry>
    <entry id="146" name="ko:K01833" type="ortholog" reaction="rn:R08355"
        link="http://www.kegg.jp/dbget-bin/www_bget?K01833">
        <graphics name="K01833" fgcolor="#000000" bgcolor="#FFFFFF"
             type="rectangle" x="557" y="931" width="46" height="17"/>
    </entry>
    <entry id="148" name="ko:K01833" type="ortholog" reaction="rn:R08351"
        link="http://www.kegg.jp/dbget-bin/www_bget?K01833">
        <graphics name="K01833" fgcolor="#000000" bgcolor="#FFFFFF"
             type="rectangle" x="557" y="912" width="46" height="17"/>
    </entry>
    <entry id="149" name="ko:K00434" type="ortholog" reaction="rn:R00644"
        link="http://www.kegg.jp/dbget-bin/www_bget?K00434">
        <graphics name="K00434" fgcolor="#000000" bgcolor="#FFFFFF"
             type="rectangle" x="736" y="650" width="46" height="17"/>
    </entry>
    <entry id="150" name="ko:K04283" type="ortholog" reaction="rn:R03821"
        link="http://www.kegg.jp/dbget-bin/www_bget?K04283">
        <graphics name="K04283" fgcolor="#000000" bgcolor="#FFFFFF"
             type="rectangle" x="736" y="603" width="46" height="17"/>
    </entry>
    <entry id="151" name="mmu:20133 mmu:20135 mmu:382985" type="gene" reaction="rn:R08363"
        link="http://www.kegg.jp/dbget-bin/www_bget?mmu:20133+mmu:20135+mmu:382985">
        <graphics name="Rrm1, RnrM1..." fgcolor="#000000" bgcolor="#BFFFBF"
             type="rectangle" x="736" y="729" width="46" height="17"/>
    </entry>
    <entry id="152" name="ko:K11185 ko:K11186" type="ortholog" reaction="rn:R08360"
        link="http://www.kegg.jp/dbget-bin/www_bget?K11185+K11186">
        <graphics name="K11185..." fgcolor="#000000" bgcolor="#FFFFFF"
             type="rectangle" x="711" y="708" width="46" height="17"/>
    </entry>
    <entry id="153" name="mmu:20133 mmu:20135 mmu:382985" type="gene" reaction="rn:R08364"
        link="http://www.kegg.jp/dbget-bin/www_bget?mmu:20133+mmu:20135+mmu:382985">
        <graphics name="Rrm1, RnrM1..." fgcolor="#000000" bgcolor="#BFFFBF"
             type="rectangle" x="736" y="790" width="46" height="17"/>
    </entry>
    <entry id="154" name="ko:K11185 ko:K11186" type="ortholog" reaction="rn:R08362"
        link="http://www.kegg.jp/dbget-bin/www_bget?K11185+K11186">
        <graphics name="K11185..." fgcolor="#000000" bgcolor="#FFFFFF"
             type="rectangle" x="736" y="769" width="46" height="17"/>
    </entry>
    <entry id="155" name="ko:K04283" type="ortholog" reaction="rn:R08356"
        link="http://www.kegg.jp/dbget-bin/www_bget?K04283">
        <graphics name="K04283" fgcolor="#000000" bgcolor="#FFFFFF"
             type="rectangle" x="736" y="857" width="46" height="17"/>
    </entry>
    <entry id="156" name="ko:K04283" type="ortholog" reaction="rn:R08357"
        link="http://www.kegg.jp/dbget-bin/www_bget?K04283">
        <graphics name="K04283" fgcolor="#000000" bgcolor="#FFFFFF"
             type="rectangle" x="736" y="913" width="46" height="17"/>
    </entry>
    <entry id="157" name="path:mmu00220" type="map"
        link="http://www.kegg.jp/dbget-bin/www_bget?mmu00220">
        <graphics name="Arginine biosynthesis" fgcolor="#000000" bgcolor="#FFFFFF"
             type="roundrectangle" x="208" y="774" width="124" height="25"/>
    </entry>
    <entry id="160" name="ko:K01255" type="ortholog" reaction="rn:R00899"
        link="http://www.kegg.jp/dbget-bin/www_bget?K01255">
        <graphics name="K01255" fgcolor="#000000" bgcolor="#FFFFFF"
             type="rectangle" x="307" y="323" width="46" height="17"/>
    </entry>
    <entry id="161" name="ko:K01255" type="ortholog" reaction="rn:R04951"
        link="http://www.kegg.jp/dbget-bin/www_bget?K01255">
        <graphics name="K01255" fgcolor="#000000" bgcolor="#FFFFFF"
             type="rectangle" x="592" y="536" width="46" height="17"/>
    </entry>
    <entry id="162" name="ko:K07751" type="ortholog" reaction="rn:R00899"
        link="http://www.kegg.jp/dbget-bin/www_bget?K07751">
        <graphics name="K07751" fgcolor="#000000" bgcolor="#FFFFFF"
             type="rectangle" x="307" y="342" width="46" height="17"/>
    </entry>
    <entry id="163" name="ko:K07751" type="ortholog" reaction="rn:R04951"
        link="http://www.kegg.jp/dbget-bin/www_bget?K07751">
        <graphics name="K07751" fgcolor="#000000" bgcolor="#FFFFFF"
             type="rectangle" x="640" y="536" width="46" height="17"/>
    </entry>
    <entry id="164" name="ko:K01270" type="ortholog" reaction="rn:R00899"
        link="http://www.kegg.jp/dbget-bin/www_bget?K01270">
        <graphics name="K01270" fgcolor="#000000" bgcolor="#FFFFFF"
             type="rectangle" x="307" y="361" width="46" height="17"/>
    </entry>
    <entry id="165" name="ko:K01270" type="ortholog" reaction="rn:R04951"
        link="http://www.kegg.jp/dbget-bin/www_bget?K01270">
        <graphics name="K01270" fgcolor="#000000" bgcolor="#FFFFFF"
             type="rectangle" x="688" y="536" width="46" height="17"/>
    </entry>
    <entry id="166" name="mmu:66988" type="gene" reaction="rn:R00899"
        link="http://www.kegg.jp/dbget-bin/www_bget?mmu:66988">
        <graphics name="Lap3, 2410015L10Rik, AA410100, LAP-3, Lap, Lapep, Pep-7, Pep-S, Pep7, Peps" fgcolor="#000000" bgcolor="#BFFFBF"
             type="rectangle" x="357" y="342" width="46" height="17"/>
    </entry>
    <entry id="167" name="mmu:66988" type="gene" reaction="rn:R04951"
        link="http://www.kegg.jp/dbget-bin/www_bget?mmu:66988">
        <graphics name="Lap3, 2410015L10Rik, AA410100, LAP-3, Lap, Lapep, Pep-7, Pep-S, Pep7, Peps" fgcolor="#000000" bgcolor="#BFFFBF"
             type="rectangle" x="640" y="515" width="46" height="17"/>
    </entry>
    <entry id="168" name="ko:K11207" type="ortholog" reaction="rn:R08360"
        link="http://www.kegg.jp/dbget-bin/www_bget?K11207">
        <graphics name="K11207" fgcolor="#000000" bgcolor="#FFFFFF"
             type="rectangle" x="759" y="708" width="46" height="17"/>
    </entry>
    <entry id="169" name="ko:K15428" type="ortholog" reaction="rn:R00899"
        link="http://www.kegg.jp/dbget-bin/www_bget?K15428">
        <graphics name="K15428" fgcolor="#000000" bgcolor="#FFFFFF"
             type="rectangle" x="357" y="362" width="46" height="17"/>
    </entry>
    <entry id="170" name="ko:K15428" type="ortholog" reaction="rn:R04951"
        link="http://www.kegg.jp/dbget-bin/www_bget?K15428">
        <graphics name="K15428" fgcolor="#000000" bgcolor="#FFFFFF"
             type="rectangle" x="688" y="515" width="46" height="17"/>
    </entry>
    <relation entry1="53" entry2="52" type="ECrel">
        <subtype name="compound" value="64"/>
    </relation>
    <relation entry1="53" entry2="50" type="ECrel">
        <subtype name="compound" value="59"/>
    </relation>
    <relation entry1="50" entry2="51" type="ECrel">
        <subtype name="compound" value="59"/>
    </relation>
    <relation entry1="50" entry2="48" type="ECrel">
        <subtype name="compound" value="61"/>
    </relation>
    <relation entry1="50" entry2="47" type="ECrel">
        <subtype name="compound" value="61"/>
    </relation>
    <relation entry1="50" entry2="26" type="maplink">
        <subtype name="compound" value="61"/>
    </relation>
    <relation entry1="48" entry2="47" type="ECrel">
        <subtype name="compound" value="61"/>
    </relation>
    <relation entry1="48" entry2="26" type="maplink">
        <subtype name="compound" value="61"/>
    </relation>
    <relation entry1="47" entry2="26" type="maplink">
        <subtype name="compound" value="61"/>
    </relation>
    <relation entry1="46" entry2="47" type="ECrel">
        <subtype name="compound" value="66"/>
    </relation>
    <relation entry1="46" entry2="51" type="ECrel">
        <subtype name="compound" value="66"/>
    </relation>
    <relation entry1="47" entry2="51" type="ECrel">
        <subtype name="compound" value="66"/>
    </relation>
    <relation entry1="51" entry2="27" type="maplink">
        <subtype name="compound" value="60"/>
    </relation>
    <relation entry1="51" entry2="29" type="maplink">
        <subtype name="compound" value="60"/>
    </relation>
    <relation entry1="51" entry2="47" type="ECrel">
        <subtype name="compound" value="60"/>
    </relation>
    <relation entry1="51" entry2="49" type="ECrel">
        <subtype name="compound" value="60"/>
    </relation>
    <relation entry1="27" entry2="29" type="maplink">
        <subtype name="compound" value="60"/>
    </relation>
    <relation entry1="27" entry2="47" type="maplink">
        <subtype name="compound" value="60"/>
    </relation>
    <relation entry1="27" entry2="49" type="maplink">
        <subtype name="compound" value="60"/>
    </relation>
    <relation entry1="29" entry2="47" type="maplink">
        <subtype name="compound" value="60"/>
    </relation>
    <relation entry1="29" entry2="49" type="maplink">
        <subtype name="compound" value="60"/>
    </relation>
    <relation entry1="47" entry2="49" type="ECrel">
        <subtype name="compound" value="60"/>
    </relation>
    <relation entry1="49" entry2="48" type="ECrel">
        <subtype name="compound" value="63"/>
    </relation>
    <relation entry1="49" entry2="52" type="ECrel">
        <subtype name="compound" value="63"/>
    </relation>
    <relation entry1="46" entry2="28" type="maplink">
        <subtype name="compound" value="62"/>
    </relation>
    <relation entry1="46" entry2="49" type="ECrel">
        <subtype name="compound" value="62"/>
    </relation>
    <relation entry1="28" entry2="49" type="maplink">
        <subtype name="compound" value="62"/>
    </relation>
    <relation entry1="48" entry2="85" type="ECrel">
        <subtype name="compound" value="65"/>
    </relation>
    <relation entry1="48" entry2="46" type="ECrel">
        <subtype name="compound" value="65"/>
    </relation>
    <relation entry1="48" entry2="55" type="ECrel">
        <subtype name="compound" value="65"/>
    </relation>
    <relation entry1="48" entry2="40" type="ECrel">
        <subtype name="compound" value="65"/>
    </relation>
    <relation entry1="48" entry2="33" type="ECrel">
        <subtype name="compound" value="65"/>
    </relation>
    <relation entry1="48" entry2="41" type="ECrel">
        <subtype name="compound" value="65"/>
    </relation>
    <relation entry1="52" entry2="85" type="ECrel">
        <subtype name="compound" value="65"/>
    </relation>
    <relation entry1="52" entry2="46" type="ECrel">
        <subtype name="compound" value="65"/>
    </relation>
    <relation entry1="52" entry2="55" type="ECrel">
        <subtype name="compound" value="65"/>
    </relation>
    <relation entry1="52" entry2="40" type="ECrel">
        <subtype name="compound" value="65"/>
    </relation>
    <relation entry1="52" entry2="33" type="ECrel">
        <subtype name="compound" value="65"/>
    </relation>
    <relation entry1="52" entry2="41" type="ECrel">
        <subtype name="compound" value="65"/>
    </relation>
    <relation entry1="85" entry2="46" type="ECrel">
        <subtype name="compound" value="65"/>
    </relation>
    <relation entry1="85" entry2="55" type="ECrel">
        <subtype name="compound" value="65"/>
    </relation>
    <relation entry1="46" entry2="55" type="ECrel">
        <subtype name="compound" value="65"/>
    </relation>
    <relation entry1="46" entry2="40" type="ECrel">
        <subtype name="compound" value="65"/>
    </relation>
    <relation entry1="46" entry2="33" type="ECrel">
        <subtype name="compound" value="65"/>
    </relation>
    <relation entry1="46" entry2="41" type="ECrel">
        <subtype name="compound" value="65"/>
    </relation>
    <relation entry1="55" entry2="40" type="ECrel">
        <subtype name="compound" value="65"/>
    </relation>
    <relation entry1="55" entry2="33" type="ECrel">
        <subtype name="compound" value="65"/>
    </relation>
    <relation entry1="55" entry2="41" type="ECrel">
        <subtype name="compound" value="65"/>
    </relation>
    <relation entry1="55" entry2="32" type="ECrel">
        <subtype name="compound" value="72"/>
    </relation>
    <relation entry1="32" entry2="31" type="ECrel">
        <subtype name="compound" value="75"/>
    </relation>
    <relation entry1="141" entry2="136" type="ECrel">
        <subtype name="compound" value="92"/>
    </relation>
    <relation entry1="135" entry2="136" type="ECrel">
        <subtype name="compound" value="91"/>
    </relation>
    <relation entry1="48" entry2="166" type="ECrel">
        <subtype name="compound" value="63"/>
    </relation>
    <relation entry1="52" entry2="166" type="ECrel">
        <subtype name="compound" value="63"/>
    </relation>
    <relation entry1="166" entry2="51" type="ECrel">
        <subtype name="compound" value="60"/>
    </relation>
    <relation entry1="166" entry2="29" type="maplink">
        <subtype name="compound" value="60"/>
    </relation>
    <relation entry1="166" entry2="27" type="maplink">
        <subtype name="compound" value="60"/>
    </relation>
    <relation entry1="166" entry2="47" type="ECrel">
        <subtype name="compound" value="60"/>
    </relation>
    <relation entry1="28" entry2="166" type="maplink">
        <subtype name="compound" value="62"/>
    </relation>
    <relation entry1="166" entry2="46" type="ECrel">
        <subtype name="compound" value="62"/>
    </relation>
    <relation entry1="32" entry2="167" type="ECrel">
        <subtype name="compound" value="75"/>
    </relation>
    <reaction id="31" name="rn:R04951" type="irreversible">
        <substrate id="75" name="cpd:C05729"/>
        <product id="77" name="cpd:C05726"/>
        <product id="76" name="cpd:C00037"/>
    </reaction>
    <reaction id="32" name="rn:R03916" type="irreversible">
        <substrate id="72" name="cpd:C02320"/>
        <product id="74" name="cpd:C00025"/>
        <product id="75" name="cpd:C05729"/>
    </reaction>
    <reaction id="33" name="rn:R00274" type="irreversible">
        <substrate id="65" name="cpd:C00051"/>
        <product id="68" name="cpd:C00127"/>
    </reaction>
    <reaction id="40" name="rn:R03167" type="irreversible">
        <substrate id="65" name="cpd:C00051"/>
        <product id="68" name="cpd:C00127"/>
    </reaction>
    <reaction id="41" name="rn:R03915 rn:R02824" type="irreversible">
        <substrate id="65" name="cpd:C00051"/>
        <product id="68" name="cpd:C00127"/>
    </reaction>
    <reaction id="43" name="rn:R02736" type="irreversible">
        <substrate id="70" name="cpd:C00006"/>
        <product id="69" name="cpd:C00005"/>
    </reaction>
    <reaction id="45" name="rn:R00267" type="irreversible">
        <substrate id="70" name="cpd:C00006"/>
        <product id="69" name="cpd:C00005"/>
    </reaction>
    <reaction id="85" name="rn:R00115" type="irreversible">
        <substrate id="68" name="cpd:C00127"/>
        <substrate id="69" name="cpd:C00005"/>
        <product id="65" name="cpd:C00051"/>
        <product id="70" name="cpd:C00006"/>
    </reaction>
    <reaction id="46" name="rn:R00497" type="irreversible">
        <substrate id="62" name="cpd:C00037"/>
        <substrate id="66" name="cpd:C00669"/>
        <product id="65" name="cpd:C00051"/>
    </reaction>
    <reaction id="47" name="rn:R00894" type="irreversible">
        <substrate id="61" name="cpd:C00025"/>
        <substrate id="60" name="cpd:C00097"/>
        <product id="66" name="cpd:C00669"/>
    </reaction>
    <reaction id="48" name="rn:R00494" type="irreversible">
        <substrate id="65" name="cpd:C00051"/>
        <product id="61" name="cpd:C00025"/>
        <product id="63" name="cpd:C01419"/>
    </reaction>
    <reaction id="49" name="rn:R00899" type="irreversible">
        <substrate id="63" name="cpd:C01419"/>
        <product id="62" name="cpd:C00037"/>
        <product id="60" name="cpd:C00097"/>
    </reaction>
    <reaction id="50" name="rn:R00251" type="irreversible">
        <substrate id="59" name="cpd:C01879"/>
        <product id="61" name="cpd:C00025"/>
    </reaction>
    <reaction id="51" name="rn:R02743" type="irreversible">
        <substrate id="66" name="cpd:C00669"/>
        <product id="59" name="cpd:C01879"/>
        <product id="60" name="cpd:C00097"/>
    </reaction>
    <reaction id="52" name="rn:R01262" type="irreversible">
        <substrate id="65" name="cpd:C00051"/>
        <substrate id="58" name="cpd:C00151"/>
        <product id="64" name="cpd:C03740"/>
        <product id="63" name="cpd:C01419"/>
    </reaction>
    <reaction id="53" name="rn:R03749" type="irreversible">
        <substrate id="64" name="cpd:C03740"/>
        <product id="59" name="cpd:C01879"/>
        <product id="58" name="cpd:C00151"/>
    </reaction>
    <reaction id="55" name="rn:R03522" type="irreversible">
        <substrate id="71" name="cpd:C01322"/>
        <substrate id="65" name="cpd:C00051"/>
        <product id="72" name="cpd:C02320"/>
    </reaction>
    <reaction id="134" name="rn:R01528" type="irreversible">
        <substrate id="70" name="cpd:C00006"/>
        <product id="69" name="cpd:C00005"/>
    </reaction>
    <reaction id="135" name="rn:R00670" type="irreversible">
        <substrate id="90" name="cpd:C00077"/>
        <product id="91" name="cpd:C00134"/>
    </reaction>
    <reaction id="136" name="rn:R01920" type="irreversible">
        <substrate id="91" name="cpd:C00134"/>
        <product id="92" name="cpd:C00315"/>
    </reaction>
    <reaction id="141" name="rn:R02869" type="irreversible">
        <substrate id="92" name="cpd:C00315"/>
        <product id="115" name="cpd:C00750"/>
    </reaction>
    <reaction id="144" name="rn:R08359" type="irreversible">
        <substrate id="123" name="cpd:C01672"/>
        <product id="124" name="cpd:C16565"/>
    </reaction>
    <reaction id="151" name="rn:R08363" type="irreversible">
        <substrate id="113" name="cpd:C16663"/>
        <product id="112" name="cpd:C16664"/>
    </reaction>
    <reaction id="153" name="rn:R08364" type="irreversible">
        <substrate id="99" name="cpd:C02090"/>
        <product id="100" name="cpd:C03170"/>
    </reaction>
    <reaction id="166" name="rn:R00899" type="irreversible">
        <substrate id="63" name="cpd:C01419"/>
        <product id="62" name="cpd:C00037"/>
        <product id="60" name="cpd:C00097"/>
    </reaction>
    <reaction id="167" name="rn:R04951" type="irreversible">
        <substrate id="75" name="cpd:C05729"/>
        <product id="77" name="cpd:C05726"/>
        <product id="76" name="cpd:C00037"/>
    </reaction>
</pathway>
