<?xml version="1.0"?>
<!DOCTYPE pathway SYSTEM "http://www.kegg.jp/kegg/xml/KGML_v0.7.1_.dtd">
<!-- Creation date: Nov 9, 2015 11:00:27 +0900 (GMT+9) -->
<pathway name="path:mmu04744" org="mmu" number="04744"
         title="Phototransduction"
         image="http://www.kegg.jp/kegg/pathway/mmu/mmu04744.png"
         link="http://www.kegg.jp/kegg-bin/show_pathway?mmu04744">
    <entry id="1" name="path:mmu04744" type="map"
        link="http://www.kegg.jp/dbget-bin/www_bget?mmu04744">
        <graphics name="TITLE:Phototransduction" fgcolor="#000000" bgcolor="#FFFFFF"
             type="roundrectangle" x="133" y="58" width="186" height="25"/>
    </entry>
    <entry id="2" name="mmu:12788 mmu:333329" type="gene"
        link="http://www.kegg.jp/dbget-bin/www_bget?mmu:12788+mmu:333329">
        <graphics name="Cnga1, Cncg..." fgcolor="#000000" bgcolor="#BFFFBF"
             type="rectangle" x="740" y="412" width="46" height="17"/>
    </entry>
    <entry id="3" name="mmu:12788 mmu:333329" type="gene"
        link="http://www.kegg.jp/dbget-bin/www_bget?mmu:12788+mmu:333329">
        <graphics name="Cnga1, Cncg..." fgcolor="#000000" bgcolor="#BFFFBF"
             type="rectangle" x="740" y="896" width="46" height="17"/>
    </entry>
    <entry id="4" name="mmu:212541" type="gene"
        link="http://www.kegg.jp/dbget-bin/www_bget?mmu:212541">
        <graphics name="Rho, Noerg1, Opn2, Ops, RP4" fgcolor="#000000" bgcolor="#BFFFBF"
             type="rectangle" x="318" y="252" width="46" height="17"/>
    </entry>
    <entry id="5" name="mmu:212541" type="gene"
        link="http://www.kegg.jp/dbget-bin/www_bget?mmu:212541">
        <graphics name="Rho, Noerg1, Opn2, Ops, RP4" fgcolor="#000000" bgcolor="#BFFFBF"
             type="rectangle" x="289" y="656" width="46" height="17"/>
    </entry>
    <entry id="6" name="mmu:18587 mmu:18588 mmu:225600" type="gene"
        link="http://www.kegg.jp/dbget-bin/www_bget?mmu:18587+mmu:18588+mmu:225600">
        <graphics name="Pde6b, Pdeb, r, rd, rd-1, rd1, rd10..." fgcolor="#000000" bgcolor="#BFFFBF"
             type="rectangle" x="490" y="266" width="46" height="17"/>
    </entry>
    <entry id="7" name="mmu:14685 mmu:14686 mmu:14688 mmu:14699" type="gene"
        link="http://www.kegg.jp/dbget-bin/www_bget?mmu:14685+mmu:14686+mmu:14688+mmu:14699">
        <graphics name="Gnat1, Gnat-1, Ird1, Ird2, Tralpha, irdc, irdr, transducin..." fgcolor="#000000" bgcolor="#BFFFBF"
             type="rectangle" x="403" y="669" width="46" height="17"/>
    </entry>
    <entry id="8" name="mmu:14918 mmu:14919 mmu:245650" type="gene"
        link="http://www.kegg.jp/dbget-bin/www_bget?mmu:14918+mmu:14919+mmu:245650">
        <graphics name="Gucy2d..." fgcolor="#000000" bgcolor="#BFFFBF"
             type="rectangle" x="594" y="655" width="46" height="17"/>
    </entry>
    <entry id="9" name="mmu:14918 mmu:14919 mmu:245650" type="gene"
        link="http://www.kegg.jp/dbget-bin/www_bget?mmu:14918+mmu:14919+mmu:245650">
        <graphics name="Gucy2d..." fgcolor="#000000" bgcolor="#BFFFBF"
             type="rectangle" x="581" y="251" width="46" height="17"/>
    </entry>
    <entry id="10" name="mmu:14685 mmu:14686 mmu:14688 mmu:14699" type="gene"
        link="http://www.kegg.jp/dbget-bin/www_bget?mmu:14685+mmu:14686+mmu:14688+mmu:14699">
        <graphics name="Gnat1, Gnat-1, Ird1, Ird2, Tralpha, irdc, irdr, transducin..." fgcolor="#000000" bgcolor="#BFFFBF"
             type="rectangle" x="402" y="265" width="46" height="17"/>
    </entry>
    <entry id="11" name="mmu:18587 mmu:18588 mmu:225600" type="gene"
        link="http://www.kegg.jp/dbget-bin/www_bget?mmu:18587+mmu:18588+mmu:225600">
        <graphics name="Pde6b, Pdeb, r, rd, rd-1, rd1, rd10..." fgcolor="#000000" bgcolor="#BFFFBF"
             type="rectangle" x="507" y="669" width="46" height="17"/>
    </entry>
    <entry id="12" name="cpd:C00076" type="compound"
        link="http://www.kegg.jp/dbget-bin/www_bget?C00076">
        <graphics name="C00076" fgcolor="#000000" bgcolor="#FFFFFF"
             type="circle" x="800" y="406" width="8" height="8"/>
    </entry>
    <entry id="13" name="cpd:C01330" type="compound"
        link="http://www.kegg.jp/dbget-bin/www_bget?C01330">
        <graphics name="C01330" fgcolor="#000000" bgcolor="#FFFFFF"
             type="circle" x="800" y="418" width="8" height="8"/>
    </entry>
    <entry id="14" name="cpd:C00942" type="compound"
        link="http://www.kegg.jp/dbget-bin/www_bget?C00942">
        <graphics name="C00942" fgcolor="#000000" bgcolor="#FFFFFF"
             type="circle" x="535" y="689" width="8" height="8"/>
    </entry>
    <entry id="15" name="cpd:C00144" type="compound"
        link="http://www.kegg.jp/dbget-bin/www_bget?C00144">
        <graphics name="C00144" fgcolor="#000000" bgcolor="#FFFFFF"
             type="circle" x="465" y="689" width="8" height="8"/>
    </entry>
    <entry id="16" name="cpd:C00942" type="compound"
        link="http://www.kegg.jp/dbget-bin/www_bget?C00942">
        <graphics name="C00942" fgcolor="#000000" bgcolor="#FFFFFF"
             type="circle" x="686" y="451" width="8" height="8"/>
    </entry>
    <entry id="17" name="cpd:C00942" type="compound"
        link="http://www.kegg.jp/dbget-bin/www_bget?C00942">
        <graphics name="C00942" fgcolor="#000000" bgcolor="#FFFFFF"
             type="circle" x="684" y="930" width="8" height="8"/>
    </entry>
    <entry id="18" name="mmu:214111" type="gene"
        link="http://www.kegg.jp/dbget-bin/www_bget?mmu:214111">
        <graphics name="Slc24a1" fgcolor="#000000" bgcolor="#BFFFBF"
             type="rectangle" x="740" y="314" width="46" height="17"/>
    </entry>
    <entry id="19" name="mmu:214111" type="gene"
        link="http://www.kegg.jp/dbget-bin/www_bget?mmu:214111">
        <graphics name="Slc24a1" fgcolor="#000000" bgcolor="#BFFFBF"
             type="rectangle" x="740" y="797" width="46" height="17"/>
    </entry>
    <entry id="20" name="cpd:C00238" type="compound"
        link="http://www.kegg.jp/dbget-bin/www_bget?C00238">
        <graphics name="C00238" fgcolor="#000000" bgcolor="#FFFFFF"
             type="circle" x="671" y="334" width="8" height="8"/>
    </entry>
    <entry id="21" name="cpd:C00076" type="compound"
        link="http://www.kegg.jp/dbget-bin/www_bget?C00076">
        <graphics name="C00076" fgcolor="#000000" bgcolor="#FFFFFF"
             type="circle" x="650" y="316" width="8" height="8"/>
    </entry>
    <entry id="22" name="cpd:C01330" type="compound"
        link="http://www.kegg.jp/dbget-bin/www_bget?C01330">
        <graphics name="C01330" fgcolor="#000000" bgcolor="#FFFFFF"
             type="circle" x="798" y="307" width="8" height="8"/>
    </entry>
    <entry id="23" name="cpd:C00238" type="compound"
        link="http://www.kegg.jp/dbget-bin/www_bget?C00238">
        <graphics name="C00238" fgcolor="#000000" bgcolor="#FFFFFF"
             type="circle" x="676" y="820" width="8" height="8"/>
    </entry>
    <entry id="24" name="cpd:C00076" type="compound"
        link="http://www.kegg.jp/dbget-bin/www_bget?C00076">
        <graphics name="C00076" fgcolor="#000000" bgcolor="#FFFFFF"
             type="circle" x="661" y="802" width="8" height="8"/>
    </entry>
    <entry id="25" name="cpd:C01330" type="compound"
        link="http://www.kegg.jp/dbget-bin/www_bget?C01330">
        <graphics name="C01330" fgcolor="#000000" bgcolor="#FFFFFF"
             type="circle" x="804" y="792" width="8" height="8"/>
    </entry>
    <entry id="26" name="cpd:C00942" type="compound"
        link="http://www.kegg.jp/dbget-bin/www_bget?C00942">
        <graphics name="C00942" fgcolor="#000000" bgcolor="#FFFFFF"
             type="circle" x="532" y="281" width="8" height="8"/>
    </entry>
    <entry id="27" name="mmu:107477 mmu:14913" type="gene"
        link="http://www.kegg.jp/dbget-bin/www_bget?mmu:107477+mmu:14913">
        <graphics name="Guca1b, BC018258, GCAP2..." fgcolor="#000000" bgcolor="#BFFFBF"
             type="rectangle" x="618" y="672" width="46" height="17"/>
    </entry>
    <entry id="28" name="mmu:107477 mmu:14913" type="gene"
        link="http://www.kegg.jp/dbget-bin/www_bget?mmu:107477+mmu:14913">
        <graphics name="Guca1b, BC018258, GCAP2..." fgcolor="#000000" bgcolor="#BFFFBF"
             type="rectangle" x="653" y="280" width="46" height="17"/>
    </entry>
    <entry id="29" name="path:mmu00830" type="map"
        link="http://www.kegg.jp/dbget-bin/www_bget?mmu00830">
        <graphics name="Retinol metabolism" fgcolor="#000000" bgcolor="#FFFFFF"
             type="roundrectangle" x="326" y="904" width="117" height="34"/>
    </entry>
    <entry id="30" name="cpd:C00076" type="compound"
        link="http://www.kegg.jp/dbget-bin/www_bget?C00076">
        <graphics name="C00076" fgcolor="#000000" bgcolor="#FFFFFF"
             type="circle" x="606" y="285" width="8" height="8"/>
    </entry>
    <entry id="31" name="cpd:C00376" type="compound"
        link="http://www.kegg.jp/dbget-bin/www_bget?C00376">
        <graphics name="C00376" fgcolor="#000000" bgcolor="#FFFFFF"
             type="circle" x="371" y="844" width="8" height="8"/>
    </entry>
    <entry id="32" name="cpd:C02110" type="compound"
        link="http://www.kegg.jp/dbget-bin/www_bget?C02110">
        <graphics name="C02110" fgcolor="#000000" bgcolor="#FFFFFF"
             type="circle" x="267" y="844" width="8" height="8"/>
    </entry>
    <entry id="33" name="mmu:212541" type="gene"
        link="http://www.kegg.jp/dbget-bin/www_bget?mmu:212541">
        <graphics name="Rho, Noerg1, Opn2, Ops, RP4" fgcolor="#000000" bgcolor="#BFFFBF"
             type="rectangle" x="436" y="851" width="46" height="17"/>
    </entry>
    <entry id="34" name="mmu:212541" type="gene"
        link="http://www.kegg.jp/dbget-bin/www_bget?mmu:212541">
        <graphics name="Rho, Noerg1, Opn2, Ops, RP4" fgcolor="#000000" bgcolor="#BFFFBF"
             type="rectangle" x="203" y="851" width="46" height="17"/>
    </entry>
    <entry id="35" name="mmu:19674" type="gene"
        link="http://www.kegg.jp/dbget-bin/www_bget?mmu:19674">
        <graphics name="Rcvrn, CAR, S-modulin" fgcolor="#000000" bgcolor="#BFFFBF"
             type="rectangle" x="267" y="314" width="46" height="17"/>
    </entry>
    <entry id="36" name="mmu:24013" type="gene"
        link="http://www.kegg.jp/dbget-bin/www_bget?mmu:24013">
        <graphics name="Grk1, Gprk1, Rhok, Rk" fgcolor="#000000" bgcolor="#BFFFBF"
             type="rectangle" x="256" y="267" width="46" height="17"/>
    </entry>
    <entry id="37" name="mmu:19674" type="gene"
        link="http://www.kegg.jp/dbget-bin/www_bget?mmu:19674">
        <graphics name="Rcvrn, CAR, S-modulin" fgcolor="#000000" bgcolor="#BFFFBF"
             type="rectangle" x="193" y="722" width="46" height="17"/>
    </entry>
    <entry id="38" name="mmu:24013" type="gene"
        link="http://www.kegg.jp/dbget-bin/www_bget?mmu:24013">
        <graphics name="Grk1, Gprk1, Rhok, Rk" fgcolor="#000000" bgcolor="#BFFFBF"
             type="rectangle" x="279" y="701" width="46" height="17"/>
    </entry>
    <entry id="39" name="mmu:20215" type="gene"
        link="http://www.kegg.jp/dbget-bin/www_bget?mmu:20215">
        <graphics name="Sag, A930001K18Rik, Arr1, Irbp, arrestin" fgcolor="#000000" bgcolor="#BFFFBF"
             type="rectangle" x="347" y="295" width="46" height="17"/>
    </entry>
    <entry id="40" name="mmu:20215" type="gene"
        link="http://www.kegg.jp/dbget-bin/www_bget?mmu:20215">
        <graphics name="Sag, A930001K18Rik, Arr1, Irbp, arrestin" fgcolor="#000000" bgcolor="#BFFFBF"
             type="rectangle" x="332" y="701" width="46" height="17"/>
    </entry>
    <entry id="41" name="cpd:C00076" type="compound"
        link="http://www.kegg.jp/dbget-bin/www_bget?C00076">
        <graphics name="C00076" fgcolor="#000000" bgcolor="#FFFFFF"
             type="circle" x="312" y="313" width="8" height="8"/>
    </entry>
    <entry id="42" name="cpd:C00076" type="compound"
        link="http://www.kegg.jp/dbget-bin/www_bget?C00076">
        <graphics name="C00076" fgcolor="#000000" bgcolor="#FFFFFF"
             type="circle" x="252" y="721" width="8" height="8"/>
    </entry>
    <entry id="43" name="mmu:24013" type="gene"
        link="http://www.kegg.jp/dbget-bin/www_bget?mmu:24013">
        <graphics name="Grk1, Gprk1, Rhok, Rk" fgcolor="#000000" bgcolor="#BFFFBF"
             type="rectangle" x="504" y="800" width="46" height="17"/>
    </entry>
    <entry id="44" name="mmu:20215" type="gene"
        link="http://www.kegg.jp/dbget-bin/www_bget?mmu:20215">
        <graphics name="Sag, A930001K18Rik, Arr1, Irbp, arrestin" fgcolor="#000000" bgcolor="#BFFFBF"
             type="rectangle" x="504" y="822" width="46" height="17"/>
    </entry>
    <entry id="45" name="cpd:C00305" type="compound"
        link="http://www.kegg.jp/dbget-bin/www_bget?C00305">
        <graphics name="C00305" fgcolor="#000000" bgcolor="#FFFFFF"
             type="circle" x="600" y="699" width="8" height="8"/>
    </entry>
    <entry id="46" name="mmu:19739" type="gene"
        link="http://www.kegg.jp/dbget-bin/www_bget?mmu:19739">
        <graphics name="Rgs9, RGS9-1, Rgs9-2" fgcolor="#000000" bgcolor="#BFFFBF"
             type="rectangle" x="435" y="302" width="46" height="17"/>
    </entry>
    <entry id="47" name="mmu:19739" type="gene"
        link="http://www.kegg.jp/dbget-bin/www_bget?mmu:19739">
        <graphics name="Rgs9, RGS9-1, Rgs9-2" fgcolor="#000000" bgcolor="#BFFFBF"
             type="rectangle" x="410" y="712" width="46" height="17"/>
    </entry>
    <entry id="48" name="cpd:C00076" type="compound"
        link="http://www.kegg.jp/dbget-bin/www_bget?C00076">
        <graphics name="C00076" fgcolor="#000000" bgcolor="#FFFFFF"
             type="circle" x="646" y="363" width="8" height="8"/>
    </entry>
    <entry id="49" name="mmu:12313 mmu:12314 mmu:12315 mmu:494124 mmu:70405 mmu:80796" type="gene"
        link="http://www.kegg.jp/dbget-bin/www_bget?mmu:12313+mmu:12314+mmu:12315+mmu:494124+mmu:70405+mmu:80796">
        <graphics name="Calm1, AI256814, AI327027, AI461935, AL024000, CaM, Calm..." fgcolor="#000000" bgcolor="#BFFFBF"
             type="rectangle" x="688" y="365" width="46" height="17"/>
    </entry>
    <entry id="50" name="mmu:12313 mmu:12314 mmu:12315 mmu:494124 mmu:70405 mmu:80796" type="gene"
        link="http://www.kegg.jp/dbget-bin/www_bget?mmu:12313+mmu:12314+mmu:12315+mmu:494124+mmu:70405+mmu:80796">
        <graphics name="Calm1, AI256814, AI327027, AI461935, AL024000, CaM, Calm..." fgcolor="#000000" bgcolor="#BFFFBF"
             type="rectangle" x="674" y="856" width="46" height="17"/>
    </entry>
    <relation entry1="9" entry2="26" type="PCrel">
        <subtype name="activation" value="--&gt;"/>
    </relation>
    <relation entry1="5" entry2="7" type="PPrel">
        <subtype name="activation" value="--&gt;"/>
    </relation>
    <relation entry1="7" entry2="11" type="PPrel">
        <subtype name="activation" value="--&gt;"/>
    </relation>
    <relation entry1="8" entry2="14" type="PCrel">
        <subtype name="activation" value="--&gt;"/>
    </relation>
    <relation entry1="35" entry2="36" type="PPrel">
        <subtype name="inhibition" value="--|"/>
    </relation>
    <relation entry1="40" entry2="5" type="PPrel">
        <subtype name="inhibition" value="--|"/>
    </relation>
    <relation entry1="47" entry2="7" type="PPrel">
        <subtype name="inhibition" value="--|"/>
    </relation>
    <relation entry1="38" entry2="5" type="PPrel">
        <subtype name="inhibition" value="--|"/>
        <subtype name="phosphorylation" value="+p"/>
    </relation>
    <relation entry1="35" entry2="41" type="PCrel">
        <subtype name="binding/association" value="---"/>
    </relation>
    <relation entry1="30" entry2="28" type="PCrel">
        <subtype name="binding/association" value="---"/>
    </relation>
    <relation entry1="48" entry2="49" type="PCrel">
        <subtype name="binding/association" value="---"/>
    </relation>
    <relation entry1="45" entry2="27" type="PCrel">
        <subtype name="binding/association" value="---"/>
    </relation>
    <relation entry1="37" entry2="42" type="PCrel">
        <subtype name="dissociation" value="-+-"/>
    </relation>
    <relation entry1="17" entry2="3" type="PCrel">
        <subtype name="dissociation" value="-+-"/>
    </relation>
    <relation entry1="34" entry2="32" type="PCrel">
        <subtype name="binding/association" value="---"/>
    </relation>
    <relation entry1="31" entry2="33" type="PCrel">
        <subtype name="binding/association" value="---"/>
    </relation>
    <relation entry1="49" entry2="2" type="PPrel">
        <subtype name="inhibition" value="--|"/>
    </relation>
    <relation entry1="16" entry2="2" type="PCrel">
        <subtype name="binding/association" value="---"/>
    </relation>
    <relation entry1="27" entry2="8" type="PPrel">
        <subtype name="activation" value="--&gt;"/>
    </relation>
    <relation entry1="28" entry2="9" type="PPrel">
        <subtype name="inhibition" value="--|"/>
    </relation>
</pathway>
