<?xml version="1.0"?>
<!DOCTYPE pathway SYSTEM "http://www.kegg.jp/kegg/xml/KGML_v0.7.1_.dtd">
<!-- Creation date: Jul 10, 2013 17:06:08 +0900 (GMT+09:00) -->
<pathway name="path:mmu04380" org="mmu" number="04380"
         title="Osteoclast differentiation"
         image="http://www.kegg.jp/kegg/pathway/mmu/mmu04380.png"
         link="http://www.kegg.jp/kegg-bin/show_pathway?mmu04380">
    <entry id="1" name="path:mmu04380" type="map"
        link="http://www.kegg.jp/dbget-bin/www_bget?mmu04380">
        <graphics name="TITLE:Osteoclast differentiation" fgcolor="#000000" bgcolor="#FFFFFF"
             type="roundrectangle" x="167" y="58" width="253" height="25"/>
    </entry>
    <entry id="2" name="mmu:12978" type="gene"
        link="http://www.kegg.jp/dbget-bin/www_bget?mmu:12978">
        <graphics name="Csf1r, AI323359, CD115, CSF-1R, Csfmr, Fim-2, Fms, M-CSF-R, M-CSFR" fgcolor="#000000" bgcolor="#BFFFBF"
             type="rectangle" x="208" y="169" width="46" height="17"/>
    </entry>
    <entry id="3" name="mmu:22030 mmu:22034" type="gene"
        link="http://www.kegg.jp/dbget-bin/www_bget?mmu:22030+mmu:22034">
        <graphics name="Traf2, AI325259..." fgcolor="#000000" bgcolor="#BFFFBF"
             type="rectangle" x="361" y="359" width="46" height="17"/>
    </entry>
    <entry id="4" name="mmu:21934" type="gene"
        link="http://www.kegg.jp/dbget-bin/www_bget?mmu:21934">
        <graphics name="Tnfrsf11a, Ly109, ODFR, OFE, Rank, TRANCE-R, mRANK" fgcolor="#000000" bgcolor="#BFFFBF"
             type="rectangle" x="208" y="359" width="46" height="17"/>
    </entry>
    <entry id="5" name="mmu:21943" type="gene"
        link="http://www.kegg.jp/dbget-bin/www_bget?mmu:21943">
        <graphics name="Tnfsf11, Ly109l, ODF, OPG, OPGL, RANKL, Trance" fgcolor="#000000" bgcolor="#BFFFBF"
             type="rectangle" x="136" y="359" width="46" height="17"/>
    </entry>
    <entry id="6" name="mmu:12977" type="gene"
        link="http://www.kegg.jp/dbget-bin/www_bget?mmu:12977">
        <graphics name="Csf1, C87615, Csfm, MCSF, op" fgcolor="#000000" bgcolor="#BFFFBF"
             type="rectangle" x="136" y="169" width="46" height="17"/>
    </entry>
    <entry id="7" name="mmu:18383" type="gene"
        link="http://www.kegg.jp/dbget-bin/www_bget?mmu:18383">
        <graphics name="Tnfrsf11b, OCIF, Opg, TR1" fgcolor="#000000" bgcolor="#BFFFBF"
             type="rectangle" x="136" y="394" width="46" height="17"/>
    </entry>
    <entry id="8" name="mmu:74256" type="gene"
        link="http://www.kegg.jp/dbget-bin/www_bget?mmu:74256">
        <graphics name="Cyld, 2010013M14Rik, 2900009M21Rik, C130039D01Rik, CDMT, CYLD1, EAC, mKIAA0849" fgcolor="#000000" bgcolor="#BFFFBF"
             type="rectangle" x="360" y="286" width="46" height="17"/>
    </entry>
    <entry id="9" name="mmu:14389" type="gene"
        link="http://www.kegg.jp/dbget-bin/www_bget?mmu:14389">
        <graphics name="Gab2, AI463667, D130058I17Rik, p97" fgcolor="#000000" bgcolor="#BFFFBF"
             type="rectangle" x="395" y="418" width="46" height="17"/>
    </entry>
    <entry id="10" name="mmu:53859" type="gene"
        link="http://www.kegg.jp/dbget-bin/www_bget?mmu:53859">
        <graphics name="Map3k14, Nik, aly" fgcolor="#000000" bgcolor="#BFFFBF"
             type="rectangle" x="557" y="284" width="46" height="17"/>
    </entry>
    <entry id="11" name="mmu:12675" type="gene"
        link="http://www.kegg.jp/dbget-bin/www_bget?mmu:12675">
        <graphics name="Chuk, AI256658, Chuk1, Fbx24, Fbxo24, IKBKA, IKK1, Ikka, NFKBIKA" fgcolor="#000000" bgcolor="#BFFFBF"
             type="rectangle" x="656" y="284" width="46" height="17"/>
    </entry>
    <entry id="12" name="mmu:16151" type="gene"
        link="http://www.kegg.jp/dbget-bin/www_bget?mmu:16151">
        <graphics name="Ikbkg, 1110037D23Rik, AI848108, AI851264, AW124339, IKK[g], NEMO" fgcolor="#000000" bgcolor="#BFFFBF"
             type="rectangle" x="556" y="325" width="46" height="17"/>
    </entry>
    <entry id="13" name="mmu:12675" type="gene"
        link="http://www.kegg.jp/dbget-bin/www_bget?mmu:12675">
        <graphics name="Chuk, AI256658, Chuk1, Fbx24, Fbxo24, IKBKA, IKK1, Ikka, NFKBIKA" fgcolor="#000000" bgcolor="#BFFFBF"
             type="rectangle" x="556" y="342" width="46" height="17"/>
    </entry>
    <entry id="14" name="mmu:16150" type="gene"
        link="http://www.kegg.jp/dbget-bin/www_bget?mmu:16150">
        <graphics name="Ikbkb, AI132552, IKK-2, IKK-beta, IKK2, IKK[b], IKKbeta" fgcolor="#000000" bgcolor="#BFFFBF"
             type="rectangle" x="556" y="359" width="46" height="17"/>
    </entry>
    <entry id="15" name="mmu:18035" type="gene"
        link="http://www.kegg.jp/dbget-bin/www_bget?mmu:18035">
        <graphics name="Nfkbia, AI462015, Nfkbi" fgcolor="#000000" bgcolor="#BFFFBF"
             type="rectangle" x="785" y="359" width="46" height="17"/>
    </entry>
    <entry id="16" name="mmu:18033 mmu:19697" type="gene"
        link="http://www.kegg.jp/dbget-bin/www_bget?mmu:18033+mmu:19697">
        <graphics name="Nfkb1, NF-KB1, NF-kappaB, NF-kappaB1, p105, p50, p50/p105..." fgcolor="#000000" bgcolor="#BFFFBF"
             type="rectangle" x="785" y="324" width="46" height="17"/>
    </entry>
    <entry id="17" name="mmu:26409" type="gene"
        link="http://www.kegg.jp/dbget-bin/www_bget?mmu:26409">
        <graphics name="Map3k7, B430101B05, C87327, Tak1" fgcolor="#000000" bgcolor="#BFFFBF"
             type="rectangle" x="457" y="359" width="46" height="17"/>
    </entry>
    <entry id="18" name="mmu:66513 mmu:68652" type="gene"
        link="http://www.kegg.jp/dbget-bin/www_bget?mmu:66513+mmu:68652">
        <graphics name="Tab1, 2310012M03Rik, Map3k7ip1, b2b449Clo..." fgcolor="#000000" bgcolor="#BFFFBF"
             type="rectangle" x="457" y="376" width="46" height="17"/>
    </entry>
    <entry id="19" name="mmu:26399" type="gene"
        link="http://www.kegg.jp/dbget-bin/www_bget?mmu:26399">
        <graphics name="Map2k6, MEK6, MKK6, Prkmk6, SAPKK3" fgcolor="#000000" bgcolor="#BFFFBF"
             type="rectangle" x="557" y="436" width="46" height="17"/>
    </entry>
    <entry id="20" name="mmu:26395" type="gene"
        link="http://www.kegg.jp/dbget-bin/www_bget?mmu:26395">
        <graphics name="Map2k1, MAPKK1, MEKK1, Mek1, Prkmk1" fgcolor="#000000" bgcolor="#BFFFBF"
             type="rectangle" x="557" y="414" width="46" height="17"/>
    </entry>
    <entry id="21" name="mmu:26414 mmu:26419 mmu:26420" type="gene"
        link="http://www.kegg.jp/dbget-bin/www_bget?mmu:26414+mmu:26419+mmu:26420">
        <graphics name="Mapk10, C230008H04Rik, JNK3, JNK3B1, JNK3B2, SAPK(beta), Serk2, p493F12, p54bSAPK..." fgcolor="#000000" bgcolor="#BFFFBF"
             type="rectangle" x="640" y="458" width="46" height="17"/>
    </entry>
    <entry id="22" name="mmu:19094 mmu:26415 mmu:26416 mmu:29857" type="gene"
        link="http://www.kegg.jp/dbget-bin/www_bget?mmu:19094+mmu:26415+mmu:26416+mmu:29857">
        <graphics name="Mapk11, P38b, Prkm11, Sapk2, Sapk2b, p38-2, p38beta, p38beta2..." fgcolor="#000000" bgcolor="#BFFFBF"
             type="rectangle" x="640" y="436" width="46" height="17"/>
    </entry>
    <entry id="23" name="mmu:18018" type="gene"
        link="http://www.kegg.jp/dbget-bin/www_bget?mmu:18018">
        <graphics name="Nfatc1, 2210017P03Rik, AI449492, AV076380, NF-ATc, NFAT2, NFATc, Nfatcb" fgcolor="#000000" bgcolor="#BFFFBF"
             type="rectangle" x="1041" y="284" width="46" height="17"/>
    </entry>
    <entry id="24" name="mmu:15977" type="gene"
        link="http://www.kegg.jp/dbget-bin/www_bget?mmu:15977">
        <graphics name="Ifnb1, IFN-beta, IFNB, Ifb" fgcolor="#000000" bgcolor="#BFFFBF"
             type="rectangle" x="1041" y="310" width="46" height="17"/>
    </entry>
    <entry id="25" name="mmu:15977" type="gene"
        link="http://www.kegg.jp/dbget-bin/www_bget?mmu:15977">
        <graphics name="Ifnb1, IFN-beta, IFNB, Ifb" fgcolor="#000000" bgcolor="#BFFFBF"
             type="rectangle" x="136" y="679" width="46" height="17"/>
    </entry>
    <entry id="26" name="mmu:15975 mmu:15976" type="gene"
        link="http://www.kegg.jp/dbget-bin/www_bget?mmu:15975+mmu:15976">
        <graphics name="Ifnar1, CD118, Ifar, Ifnar, Ifrc, Infar..." fgcolor="#000000" bgcolor="#BFFFBF"
             type="rectangle" x="208" y="679" width="46" height="17"/>
    </entry>
    <entry id="27" name="mmu:16451 mmu:54721" type="gene"
        link="http://www.kegg.jp/dbget-bin/www_bget?mmu:16451+mmu:54721">
        <graphics name="Jak1, AA960307, BAP004, C130039L05Rik..." fgcolor="#000000" bgcolor="#BFFFBF"
             type="rectangle" x="307" y="679" width="46" height="17"/>
    </entry>
    <entry id="28" name="mmu:20846 mmu:20847" type="gene"
        link="http://www.kegg.jp/dbget-bin/www_bget?mmu:20846+mmu:20847">
        <graphics name="Stat1, 2010005J02Rik, AA408197..." fgcolor="#000000" bgcolor="#BFFFBF"
             type="rectangle" x="423" y="679" width="46" height="17"/>
    </entry>
    <entry id="29" name="mmu:16391" type="gene"
        link="http://www.kegg.jp/dbget-bin/www_bget?mmu:16391">
        <graphics name="Irf9, Irf-9, Isgf3g, p48" fgcolor="#000000" bgcolor="#BFFFBF"
             type="rectangle" x="507" y="679" width="46" height="17"/>
    </entry>
    <entry id="30" name="mmu:14360 mmu:16818" type="gene"
        link="http://www.kegg.jp/dbget-bin/www_bget?mmu:14360+mmu:16818">
        <graphics name="Fyn, AI448320, AW552119..." fgcolor="#000000" bgcolor="#BFFFBF"
             type="rectangle" x="486" y="241" width="46" height="17"/>
    </entry>
    <entry id="31" name="mmu:18706 mmu:18707 mmu:18708 mmu:18709 mmu:18710 mmu:30955 mmu:320207 mmu:74769" type="gene"
        link="http://www.kegg.jp/dbget-bin/www_bget?mmu:18706+mmu:18707+mmu:18708+mmu:18709+mmu:18710+mmu:30955+mmu:320207+mmu:74769">
        <graphics name="Pik3ca, 6330412C24Rik, caPI3K, p110, p110alpha..." fgcolor="#000000" bgcolor="#BFFFBF"
             type="rectangle" x="569" y="241" width="46" height="17"/>
    </entry>
    <entry id="32" name="mmu:11651 mmu:11652 mmu:23797" type="gene"
        link="http://www.kegg.jp/dbget-bin/www_bget?mmu:11651+mmu:11652+mmu:23797">
        <graphics name="Akt1, Akt, PKB, PKB/Akt, PKBalpha, Rac..." fgcolor="#000000" bgcolor="#BFFFBF"
             type="rectangle" x="652" y="241" width="46" height="17"/>
    </entry>
    <entry id="33" name="mmu:16175 mmu:16176" type="gene"
        link="http://www.kegg.jp/dbget-bin/www_bget?mmu:16175+mmu:16176">
        <graphics name="Il1a, Il-1a..." fgcolor="#000000" bgcolor="#BFFFBF"
             type="rectangle" x="136" y="274" width="46" height="17"/>
    </entry>
    <entry id="34" name="mmu:16177" type="gene"
        link="http://www.kegg.jp/dbget-bin/www_bget?mmu:16177">
        <graphics name="Il1r1, CD121a, CD121b, IL-1R1, IL-iR, Il1r-1" fgcolor="#000000" bgcolor="#BFFFBF"
             type="rectangle" x="208" y="274" width="46" height="17"/>
    </entry>
    <entry id="35" name="mmu:15978" type="gene"
        link="http://www.kegg.jp/dbget-bin/www_bget?mmu:15978">
        <graphics name="Ifng, IFN-g, Ifg" fgcolor="#000000" bgcolor="#BFFFBF"
             type="rectangle" x="136" y="214" width="46" height="17"/>
    </entry>
    <entry id="36" name="mmu:15979 mmu:15980" type="gene"
        link="http://www.kegg.jp/dbget-bin/www_bget?mmu:15979+mmu:15980">
        <graphics name="Ifngr1, CD119, IFN-gammaR, Ifgr, Ifngr, Nktar..." fgcolor="#000000" bgcolor="#BFFFBF"
             type="rectangle" x="208" y="214" width="46" height="17"/>
    </entry>
    <entry id="37" name="mmu:20846" type="gene"
        link="http://www.kegg.jp/dbget-bin/www_bget?mmu:20846">
        <graphics name="Stat1, 2010005J02Rik, AA408197" fgcolor="#000000" bgcolor="#BFFFBF"
             type="rectangle" x="307" y="214" width="46" height="17"/>
    </entry>
    <entry id="38" name="mmu:14281 mmu:14282 mmu:14283 mmu:14284 mmu:16476 mmu:16477 mmu:16478" type="gene"
        link="http://www.kegg.jp/dbget-bin/www_bget?mmu:14281+mmu:14282+mmu:14283+mmu:14284+mmu:16476+mmu:16477+mmu:16478">
        <graphics name="Fos, D12Rfj1, c-fos, cFos..." fgcolor="#000000" bgcolor="#BFFFBF"
             type="rectangle" x="893" y="447" width="46" height="17"/>
    </entry>
    <entry id="39" name="mmu:14129 mmu:14130 mmu:14131 mmu:246256" type="gene"
        link="http://www.kegg.jp/dbget-bin/www_bget?mmu:14129+mmu:14130+mmu:14131+mmu:246256">
        <graphics name="Fcgr1, AI323638, AV092959, CD64, FcgammaRI, IGGHAFC..." fgcolor="#000000" bgcolor="#BFFFBF"
             type="rectangle" x="208" y="518" width="46" height="17"/>
    </entry>
    <entry id="40" name="mmu:22177" type="gene"
        link="http://www.kegg.jp/dbget-bin/www_bget?mmu:22177">
        <graphics name="Tyrobp, DAP12, KARAP, Ly83" fgcolor="#000000" bgcolor="#BFFFBF"
             type="rectangle" x="208" y="596" width="46" height="17"/>
    </entry>
    <entry id="41" name="mmu:12229 mmu:21682" type="gene"
        link="http://www.kegg.jp/dbget-bin/www_bget?mmu:12229+mmu:21682">
        <graphics name="Btk, AI528679, xid..." fgcolor="#000000" bgcolor="#BFFFBF"
             type="rectangle" x="312" y="471" width="46" height="17"/>
    </entry>
    <entry id="42" name="mmu:20963" type="gene"
        link="http://www.kegg.jp/dbget-bin/www_bget?mmu:20963">
        <graphics name="Syk, Sykb" fgcolor="#000000" bgcolor="#BFFFBF"
             type="rectangle" x="294" y="557" width="46" height="17"/>
    </entry>
    <entry id="43" name="mmu:16822 mmu:17060" type="gene"
        link="http://www.kegg.jp/dbget-bin/www_bget?mmu:16822+mmu:17060">
        <graphics name="Lcp2, AI323664, BB161688, SLP-76, SLP76, twm..." fgcolor="#000000" bgcolor="#BFFFBF"
             type="rectangle" x="361" y="547" width="46" height="17"/>
    </entry>
    <entry id="44" name="mmu:234779" type="gene"
        link="http://www.kegg.jp/dbget-bin/www_bget?mmu:234779">
        <graphics name="Plcg2, PLCgamma2, Plcg-2" fgcolor="#000000" bgcolor="#BFFFBF"
             type="rectangle" x="424" y="547" width="46" height="17"/>
    </entry>
    <entry id="45" name="cpd:C01245" type="compound"
        link="http://www.kegg.jp/dbget-bin/www_bget?C01245">
        <graphics name="C01245" fgcolor="#000000" bgcolor="#FFFFFF"
             type="circle" x="594" y="547" width="8" height="8"/>
    </entry>
    <entry id="46" name="cpd:C00076" type="compound"
        link="http://www.kegg.jp/dbget-bin/www_bget?C00076">
        <graphics name="C00076" fgcolor="#000000" bgcolor="#FFFFFF"
             type="circle" x="638" y="547" width="8" height="8"/>
    </entry>
    <entry id="47" name="mmu:19055 mmu:19056 mmu:19057 mmu:19058 mmu:19059" type="gene"
        link="http://www.kegg.jp/dbget-bin/www_bget?mmu:19055+mmu:19056+mmu:19057+mmu:19058+mmu:19059">
        <graphics name="Ppp3ca, 2900074D19Rik, CN, Caln, Calna, CnA..." fgcolor="#000000" bgcolor="#BFFFBF"
             type="rectangle" x="693" y="548" width="46" height="17"/>
    </entry>
    <entry id="48" name="mmu:18018" type="gene"
        link="http://www.kegg.jp/dbget-bin/www_bget?mmu:18018">
        <graphics name="Nfatc1, 2210017P03Rik, AI449492, AV076380, NF-ATc, NFAT2, NFATc, Nfatcb" fgcolor="#000000" bgcolor="#BFFFBF"
             type="rectangle" x="786" y="548" width="46" height="17"/>
    </entry>
    <entry id="49" name="mmu:12326" type="gene"
        link="http://www.kegg.jp/dbget-bin/www_bget?mmu:12326">
        <graphics name="Camk4, A430110E23Rik, AI666733, CaMKIV, CaMKIV/Gr, D18Bwg0362e" fgcolor="#000000" bgcolor="#BFFFBF"
             type="rectangle" x="693" y="612" width="46" height="17"/>
    </entry>
    <entry id="50" name="mmu:12912" type="gene"
        link="http://www.kegg.jp/dbget-bin/www_bget?mmu:12912">
        <graphics name="Creb1, 2310001E10Rik, 3526402H21Rik, AV083133, Creb, Creb-1" fgcolor="#000000" bgcolor="#BFFFBF"
             type="rectangle" x="893" y="612" width="46" height="17"/>
    </entry>
    <entry id="51" name="mmu:14281" type="gene"
        link="http://www.kegg.jp/dbget-bin/www_bget?mmu:14281">
        <graphics name="Fos, D12Rfj1, c-fos, cFos" fgcolor="#000000" bgcolor="#BFFFBF"
             type="rectangle" x="1041" y="634" width="46" height="17"/>
    </entry>
    <entry id="52" name="mmu:13038" type="gene"
        link="http://www.kegg.jp/dbget-bin/www_bget?mmu:13038">
        <graphics name="Ctsk, AI323530, MMS10-Q, Ms10q, catK" fgcolor="#000000" bgcolor="#BFFFBF"
             type="rectangle" x="1041" y="540" width="46" height="17"/>
    </entry>
    <entry id="53" name="mmu:11433" type="gene"
        link="http://www.kegg.jp/dbget-bin/www_bget?mmu:11433">
        <graphics name="Acp5, TRACP, TRAP" fgcolor="#000000" bgcolor="#BFFFBF"
             type="rectangle" x="1041" y="559" width="46" height="17"/>
    </entry>
    <entry id="54" name="mmu:12311" type="gene"
        link="http://www.kegg.jp/dbget-bin/www_bget?mmu:12311">
        <graphics name="Calcr, Clr" fgcolor="#000000" bgcolor="#BFFFBF"
             type="rectangle" x="1041" y="578" width="46" height="17"/>
    </entry>
    <entry id="55" name="mmu:16416" type="gene"
        link="http://www.kegg.jp/dbget-bin/www_bget?mmu:16416">
        <graphics name="Itgb3, CD61, GP3A, INGRB3" fgcolor="#000000" bgcolor="#BFFFBF"
             type="rectangle" x="1041" y="597" width="46" height="17"/>
    </entry>
    <entry id="56" name="mmu:20375" type="gene"
        link="http://www.kegg.jp/dbget-bin/www_bget?mmu:20375">
        <graphics name="Spi1, Dis-1, Dis1, PU.1, Sfpi-1, Sfpi1, Spi-1, Tcfpu1, Tfpu.1" fgcolor="#000000" bgcolor="#BFFFBF"
             type="rectangle" x="893" y="561" width="46" height="17"/>
    </entry>
    <entry id="57" name="mmu:17342" type="gene"
        link="http://www.kegg.jp/dbget-bin/www_bget?mmu:17342">
        <graphics name="Mitf, BCC2, Bhlhe32, Gsfbcc2, Vitiligo, Wh, bw, mi, vit" fgcolor="#000000" bgcolor="#BFFFBF"
             type="rectangle" x="893" y="580" width="46" height="17"/>
    </entry>
    <entry id="58" name="mmu:21926" type="gene"
        link="http://www.kegg.jp/dbget-bin/www_bget?mmu:21926">
        <graphics name="Tnf, DIF, TNF-a, TNF-alpha, TNFSF2, TNFalpha, Tnfa, Tnfsf1a" fgcolor="#000000" bgcolor="#BFFFBF"
             type="rectangle" x="136" y="302" width="46" height="17"/>
    </entry>
    <entry id="59" name="mmu:21937" type="gene"
        link="http://www.kegg.jp/dbget-bin/www_bget?mmu:21937">
        <graphics name="Tnfrsf1a, CD120a, FPF, TNF-R, TNF-R-I, TNF-R1, TNF-R55, TNF-alphaR1, TNFAR, TNFR60, TNFRI, TNFRp55, TNFalpha-R1, Tnfr-2, Tnfr1, p55, p55-R" fgcolor="#000000" bgcolor="#BFFFBF"
             type="rectangle" x="208" y="302" width="46" height="17"/>
    </entry>
    <entry id="60" name="mmu:18019" type="gene"
        link="http://www.kegg.jp/dbget-bin/www_bget?mmu:18019">
        <graphics name="Nfatc2, AI607462, NF-ATc2, NF-ATp, NFAT1, NFAT1-D, Nfatp" fgcolor="#000000" bgcolor="#BFFFBF"
             type="rectangle" x="892" y="310" width="46" height="17"/>
    </entry>
    <entry id="61" name="path:mmu04630" type="map"
        link="http://www.kegg.jp/dbget-bin/www_bget?mmu04630">
        <graphics name="Jak-STAT signaling pathway" fgcolor="#000000" bgcolor="#FFFFFF"
             type="roundrectangle" x="419" y="645" width="109" height="34"/>
    </entry>
    <entry id="62" name="path:mmu04010" type="map"
        link="http://www.kegg.jp/dbget-bin/www_bget?mmu04010">
        <graphics name="MAPK signaling pathway" fgcolor="#000000" bgcolor="#FFFFFF"
             type="roundrectangle" x="729" y="414" width="107" height="34"/>
    </entry>
    <entry id="63" name="path:mmu04020" type="map"
        link="http://www.kegg.jp/dbget-bin/www_bget?mmu04020">
        <graphics name="Calcium signaling pathway" fgcolor="#000000" bgcolor="#FFFFFF"
             type="roundrectangle" x="588" y="579" width="107" height="34"/>
    </entry>
    <entry id="64" name="mmu:12702 mmu:12703" type="gene"
        link="http://www.kegg.jp/dbget-bin/www_bget?mmu:12702+mmu:12703">
        <graphics name="Socs3, Cis3, Cish3, EF-10, Ef10, SSI-3, Ssi3..." fgcolor="#000000" bgcolor="#BFFFBF"
             type="rectangle" x="307" y="649" width="46" height="17"/>
    </entry>
    <entry id="65" name="mmu:14200" type="gene"
        link="http://www.kegg.jp/dbget-bin/www_bget?mmu:14200">
        <graphics name="Fhl2, FHL-2, SLIM-3, SLIM3" fgcolor="#000000" bgcolor="#BFFFBF"
             type="rectangle" x="339" y="397" width="46" height="17"/>
    </entry>
    <entry id="66" name="mmu:19016" type="gene"
        link="http://www.kegg.jp/dbget-bin/www_bget?mmu:19016">
        <graphics name="Pparg, Nr1c3, PPAR-gamma, PPAR-gamma2, PPARgamma, PPARgamma2" fgcolor="#000000" bgcolor="#BFFFBF"
             type="rectangle" x="894" y="658" width="46" height="17"/>
    </entry>
    <entry id="67" name="mmu:21803 mmu:21808" type="gene"
        link="http://www.kegg.jp/dbget-bin/www_bget?mmu:21803+mmu:21808">
        <graphics name="Tgfb1, TGF-beta1, TGFbeta1, Tgfb, Tgfb-1..." fgcolor="#000000" bgcolor="#BFFFBF"
             type="rectangle" x="136" y="321" width="46" height="17"/>
    </entry>
    <entry id="68" name="mmu:21812 mmu:21813" type="gene"
        link="http://www.kegg.jp/dbget-bin/www_bget?mmu:21812+mmu:21813">
        <graphics name="Tgfbr1, ALK5, AU017191, Alk-5, TbetaR-I, TbetaRI..." fgcolor="#000000" bgcolor="#BFFFBF"
             type="rectangle" x="208" y="321" width="46" height="17"/>
    </entry>
    <entry id="69" name="mmu:18034 mmu:19698" type="gene"
        link="http://www.kegg.jp/dbget-bin/www_bget?mmu:18034+mmu:19698">
        <graphics name="Nfkb2, NF-kappaB2, lyt, p49, p49/p100, p50B, p52..." fgcolor="#000000" bgcolor="#BFFFBF"
             type="rectangle" x="785" y="284" width="46" height="17"/>
    </entry>
    <entry id="70" name="mmu:18412" type="gene"
        link="http://www.kegg.jp/dbget-bin/www_bget?mmu:18412">
        <graphics name="Sqstm1, A170, OSF-6, Osi, STAP, STONE14, p62" fgcolor="#000000" bgcolor="#BFFFBF"
             type="rectangle" x="389" y="315" width="46" height="17"/>
    </entry>
    <entry id="71" name="mmu:14784" type="gene"
        link="http://www.kegg.jp/dbget-bin/www_bget?mmu:14784">
        <graphics name="Grb2, AA408164, Ash" fgcolor="#000000" bgcolor="#BFFFBF"
             type="rectangle" x="307" y="153" width="46" height="17"/>
    </entry>
    <entry id="72" name="mmu:26413 mmu:26417" type="gene"
        link="http://www.kegg.jp/dbget-bin/www_bget?mmu:26413+mmu:26417">
        <graphics name="Mapk1, 9030612K14Rik, AA407128, AU018647, C78273, ERK, Erk2, MAPK2, PRKM2, Prkm1, p41mapk, p42mapk..." fgcolor="#000000" bgcolor="#BFFFBF"
             type="rectangle" x="392" y="153" width="46" height="17"/>
    </entry>
    <entry id="73" name="mmu:26400" type="gene"
        link="http://www.kegg.jp/dbget-bin/www_bget?mmu:26400">
        <graphics name="Map2k7, 5930412N11Rik, JNKK_2, Jnkk2, MAPKK_7, MEK_7, Mapkk7, Mek7, Mkk7, Prkmk7, sek2" fgcolor="#000000" bgcolor="#BFFFBF"
             type="rectangle" x="557" y="458" width="46" height="17"/>
    </entry>
    <entry id="74" name="mmu:19353" type="gene"
        link="http://www.kegg.jp/dbget-bin/www_bget?mmu:19353">
        <graphics name="Rac1, AL023026, D5Ertd559e" fgcolor="#000000" bgcolor="#BFFFBF"
             type="rectangle" x="462" y="434" width="46" height="17"/>
    </entry>
    <entry id="75" name="mmu:13057 mmu:13058 mmu:17969 mmu:17970 mmu:17972 mmu:224480 mmu:237038" type="gene"
        link="http://www.kegg.jp/dbget-bin/www_bget?mmu:13057+mmu:13058+mmu:17969+mmu:17970+mmu:17972+mmu:224480+mmu:237038">
        <graphics name="Cyba, b558, nmf333, p22-phox, p22phox..." fgcolor="#000000" bgcolor="#BFFFBF"
             type="rectangle" x="487" y="504" width="46" height="17"/>
    </entry>
    <entry id="76" name="cpd:C00027" type="compound"
        link="http://www.kegg.jp/dbget-bin/www_bget?C00027">
        <graphics name="C00027" fgcolor="#000000" bgcolor="#FFFFFF"
             type="circle" x="556" y="504" width="8" height="8"/>
    </entry>
    <entry id="77" name="mmu:100038909 mmu:100041146 mmu:18722 mmu:18724 mmu:18725 mmu:18726 mmu:18727 mmu:18728 mmu:18729 mmu:18730 mmu:18733 mmu:232790 mmu:232801" type="gene"
        link="http://www.kegg.jp/dbget-bin/www_bget?mmu:100038909+mmu:100041146+mmu:18722+mmu:18724+mmu:18725+mmu:18726+mmu:18727+mmu:18728+mmu:18729+mmu:18730+mmu:18733+mmu:232790+mmu:232801">
        <graphics name="Gm14548, OTTMUSG00000017169..." fgcolor="#000000" bgcolor="#BFFFBF"
             type="rectangle" x="208" y="501" width="46" height="17"/>
    </entry>
    <entry id="78" name="mmu:100038947 mmu:19261 mmu:320832 mmu:668101 mmu:751864 mmu:83433" type="gene"
        link="http://www.kegg.jp/dbget-bin/www_bget?mmu:100038947+mmu:19261+mmu:320832+mmu:668101+mmu:751864+mmu:83433">
        <graphics name="100038947..." fgcolor="#000000" bgcolor="#BFFFBF"
             type="rectangle" x="208" y="579" width="46" height="17"/>
    </entry>
    <entry id="79" name="path:mmu04064" type="map"
        link="http://www.kegg.jp/dbget-bin/www_bget?mmu04064">
        <graphics name="NF-kappa B signaling pathway" fgcolor="#000000" bgcolor="#FFFFFF"
             type="roundrectangle" x="673" y="333" width="107" height="34"/>
    </entry>
    <entry id="80" name="path:mmu04151" type="map"
        link="http://www.kegg.jp/dbget-bin/www_bget?mmu04151">
        <graphics name="PI3K-Akt signaling pathway" fgcolor="#000000" bgcolor="#FFFFFF"
             type="roundrectangle" x="576" y="197" width="107" height="34"/>
    </entry>
    <entry id="81" name="undefined" type="group">
        <graphics fgcolor="#000000" bgcolor="#FFFFFF"
             type="rectangle" x="457" y="367" width="46" height="34"/>
        <component id="17"/>
        <component id="18"/>
    </entry>
    <entry id="82" name="undefined" type="group">
        <graphics fgcolor="#000000" bgcolor="#FFFFFF"
             type="rectangle" x="208" y="509" width="46" height="34"/>
        <component id="39"/>
        <component id="77"/>
    </entry>
    <entry id="83" name="undefined" type="group">
        <graphics fgcolor="#000000" bgcolor="#FFFFFF"
             type="rectangle" x="208" y="587" width="46" height="34"/>
        <component id="40"/>
        <component id="78"/>
    </entry>
    <relation entry1="6" entry2="2" type="PPrel">
        <subtype name="activation" value="--&gt;"/>
    </relation>
    <relation entry1="2" entry2="71" type="PPrel">
        <subtype name="activation" value="--&gt;"/>
        <subtype name="indirect effect" value="..&gt;"/>
    </relation>
    <relation entry1="71" entry2="72" type="PPrel">
        <subtype name="activation" value="--&gt;"/>
        <subtype name="indirect effect" value="..&gt;"/>
    </relation>
    <relation entry1="2" entry2="31" type="PPrel">
        <subtype name="activation" value="--&gt;"/>
        <subtype name="indirect effect" value="..&gt;"/>
    </relation>
    <relation entry1="31" entry2="32" type="PPrel">
        <subtype name="activation" value="--&gt;"/>
        <subtype name="indirect effect" value="..&gt;"/>
    </relation>
    <relation entry1="35" entry2="36" type="PPrel">
        <subtype name="activation" value="--&gt;"/>
    </relation>
    <relation entry1="36" entry2="37" type="PPrel">
        <subtype name="activation" value="--&gt;"/>
        <subtype name="indirect effect" value="..&gt;"/>
    </relation>
    <relation entry1="33" entry2="34" type="PPrel">
        <subtype name="activation" value="--&gt;"/>
    </relation>
    <relation entry1="34" entry2="3" type="PPrel">
        <subtype name="activation" value="--&gt;"/>
        <subtype name="indirect effect" value="..&gt;"/>
    </relation>
    <relation entry1="58" entry2="59" type="PPrel">
        <subtype name="activation" value="--&gt;"/>
    </relation>
    <relation entry1="59" entry2="3" type="PPrel">
        <subtype name="activation" value="--&gt;"/>
    </relation>
    <relation entry1="67" entry2="68" type="PPrel">
        <subtype name="activation" value="--&gt;"/>
    </relation>
    <relation entry1="5" entry2="4" type="PPrel">
        <subtype name="activation" value="--&gt;"/>
    </relation>
    <relation entry1="4" entry2="3" type="PPrel">
        <subtype name="activation" value="--&gt;"/>
    </relation>
    <relation entry1="3" entry2="81" type="PPrel">
        <subtype name="activation" value="--&gt;"/>
    </relation>
    <relation entry1="15" entry2="16" type="PPrel">
        <subtype name="dissociation" value="-+-"/>
    </relation>
    <relation entry1="3" entry2="30" type="PPrel">
        <subtype name="binding/association" value="---"/>
    </relation>
    <relation entry1="30" entry2="31" type="PPrel">
        <subtype name="activation" value="--&gt;"/>
        <subtype name="indirect effect" value="..&gt;"/>
    </relation>
    <relation entry1="8" entry2="3" type="PPrel">
        <subtype name="inhibition" value="--|"/>
    </relation>
    <relation entry1="8" entry2="70" type="PPrel">
        <subtype name="binding/association" value="---"/>
    </relation>
    <relation entry1="70" entry2="3" type="PPrel">
        <subtype name="binding/association" value="---"/>
    </relation>
    <relation entry1="65" entry2="3" type="PPrel">
        <subtype name="inhibition" value="--|"/>
    </relation>
    <relation entry1="3" entry2="9" type="PPrel">
        <subtype name="binding/association" value="---"/>
    </relation>
    <relation entry1="19" entry2="22" type="PPrel">
        <subtype name="activation" value="--&gt;"/>
        <subtype name="phosphorylation" value="+p"/>
    </relation>
    <relation entry1="73" entry2="21" type="PPrel">
        <subtype name="activation" value="--&gt;"/>
        <subtype name="phosphorylation" value="+p"/>
    </relation>
    <relation entry1="3" entry2="74" type="PPrel">
        <subtype name="activation" value="--&gt;"/>
        <subtype name="indirect effect" value="..&gt;"/>
    </relation>
    <relation entry1="74" entry2="75" type="PPrel">
        <subtype name="activation" value="--&gt;"/>
    </relation>
    <relation entry1="76" entry2="22" type="PCrel">
        <subtype name="activation" value="--&gt;"/>
        <subtype name="indirect effect" value="..&gt;"/>
    </relation>
    <relation entry1="76" entry2="21" type="PCrel">
        <subtype name="activation" value="--&gt;"/>
        <subtype name="indirect effect" value="..&gt;"/>
    </relation>
    <relation entry1="4" entry2="41" type="PPrel">
        <subtype name="activation" value="--&gt;"/>
        <subtype name="indirect effect" value="..&gt;"/>
    </relation>
    <relation entry1="41" entry2="44" type="PPrel">
        <subtype name="activation" value="--&gt;"/>
        <subtype name="phosphorylation" value="+p"/>
    </relation>
    <relation entry1="44" entry2="47" type="PPrel">
        <subtype name="compound" value="46"/>
        <subtype name="activation" value="--&gt;"/>
    </relation>
    <relation entry1="44" entry2="49" type="PPrel">
        <subtype name="compound" value="46"/>
        <subtype name="activation" value="--&gt;"/>
    </relation>
    <relation entry1="47" entry2="48" type="PPrel">
        <subtype name="activation" value="--&gt;"/>
        <subtype name="dephosphorylation" value="-p"/>
    </relation>
    <relation entry1="9" entry2="44" type="PPrel">
        <subtype name="binding/association" value="---"/>
    </relation>
    <relation entry1="43" entry2="44" type="PPrel">
        <subtype name="binding/association" value="---"/>
    </relation>
    <relation entry1="42" entry2="43" type="PPrel">
        <subtype name="activation" value="--&gt;"/>
        <subtype name="phosphorylation" value="+p"/>
    </relation>
    <relation entry1="82" entry2="42" type="PPrel">
        <subtype name="binding/association" value="---"/>
    </relation>
    <relation entry1="83" entry2="42" type="PPrel">
        <subtype name="binding/association" value="---"/>
    </relation>
    <relation entry1="4" entry2="39" type="PPrel">
        <subtype name="activation" value="--&gt;"/>
        <subtype name="phosphorylation" value="+p"/>
        <subtype name="indirect effect" value="..&gt;"/>
    </relation>
    <relation entry1="4" entry2="40" type="PPrel">
        <subtype name="activation" value="--&gt;"/>
        <subtype name="phosphorylation" value="+p"/>
        <subtype name="indirect effect" value="..&gt;"/>
    </relation>
    <relation entry1="25" entry2="26" type="PPrel">
        <subtype name="activation" value="--&gt;"/>
    </relation>
    <relation entry1="26" entry2="27" type="PPrel">
        <subtype name="binding/association" value="---"/>
    </relation>
    <relation entry1="28" entry2="29" type="PPrel">
        <subtype name="binding/association" value="---"/>
    </relation>
    <relation entry1="64" entry2="27" type="PPrel">
        <subtype name="binding/association" value="---"/>
    </relation>
    <relation entry1="7" entry2="5" type="PPrel">
        <subtype name="inhibition" value="--|"/>
    </relation>
    <relation entry1="41" entry2="43" type="PPrel">
        <subtype name="binding/association" value="---"/>
    </relation>
    <relation entry1="29" entry2="51" type="PPrel">
        <subtype name="inhibition" value="--|"/>
        <subtype name="indirect effect" value="..&gt;"/>
    </relation>
    <relation entry1="37" entry2="3" type="PPrel">
        <subtype name="inhibition" value="--|"/>
        <subtype name="indirect effect" value="..&gt;"/>
    </relation>
    <relation entry1="17" entry2="20" type="PPrel">
        <subtype name="activation" value="--&gt;"/>
        <subtype name="phosphorylation" value="+p"/>
        <subtype name="indirect effect" value="..&gt;"/>
    </relation>
    <relation entry1="17" entry2="19" type="PPrel">
        <subtype name="activation" value="--&gt;"/>
        <subtype name="phosphorylation" value="+p"/>
        <subtype name="indirect effect" value="..&gt;"/>
    </relation>
    <relation entry1="17" entry2="73" type="PPrel">
        <subtype name="activation" value="--&gt;"/>
        <subtype name="phosphorylation" value="+p"/>
        <subtype name="indirect effect" value="..&gt;"/>
    </relation>
    <relation entry1="49" entry2="50" type="PPrel">
        <subtype name="activation" value="--&gt;"/>
        <subtype name="phosphorylation" value="+p"/>
    </relation>
    <relation entry1="14" entry2="15" type="PPrel">
        <subtype name="activation" value="--&gt;"/>
        <subtype name="phosphorylation" value="+p"/>
    </relation>
    <relation entry1="22" entry2="38" type="PPrel">
        <subtype name="activation" value="--&gt;"/>
        <subtype name="phosphorylation" value="+p"/>
    </relation>
    <relation entry1="21" entry2="38" type="PPrel">
        <subtype name="activation" value="--&gt;"/>
        <subtype name="phosphorylation" value="+p"/>
    </relation>
    <relation entry1="27" entry2="28" type="PPrel">
        <subtype name="activation" value="--&gt;"/>
        <subtype name="phosphorylation" value="+p"/>
    </relation>
    <relation entry1="3" entry2="10" type="PPrel">
        <subtype name="activation" value="--&gt;"/>
        <subtype name="indirect effect" value="..&gt;"/>
    </relation>
    <relation entry1="10" entry2="11" type="PPrel">
        <subtype name="activation" value="--&gt;"/>
        <subtype name="phosphorylation" value="+p"/>
    </relation>
    <relation entry1="11" entry2="69" type="PPrel">
        <subtype name="activation" value="--&gt;"/>
        <subtype name="phosphorylation" value="+p"/>
    </relation>
    <relation entry1="17" entry2="14" type="PPrel">
        <subtype name="activation" value="--&gt;"/>
        <subtype name="phosphorylation" value="+p"/>
    </relation>
</pathway>
