<?xml version="1.0"?>
<!DOCTYPE pathway SYSTEM "http://www.kegg.jp/kegg/xml/KGML_v0.7.1_.dtd">
<!-- Creation date: Oct 23, 2015 09:34:02 +0900 (GMT+9) -->
<pathway name="path:mmu04015" org="mmu" number="04015"
         title="Rap1 signaling pathway"
         image="http://www.kegg.jp/kegg/pathway/mmu/mmu04015.png"
         link="http://www.kegg.jp/kegg-bin/show_pathway?mmu04015">
    <entry id="1" name="path:mmu04010" type="map"
        link="http://www.kegg.jp/dbget-bin/www_bget?mmu04010">
        <graphics name="MAPK signaling pathway" fgcolor="#000000" bgcolor="#FFFFFF"
             type="roundrectangle" x="1022" y="697" width="110" height="34"/>
    </entry>
    <entry id="2" name="path:mmu04015" type="map"
        link="http://www.kegg.jp/dbget-bin/www_bget?mmu04015">
        <graphics name="TITLE:Rap1 signaling pathway" fgcolor="#000000" bgcolor="#FFFFFF"
             type="roundrectangle" x="154" y="58" width="228" height="25"/>
    </entry>
    <entry id="3" name="mmu:26413 mmu:26417" type="gene"
        link="http://www.kegg.jp/dbget-bin/www_bget?mmu:26413+mmu:26417">
        <graphics name="Mapk1, 9030612K14Rik, AA407128, AU018647, C78273, ERK, Erk2, MAPK2, PRKM2, Prkm1, p41mapk, p42mapk..." fgcolor="#000000" bgcolor="#BFFFBF"
             type="rectangle" x="1055" y="655" width="46" height="17"/>
    </entry>
    <entry id="4" name="mmu:26395 mmu:26396" type="gene"
        link="http://www.kegg.jp/dbget-bin/www_bget?mmu:26395+mmu:26396">
        <graphics name="Map2k1, MAPKK1, MEKK1, Mek1, Prkmk1..." fgcolor="#000000" bgcolor="#BFFFBF"
             type="rectangle" x="982" y="655" width="46" height="17"/>
    </entry>
    <entry id="5" name="mmu:110157" type="gene"
        link="http://www.kegg.jp/dbget-bin/www_bget?mmu:110157">
        <graphics name="Raf1, 6430402F14Rik, AA990557, BB129353, Craf1, D830050J10Rik, Raf-1, c-Raf, v-Raf" fgcolor="#000000" bgcolor="#BFFFBF"
             type="rectangle" x="845" y="666" width="46" height="17"/>
    </entry>
    <entry id="6" name="mmu:109905 mmu:215449" type="gene"
        link="http://www.kegg.jp/dbget-bin/www_bget?mmu:109905+mmu:215449">
        <graphics name="Rap1a, AI848598, G-22K, Krev-1, Rap1..." fgcolor="#000000" bgcolor="#BFFFBF"
             type="rectangle" x="708" y="665" width="46" height="17"/>
    </entry>
    <entry id="7" name="mmu:54519" type="gene"
        link="http://www.kegg.jp/dbget-bin/www_bget?mmu:54519">
        <graphics name="Apbb1ip, 9930118P07Rik, Prp48" fgcolor="#000000" bgcolor="#BFFFBF"
             type="rectangle" x="845" y="319" width="46" height="17"/>
    </entry>
    <entry id="8" name="mmu:105242481 mmu:11600 mmu:11601 mmu:11602 mmu:12977 mmu:13636 mmu:13637 mmu:13638 mmu:13639 mmu:13640 mmu:13645 mmu:14164 mmu:14165 mmu:14166 mmu:14167 mmu:14168 mmu:14169 mmu:14170 mmu:14171 mmu:14172 mmu:14173 mmu:14174 mmu:14175 mmu:14176 mmu:14177 mmu:14178 mmu:14179 mmu:14180 mmu:14205 mmu:15234 mmu:16000 mmu:16333 mmu:16334 mmu:17311 mmu:18048 mmu:18049 mmu:18590 mmu:18591 mmu:18654 mmu:22339 mmu:22340 mmu:22341 mmu:54635 mmu:56636 mmu:64654 mmu:67112 mmu:71785 mmu:80857 mmu:80903" type="gene"
        link="http://www.kegg.jp/dbget-bin/www_bget?mmu:105242481+mmu:11600+mmu:11601+mmu:11602+mmu:12977+mmu:13636+mmu:13637+mmu:13638+mmu:13639+mmu:13640+mmu:13645+mmu:14164+mmu:14165+mmu:14166+mmu:14167+mmu:14168+mmu:14169+mmu:14170+mmu:14171+mmu:14172+mmu:14173+mmu:14174+mmu:14175+mmu:14176+mmu:14177+mmu:14178+mmu:14179+mmu:14180+mmu:14205+mmu:15234+mmu:16000+mmu:16333+mmu:16334+mmu:17311+mmu:18048+mmu:18049+mmu:18590+mmu:18591+mmu:18654+mmu:22339+mmu:22340+mmu:22341+mmu:54635+mmu:56636+mmu:64654+mmu:67112+mmu:71785+mmu:80857+mmu:80903">
        <graphics name="105242481..." fgcolor="#000000" bgcolor="#BFFFBF"
             type="rectangle" x="96" y="498" width="46" height="17"/>
    </entry>
    <entry id="9" name="mmu:12978 mmu:13649 mmu:13836 mmu:14182 mmu:14183 mmu:14184 mmu:14186 mmu:14254 mmu:14257 mmu:16001 mmu:16337 mmu:16542 mmu:16590 mmu:17295 mmu:18053 mmu:18595 mmu:18596 mmu:21687" type="gene"
        link="http://www.kegg.jp/dbget-bin/www_bget?mmu:12978+mmu:13649+mmu:13836+mmu:14182+mmu:14183+mmu:14184+mmu:14186+mmu:14254+mmu:14257+mmu:16001+mmu:16337+mmu:16542+mmu:16590+mmu:17295+mmu:18053+mmu:18595+mmu:18596+mmu:21687">
        <graphics name="Csf1r, AI323359, CD115, CSF-1R, Csfmr, Fim-2, Fms, M-CSF-R, M-CSFR..." fgcolor="#000000" bgcolor="#BFFFBF"
             type="rectangle" x="173" y="498" width="46" height="17"/>
    </entry>
    <entry id="10" name="mmu:19730" type="gene"
        link="http://www.kegg.jp/dbget-bin/www_bget?mmu:19730">
        <graphics name="Ralgds, Gnds, Rgds, mKIAA1308" fgcolor="#000000" bgcolor="#BFFFBF"
             type="rectangle" x="845" y="221" width="46" height="17"/>
    </entry>
    <entry id="11" name="mmu:170758 mmu:19353 mmu:19354" type="gene"
        link="http://www.kegg.jp/dbget-bin/www_bget?mmu:170758+mmu:19353+mmu:19354">
        <graphics name="Rac3, Rac1B..." fgcolor="#000000" bgcolor="#BFFFBF"
             type="rectangle" x="927" y="231" width="46" height="17"/>
    </entry>
    <entry id="12" name="mmu:54354" type="gene"
        link="http://www.kegg.jp/dbget-bin/www_bget?mmu:54354">
        <graphics name="Rassf5, 1300019G20Rik, AU042887, Maxp1, Nore1, Nore1A, Nore1B, Rapl" fgcolor="#000000" bgcolor="#BFFFBF"
             type="rectangle" x="845" y="584" width="46" height="17"/>
    </entry>
    <entry id="13" name="mmu:26397 mmu:26399" type="gene"
        link="http://www.kegg.jp/dbget-bin/www_bget?mmu:26397+mmu:26399">
        <graphics name="Map2k3, AW212142, MEK3, MKK3, Prkmk3, mMKK3b..." fgcolor="#000000" bgcolor="#BFFFBF"
             type="rectangle" x="845" y="703" width="46" height="17"/>
    </entry>
    <entry id="14" name="mmu:19094 mmu:26415 mmu:26416 mmu:29857" type="gene"
        link="http://www.kegg.jp/dbget-bin/www_bget?mmu:19094+mmu:26415+mmu:26416+mmu:29857">
        <graphics name="Mapk11, P38b, Prkm11, Sapk2, Sapk2b, p38-2, p38beta, p38beta2..." fgcolor="#000000" bgcolor="#BFFFBF"
             type="rectangle" x="927" y="703" width="46" height="17"/>
    </entry>
    <entry id="15" name="mmu:22323" type="gene"
        link="http://www.kegg.jp/dbget-bin/www_bget?mmu:22323">
        <graphics name="Vasp" fgcolor="#000000" bgcolor="#BFFFBF"
             type="rectangle" x="927" y="330" width="46" height="17"/>
    </entry>
    <entry id="16" name="mmu:18643 mmu:18645 mmu:382562 mmu:75477" type="gene"
        link="http://www.kegg.jp/dbget-bin/www_bget?mmu:18643+mmu:18645+mmu:382562+mmu:75477">
        <graphics name="Pfn1, Pfn..." fgcolor="#000000" bgcolor="#BFFFBF"
             type="rectangle" x="927" y="306" width="46" height="17"/>
    </entry>
    <entry id="17" name="mmu:11461 mmu:11465" type="gene"
        link="http://www.kegg.jp/dbget-bin/www_bget?mmu:11461+mmu:11465">
        <graphics name="Actb, Actx, E430023M04Rik, beta-actin..." fgcolor="#000000" bgcolor="#BFFFBF"
             type="rectangle" x="1009" y="320" width="46" height="17"/>
    </entry>
    <entry id="18" name="mmu:12550" type="gene"
        link="http://www.kegg.jp/dbget-bin/www_bget?mmu:12550">
        <graphics name="Cdh1, AA960649, E-cad, Ecad, L-CAM, UVO, Um" fgcolor="#000000" bgcolor="#BFFFBF"
             type="rectangle" x="1014" y="514" width="46" height="17"/>
    </entry>
    <entry id="19" name="mmu:109905 mmu:215449" type="gene"
        link="http://www.kegg.jp/dbget-bin/www_bget?mmu:109905+mmu:215449">
        <graphics name="Rap1a, AI848598, G-22K, Krev-1, Rap1..." fgcolor="#000000" bgcolor="#BFFFBF"
             type="rectangle" x="406" y="187" width="46" height="17"/>
    </entry>
    <entry id="20" name="cpd:C00044" type="compound"
        link="http://www.kegg.jp/dbget-bin/www_bget?C00044">
        <graphics name="C00044" fgcolor="#000000" bgcolor="#FFFFFF"
             type="circle" x="709" y="636" width="8" height="8"/>
    </entry>
    <entry id="21" name="cpd:C00035" type="compound"
        link="http://www.kegg.jp/dbget-bin/www_bget?C00035">
        <graphics name="C00035" fgcolor="#000000" bgcolor="#FFFFFF"
             type="circle" x="407" y="156" width="8" height="8"/>
    </entry>
    <entry id="22" name="mmu:238130" type="gene"
        link="http://www.kegg.jp/dbget-bin/www_bget?mmu:238130">
        <graphics name="Dock4, 5330406C03, 6330411N01Rik, AF263288, C030023J22, mKIAA0716" fgcolor="#000000" bgcolor="#BFFFBF"
             type="rectangle" x="420" y="292" width="46" height="17"/>
    </entry>
    <entry id="23" name="mmu:223864 mmu:56508" type="gene"
        link="http://www.kegg.jp/dbget-bin/www_bget?mmu:223864+mmu:56508">
        <graphics name="Rapgef3, 2310016P22Rik, 9330170P05Rik, Epac, Epac1..." fgcolor="#000000" bgcolor="#BFFFBF"
             type="rectangle" x="439" y="325" width="46" height="17"/>
    </entry>
    <entry id="24" name="mmu:217692" type="gene"
        link="http://www.kegg.jp/dbget-bin/www_bget?mmu:217692">
        <graphics name="Sipa1l1, 4931426N11Rik, AW213287, Spar, mKIAA0440" fgcolor="#000000" bgcolor="#BFFFBF"
             type="rectangle" x="572" y="308" width="46" height="17"/>
    </entry>
    <entry id="25" name="mmu:20469" type="gene"
        link="http://www.kegg.jp/dbget-bin/www_bget?mmu:20469">
        <graphics name="Sipa1, Spa1" fgcolor="#000000" bgcolor="#BFFFBF"
             type="rectangle" x="593" y="342" width="46" height="17"/>
    </entry>
    <entry id="26" name="mmu:110351" type="gene"
        link="http://www.kegg.jp/dbget-bin/www_bget?mmu:110351">
        <graphics name="Rap1gap, 1300019I11Rik, 2310004O14Rik, AI427470, ARPP-90, Rap1GAP1, Rap1ga1" fgcolor="#000000" bgcolor="#BFFFBF"
             type="rectangle" x="549" y="274" width="46" height="17"/>
    </entry>
    <entry id="27" name="mmu:56044 mmu:64143" type="gene"
        link="http://www.kegg.jp/dbget-bin/www_bget?mmu:56044+mmu:64143">
        <graphics name="Rala, 3010001O15Rik, AW322615, Ral, Rasl1..." fgcolor="#000000" bgcolor="#BFFFBF"
             type="rectangle" x="927" y="210" width="46" height="17"/>
    </entry>
    <entry id="28" name="mmu:17356" type="gene"
        link="http://www.kegg.jp/dbget-bin/www_bget?mmu:17356">
        <graphics name="Mllt4, 5033403D15Rik, AF6, Af-6, Afadin, Gm314, I-afadin, S-afadin" fgcolor="#000000" bgcolor="#BFFFBF"
             type="rectangle" x="845" y="500" width="46" height="17"/>
    </entry>
    <entry id="29" name="mmu:109880" type="gene"
        link="http://www.kegg.jp/dbget-bin/www_bget?mmu:109880">
        <graphics name="Braf, 9930012E13Rik, AA120551, AA387315, AA473386, B-raf, Braf-2, Braf2, C230098H17, C87398, D6Ertd631e" fgcolor="#000000" bgcolor="#BFFFBF"
             type="rectangle" x="845" y="639" width="46" height="17"/>
    </entry>
    <entry id="30" name="mmu:16408 mmu:16409 mmu:16412 mmu:16414 mmu:16415" type="gene"
        link="http://www.kegg.jp/dbget-bin/www_bget?mmu:16408+mmu:16409+mmu:16412+mmu:16414+mmu:16415">
        <graphics name="Itgal, (p180), Cd11a, LFA-1, LFA-1A, Ly-15, Ly-21..." fgcolor="#000000" bgcolor="#BFFFBF"
             type="rectangle" x="927" y="584" width="46" height="17"/>
    </entry>
    <entry id="31" name="path:mmu04810" type="map"
        link="http://www.kegg.jp/dbget-bin/www_bget?mmu04810">
        <graphics name="Regulation of actin cytoskeleton" fgcolor="#000000" bgcolor="#FFFFFF"
             type="roundrectangle" x="1028" y="197" width="110" height="34"/>
    </entry>
    <entry id="32" name="mmu:11540 mmu:11541 mmu:14062 mmu:14065 mmu:14293 mmu:14745 mmu:18441 mmu:381810 mmu:53978 mmu:65086 mmu:78134" type="gene"
        link="http://www.kegg.jp/dbget-bin/www_bget?mmu:11540+mmu:11541+mmu:14062+mmu:14065+mmu:14293+mmu:14745+mmu:18441+mmu:381810+mmu:53978+mmu:65086+mmu:78134">
        <graphics name="Adora2a, A2AAR, A2aR, AA2AR..." fgcolor="#000000" bgcolor="#BFFFBF"
             type="rectangle" x="173" y="360" width="46" height="17"/>
    </entry>
    <entry id="33" name="mmu:14683" type="gene"
        link="http://www.kegg.jp/dbget-bin/www_bget?mmu:14683">
        <graphics name="Gnas, 5530400H20Rik, A930027G11Rik, C130027O20Rik, GPSA, GSP, Galphas, Gnas1, Gnasxl, Gs-alpha, Gsa, Nesp, Nesp55, Nespl, Oed-Sml, Oedsml, P1, P2, P3, PHP1A, PHP1B, POH, SCG6" fgcolor="#000000" bgcolor="#BFFFBF"
             type="rectangle" x="245" y="325" width="46" height="17"/>
    </entry>
    <entry id="34" name="mmu:14682" type="gene"
        link="http://www.kegg.jp/dbget-bin/www_bget?mmu:14682">
        <graphics name="Gnaq, 1110005L02Rik, 6230401I02Rik, AA408290, AW060788, Dsk1, Dsk10, Galphaq, Gq, GqI" fgcolor="#000000" bgcolor="#BFFFBF"
             type="rectangle" x="245" y="393" width="46" height="17"/>
    </entry>
    <entry id="35" name="mmu:18795 mmu:18796 mmu:18797 mmu:18798" type="gene"
        link="http://www.kegg.jp/dbget-bin/www_bget?mmu:18795+mmu:18796+mmu:18797+mmu:18798">
        <graphics name="Plcb1, 3110043I21Rik, AI132408, Plcb, mKIAA0581..." fgcolor="#000000" bgcolor="#BFFFBF"
             type="rectangle" x="327" y="393" width="46" height="17"/>
    </entry>
    <entry id="36" name="mmu:12928 mmu:12929" type="gene"
        link="http://www.kegg.jp/dbget-bin/www_bget?mmu:12928+mmu:12929">
        <graphics name="Crk, Crk-I, Crk-II, Crk-III, Crk3, CrkIII, Crko, c-Crk, p38..." fgcolor="#000000" bgcolor="#BFFFBF"
             type="rectangle" x="430" y="498" width="46" height="17"/>
    </entry>
    <entry id="37" name="mmu:12550" type="gene"
        link="http://www.kegg.jp/dbget-bin/www_bget?mmu:12550">
        <graphics name="Cdh1, AA960649, E-cad, Ecad, L-CAM, UVO, Um" fgcolor="#000000" bgcolor="#BFFFBF"
             type="rectangle" x="173" y="597" width="46" height="17"/>
    </entry>
    <entry id="38" name="mmu:107746" type="gene"
        link="http://www.kegg.jp/dbget-bin/www_bget?mmu:107746">
        <graphics name="Rapgef1, 4932418O06Rik, C3G, Grf2" fgcolor="#000000" bgcolor="#BFFFBF"
             type="rectangle" x="560" y="498" width="46" height="17"/>
    </entry>
    <entry id="39" name="cpd:C00575" type="compound"
        link="http://www.kegg.jp/dbget-bin/www_bget?C00575">
        <graphics name="C00575" fgcolor="#000000" bgcolor="#FFFFFF"
             type="circle" x="381" y="325" width="8" height="8"/>
    </entry>
    <entry id="40" name="cpd:C00165" type="compound"
        link="http://www.kegg.jp/dbget-bin/www_bget?C00165">
        <graphics name="C00165" fgcolor="#000000" bgcolor="#FFFFFF"
             type="circle" x="386" y="374" width="8" height="8"/>
    </entry>
    <entry id="41" name="cpd:C00076" type="compound"
        link="http://www.kegg.jp/dbget-bin/www_bget?C00076">
        <graphics name="C00076" fgcolor="#000000" bgcolor="#FFFFFF"
             type="circle" x="386" y="429" width="8" height="8"/>
    </entry>
    <entry id="42" name="mmu:12387" type="gene"
        link="http://www.kegg.jp/dbget-bin/www_bget?mmu:12387">
        <graphics name="Ctnnb1, Bfc, Catnb, Mesc" fgcolor="#000000" bgcolor="#BFFFBF"
             type="rectangle" x="211" y="614" width="46" height="17"/>
    </entry>
    <entry id="43" name="mmu:14924 mmu:50791 mmu:99470" type="gene"
        link="http://www.kegg.jp/dbget-bin/www_bget?mmu:14924+mmu:50791+mmu:99470">
        <graphics name="Magi1, AIP3, BAP1, Baiap1, Gukmi1, MAGI1c, Magi-1, TNRC19, WWP3, mKIAA4129..." fgcolor="#000000" bgcolor="#BFFFBF"
             type="rectangle" x="496" y="550" width="46" height="17"/>
    </entry>
    <entry id="44" name="mmu:192786 mmu:76089" type="gene"
        link="http://www.kegg.jp/dbget-bin/www_bget?mmu:192786+mmu:76089">
        <graphics name="Rapgef6, A530068K01, AI844632, BB085664, C030018K18Rik, PDZ-GEF2, Pdzgef2, RA-GEF-2, Ragef2, mKIAA4052..." fgcolor="#000000" bgcolor="#BFFFBF"
             type="rectangle" x="589" y="550" width="46" height="17"/>
    </entry>
    <entry id="46" name="mmu:21844" type="gene"
        link="http://www.kegg.jp/dbget-bin/www_bget?mmu:21844">
        <graphics name="Tiam1, AI847750, D16Ium10, D16Ium10e" fgcolor="#000000" bgcolor="#BFFFBF"
             type="rectangle" x="845" y="459" width="46" height="17"/>
    </entry>
    <entry id="47" name="mmu:170758 mmu:19353 mmu:19354" type="gene"
        link="http://www.kegg.jp/dbget-bin/www_bget?mmu:170758+mmu:19353+mmu:19354">
        <graphics name="Rac3, Rac1B..." fgcolor="#000000" bgcolor="#BFFFBF"
             type="rectangle" x="927" y="451" width="46" height="17"/>
    </entry>
    <entry id="48" name="mmu:93742" type="gene"
        link="http://www.kegg.jp/dbget-bin/www_bget?mmu:93742">
        <graphics name="Pard3, AA960621, AI256638, Asip, D8Ertd580e, Par-3, Par3, Pard-3, Pard3a, Phip" fgcolor="#000000" bgcolor="#BFFFBF"
             type="rectangle" x="1014" y="451" width="46" height="17"/>
    </entry>
    <entry id="49" name="mmu:106952" type="gene"
        link="http://www.kegg.jp/dbget-bin/www_bget?mmu:106952">
        <graphics name="Arap3, Centd3, Drag1, E030006K04Rik, cnt-d3" fgcolor="#000000" bgcolor="#BFFFBF"
             type="rectangle" x="845" y="368" width="46" height="17"/>
    </entry>
    <entry id="50" name="mmu:11848 mmu:67653" type="gene"
        link="http://www.kegg.jp/dbget-bin/www_bget?mmu:11848+mmu:67653">
        <graphics name="Rhoa, Arha, Arha1, Arha2..." fgcolor="#000000" bgcolor="#BFFFBF"
             type="rectangle" x="927" y="367" width="46" height="17"/>
    </entry>
    <entry id="52" name="mmu:79264" type="gene"
        link="http://www.kegg.jp/dbget-bin/www_bget?mmu:79264">
        <graphics name="Krit1, 2010007K12Rik, A630036P20Rik, AA432855, AI450393, AI643869, BB155247, BB235701, Ccm1" fgcolor="#000000" bgcolor="#BFFFBF"
             type="rectangle" x="845" y="531" width="46" height="17"/>
    </entry>
    <entry id="53" name="mmu:20779" type="gene"
        link="http://www.kegg.jp/dbget-bin/www_bget?mmu:20779">
        <graphics name="Src, AW259666, pp60c-src" fgcolor="#000000" bgcolor="#BFFFBF"
             type="rectangle" x="845" y="405" width="46" height="17"/>
    </entry>
    <entry id="54" name="mmu:227377" type="gene"
        link="http://www.kegg.jp/dbget-bin/www_bget?mmu:227377">
        <graphics name="Farp2, AI465173, BC009153, D030026M03Rik, Fir, mKIAA0793" fgcolor="#000000" bgcolor="#BFFFBF"
             type="rectangle" x="891" y="405" width="46" height="17"/>
    </entry>
    <entry id="55" name="mmu:12540" type="gene"
        link="http://www.kegg.jp/dbget-bin/www_bget?mmu:12540">
        <graphics name="Cdc42, AI747189, AU018915" fgcolor="#000000" bgcolor="#BFFFBF"
             type="rectangle" x="960" y="405" width="46" height="17"/>
    </entry>
    <entry id="56" name="mmu:17532" type="gene"
        link="http://www.kegg.jp/dbget-bin/www_bget?mmu:17532">
        <graphics name="Mras, 2900078C09Rik, AI326250" fgcolor="#000000" bgcolor="#BFFFBF"
             type="rectangle" x="309" y="238" width="46" height="17"/>
    </entry>
    <entry id="57" name="mmu:217944" type="gene"
        link="http://www.kegg.jp/dbget-bin/www_bget?mmu:217944">
        <graphics name="Rapgef5, 4932413M22, C86120, D030051B22Rik, GFR, Mrgef, mKIAA0277, mmr-gef" fgcolor="#000000" bgcolor="#BFFFBF"
             type="rectangle" x="389" y="239" width="46" height="17"/>
    </entry>
    <entry id="58" name="mmu:109905 mmu:215449" type="gene"
        link="http://www.kegg.jp/dbget-bin/www_bget?mmu:109905+mmu:215449">
        <graphics name="Rap1a, AI848598, G-22K, Krev-1, Rap1..." fgcolor="#000000" bgcolor="#BFFFBF"
             type="rectangle" x="496" y="609" width="46" height="17"/>
    </entry>
    <entry id="59" name="mmu:240168" type="gene"
        link="http://www.kegg.jp/dbget-bin/www_bget?mmu:240168">
        <graphics name="Rasgrp3, BC066069, Gm327" fgcolor="#000000" bgcolor="#BFFFBF"
             type="rectangle" x="472" y="374" width="46" height="17"/>
    </entry>
    <entry id="60" name="mmu:19395" type="gene"
        link="http://www.kegg.jp/dbget-bin/www_bget?mmu:19395">
        <graphics name="Rasgrp2, CDC25L, Caldaggef1" fgcolor="#000000" bgcolor="#BFFFBF"
             type="rectangle" x="507" y="430" width="46" height="17"/>
    </entry>
    <entry id="61" name="mmu:104110 mmu:104111 mmu:11512 mmu:11513 mmu:11514 mmu:11515 mmu:210044 mmu:224129 mmu:432530" type="gene"
        link="http://www.kegg.jp/dbget-bin/www_bget?mmu:104110+mmu:104111+mmu:11512+mmu:11513+mmu:11514+mmu:11515+mmu:210044+mmu:224129+mmu:432530">
        <graphics name="Adcy4, mKIAA4004..." fgcolor="#000000" bgcolor="#BFFFBF"
             type="rectangle" x="324" y="325" width="46" height="17"/>
    </entry>
    <entry id="62" name="mmu:12801 mmu:13489" type="gene"
        link="http://www.kegg.jp/dbget-bin/www_bget?mmu:12801+mmu:13489">
        <graphics name="Cnr1, CB-R, CB1, CB1R..." fgcolor="#000000" bgcolor="#BFFFBF"
             type="rectangle" x="173" y="129" width="46" height="17"/>
    </entry>
    <entry id="63" name="mmu:14677 mmu:14678 mmu:14679 mmu:14681" type="gene"
        link="http://www.kegg.jp/dbget-bin/www_bget?mmu:14677+mmu:14678+mmu:14679+mmu:14681">
        <graphics name="Gnai1, AU046200, Gialpha1, Gnai-1..." fgcolor="#000000" bgcolor="#BFFFBF"
             type="rectangle" x="253" y="129" width="46" height="17"/>
    </entry>
    <entry id="64" name="path:mmu04020" type="map"
        link="http://www.kegg.jp/dbget-bin/www_bget?mmu04020">
        <graphics name="Calcium signaling pathway" fgcolor="#000000" bgcolor="#FFFFFF"
             type="roundrectangle" x="311" y="464" width="110" height="34"/>
    </entry>
    <entry id="66" name="mmu:18706 mmu:18707 mmu:18708 mmu:18709 mmu:18710 mmu:30955 mmu:320207 mmu:74769" type="gene"
        link="http://www.kegg.jp/dbget-bin/www_bget?mmu:18706+mmu:18707+mmu:18708+mmu:18709+mmu:18710+mmu:30955+mmu:320207+mmu:74769">
        <graphics name="Pik3ca, 6330412C24Rik, caPI3K, p110, p110alpha..." fgcolor="#000000" bgcolor="#BFFFBF"
             type="rectangle" x="845" y="744" width="46" height="17"/>
    </entry>
    <entry id="67" name="mmu:11651 mmu:11652 mmu:23797" type="gene"
        link="http://www.kegg.jp/dbget-bin/www_bget?mmu:11651+mmu:11652+mmu:23797">
        <graphics name="Akt1, Akt, PKB, PKB/Akt, PKBalpha, Rac..." fgcolor="#000000" bgcolor="#BFFFBF"
             type="rectangle" x="927" y="744" width="46" height="17"/>
    </entry>
    <entry id="68" name="path:mmu04151" type="map"
        link="http://www.kegg.jp/dbget-bin/www_bget?mmu04151">
        <graphics name="PI3K-Akt signaling pathway" fgcolor="#000000" bgcolor="#FFFFFF"
             type="roundrectangle" x="1023" y="743" width="110" height="34"/>
    </entry>
    <entry id="69" name="mmu:244668" type="gene"
        link="http://www.kegg.jp/dbget-bin/www_bget?mmu:244668">
        <graphics name="Sipa1l2, BC058408, mKIAA1389" fgcolor="#000000" bgcolor="#BFFFBF"
             type="rectangle" x="614" y="376" width="46" height="17"/>
    </entry>
    <entry id="70" name="mmu:74206" type="gene"
        link="http://www.kegg.jp/dbget-bin/www_bget?mmu:74206">
        <graphics name="Sipa1l3, 2610511M17Rik" fgcolor="#000000" bgcolor="#BFFFBF"
             type="rectangle" x="637" y="407" width="46" height="17"/>
    </entry>
    <entry id="71" name="mmu:15461 mmu:16653 mmu:18176 mmu:20130" type="gene"
        link="http://www.kegg.jp/dbget-bin/www_bget?mmu:15461+mmu:16653+mmu:18176+mmu:20130">
        <graphics name="Hras, H-ras, Ha-ras, Harvey-ras, Hras-1, Hras1, Kras2, c-H-ras, c-Ha-ras, c-rasHa, ras..." fgcolor="#000000" bgcolor="#BFFFBF"
             type="rectangle" x="734" y="758" width="46" height="17"/>
    </entry>
    <entry id="72" name="cpd:C00044" type="compound"
        link="http://www.kegg.jp/dbget-bin/www_bget?C00044">
        <graphics name="C00044" fgcolor="#000000" bgcolor="#FFFFFF"
             type="circle" x="734" y="786" width="8" height="8"/>
    </entry>
    <entry id="73" name="mmu:12388" type="gene"
        link="http://www.kegg.jp/dbget-bin/www_bget?mmu:12388">
        <graphics name="Ctnnd1, AA409437, AU019353, Catns, Ctnnd, P120, mKIAA0384" fgcolor="#000000" bgcolor="#BFFFBF"
             type="rectangle" x="927" y="501" width="46" height="17"/>
    </entry>
    <entry id="74" name="mmu:12387" type="gene"
        link="http://www.kegg.jp/dbget-bin/www_bget?mmu:12387">
        <graphics name="Ctnnb1, Bfc, Catnb, Mesc" fgcolor="#000000" bgcolor="#BFFFBF"
             type="rectangle" x="927" y="531" width="46" height="17"/>
    </entry>
    <entry id="75" name="path:mmu04520" type="map"
        link="http://www.kegg.jp/dbget-bin/www_bget?mmu04520">
        <graphics name="Adherens junction" fgcolor="#000000" bgcolor="#FFFFFF"
             type="roundrectangle" x="1022" y="547" width="110" height="25"/>
    </entry>
    <entry id="76" name="mmu:14810 mmu:14811 mmu:14812" type="gene"
        link="http://www.kegg.jp/dbget-bin/www_bget?mmu:14810+mmu:14811+mmu:14812">
        <graphics name="Grin1, GluN1, GluRdelta1, GluRzeta1, M100174, NMD-R1, NMDAR1, NR1, Nmdar, Rgsc174..." fgcolor="#000000" bgcolor="#BFFFBF"
             type="rectangle" x="173" y="283" width="46" height="17"/>
    </entry>
    <entry id="77" name="mmu:12313 mmu:12314 mmu:12315 mmu:494124 mmu:70405 mmu:80796" type="gene"
        link="http://www.kegg.jp/dbget-bin/www_bget?mmu:12313+mmu:12314+mmu:12315+mmu:494124+mmu:70405+mmu:80796">
        <graphics name="Calm1, AI256814, AI327027, AI461935, AL024000, CaM, Calm..." fgcolor="#000000" bgcolor="#BFFFBF"
             type="rectangle" x="324" y="283" width="46" height="17"/>
    </entry>
    <entry id="78" name="cpd:C00076" type="compound"
        link="http://www.kegg.jp/dbget-bin/www_bget?C00076">
        <graphics name="C00076" fgcolor="#000000" bgcolor="#FFFFFF"
             type="circle" x="223" y="282" width="8" height="8"/>
    </entry>
    <entry id="79" name="cpd:C00076" type="compound"
        link="http://www.kegg.jp/dbget-bin/www_bget?C00076">
        <graphics name="C00076" fgcolor="#000000" bgcolor="#FFFFFF"
             type="circle" x="270" y="282" width="8" height="8"/>
    </entry>
    <entry id="80" name="path:mmu04014" type="map"
        link="http://www.kegg.jp/dbget-bin/www_bget?mmu04014">
        <graphics name="Ras signaling pathway" fgcolor="#000000" bgcolor="#FFFFFF"
             type="roundrectangle" x="272" y="202" width="110" height="34"/>
    </entry>
    <entry id="81" name="mmu:21894 mmu:70549" type="gene"
        link="http://www.kegg.jp/dbget-bin/www_bget?mmu:21894+mmu:70549">
        <graphics name="Tln1, Tln..." fgcolor="#000000" bgcolor="#BFFFBF"
             type="rectangle" x="927" y="275" width="46" height="17"/>
    </entry>
    <entry id="82" name="mmu:16399 mmu:16416" type="gene"
        link="http://www.kegg.jp/dbget-bin/www_bget?mmu:16399+mmu:16416">
        <graphics name="Itga2b, AI172977, CD41, CD41B, GpIIb, alphaIIb..." fgcolor="#000000" bgcolor="#BFFFBF"
             type="rectangle" x="1009" y="275" width="46" height="17"/>
    </entry>
    <entry id="83" name="ko:K10784 ko:K10785" type="ortholog"
        link="http://www.kegg.jp/dbget-bin/www_bget?K10784+K10785">
        <graphics name="K10784..." fgcolor="#000000" bgcolor="#FFFFFF"
             type="rectangle" x="173" y="695" width="46" height="17"/>
    </entry>
    <entry id="84" name="mmu:16822" type="gene"
        link="http://www.kegg.jp/dbget-bin/www_bget?mmu:16822">
        <graphics name="Lcp2, AI323664, BB161688, SLP-76, SLP76, twm" fgcolor="#000000" bgcolor="#BFFFBF"
             type="rectangle" x="342" y="675" width="46" height="17"/>
    </entry>
    <entry id="85" name="mmu:23880" type="gene"
        link="http://www.kegg.jp/dbget-bin/www_bget?mmu:23880">
        <graphics name="Fyb, ADAP, B630013F22Rik, FYB-120/130, Slap130, p120/130, p120/p130" fgcolor="#000000" bgcolor="#BFFFBF"
             type="rectangle" x="369" y="658" width="46" height="17"/>
    </entry>
    <entry id="86" name="mmu:78473" type="gene"
        link="http://www.kegg.jp/dbget-bin/www_bget?mmu:78473">
        <graphics name="Skap1, 1700091G21Rik, Scap1, Skap-55" fgcolor="#000000" bgcolor="#BFFFBF"
             type="rectangle" x="388" y="675" width="46" height="17"/>
    </entry>
    <entry id="87" name="mmu:18750 mmu:18751 mmu:18752" type="gene"
        link="http://www.kegg.jp/dbget-bin/www_bget?mmu:18750+mmu:18751+mmu:18752">
        <graphics name="Prkca, AI875142, Pkca..." fgcolor="#000000" bgcolor="#BFFFBF"
             type="rectangle" x="477" y="717" width="46" height="17"/>
    </entry>
    <entry id="88" name="mmu:101540 mmu:18760 mmu:75292" type="gene"
        link="http://www.kegg.jp/dbget-bin/www_bget?mmu:101540+mmu:18760+mmu:75292">
        <graphics name="Prkd2, AI325941, PKD2..." fgcolor="#000000" bgcolor="#BFFFBF"
             type="rectangle" x="557" y="717" width="46" height="17"/>
    </entry>
    <entry id="89" name="mmu:16797" type="gene"
        link="http://www.kegg.jp/dbget-bin/www_bget?mmu:16797">
        <graphics name="Lat" fgcolor="#000000" bgcolor="#BFFFBF"
             type="rectangle" x="253" y="695" width="46" height="17"/>
    </entry>
    <entry id="90" name="mmu:18803" type="gene"
        link="http://www.kegg.jp/dbget-bin/www_bget?mmu:18803">
        <graphics name="Plcg1, AI894140, Cded, Plc-1, Plc-gamma1, Plcg-1" fgcolor="#000000" bgcolor="#BFFFBF"
             type="rectangle" x="342" y="717" width="46" height="17"/>
    </entry>
    <entry id="91" name="cpd:C00165" type="compound"
        link="http://www.kegg.jp/dbget-bin/www_bget?C00165">
        <graphics name="C00165" fgcolor="#000000" bgcolor="#FFFFFF"
             type="circle" x="408" y="717" width="8" height="8"/>
    </entry>
    <entry id="92" name="cpd:C00076" type="compound"
        link="http://www.kegg.jp/dbget-bin/www_bget?C00076">
        <graphics name="C00076" fgcolor="#000000" bgcolor="#FFFFFF"
             type="circle" x="409" y="756" width="8" height="8"/>
    </entry>
    <entry id="93" name="path:mmu04510" type="map"
        link="http://www.kegg.jp/dbget-bin/www_bget?mmu04510">
        <graphics name="Focal adhesion" fgcolor="#000000" bgcolor="#FFFFFF"
             type="roundrectangle" x="1028" y="246" width="110" height="25"/>
    </entry>
    <entry id="94" name="mmu:15901" type="gene"
        link="http://www.kegg.jp/dbget-bin/www_bget?mmu:15901">
        <graphics name="Id1, AI323524, D2Wsu140e, Idb1, bHLHb24" fgcolor="#000000" bgcolor="#BFFFBF"
             type="rectangle" x="845" y="153" width="46" height="17"/>
    </entry>
    <entry id="95" name="mmu:21825" type="gene"
        link="http://www.kegg.jp/dbget-bin/www_bget?mmu:21825">
        <graphics name="Thbs1, TSP-1, TSP1, Thbs-1, tbsp1" fgcolor="#000000" bgcolor="#BFFFBF"
             type="rectangle" x="927" y="153" width="46" height="17"/>
    </entry>
    <entry id="96" name="mmu:74055" type="gene"
        link="http://www.kegg.jp/dbget-bin/www_bget?mmu:74055">
        <graphics name="Plce1, 4933403A21Rik, PLCepsilon, Plce, mKIAA1516" fgcolor="#000000" bgcolor="#BFFFBF"
             type="rectangle" x="845" y="773" width="46" height="17"/>
    </entry>
    <entry id="97" name="mmu:51791" type="gene"
        link="http://www.kegg.jp/dbget-bin/www_bget?mmu:51791">
        <graphics name="Rgs14, RPIP1" fgcolor="#000000" bgcolor="#BFFFBF"
             type="rectangle" x="845" y="558" width="46" height="17"/>
    </entry>
    <entry id="98" name="mmu:12927" type="gene"
        link="http://www.kegg.jp/dbget-bin/www_bget?mmu:12927">
        <graphics name="Bcar1, AI385681, Cas, Crkas" fgcolor="#000000" bgcolor="#BFFFBF"
             type="rectangle" x="257" y="538" width="46" height="17"/>
    </entry>
    <entry id="99" name="path:mmu04660" type="map"
        link="http://www.kegg.jp/dbget-bin/www_bget?mmu04660">
        <graphics name="T cell receptor signaling pathway" fgcolor="#000000" bgcolor="#FFFFFF"
             type="roundrectangle" x="277" y="757" width="110" height="34"/>
    </entry>
    <entry id="100" name="mmu:18759 mmu:18762" type="gene"
        link="http://www.kegg.jp/dbget-bin/www_bget?mmu:18759+mmu:18762">
        <graphics name="Prkci, 2310021H13Rik, AI427505, PKClambda, Pkci, Pkcl, Prkcl, aPKClambda, mKIAA4165..." fgcolor="#000000" bgcolor="#BFFFBF"
             type="rectangle" x="1060" y="451" width="46" height="17"/>
    </entry>
    <entry id="101" name="mmu:56513 mmu:58220 mmu:93737" type="gene"
        link="http://www.kegg.jp/dbget-bin/www_bget?mmu:56513+mmu:58220+mmu:93737">
        <graphics name="Pard6a, 0710008C04Rik, 2610010A15Rik, PAR-6A, PAR6alpha, Par-6, Par6, Par6c, TAX40, Tip-40..." fgcolor="#000000" bgcolor="#BFFFBF"
             type="rectangle" x="1039" y="434" width="46" height="17"/>
    </entry>
    <entry id="102" name="undefined" type="group">
        <graphics fgcolor="#000000" bgcolor="#FFFFFF"
             type="rectangle" x="365" y="675" width="92" height="17"/>
        <component id="84"/>
        <component id="86"/>
    </entry>
    <entry id="103" name="undefined" type="group">
        <graphics fgcolor="#000000" bgcolor="#FFFFFF"
             type="rectangle" x="365" y="666" width="92" height="34"/>
        <component id="84"/>
        <component id="85"/>
        <component id="86"/>
    </entry>
    <entry id="104" name="undefined" type="group">
        <graphics fgcolor="#000000" bgcolor="#FFFFFF"
             type="rectangle" x="868" y="405" width="92" height="17"/>
        <component id="53"/>
        <component id="54"/>
    </entry>
    <entry id="105" name="undefined" type="group">
        <graphics fgcolor="#000000" bgcolor="#FFFFFF"
             type="rectangle" x="1037" y="442" width="92" height="34"/>
        <component id="100"/>
        <component id="101"/>
        <component id="48"/>
    </entry>
    <relation entry1="62" entry2="63" type="PPrel">
        <subtype name="activation" value="--&gt;"/>
    </relation>
    <relation entry1="26" entry2="6" type="PPrel">
        <subtype name="activation" value="--&gt;"/>
    </relation>
    <relation entry1="24" entry2="6" type="PPrel">
        <subtype name="activation" value="--&gt;"/>
    </relation>
    <relation entry1="25" entry2="6" type="PPrel">
        <subtype name="activation" value="--&gt;"/>
    </relation>
    <relation entry1="69" entry2="6" type="PPrel">
        <subtype name="activation" value="--&gt;"/>
    </relation>
    <relation entry1="57" entry2="19" type="PPrel">
        <subtype name="activation" value="--&gt;"/>
    </relation>
    <relation entry1="22" entry2="19" type="PPrel">
        <subtype name="activation" value="--&gt;"/>
    </relation>
    <relation entry1="23" entry2="19" type="PPrel">
        <subtype name="activation" value="--&gt;"/>
    </relation>
    <relation entry1="59" entry2="19" type="PPrel">
        <subtype name="activation" value="--&gt;"/>
    </relation>
    <relation entry1="60" entry2="19" type="PPrel">
        <subtype name="activation" value="--&gt;"/>
    </relation>
    <relation entry1="38" entry2="19" type="PPrel">
        <subtype name="activation" value="--&gt;"/>
    </relation>
    <relation entry1="44" entry2="19" type="PPrel">
        <subtype name="activation" value="--&gt;"/>
    </relation>
    <relation entry1="102" entry2="19" type="PPrel">
        <subtype name="activation" value="--&gt;"/>
    </relation>
    <relation entry1="88" entry2="19" type="PPrel">
        <subtype name="activation" value="--&gt;"/>
    </relation>
    <relation entry1="77" entry2="61" type="PPrel">
        <subtype name="activation" value="--&gt;"/>
    </relation>
    <relation entry1="32" entry2="33" type="PPrel">
        <subtype name="activation" value="--&gt;"/>
    </relation>
    <relation entry1="33" entry2="61" type="PPrel">
        <subtype name="activation" value="--&gt;"/>
    </relation>
    <relation entry1="61" entry2="39" type="PCrel">
        <subtype name="activation" value="--&gt;"/>
    </relation>
    <relation entry1="39" entry2="23" type="PCrel">
        <subtype name="activation" value="--&gt;"/>
    </relation>
    <relation entry1="32" entry2="34" type="PPrel">
        <subtype name="activation" value="--&gt;"/>
    </relation>
    <relation entry1="34" entry2="35" type="PPrel">
        <subtype name="activation" value="--&gt;"/>
    </relation>
    <relation entry1="35" entry2="40" type="PCrel">
        <subtype name="activation" value="--&gt;"/>
    </relation>
    <relation entry1="40" entry2="59" type="PCrel">
        <subtype name="activation" value="--&gt;"/>
    </relation>
    <relation entry1="35" entry2="41" type="PCrel">
        <subtype name="activation" value="--&gt;"/>
    </relation>
    <relation entry1="41" entry2="60" type="PCrel">
        <subtype name="activation" value="--&gt;"/>
    </relation>
    <relation entry1="8" entry2="9" type="PPrel">
        <subtype name="activation" value="--&gt;"/>
    </relation>
    <relation entry1="9" entry2="35" type="PPrel">
        <subtype name="activation" value="--&gt;"/>
    </relation>
    <relation entry1="9" entry2="36" type="PPrel">
        <subtype name="activation" value="--&gt;"/>
    </relation>
    <relation entry1="36" entry2="38" type="PPrel">
        <subtype name="activation" value="--&gt;"/>
    </relation>
    <relation entry1="98" entry2="36" type="PPrel">
        <subtype name="activation" value="--&gt;"/>
    </relation>
    <relation entry1="37" entry2="38" type="PPrel">
        <subtype name="activation" value="--&gt;"/>
    </relation>
    <relation entry1="42" entry2="43" type="PPrel">
        <subtype name="activation" value="--&gt;"/>
    </relation>
    <relation entry1="43" entry2="44" type="PPrel">
        <subtype name="activation" value="--&gt;"/>
    </relation>
    <relation entry1="89" entry2="103" type="PPrel">
        <subtype name="activation" value="--&gt;"/>
    </relation>
    <relation entry1="90" entry2="91" type="PCrel">
        <subtype name="activation" value="--&gt;"/>
    </relation>
    <relation entry1="91" entry2="87" type="PCrel">
        <subtype name="activation" value="--&gt;"/>
    </relation>
    <relation entry1="87" entry2="88" type="PPrel">
        <subtype name="activation" value="--&gt;"/>
    </relation>
    <relation entry1="90" entry2="92" type="PCrel">
        <subtype name="activation" value="--&gt;"/>
    </relation>
    <relation entry1="10" entry2="27" type="PPrel">
        <subtype name="activation" value="--&gt;"/>
    </relation>
    <relation entry1="10" entry2="11" type="PPrel">
        <subtype name="activation" value="--&gt;"/>
    </relation>
    <relation entry1="7" entry2="81" type="PPrel">
        <subtype name="activation" value="--&gt;"/>
    </relation>
    <relation entry1="81" entry2="82" type="PPrel">
        <subtype name="activation" value="--&gt;"/>
    </relation>
    <relation entry1="7" entry2="16" type="PPrel">
        <subtype name="activation" value="--&gt;"/>
    </relation>
    <relation entry1="7" entry2="15" type="PPrel">
        <subtype name="activation" value="--&gt;"/>
    </relation>
    <relation entry1="16" entry2="17" type="PPrel">
        <subtype name="activation" value="--&gt;"/>
    </relation>
    <relation entry1="15" entry2="17" type="PPrel">
        <subtype name="activation" value="--&gt;"/>
    </relation>
    <relation entry1="49" entry2="50" type="PPrel">
        <subtype name="activation" value="--&gt;"/>
    </relation>
    <relation entry1="50" entry2="17" type="PPrel">
        <subtype name="activation" value="--&gt;"/>
    </relation>
    <relation entry1="104" entry2="55" type="PPrel">
        <subtype name="activation" value="--&gt;"/>
    </relation>
    <relation entry1="55" entry2="17" type="PPrel">
        <subtype name="activation" value="--&gt;"/>
    </relation>
    <relation entry1="46" entry2="47" type="PPrel">
        <subtype name="activation" value="--&gt;"/>
    </relation>
    <relation entry1="47" entry2="105" type="PPrel">
        <subtype name="activation" value="--&gt;"/>
    </relation>
    <relation entry1="55" entry2="105" type="PPrel">
        <subtype name="activation" value="--&gt;"/>
    </relation>
    <relation entry1="28" entry2="73" type="PPrel">
        <subtype name="activation" value="--&gt;"/>
    </relation>
    <relation entry1="73" entry2="18" type="PPrel">
        <subtype name="activation" value="--&gt;"/>
    </relation>
    <relation entry1="52" entry2="74" type="PPrel">
        <subtype name="activation" value="--&gt;"/>
    </relation>
    <relation entry1="74" entry2="18" type="PPrel">
        <subtype name="activation" value="--&gt;"/>
    </relation>
    <relation entry1="97" entry2="30" type="PPrel">
        <subtype name="activation" value="--&gt;"/>
    </relation>
    <relation entry1="12" entry2="30" type="PPrel">
        <subtype name="activation" value="--&gt;"/>
    </relation>
    <relation entry1="29" entry2="4" type="PPrel">
        <subtype name="activation" value="--&gt;"/>
    </relation>
    <relation entry1="5" entry2="4" type="PPrel">
        <subtype name="activation" value="--&gt;"/>
    </relation>
    <relation entry1="4" entry2="3" type="PPrel">
        <subtype name="activation" value="--&gt;"/>
        <subtype name="phosphorylation" value="+p"/>
    </relation>
    <relation entry1="13" entry2="14" type="PPrel">
        <subtype name="activation" value="--&gt;"/>
    </relation>
    <relation entry1="66" entry2="67" type="PPrel">
        <subtype name="activation" value="--&gt;"/>
    </relation>
    <relation entry1="6" entry2="7" type="PPrel">
        <subtype name="activation" value="--&gt;"/>
    </relation>
    <relation entry1="6" entry2="49" type="PPrel">
        <subtype name="activation" value="--&gt;"/>
    </relation>
    <relation entry1="6" entry2="104" type="PPrel">
        <subtype name="activation" value="--&gt;"/>
    </relation>
    <relation entry1="6" entry2="46" type="PPrel">
        <subtype name="activation" value="--&gt;"/>
    </relation>
    <relation entry1="6" entry2="28" type="PPrel">
        <subtype name="activation" value="--&gt;"/>
    </relation>
    <relation entry1="6" entry2="52" type="PPrel">
        <subtype name="activation" value="--&gt;"/>
    </relation>
    <relation entry1="6" entry2="97" type="PPrel">
        <subtype name="activation" value="--&gt;"/>
    </relation>
    <relation entry1="6" entry2="12" type="PPrel">
        <subtype name="activation" value="--&gt;"/>
    </relation>
    <relation entry1="6" entry2="29" type="PPrel">
        <subtype name="activation" value="--&gt;"/>
    </relation>
    <relation entry1="71" entry2="29" type="PPrel">
        <subtype name="activation" value="--&gt;"/>
    </relation>
    <relation entry1="71" entry2="5" type="PPrel">
        <subtype name="activation" value="--&gt;"/>
    </relation>
    <relation entry1="71" entry2="96" type="PPrel">
        <subtype name="activation" value="--&gt;"/>
    </relation>
    <relation entry1="6" entry2="13" type="PPrel">
        <subtype name="activation" value="--&gt;"/>
    </relation>
    <relation entry1="6" entry2="66" type="PPrel">
        <subtype name="activation" value="--&gt;"/>
    </relation>
    <relation entry1="6" entry2="96" type="PPrel">
        <subtype name="activation" value="--&gt;"/>
    </relation>
    <relation entry1="56" entry2="57" type="PPrel">
        <subtype name="inhibition" value="--|"/>
    </relation>
    <relation entry1="6" entry2="94" type="PPrel">
        <subtype name="inhibition" value="--|"/>
    </relation>
    <relation entry1="6" entry2="10" type="PPrel">
        <subtype name="inhibition" value="--|"/>
    </relation>
    <relation entry1="94" entry2="95" type="PPrel">
        <subtype name="inhibition" value="--|"/>
    </relation>
    <relation entry1="21" entry2="19" type="PCrel">
        <subtype name="binding/association" value="---"/>
    </relation>
    <relation entry1="20" entry2="6" type="PCrel">
        <subtype name="binding/association" value="---"/>
    </relation>
    <relation entry1="71" entry2="72" type="PCrel">
        <subtype name="binding/association" value="---"/>
    </relation>
    <relation entry1="79" entry2="77" type="PCrel">
        <subtype name="binding/association" value="---"/>
    </relation>
    <relation entry1="28" entry2="25" type="PPrel">
        <subtype name="inhibition" value="--|"/>
    </relation>
</pathway>
