<?xml version="1.0"?>
<!DOCTYPE pathway SYSTEM "http://www.kegg.jp/kegg/xml/KGML_v0.7.1_.dtd">
<!-- Creation date: Apr 26, 2012 14:59:36 +0900 (GMT+09:00) -->
<pathway name="path:mmu05030" org="mmu" number="05030"
         title="Cocaine addiction"
         image="http://www.kegg.jp/kegg/pathway/mmu/mmu05030.png"
         link="http://www.kegg.jp/kegg-bin/show_pathway?mmu05030">
    <entry id="1" name="path:mmu05030" type="map"
        link="http://www.kegg.jp/dbget-bin/www_bget?mmu05030">
        <graphics name="TITLE:Cocaine addiction" fgcolor="#000000" bgcolor="#FFFFFF"
             type="roundrectangle" x="131" y="58" width="182" height="25"/>
    </entry>
    <entry id="2" name="mmu:110877 mmu:214084" type="gene"
        link="http://www.kegg.jp/dbget-bin/www_bget?mmu:110877+mmu:214084">
        <graphics name="Slc18a1, 4832416I10Rik, Vat1, Vmat1..." fgcolor="#000000" bgcolor="#BFFFBF"
             type="rectangle" x="343" y="311" width="46" height="17"/>
    </entry>
    <entry id="3" name="path:mmu04728" type="map"
        link="http://www.kegg.jp/dbget-bin/www_bget?mmu04728">
        <graphics name="Dopaminergic synapse" fgcolor="#000000" bgcolor="#FFFFFF"
             type="roundrectangle" x="581" y="77" width="106" height="34"/>
    </entry>
    <entry id="4" name="mmu:110877 mmu:214084" type="gene"
        link="http://www.kegg.jp/dbget-bin/www_bget?mmu:110877+mmu:214084">
        <graphics name="Slc18a1, 4832416I10Rik, Vat1, Vmat1..." fgcolor="#000000" bgcolor="#BFFFBF"
             type="rectangle" x="336" y="675" width="46" height="17"/>
    </entry>
    <entry id="5" name="mmu:108068 mmu:108069" type="gene"
        link="http://www.kegg.jp/dbget-bin/www_bget?mmu:108068+mmu:108069">
        <graphics name="Grm2, 4930441L02Rik, Gprc1b, mGluR2, mGluR7..." fgcolor="#000000" bgcolor="#BFFFBF"
             type="rectangle" x="642" y="288" width="46" height="17"/>
    </entry>
    <entry id="6" name="mmu:13489" type="gene"
        link="http://www.kegg.jp/dbget-bin/www_bget?mmu:13489">
        <graphics name="Drd2, D2R, Drd-2" fgcolor="#000000" bgcolor="#BFFFBF"
             type="rectangle" x="642" y="371" width="46" height="17"/>
    </entry>
    <entry id="7" name="mmu:13488" type="gene"
        link="http://www.kegg.jp/dbget-bin/www_bget?mmu:13488">
        <graphics name="Drd1, C030036C15Rik, Drd-1, Drd1a, Gpcr15" fgcolor="#000000" bgcolor="#BFFFBF"
             type="rectangle" x="642" y="330" width="46" height="17"/>
    </entry>
    <entry id="8" name="mmu:13162" type="gene"
        link="http://www.kegg.jp/dbget-bin/www_bget?mmu:13162">
        <graphics name="Slc6a3, DAT, Dat1" fgcolor="#000000" bgcolor="#BFFFBF"
             type="rectangle" x="527" y="260" width="46" height="17"/>
    </entry>
    <entry id="9" name="mmu:108068 mmu:108069" type="gene"
        link="http://www.kegg.jp/dbget-bin/www_bget?mmu:108068+mmu:108069">
        <graphics name="Grm2, 4930441L02Rik, Gprc1b, mGluR2, mGluR7..." fgcolor="#000000" bgcolor="#BFFFBF"
             type="rectangle" x="642" y="582" width="46" height="17"/>
    </entry>
    <entry id="10" name="mmu:13489" type="gene"
        link="http://www.kegg.jp/dbget-bin/www_bget?mmu:13489">
        <graphics name="Drd2, D2R, Drd-2" fgcolor="#000000" bgcolor="#BFFFBF"
             type="rectangle" x="642" y="754" width="46" height="17"/>
    </entry>
    <entry id="11" name="mmu:13488" type="gene"
        link="http://www.kegg.jp/dbget-bin/www_bget?mmu:13488">
        <graphics name="Drd1, C030036C15Rik, Drd-1, Drd1a, Gpcr15" fgcolor="#000000" bgcolor="#BFFFBF"
             type="rectangle" x="642" y="697" width="46" height="17"/>
    </entry>
    <entry id="12" name="mmu:109731 mmu:17161" type="gene"
        link="http://www.kegg.jp/dbget-bin/www_bget?mmu:109731+mmu:17161">
        <graphics name="Maob, 6330414K01Rik, MAO-B..." fgcolor="#000000" bgcolor="#BFFFBF"
             type="rectangle" x="434" y="565" width="46" height="17"/>
    </entry>
    <entry id="13" name="mmu:13162" type="gene"
        link="http://www.kegg.jp/dbget-bin/www_bget?mmu:13162">
        <graphics name="Slc6a3, DAT, Dat1" fgcolor="#000000" bgcolor="#BFFFBF"
             type="rectangle" x="529" y="626" width="46" height="17"/>
    </entry>
    <entry id="14" name="cpd:C00082" type="compound"
        link="http://www.kegg.jp/dbget-bin/www_bget?C00082">
        <graphics name="C00082" fgcolor="#000000" bgcolor="#FFFFFF"
             type="circle" x="126" y="637" width="8" height="8"/>
    </entry>
    <entry id="15" name="cpd:C00355" type="compound"
        link="http://www.kegg.jp/dbget-bin/www_bget?C00355">
        <graphics name="C00355" fgcolor="#000000" bgcolor="#FFFFFF"
             type="circle" x="195" y="638" width="8" height="8"/>
    </entry>
    <entry id="16" name="cpd:C03758" type="compound"
        link="http://www.kegg.jp/dbget-bin/www_bget?C03758">
        <graphics name="C03758" fgcolor="#000000" bgcolor="#FFFFFF"
             type="circle" x="265" y="638" width="8" height="8"/>
    </entry>
    <entry id="17" name="cpd:C03758" type="compound"
        link="http://www.kegg.jp/dbget-bin/www_bget?C03758">
        <graphics name="C03758" fgcolor="#000000" bgcolor="#FFFFFF"
             type="circle" x="405" y="593" width="8" height="8"/>
    </entry>
    <entry id="18" name="cpd:C01161" type="compound"
        link="http://www.kegg.jp/dbget-bin/www_bget?C01161">
        <graphics name="C01161" fgcolor="#000000" bgcolor="#FFFFFF"
             type="circle" x="384" y="531" width="8" height="8"/>
    </entry>
    <entry id="19" name="cpd:C00027" type="compound"
        link="http://www.kegg.jp/dbget-bin/www_bget?C00027">
        <graphics name="C00027" fgcolor="#000000" bgcolor="#FFFFFF"
             type="circle" x="428" y="530" width="8" height="8"/>
    </entry>
    <entry id="20" name="cpd:C00082" type="compound"
        link="http://www.kegg.jp/dbget-bin/www_bget?C00082">
        <graphics name="C00082" fgcolor="#000000" bgcolor="#FFFFFF"
             type="circle" x="125" y="275" width="8" height="8"/>
    </entry>
    <entry id="21" name="cpd:C00355" type="compound"
        link="http://www.kegg.jp/dbget-bin/www_bget?C00355">
        <graphics name="C00355" fgcolor="#000000" bgcolor="#FFFFFF"
             type="circle" x="197" y="275" width="8" height="8"/>
    </entry>
    <entry id="22" name="cpd:C03758" type="compound"
        link="http://www.kegg.jp/dbget-bin/www_bget?C03758">
        <graphics name="C03758" fgcolor="#000000" bgcolor="#FFFFFF"
             type="circle" x="266" y="275" width="8" height="8"/>
    </entry>
    <entry id="23" name="cpd:C03758" type="compound"
        link="http://www.kegg.jp/dbget-bin/www_bget?C03758">
        <graphics name="C03758" fgcolor="#000000" bgcolor="#FFFFFF"
             type="circle" x="408" y="234" width="8" height="8"/>
    </entry>
    <entry id="24" name="cpd:C01161" type="compound"
        link="http://www.kegg.jp/dbget-bin/www_bget?C01161">
        <graphics name="C01161" fgcolor="#000000" bgcolor="#FFFFFF"
             type="circle" x="386" y="187" width="8" height="8"/>
    </entry>
    <entry id="25" name="cpd:C00027" type="compound"
        link="http://www.kegg.jp/dbget-bin/www_bget?C00027">
        <graphics name="C00027" fgcolor="#000000" bgcolor="#FFFFFF"
             type="circle" x="428" y="186" width="8" height="8"/>
    </entry>
    <entry id="26" name="cpd:C03758" type="compound"
        link="http://www.kegg.jp/dbget-bin/www_bget?C03758">
        <graphics name="C03758" fgcolor="#000000" bgcolor="#FFFFFF"
             type="circle" x="570" y="625" width="8" height="8"/>
    </entry>
    <entry id="27" name="mmu:21823" type="gene"
        link="http://www.kegg.jp/dbget-bin/www_bget?mmu:21823">
        <graphics name="Th" fgcolor="#000000" bgcolor="#BFFFBF"
             type="rectangle" x="157" y="622" width="46" height="17"/>
    </entry>
    <entry id="28" name="mmu:13195" type="gene"
        link="http://www.kegg.jp/dbget-bin/www_bget?mmu:13195">
        <graphics name="Ddc, Aadc" fgcolor="#000000" bgcolor="#BFFFBF"
             type="rectangle" x="227" y="622" width="46" height="17"/>
    </entry>
    <entry id="29" name="mmu:21823" type="gene"
        link="http://www.kegg.jp/dbget-bin/www_bget?mmu:21823">
        <graphics name="Th" fgcolor="#000000" bgcolor="#BFFFBF"
             type="rectangle" x="157" y="259" width="46" height="17"/>
    </entry>
    <entry id="30" name="mmu:13195" type="gene"
        link="http://www.kegg.jp/dbget-bin/www_bget?mmu:13195">
        <graphics name="Ddc, Aadc" fgcolor="#000000" bgcolor="#BFFFBF"
             type="rectangle" x="227" y="259" width="46" height="17"/>
    </entry>
    <entry id="31" name="mmu:109731 mmu:17161" type="gene"
        link="http://www.kegg.jp/dbget-bin/www_bget?mmu:109731+mmu:17161">
        <graphics name="Maob, 6330414K01Rik, MAO-B..." fgcolor="#000000" bgcolor="#BFFFBF"
             type="rectangle" x="434" y="220" width="46" height="17"/>
    </entry>
    <entry id="32" name="cpd:C03758" type="compound"
        link="http://www.kegg.jp/dbget-bin/www_bget?C03758">
        <graphics name="C03758" fgcolor="#000000" bgcolor="#FFFFFF"
             type="circle" x="527" y="328" width="8" height="8"/>
    </entry>
    <entry id="33" name="cpd:C03758" type="compound"
        link="http://www.kegg.jp/dbget-bin/www_bget?C03758">
        <graphics name="C03758" fgcolor="#000000" bgcolor="#FFFFFF"
             type="circle" x="569" y="260" width="8" height="8"/>
    </entry>
    <entry id="34" name="mmu:14683" type="gene"
        link="http://www.kegg.jp/dbget-bin/www_bget?mmu:14683">
        <graphics name="Gnas, 5530400H20Rik, A930027G11Rik, C130027O20Rik, GPSA, GSP, Galphas, Gnas1, Gnasxl, Gs-alpha, Gsa, Nesp, Nesp55, Nespl, Oed-Sml, Oedsml, P1, P2, P3, PHP1A, PHP1B, POH, SCG6" fgcolor="#000000" bgcolor="#BFFFBF"
             type="rectangle" x="723" y="330" width="46" height="17"/>
    </entry>
    <entry id="35" name="mmu:224129" type="gene"
        link="http://www.kegg.jp/dbget-bin/www_bget?mmu:224129">
        <graphics name="Adcy5, AW121902, Ac5" fgcolor="#000000" bgcolor="#BFFFBF"
             type="rectangle" x="803" y="330" width="46" height="17"/>
    </entry>
    <entry id="36" name="cpd:C03758" type="compound"
        link="http://www.kegg.jp/dbget-bin/www_bget?C03758">
        <graphics name="C03758" fgcolor="#000000" bgcolor="#FFFFFF"
             type="circle" x="525" y="696" width="8" height="8"/>
    </entry>
    <entry id="37" name="mmu:18747 mmu:18749" type="gene"
        link="http://www.kegg.jp/dbget-bin/www_bget?mmu:18747+mmu:18749">
        <graphics name="Prkaca, PKCD, Pkaca..." fgcolor="#000000" bgcolor="#BFFFBF"
             type="rectangle" x="909" y="331" width="46" height="17"/>
    </entry>
    <entry id="38" name="mmu:14677 mmu:14678 mmu:14679" type="gene"
        link="http://www.kegg.jp/dbget-bin/www_bget?mmu:14677+mmu:14678+mmu:14679">
        <graphics name="Gnai1, AU046200, Gialpha1, Gnai-1..." fgcolor="#000000" bgcolor="#BFFFBF"
             type="rectangle" x="723" y="288" width="46" height="17"/>
    </entry>
    <entry id="39" name="mmu:14677 mmu:14678 mmu:14679" type="gene"
        link="http://www.kegg.jp/dbget-bin/www_bget?mmu:14677+mmu:14678+mmu:14679">
        <graphics name="Gnai1, AU046200, Gialpha1, Gnai-1..." fgcolor="#000000" bgcolor="#BFFFBF"
             type="rectangle" x="723" y="371" width="46" height="17"/>
    </entry>
    <entry id="40" name="cpd:C00575" type="compound"
        link="http://www.kegg.jp/dbget-bin/www_bget?C00575">
        <graphics name="C00575" fgcolor="#000000" bgcolor="#FFFFFF"
             type="circle" x="857" y="330" width="8" height="8"/>
    </entry>
    <entry id="41" name="cpd:C00025" type="compound"
        link="http://www.kegg.jp/dbget-bin/www_bget?C00025">
        <graphics name="C00025" fgcolor="#000000" bgcolor="#FFFFFF"
             type="circle" x="593" y="237" width="8" height="8"/>
    </entry>
    <entry id="42" name="cpd:C00025" type="compound"
        link="http://www.kegg.jp/dbget-bin/www_bget?C00025">
        <graphics name="C00025" fgcolor="#000000" bgcolor="#FFFFFF"
             type="circle" x="588" y="551" width="8" height="8"/>
    </entry>
    <entry id="43" name="mmu:14677 mmu:14678 mmu:14679" type="gene"
        link="http://www.kegg.jp/dbget-bin/www_bget?mmu:14677+mmu:14678+mmu:14679">
        <graphics name="Gnai1, AU046200, Gialpha1, Gnai-1..." fgcolor="#000000" bgcolor="#BFFFBF"
             type="rectangle" x="727" y="582" width="46" height="17"/>
    </entry>
    <entry id="44" name="mmu:14683" type="gene"
        link="http://www.kegg.jp/dbget-bin/www_bget?mmu:14683">
        <graphics name="Gnas, 5530400H20Rik, A930027G11Rik, C130027O20Rik, GPSA, GSP, Galphas, Gnas1, Gnasxl, Gs-alpha, Gsa, Nesp, Nesp55, Nespl, Oed-Sml, Oedsml, P1, P2, P3, PHP1A, PHP1B, POH, SCG6" fgcolor="#000000" bgcolor="#BFFFBF"
             type="rectangle" x="727" y="697" width="46" height="17"/>
    </entry>
    <entry id="45" name="mmu:14677 mmu:14678 mmu:14679" type="gene"
        link="http://www.kegg.jp/dbget-bin/www_bget?mmu:14677+mmu:14678+mmu:14679">
        <graphics name="Gnai1, AU046200, Gialpha1, Gnai-1..." fgcolor="#000000" bgcolor="#BFFFBF"
             type="rectangle" x="727" y="754" width="46" height="17"/>
    </entry>
    <entry id="46" name="mmu:67839" type="gene"
        link="http://www.kegg.jp/dbget-bin/www_bget?mmu:67839">
        <graphics name="Gpsm1, 1810037C22Rik, AW107933, Ags3" fgcolor="#000000" bgcolor="#BFFFBF"
             type="rectangle" x="800" y="553" width="46" height="17"/>
    </entry>
    <entry id="47" name="mmu:224129" type="gene"
        link="http://www.kegg.jp/dbget-bin/www_bget?mmu:224129">
        <graphics name="Adcy5, AW121902, Ac5" fgcolor="#000000" bgcolor="#BFFFBF"
             type="rectangle" x="807" y="697" width="46" height="17"/>
    </entry>
    <entry id="48" name="mmu:18747 mmu:18749" type="gene"
        link="http://www.kegg.jp/dbget-bin/www_bget?mmu:18747+mmu:18749">
        <graphics name="Prkaca, PKCD, Pkaca..." fgcolor="#000000" bgcolor="#BFFFBF"
             type="rectangle" x="913" y="697" width="46" height="17"/>
    </entry>
    <entry id="49" name="cpd:C00575" type="compound"
        link="http://www.kegg.jp/dbget-bin/www_bget?C00575">
        <graphics name="C00575" fgcolor="#000000" bgcolor="#FFFFFF"
             type="circle" x="860" y="696" width="8" height="8"/>
    </entry>
    <entry id="50" name="mmu:19739" type="gene"
        link="http://www.kegg.jp/dbget-bin/www_bget?mmu:19739">
        <graphics name="Rgs9, RGS9-1, Rgs9-2" fgcolor="#000000" bgcolor="#BFFFBF"
             type="rectangle" x="800" y="783" width="46" height="17"/>
    </entry>
    <entry id="51" name="dr:D00110" type="compound"
        link="http://www.kegg.jp/dbget-bin/www_bget?D00110">
        <graphics name="D00110" fgcolor="#000000" bgcolor="#FFFFFF"
             type="circle" x="586" y="587" width="8" height="8"/>
    </entry>
    <entry id="52" name="cpd:C00082" type="compound"
        link="http://www.kegg.jp/dbget-bin/www_bget?C00082">
        <graphics name="C00082" fgcolor="#000000" bgcolor="#FFFFFF"
             type="circle" x="127" y="993" width="8" height="8"/>
    </entry>
    <entry id="53" name="cpd:C00355" type="compound"
        link="http://www.kegg.jp/dbget-bin/www_bget?C00355">
        <graphics name="C00355" fgcolor="#000000" bgcolor="#FFFFFF"
             type="circle" x="196" y="994" width="8" height="8"/>
    </entry>
    <entry id="54" name="cpd:C03758" type="compound"
        link="http://www.kegg.jp/dbget-bin/www_bget?C03758">
        <graphics name="C03758" fgcolor="#000000" bgcolor="#FFFFFF"
             type="circle" x="261" y="994" width="8" height="8"/>
    </entry>
    <entry id="55" name="cpd:C03758" type="compound"
        link="http://www.kegg.jp/dbget-bin/www_bget?C03758">
        <graphics name="C03758" fgcolor="#000000" bgcolor="#FFFFFF"
             type="circle" x="405" y="949" width="8" height="8"/>
    </entry>
    <entry id="56" name="cpd:C01161" type="compound"
        link="http://www.kegg.jp/dbget-bin/www_bget?C01161">
        <graphics name="C01161" fgcolor="#000000" bgcolor="#FFFFFF"
             type="circle" x="384" y="887" width="8" height="8"/>
    </entry>
    <entry id="57" name="cpd:C00027" type="compound"
        link="http://www.kegg.jp/dbget-bin/www_bget?C00027">
        <graphics name="C00027" fgcolor="#000000" bgcolor="#FFFFFF"
             type="circle" x="427" y="887" width="8" height="8"/>
    </entry>
    <entry id="58" name="cpd:C03758" type="compound"
        link="http://www.kegg.jp/dbget-bin/www_bget?C03758">
        <graphics name="C03758" fgcolor="#000000" bgcolor="#FFFFFF"
             type="circle" x="526" y="1065" width="8" height="8"/>
    </entry>
    <entry id="59" name="mmu:21823" type="gene"
        link="http://www.kegg.jp/dbget-bin/www_bget?mmu:21823">
        <graphics name="Th" fgcolor="#000000" bgcolor="#BFFFBF"
             type="rectangle" x="157" y="979" width="46" height="17"/>
    </entry>
    <entry id="60" name="mmu:13195" type="gene"
        link="http://www.kegg.jp/dbget-bin/www_bget?mmu:13195">
        <graphics name="Ddc, Aadc" fgcolor="#000000" bgcolor="#BFFFBF"
             type="rectangle" x="226" y="979" width="46" height="17"/>
    </entry>
    <entry id="61" name="mmu:110877 mmu:214084" type="gene"
        link="http://www.kegg.jp/dbget-bin/www_bget?mmu:110877+mmu:214084">
        <graphics name="Slc18a1, 4832416I10Rik, Vat1, Vmat1..." fgcolor="#000000" bgcolor="#BFFFBF"
             type="rectangle" x="343" y="1030" width="46" height="17"/>
    </entry>
    <entry id="62" name="mmu:109731 mmu:17161" type="gene"
        link="http://www.kegg.jp/dbget-bin/www_bget?mmu:109731+mmu:17161">
        <graphics name="Maob, 6330414K01Rik, MAO-B..." fgcolor="#000000" bgcolor="#BFFFBF"
             type="rectangle" x="436" y="926" width="46" height="17"/>
    </entry>
    <entry id="63" name="mmu:13162" type="gene"
        link="http://www.kegg.jp/dbget-bin/www_bget?mmu:13162">
        <graphics name="Slc6a3, DAT, Dat1" fgcolor="#000000" bgcolor="#BFFFBF"
             type="rectangle" x="526" y="995" width="46" height="17"/>
    </entry>
    <entry id="64" name="cpd:C03758" type="compound"
        link="http://www.kegg.jp/dbget-bin/www_bget?C03758">
        <graphics name="C03758" fgcolor="#000000" bgcolor="#FFFFFF"
             type="circle" x="568" y="996" width="8" height="8"/>
    </entry>
    <entry id="65" name="dr:D00110" type="compound"
        link="http://www.kegg.jp/dbget-bin/www_bget?D00110">
        <graphics name="D00110" fgcolor="#000000" bgcolor="#FFFFFF"
             type="circle" x="584" y="958" width="8" height="8"/>
    </entry>
    <entry id="66" name="mmu:13488" type="gene"
        link="http://www.kegg.jp/dbget-bin/www_bget?mmu:13488">
        <graphics name="Drd1, C030036C15Rik, Drd-1, Drd1a, Gpcr15" fgcolor="#000000" bgcolor="#BFFFBF"
             type="rectangle" x="642" y="1067" width="46" height="17"/>
    </entry>
    <entry id="67" name="mmu:14683" type="gene"
        link="http://www.kegg.jp/dbget-bin/www_bget?mmu:14683">
        <graphics name="Gnas, 5530400H20Rik, A930027G11Rik, C130027O20Rik, GPSA, GSP, Galphas, Gnas1, Gnasxl, Gs-alpha, Gsa, Nesp, Nesp55, Nespl, Oed-Sml, Oedsml, P1, P2, P3, PHP1A, PHP1B, POH, SCG6" fgcolor="#000000" bgcolor="#BFFFBF"
             type="rectangle" x="725" y="1067" width="46" height="17"/>
    </entry>
    <entry id="68" name="mmu:224129" type="gene"
        link="http://www.kegg.jp/dbget-bin/www_bget?mmu:224129">
        <graphics name="Adcy5, AW121902, Ac5" fgcolor="#000000" bgcolor="#BFFFBF"
             type="rectangle" x="805" y="1067" width="46" height="17"/>
    </entry>
    <entry id="69" name="mmu:18747 mmu:18749" type="gene"
        link="http://www.kegg.jp/dbget-bin/www_bget?mmu:18747+mmu:18749">
        <graphics name="Prkaca, PKCD, Pkaca..." fgcolor="#000000" bgcolor="#BFFFBF"
             type="rectangle" x="913" y="1067" width="46" height="17"/>
    </entry>
    <entry id="70" name="mmu:16476" type="gene"
        link="http://www.kegg.jp/dbget-bin/www_bget?mmu:16476">
        <graphics name="Jun, AP-1, Junc, c-jun" fgcolor="#000000" bgcolor="#BFFFBF"
             type="rectangle" x="1038" y="997" width="46" height="17"/>
    </entry>
    <entry id="71" name="mmu:14282" type="gene"
        link="http://www.kegg.jp/dbget-bin/www_bget?mmu:14282">
        <graphics name="Fosb" fgcolor="#000000" bgcolor="#BFFFBF"
             type="rectangle" x="1038" y="1014" width="46" height="17"/>
    </entry>
    <entry id="72" name="mmu:12568" type="gene"
        link="http://www.kegg.jp/dbget-bin/www_bget?mmu:12568">
        <graphics name="Cdk5, AW048668, Crk6" fgcolor="#000000" bgcolor="#BFFFBF"
             type="rectangle" x="890" y="939" width="46" height="17"/>
    </entry>
    <entry id="73" name="mmu:18033 mmu:19697" type="gene"
        link="http://www.kegg.jp/dbget-bin/www_bget?mmu:18033+mmu:19697">
        <graphics name="Nfkb1, NF-KB1, NF-kappaB, NF-kappaB1, p105, p50, p50/p105..." fgcolor="#000000" bgcolor="#BFFFBF"
             type="rectangle" x="890" y="916" width="46" height="17"/>
    </entry>
    <entry id="74" name="cpd:C00575" type="compound"
        link="http://www.kegg.jp/dbget-bin/www_bget?C00575">
        <graphics name="C00575" fgcolor="#000000" bgcolor="#FFFFFF"
             type="circle" x="858" y="1067" width="8" height="8"/>
    </entry>
    <entry id="75" name="mmu:102641666 mmu:11909 mmu:11911 mmu:12912 mmu:12913 mmu:12915 mmu:208647 mmu:208677 mmu:231991 mmu:26427 mmu:78284" type="gene"
        link="http://www.kegg.jp/dbget-bin/www_bget?mmu:102641666+mmu:11909+mmu:11911+mmu:12912+mmu:12913+mmu:12915+mmu:208647+mmu:208677+mmu:231991+mmu:26427+mmu:78284">
        <graphics name="102641666..." fgcolor="#000000" bgcolor="#BFFFBF"
             type="rectangle" x="1001" y="697" width="46" height="17"/>
    </entry>
    <entry id="76" name="mmu:18610" type="gene"
        link="http://www.kegg.jp/dbget-bin/www_bget?mmu:18610">
        <graphics name="Pdyn, Dyn" fgcolor="#000000" bgcolor="#BFFFBF"
             type="rectangle" x="1108" y="684" width="46" height="17"/>
    </entry>
    <entry id="77" name="mmu:12064" type="gene"
        link="http://www.kegg.jp/dbget-bin/www_bget?mmu:12064">
        <graphics name="Bdnf" fgcolor="#000000" bgcolor="#BFFFBF"
             type="rectangle" x="1108" y="711" width="46" height="17"/>
    </entry>
    <entry id="78" name="mmu:14800" type="gene"
        link="http://www.kegg.jp/dbget-bin/www_bget?mmu:14800">
        <graphics name="Gria2, GluA2, GluR-B, Glur-2, Glur2" fgcolor="#000000" bgcolor="#BFFFBF"
             type="rectangle" x="642" y="889" width="46" height="17"/>
    </entry>
    <entry id="79" name="mmu:19049" type="gene"
        link="http://www.kegg.jp/dbget-bin/www_bget?mmu:19049">
        <graphics name="Ppp1r1b, AU040756, DARPP-32, Darpp32" fgcolor="#000000" bgcolor="#BFFFBF"
             type="rectangle" x="912" y="1006" width="46" height="17"/>
    </entry>
    <entry id="80" name="mmu:14810 mmu:14811 mmu:14812 mmu:14813 mmu:14814 mmu:170483 mmu:242443" type="gene"
        link="http://www.kegg.jp/dbget-bin/www_bget?mmu:14810+mmu:14811+mmu:14812+mmu:14813+mmu:14814+mmu:170483+mmu:242443">
        <graphics name="Grin1, GluN1, GluRdelta1, GluRzeta1, M100174, NMD-R1, NMDAR1, NR1, Nmdar, Rgsc174..." fgcolor="#000000" bgcolor="#BFFFBF"
             type="rectangle" x="642" y="921" width="46" height="17"/>
    </entry>
    <entry id="81" name="mmu:13385" type="gene"
        link="http://www.kegg.jp/dbget-bin/www_bget?mmu:13385">
        <graphics name="Dlg4, Dlgh4, PSD-95, PSD95, SAP90, SAP90A" fgcolor="#000000" bgcolor="#BFFFBF"
             type="rectangle" x="682" y="938" width="46" height="17"/>
    </entry>
    <entry id="82" name="dr:D00110" type="compound"
        link="http://www.kegg.jp/dbget-bin/www_bget?D00110">
        <graphics name="D00110" fgcolor="#000000" bgcolor="#FFFFFF"
             type="circle" x="338" y="703" width="8" height="8"/>
    </entry>
    <entry id="83" name="mmu:12569" type="gene"
        link="http://www.kegg.jp/dbget-bin/www_bget?mmu:12569">
        <graphics name="Cdk5r1, Cdk5r, D11Bwg0379e, p25, p35" fgcolor="#000000" bgcolor="#BFFFBF"
             type="rectangle" x="848" y="969" width="46" height="17"/>
    </entry>
    <entry id="84" name="undefined" type="group">
        <graphics fgcolor="#000000" bgcolor="#FFFFFF"
             type="rectangle" x="1038" y="1005" width="46" height="34"/>
        <component id="70"/>
        <component id="71"/>
    </entry>
    <relation entry1="42" entry2="9" type="PCrel">
        <subtype name="activation" value="--&gt;"/>
    </relation>
    <relation entry1="9" entry2="43" type="PPrel">
        <subtype name="activation" value="--&gt;"/>
    </relation>
    <relation entry1="36" entry2="11" type="PCrel">
        <subtype name="activation" value="--&gt;"/>
    </relation>
    <relation entry1="11" entry2="44" type="PPrel">
        <subtype name="activation" value="--&gt;"/>
    </relation>
    <relation entry1="44" entry2="47" type="PPrel">
        <subtype name="activation" value="--&gt;"/>
    </relation>
    <relation entry1="47" entry2="49" type="PCrel">
        <subtype name="activation" value="--&gt;"/>
    </relation>
    <relation entry1="49" entry2="48" type="PCrel">
        <subtype name="activation" value="--&gt;"/>
    </relation>
    <relation entry1="48" entry2="75" type="PPrel">
        <subtype name="activation" value="--&gt;"/>
    </relation>
    <relation entry1="36" entry2="10" type="PCrel">
        <subtype name="activation" value="--&gt;"/>
    </relation>
    <relation entry1="10" entry2="45" type="PPrel">
        <subtype name="activation" value="--&gt;"/>
    </relation>
    <relation entry1="58" entry2="66" type="PCrel">
        <subtype name="activation" value="--&gt;"/>
    </relation>
    <relation entry1="66" entry2="67" type="PPrel">
        <subtype name="activation" value="--&gt;"/>
    </relation>
    <relation entry1="67" entry2="68" type="PPrel">
        <subtype name="activation" value="--&gt;"/>
    </relation>
    <relation entry1="68" entry2="74" type="PCrel">
        <subtype name="activation" value="--&gt;"/>
    </relation>
    <relation entry1="74" entry2="69" type="PCrel">
        <subtype name="activation" value="--&gt;"/>
    </relation>
    <relation entry1="41" entry2="5" type="PCrel">
        <subtype name="activation" value="--&gt;"/>
    </relation>
    <relation entry1="5" entry2="38" type="PPrel">
        <subtype name="activation" value="--&gt;"/>
    </relation>
    <relation entry1="32" entry2="7" type="PCrel">
        <subtype name="activation" value="--&gt;"/>
    </relation>
    <relation entry1="7" entry2="34" type="PPrel">
        <subtype name="activation" value="--&gt;"/>
    </relation>
    <relation entry1="34" entry2="35" type="PPrel">
        <subtype name="activation" value="--&gt;"/>
    </relation>
    <relation entry1="32" entry2="6" type="PCrel">
        <subtype name="activation" value="--&gt;"/>
    </relation>
    <relation entry1="6" entry2="39" type="PPrel">
        <subtype name="activation" value="--&gt;"/>
    </relation>
    <relation entry1="38" entry2="35" type="PPrel">
        <subtype name="inhibition" value="--|"/>
    </relation>
    <relation entry1="39" entry2="35" type="PPrel">
        <subtype name="inhibition" value="--|"/>
    </relation>
    <relation entry1="35" entry2="40" type="PCrel">
        <subtype name="activation" value="--&gt;"/>
    </relation>
    <relation entry1="40" entry2="37" type="PCrel">
        <subtype name="activation" value="--&gt;"/>
    </relation>
    <relation entry1="46" entry2="43" type="PPrel">
        <subtype name="inhibition" value="--|"/>
    </relation>
    <relation entry1="43" entry2="47" type="PPrel">
        <subtype name="inhibition" value="--|"/>
    </relation>
    <relation entry1="45" entry2="47" type="PPrel">
        <subtype name="inhibition" value="--|"/>
    </relation>
    <relation entry1="50" entry2="45" type="PPrel">
        <subtype name="inhibition" value="--|"/>
    </relation>
    <relation entry1="51" entry2="13" type="PCrel">
        <subtype name="inhibition" value="--|"/>
    </relation>
    <relation entry1="79" entry2="69" type="PPrel">
        <subtype name="inhibition" value="--|"/>
    </relation>
    <relation entry1="83" entry2="72" type="PPrel">
        <subtype name="binding/association" value="---"/>
    </relation>
    <relation entry1="75" entry2="76" type="GErel">
        <subtype name="expression" value="--&gt;"/>
    </relation>
    <relation entry1="75" entry2="77" type="GErel">
        <subtype name="expression" value="--&gt;"/>
    </relation>
    <relation entry1="84" entry2="78" type="GErel">
        <subtype name="expression" value="--&gt;"/>
    </relation>
    <relation entry1="84" entry2="73" type="GErel">
        <subtype name="expression" value="--&gt;"/>
    </relation>
    <relation entry1="84" entry2="72" type="GErel">
        <subtype name="expression" value="--&gt;"/>
    </relation>
    <relation entry1="72" entry2="81" type="PPrel">
        <subtype name="activation" value="--&gt;"/>
        <subtype name="phosphorylation" value="+p"/>
    </relation>
    <relation entry1="72" entry2="79" type="PPrel">
        <subtype name="activation" value="--&gt;"/>
        <subtype name="phosphorylation" value="+p"/>
    </relation>
    <relation entry1="80" entry2="81" type="PPrel">
        <subtype name="binding/association" value="---"/>
    </relation>
</pathway>
