<?xml version="1.0"?>
<!DOCTYPE pathway SYSTEM "http://www.kegg.jp/kegg/xml/KGML_v0.7.1_.dtd">
<!-- Creation date: Oct 23, 2015 09:57:31 +0900 (GMT+9) -->
<pathway name="path:mmu04670" org="mmu" number="04670"
         title="Leukocyte transendothelial migration"
         image="http://www.kegg.jp/kegg/pathway/mmu/mmu04670.png"
         link="http://www.kegg.jp/kegg-bin/show_pathway?mmu04670">
    <entry id="1" name="mmu:100039801 mmu:114141 mmu:12737 mmu:12738 mmu:12739 mmu:12740 mmu:12741 mmu:18260 mmu:18417 mmu:239931 mmu:242653 mmu:53624 mmu:54419 mmu:54420 mmu:56173 mmu:56492 mmu:56863 mmu:57255 mmu:58187 mmu:60363 mmu:621628 mmu:69524 mmu:71908 mmu:73934 mmu:74987 mmu:75677" type="gene"
        link="http://www.kegg.jp/dbget-bin/www_bget?mmu:100039801+mmu:114141+mmu:12737+mmu:12738+mmu:12739+mmu:12740+mmu:12741+mmu:18260+mmu:18417+mmu:239931+mmu:242653+mmu:53624+mmu:54419+mmu:54420+mmu:56173+mmu:56492+mmu:56863+mmu:57255+mmu:58187+mmu:60363+mmu:621628+mmu:69524+mmu:71908+mmu:73934+mmu:74987+mmu:75677">
        <graphics name="Cldn24, Gm10107..." fgcolor="#000000" bgcolor="#BFFFBF"
             type="rectangle" x="275" y="693" width="46" height="17"/>
    </entry>
    <entry id="2" name="mmu:17390 mmu:17395" type="gene"
        link="http://www.kegg.jp/dbget-bin/www_bget?mmu:17390+mmu:17395">
        <graphics name="Mmp2, Clg4a, GelA, MMP-2..." fgcolor="#000000" bgcolor="#BFFFBF"
             type="rectangle" x="306" y="578" width="46" height="17"/>
    </entry>
    <entry id="3" name="mmu:100039801 mmu:114141 mmu:12737 mmu:12738 mmu:12739 mmu:12740 mmu:12741 mmu:18260 mmu:18417 mmu:239931 mmu:242653 mmu:53624 mmu:54419 mmu:54420 mmu:56173 mmu:56492 mmu:56863 mmu:57255 mmu:58187 mmu:60363 mmu:621628 mmu:69524 mmu:71908 mmu:73934 mmu:74987 mmu:75677" type="gene"
        link="http://www.kegg.jp/dbget-bin/www_bget?mmu:100039801+mmu:114141+mmu:12737+mmu:12738+mmu:12739+mmu:12740+mmu:12741+mmu:18260+mmu:18417+mmu:239931+mmu:242653+mmu:53624+mmu:54419+mmu:54420+mmu:56173+mmu:56492+mmu:56863+mmu:57255+mmu:58187+mmu:60363+mmu:621628+mmu:69524+mmu:71908+mmu:73934+mmu:74987+mmu:75677">
        <graphics name="Cldn24, Gm10107..." fgcolor="#000000" bgcolor="#BFFFBF"
             type="rectangle" x="198" y="693" width="46" height="17"/>
    </entry>
    <entry id="4" name="mmu:19247" type="gene"
        link="http://www.kegg.jp/dbget-bin/www_bget?mmu:19247">
        <graphics name="Ptpn11, 2700084A17Rik, AW536184, PTP1D, PTP2C, SAP-2, SH-PTP2, SH-PTP3, SHP-2, Shp2, Syp" fgcolor="#000000" bgcolor="#BFFFBF"
             type="rectangle" x="419" y="609" width="46" height="17"/>
    </entry>
    <entry id="5" name="mmu:12562" type="gene"
        link="http://www.kegg.jp/dbget-bin/www_bget?mmu:12562">
        <graphics name="Cdh5, 7B4, AA408225, Cd144, VE-Cad, VECD, VEcad, Vec" fgcolor="#000000" bgcolor="#BFFFBF"
             type="rectangle" x="291" y="633" width="46" height="17"/>
    </entry>
    <entry id="6" name="mmu:673094" type="gene"
        link="http://www.kegg.jp/dbget-bin/www_bget?mmu:673094">
        <graphics name="Cd99, 1110061M03Rik, 2410026K10Rik, D4, Pilr-l, pilr-1" fgcolor="#000000" bgcolor="#BFFFBF"
             type="rectangle" x="190" y="521" width="46" height="17"/>
    </entry>
    <entry id="7" name="mmu:18613" type="gene"
        link="http://www.kegg.jp/dbget-bin/www_bget?mmu:18613">
        <graphics name="Pecam1, C85791, Cd31, PECAM-1, Pecam" fgcolor="#000000" bgcolor="#BFFFBF"
             type="rectangle" x="339" y="484" width="46" height="17"/>
    </entry>
    <entry id="8" name="mmu:16414 mmu:16415" type="gene"
        link="http://www.kegg.jp/dbget-bin/www_bget?mmu:16414+mmu:16415">
        <graphics name="Itgb2, 2E6, AI528527, Cd18, LAD, LCAMB, Lfa1, MF17..." fgcolor="#000000" bgcolor="#BFFFBF"
             type="rectangle" x="281" y="431" width="46" height="17"/>
    </entry>
    <entry id="9" name="mmu:12388" type="gene"
        link="http://www.kegg.jp/dbget-bin/www_bget?mmu:12388">
        <graphics name="Ctnnd1, AA409437, AU019353, Catns, Ctnnd, P120, mKIAA0384" fgcolor="#000000" bgcolor="#BFFFBF"
             type="rectangle" x="337" y="646" width="46" height="17"/>
    </entry>
    <entry id="10" name="mmu:12927" type="gene"
        link="http://www.kegg.jp/dbget-bin/www_bget?mmu:12927">
        <graphics name="Bcar1, AI385681, Cas, Crkas" fgcolor="#000000" bgcolor="#BFFFBF"
             type="rectangle" x="752" y="572" width="46" height="17"/>
    </entry>
    <entry id="11" name="cpd:C00027" type="compound"
        link="http://www.kegg.jp/dbget-bin/www_bget?C00027">
        <graphics name="C00027" fgcolor="#000000" bgcolor="#FFFFFF"
             type="circle" x="461" y="555" width="8" height="8"/>
    </entry>
    <entry id="12" name="cpd:C00076" type="compound"
        link="http://www.kegg.jp/dbget-bin/www_bget?C00076">
        <graphics name="C00076" fgcolor="#000000" bgcolor="#FFFFFF"
             type="circle" x="688" y="420" width="8" height="8"/>
    </entry>
    <entry id="13" name="mmu:17356" type="gene"
        link="http://www.kegg.jp/dbget-bin/www_bget?mmu:17356">
        <graphics name="Mllt4, 5033403D15Rik, AF6, Af-6, Afadin, Gm314, I-afadin, S-afadin" fgcolor="#000000" bgcolor="#BFFFBF"
             type="rectangle" x="899" y="459" width="46" height="17"/>
    </entry>
    <entry id="14" name="mmu:20469" type="gene"
        link="http://www.kegg.jp/dbget-bin/www_bget?mmu:20469">
        <graphics name="Sipa1, Spa1" fgcolor="#000000" bgcolor="#BFFFBF"
             type="rectangle" x="979" y="491" width="46" height="17"/>
    </entry>
    <entry id="15" name="mmu:18613" type="gene"
        link="http://www.kegg.jp/dbget-bin/www_bget?mmu:18613">
        <graphics name="Pecam1, C85791, Cd31, PECAM-1, Pecam" fgcolor="#000000" bgcolor="#BFFFBF"
             type="rectangle" x="280" y="484" width="46" height="17"/>
    </entry>
    <entry id="16" name="mmu:16456" type="gene"
        link="http://www.kegg.jp/dbget-bin/www_bget?mmu:16456">
        <graphics name="F11r, 9130004G24, AA638916, ESTM33, JAM, JAM-1, JAM-A, Jcam, Jcam1, Ly106" fgcolor="#000000" bgcolor="#BFFFBF"
             type="rectangle" x="339" y="422" width="46" height="17"/>
    </entry>
    <entry id="17" name="mmu:16408" type="gene"
        link="http://www.kegg.jp/dbget-bin/www_bget?mmu:16408">
        <graphics name="Itgal, (p180), Cd11a, LFA-1, LFA-1A, Ly-15, Ly-21" fgcolor="#000000" bgcolor="#BFFFBF"
             type="rectangle" x="281" y="414" width="46" height="17"/>
    </entry>
    <entry id="18" name="mmu:12562" type="gene"
        link="http://www.kegg.jp/dbget-bin/www_bget?mmu:12562">
        <graphics name="Cdh5, 7B4, AA408225, Cd144, VE-Cad, VECD, VEcad, Vec" fgcolor="#000000" bgcolor="#BFFFBF"
             type="rectangle" x="181" y="633" width="46" height="17"/>
    </entry>
    <entry id="19" name="mmu:19247" type="gene"
        link="http://www.kegg.jp/dbget-bin/www_bget?mmu:19247">
        <graphics name="Ptpn11, 2700084A17Rik, AW536184, PTP1D, PTP2C, SAP-2, SH-PTP2, SH-PTP3, SHP-2, Shp2, Syp" fgcolor="#000000" bgcolor="#BFFFBF"
             type="rectangle" x="436" y="508" width="46" height="17"/>
    </entry>
    <entry id="20" name="mmu:673094" type="gene"
        link="http://www.kegg.jp/dbget-bin/www_bget?mmu:673094">
        <graphics name="Cd99, 1110061M03Rik, 2410026K10Rik, D4, Pilr-l, pilr-1" fgcolor="#000000" bgcolor="#BFFFBF"
             type="rectangle" x="131" y="521" width="46" height="17"/>
    </entry>
    <entry id="21" name="mmu:16412" type="gene"
        link="http://www.kegg.jp/dbget-bin/www_bget?mmu:16412">
        <graphics name="Itgb1, 4633401G24Rik, AA409975, AA960159, CD29, Fnrb, Gm9863, gpIIa" fgcolor="#000000" bgcolor="#BFFFBF"
             type="rectangle" x="190" y="465" width="46" height="17"/>
    </entry>
    <entry id="22" name="mmu:16401" type="gene"
        link="http://www.kegg.jp/dbget-bin/www_bget?mmu:16401">
        <graphics name="Itga4, CD49D, Itga4B" fgcolor="#000000" bgcolor="#BFFFBF"
             type="rectangle" x="190" y="448" width="46" height="17"/>
    </entry>
    <entry id="23" name="mmu:67374" type="gene"
        link="http://www.kegg.jp/dbget-bin/www_bget?mmu:67374">
        <graphics name="Jam2, 1110002N23Rik, 2410030G21Rik, 2410167M24Rik, JAM-2, JAM-B, Jcam2, VE-JAM" fgcolor="#000000" bgcolor="#BFFFBF"
             type="rectangle" x="131" y="456" width="46" height="17"/>
    </entry>
    <entry id="24" name="mmu:16414 mmu:16415" type="gene"
        link="http://www.kegg.jp/dbget-bin/www_bget?mmu:16414+mmu:16415">
        <graphics name="Itgb2, 2E6, AI528527, Cd18, LAD, LCAMB, Lfa1, MF17..." fgcolor="#000000" bgcolor="#BFFFBF"
             type="rectangle" x="190" y="400" width="46" height="17"/>
    </entry>
    <entry id="25" name="mmu:16409" type="gene"
        link="http://www.kegg.jp/dbget-bin/www_bget?mmu:16409">
        <graphics name="Itgam, CD11b/CD18, CR3, CR3A, Cd11b, F730045J24Rik, Ly-40, MAC1, Mac-1, Mac-1a" fgcolor="#000000" bgcolor="#BFFFBF"
             type="rectangle" x="190" y="383" width="46" height="17"/>
    </entry>
    <entry id="26" name="mmu:18706 mmu:18707 mmu:18708 mmu:18709 mmu:18710 mmu:30955 mmu:320207 mmu:74769" type="gene"
        link="http://www.kegg.jp/dbget-bin/www_bget?mmu:18706+mmu:18707+mmu:18708+mmu:18709+mmu:18710+mmu:30955+mmu:320207+mmu:74769">
        <graphics name="Pik3ca, 6330412C24Rik, caPI3K, p110, p110alpha..." fgcolor="#000000" bgcolor="#BFFFBF"
             type="rectangle" x="635" y="403" width="46" height="17"/>
    </entry>
    <entry id="27" name="mmu:12387" type="gene"
        link="http://www.kegg.jp/dbget-bin/www_bget?mmu:12387">
        <graphics name="Ctnnb1, Bfc, Catnb, Mesc" fgcolor="#000000" bgcolor="#BFFFBF"
             type="rectangle" x="409" y="484" width="46" height="17"/>
    </entry>
    <entry id="28" name="mmu:11461 mmu:11465" type="gene"
        link="http://www.kegg.jp/dbget-bin/www_bget?mmu:11461+mmu:11465">
        <graphics name="Actb, Actx, E430023M04Rik, beta-actin..." fgcolor="#000000" bgcolor="#BFFFBF"
             type="rectangle" x="826" y="633" width="46" height="17"/>
    </entry>
    <entry id="29" name="path:mmu04514" type="map"
        link="http://www.kegg.jp/dbget-bin/www_bget?mmu04514">
        <graphics name="Cell adhesion molecules (CAMs)" fgcolor="#000000" bgcolor="#FFFFFF"
             type="roundrectangle" x="365" y="695" width="111" height="34"/>
    </entry>
    <entry id="30" name="path:mmu04810" type="map"
        link="http://www.kegg.jp/dbget-bin/www_bget?mmu04810">
        <graphics name="Regulation of actin cytoskeleton" fgcolor="#000000" bgcolor="#FFFFFF"
             type="roundrectangle" x="943" y="627" width="111" height="34"/>
    </entry>
    <entry id="31" name="cpd:C00076" type="compound"
        link="http://www.kegg.jp/dbget-bin/www_bget?C00076">
        <graphics name="C00076" fgcolor="#000000" bgcolor="#FFFFFF"
             type="circle" x="586" y="434" width="8" height="8"/>
    </entry>
    <entry id="32" name="mmu:17898 mmu:17906 mmu:17907 mmu:59310 mmu:67268 mmu:67938 mmu:98932" type="gene"
        link="http://www.kegg.jp/dbget-bin/www_bget?mmu:17898+mmu:17906+mmu:17907+mmu:59310+mmu:67268+mmu:67938+mmu:98932">
        <graphics name="Myl7, MLC-2alpha, MLC2a, MYL2A, Mylc2a, RLC-A..." fgcolor="#000000" bgcolor="#BFFFBF"
             type="rectangle" x="826" y="578" width="46" height="17"/>
    </entry>
    <entry id="33" name="mmu:19877 mmu:19878" type="gene"
        link="http://www.kegg.jp/dbget-bin/www_bget?mmu:19877+mmu:19878">
        <graphics name="Rock1, 1110055K06Rik, Rock-I..." fgcolor="#000000" bgcolor="#BFFFBF"
             type="rectangle" x="826" y="523" width="46" height="17"/>
    </entry>
    <entry id="34" name="mmu:18750 mmu:18751 mmu:18752" type="gene"
        link="http://www.kegg.jp/dbget-bin/www_bget?mmu:18750+mmu:18751+mmu:18752">
        <graphics name="Prkca, AI875142, Pkca..." fgcolor="#000000" bgcolor="#BFFFBF"
             type="rectangle" x="687" y="467" width="46" height="17"/>
    </entry>
    <entry id="35" name="mmu:14083" type="gene"
        link="http://www.kegg.jp/dbget-bin/www_bget?mmu:14083">
        <graphics name="Ptk2, FAK, FRNK, Fadk, mKIAA4203, p125FAK" fgcolor="#000000" bgcolor="#BFFFBF"
             type="rectangle" x="752" y="527" width="46" height="17"/>
    </entry>
    <entry id="36" name="mmu:11848 mmu:67653" type="gene"
        link="http://www.kegg.jp/dbget-bin/www_bget?mmu:11848+mmu:67653">
        <graphics name="Rhoa, Arha, Arha1, Arha2..." fgcolor="#000000" bgcolor="#BFFFBF"
             type="rectangle" x="826" y="469" width="46" height="17"/>
    </entry>
    <entry id="37" name="mmu:83964" type="gene"
        link="http://www.kegg.jp/dbget-bin/www_bget?mmu:83964">
        <graphics name="Jam3, 1110002N23Rik, JAM-3, JAM-C, Jcam3" fgcolor="#000000" bgcolor="#BFFFBF"
             type="rectangle" x="131" y="392" width="46" height="17"/>
    </entry>
    <entry id="38" name="path:mmu04670" type="map"
        link="http://www.kegg.jp/dbget-bin/www_bget?mmu04670">
        <graphics name="TITLE:Leukocyte transendothelial migration" fgcolor="#000000" bgcolor="#FFFFFF"
             type="roundrectangle" x="217" y="58" width="354" height="25"/>
    </entry>
    <entry id="39" name="mmu:19094 mmu:26415 mmu:26416 mmu:29857" type="gene"
        link="http://www.kegg.jp/dbget-bin/www_bget?mmu:19094+mmu:26415+mmu:26416+mmu:29857">
        <graphics name="Mapk11, P38b, Prkm11, Sapk2, Sapk2b, p38-2, p38beta, p38beta2..." fgcolor="#000000" bgcolor="#BFFFBF"
             type="rectangle" x="568" y="589" width="46" height="17"/>
    </entry>
    <entry id="40" name="mmu:11855 mmu:232906" type="gene"
        link="http://www.kegg.jp/dbget-bin/www_bget?mmu:11855+mmu:232906">
        <graphics name="Arhgap5, p190-B, p190B..." fgcolor="#000000" bgcolor="#BFFFBF"
             type="rectangle" x="795" y="396" width="46" height="17"/>
    </entry>
    <entry id="41" name="mmu:12385 mmu:12386 mmu:216033" type="gene"
        link="http://www.kegg.jp/dbget-bin/www_bget?mmu:12385+mmu:12386+mmu:216033">
        <graphics name="Ctnna1, 2010010M04Rik, AA517462, AI988031, Catna1..." fgcolor="#000000" bgcolor="#BFFFBF"
             type="rectangle" x="526" y="633" width="46" height="17"/>
    </entry>
    <entry id="42" name="mmu:13058 mmu:224480 mmu:237038" type="gene"
        link="http://www.kegg.jp/dbget-bin/www_bget?mmu:13058+mmu:224480+mmu:237038">
        <graphics name="Cybb, C88302, CGD91-phox, Cgd, Cyd, Nox2, gp91-1, gp91phox..." fgcolor="#000000" bgcolor="#BFFFBF"
             type="rectangle" x="538" y="500" width="46" height="17"/>
    </entry>
    <entry id="43" name="mmu:13057" type="gene"
        link="http://www.kegg.jp/dbget-bin/www_bget?mmu:13057">
        <graphics name="Cyba, b558, nmf333, p22-phox, p22phox" fgcolor="#000000" bgcolor="#BFFFBF"
             type="rectangle" x="581" y="500" width="46" height="17"/>
    </entry>
    <entry id="44" name="mmu:17970" type="gene"
        link="http://www.kegg.jp/dbget-bin/www_bget?mmu:17970">
        <graphics name="Ncf2, NOXA2, Ncf-2, p67phox" fgcolor="#000000" bgcolor="#BFFFBF"
             type="rectangle" x="538" y="517" width="46" height="17"/>
    </entry>
    <entry id="45" name="mmu:19303" type="gene"
        link="http://www.kegg.jp/dbget-bin/www_bget?mmu:19303">
        <graphics name="Pxn, AW108311, AW123232, Pax" fgcolor="#000000" bgcolor="#BFFFBF"
             type="rectangle" x="752" y="550" width="46" height="17"/>
    </entry>
    <entry id="46" name="mmu:17969" type="gene"
        link="http://www.kegg.jp/dbget-bin/www_bget?mmu:17969">
        <graphics name="Ncf1, NCF-47K, NOXO2, Ncf-1, p47-phox, p47&lt;phox&gt;, p47phox" fgcolor="#000000" bgcolor="#BFFFBF"
             type="rectangle" x="581" y="517" width="46" height="17"/>
    </entry>
    <entry id="47" name="mmu:19353" type="gene"
        link="http://www.kegg.jp/dbget-bin/www_bget?mmu:19353">
        <graphics name="Rac1, AL023026, D5Ertd559e" fgcolor="#000000" bgcolor="#BFFFBF"
             type="rectangle" x="619" y="453" width="46" height="17"/>
    </entry>
    <entry id="48" name="mmu:17972" type="gene"
        link="http://www.kegg.jp/dbget-bin/www_bget?mmu:17972">
        <graphics name="Ncf4, AI451400, p40phox" fgcolor="#000000" bgcolor="#BFFFBF"
             type="rectangle" x="560" y="534" width="46" height="17"/>
    </entry>
    <entry id="49" name="mmu:12387" type="gene"
        link="http://www.kegg.jp/dbget-bin/www_bget?mmu:12387">
        <graphics name="Ctnnb1, Bfc, Catnb, Mesc" fgcolor="#000000" bgcolor="#BFFFBF"
             type="rectangle" x="407" y="633" width="46" height="17"/>
    </entry>
    <entry id="50" name="mmu:109905 mmu:215449" type="gene"
        link="http://www.kegg.jp/dbget-bin/www_bget?mmu:109905+mmu:215449">
        <graphics name="Rap1a, AI848598, G-22K, Krev-1, Rap1..." fgcolor="#000000" bgcolor="#BFFFBF"
             type="rectangle" x="729" y="167" width="46" height="17"/>
    </entry>
    <entry id="51" name="mmu:22324 mmu:22325 mmu:57257" type="gene"
        link="http://www.kegg.jp/dbget-bin/www_bget?mmu:22324+mmu:22325+mmu:57257">
        <graphics name="Vav1, Vav, vav-T..." fgcolor="#000000" bgcolor="#BFFFBF"
             type="rectangle" x="571" y="177" width="46" height="17"/>
    </entry>
    <entry id="52" name="mmu:16409" type="gene"
        link="http://www.kegg.jp/dbget-bin/www_bget?mmu:16409">
        <graphics name="Itgam, CD11b/CD18, CR3, CR3A, Cd11b, F730045J24Rik, Ly-40, MAC1, Mac-1, Mac-1a" fgcolor="#000000" bgcolor="#BFFFBF"
             type="rectangle" x="773" y="277" width="46" height="17"/>
    </entry>
    <entry id="53" name="mmu:16408" type="gene"
        link="http://www.kegg.jp/dbget-bin/www_bget?mmu:16408">
        <graphics name="Itgal, (p180), Cd11a, LFA-1, LFA-1A, Ly-15, Ly-21" fgcolor="#000000" bgcolor="#BFFFBF"
             type="rectangle" x="689" y="277" width="46" height="17"/>
    </entry>
    <entry id="54" name="mmu:19353" type="gene"
        link="http://www.kegg.jp/dbget-bin/www_bget?mmu:19353">
        <graphics name="Rac1, AL023026, D5Ertd559e" fgcolor="#000000" bgcolor="#BFFFBF"
             type="rectangle" x="866" y="156" width="46" height="17"/>
    </entry>
    <entry id="55" name="mmu:19354" type="gene"
        link="http://www.kegg.jp/dbget-bin/www_bget?mmu:19354">
        <graphics name="Rac2, AI323801, AI452260" fgcolor="#000000" bgcolor="#BFFFBF"
             type="rectangle" x="855" y="111" width="46" height="17"/>
    </entry>
    <entry id="56" name="mmu:17698 mmu:22350" type="gene"
        link="http://www.kegg.jp/dbget-bin/www_bget?mmu:17698+mmu:22350">
        <graphics name="Msn, C78546..." fgcolor="#000000" bgcolor="#BFFFBF"
             type="rectangle" x="657" y="347" width="46" height="17"/>
    </entry>
    <entry id="57" name="mmu:16412" type="gene"
        link="http://www.kegg.jp/dbget-bin/www_bget?mmu:16412">
        <graphics name="Itgb1, 4633401G24Rik, AA409975, AA960159, CD29, Fnrb, Gm9863, gpIIa" fgcolor="#000000" bgcolor="#BFFFBF"
             type="rectangle" x="594" y="294" width="46" height="17"/>
    </entry>
    <entry id="58" name="mmu:16414 mmu:16415" type="gene"
        link="http://www.kegg.jp/dbget-bin/www_bget?mmu:16414+mmu:16415">
        <graphics name="Itgb2, 2E6, AI528527, Cd18, LAD, LCAMB, Lfa1, MF17..." fgcolor="#000000" bgcolor="#BFFFBF"
             type="rectangle" x="773" y="294" width="46" height="17"/>
    </entry>
    <entry id="59" name="mmu:16414 mmu:16415" type="gene"
        link="http://www.kegg.jp/dbget-bin/www_bget?mmu:16414+mmu:16415">
        <graphics name="Itgb2, 2E6, AI528527, Cd18, LAD, LCAMB, Lfa1, MF17..." fgcolor="#000000" bgcolor="#BFFFBF"
             type="rectangle" x="689" y="294" width="46" height="17"/>
    </entry>
    <entry id="60" name="mmu:223864 mmu:56508" type="gene"
        link="http://www.kegg.jp/dbget-bin/www_bget?mmu:223864+mmu:56508">
        <graphics name="Rapgef3, 2310016P22Rik, 9330170P05Rik, Epac, Epac1..." fgcolor="#000000" bgcolor="#BFFFBF"
             type="rectangle" x="785" y="200" width="46" height="17"/>
    </entry>
    <entry id="61" name="cpd:C00575" type="compound"
        link="http://www.kegg.jp/dbget-bin/www_bget?C00575">
        <graphics name="C00575" fgcolor="#000000" bgcolor="#FFFFFF"
             type="circle" x="820" y="228" width="8" height="8"/>
    </entry>
    <entry id="62" name="mmu:16428 mmu:22165" type="gene"
        link="http://www.kegg.jp/dbget-bin/www_bget?mmu:16428+mmu:22165">
        <graphics name="Itk, Emt, Tcsk, Tsk..." fgcolor="#000000" bgcolor="#BFFFBF"
             type="rectangle" x="811" y="167" width="46" height="17"/>
    </entry>
    <entry id="63" name="mmu:54354" type="gene"
        link="http://www.kegg.jp/dbget-bin/www_bget?mmu:54354">
        <graphics name="Rassf5, 1300019G20Rik, AU042887, Maxp1, Nore1, Nore1A, Nore1B, Rapl" fgcolor="#000000" bgcolor="#BFFFBF"
             type="rectangle" x="729" y="150" width="46" height="17"/>
    </entry>
    <entry id="64" name="mmu:19229" type="gene"
        link="http://www.kegg.jp/dbget-bin/www_bget?mmu:19229">
        <graphics name="Ptk2b, CADTK, CAKB, CAKbeta, E430023O05Rik, FADK2, FAK2, PYK2, Raftk" fgcolor="#000000" bgcolor="#BFFFBF"
             type="rectangle" x="635" y="153" width="46" height="17"/>
    </entry>
    <entry id="65" name="mmu:20315" type="gene"
        link="http://www.kegg.jp/dbget-bin/www_bget?mmu:20315">
        <graphics name="Cxcl12, Pbsf, Scyb12, Sdf1, Tlsf, Tpar1" fgcolor="#000000" bgcolor="#BFFFBF"
             type="rectangle" x="856" y="330" width="46" height="17"/>
    </entry>
    <entry id="66" name="mmu:12767" type="gene"
        link="http://www.kegg.jp/dbget-bin/www_bget?mmu:12767">
        <graphics name="Cxcr4, CD184, Cmkar4, LESTR, PB-CKR, PBSF/SDF-1, Sdf1r, b2b220Clo" fgcolor="#000000" bgcolor="#BFFFBF"
             type="rectangle" x="856" y="285" width="46" height="17"/>
    </entry>
    <entry id="67" name="mmu:14677 mmu:14678 mmu:14679" type="gene"
        link="http://www.kegg.jp/dbget-bin/www_bget?mmu:14677+mmu:14678+mmu:14679">
        <graphics name="Gnai1, AU046200, Gialpha1, Gnai-1..." fgcolor="#000000" bgcolor="#BFFFBF"
             type="rectangle" x="856" y="260" width="46" height="17"/>
    </entry>
    <entry id="68" name="mmu:21838" type="gene"
        link="http://www.kegg.jp/dbget-bin/www_bget?mmu:21838">
        <graphics name="Thy1, CD90, T25, Thy-1, Thy-1.2, Thy1.1, Thy1.2" fgcolor="#000000" bgcolor="#BFFFBF"
             type="rectangle" x="773" y="330" width="46" height="17"/>
    </entry>
    <entry id="69" name="mmu:22329" type="gene"
        link="http://www.kegg.jp/dbget-bin/www_bget?mmu:22329">
        <graphics name="Vcam1, CD106, Vcam-1" fgcolor="#000000" bgcolor="#BFFFBF"
             type="rectangle" x="594" y="330" width="46" height="17"/>
    </entry>
    <entry id="70" name="mmu:15894" type="gene"
        link="http://www.kegg.jp/dbget-bin/www_bget?mmu:15894">
        <graphics name="Icam1, CD54, Icam-1, Ly-47, MALA-2" fgcolor="#000000" bgcolor="#BFFFBF"
             type="rectangle" x="688" y="330" width="46" height="17"/>
    </entry>
    <entry id="71" name="mmu:18803 mmu:234779" type="gene"
        link="http://www.kegg.jp/dbget-bin/www_bget?mmu:18803+mmu:234779">
        <graphics name="Plcg1, AI894140, Cded, Plc-1, Plc-gamma1, Plcg-1..." fgcolor="#000000" bgcolor="#BFFFBF"
             type="rectangle" x="687" y="378" width="46" height="17"/>
    </entry>
    <entry id="72" name="mmu:11461 mmu:11465" type="gene"
        link="http://www.kegg.jp/dbget-bin/www_bget?mmu:11461+mmu:11465">
        <graphics name="Actb, Actx, E430023M04Rik, beta-actin..." fgcolor="#000000" bgcolor="#BFFFBF"
             type="rectangle" x="981" y="316" width="46" height="17"/>
    </entry>
    <entry id="73" name="mmu:17898 mmu:17906 mmu:17907 mmu:59310 mmu:67268 mmu:67938 mmu:98932" type="gene"
        link="http://www.kegg.jp/dbget-bin/www_bget?mmu:17898+mmu:17906+mmu:17907+mmu:59310+mmu:67268+mmu:67938+mmu:98932">
        <graphics name="Myl7, MLC-2alpha, MLC2a, MYL2A, Mylc2a, RLC-A..." fgcolor="#000000" bgcolor="#BFFFBF"
             type="rectangle" x="760" y="83" width="46" height="17"/>
    </entry>
    <entry id="74" name="mmu:19877 mmu:19878" type="gene"
        link="http://www.kegg.jp/dbget-bin/www_bget?mmu:19877+mmu:19878">
        <graphics name="Rock1, 1110055K06Rik, Rock-I..." fgcolor="#000000" bgcolor="#BFFFBF"
             type="rectangle" x="685" y="83" width="46" height="17"/>
    </entry>
    <entry id="75" name="mmu:11848 mmu:67653" type="gene"
        link="http://www.kegg.jp/dbget-bin/www_bget?mmu:11848+mmu:67653">
        <graphics name="Rhoa, Arha, Arha1, Arha2..." fgcolor="#000000" bgcolor="#BFFFBF"
             type="rectangle" x="610" y="83" width="46" height="17"/>
    </entry>
    <entry id="76" name="mmu:12540" type="gene"
        link="http://www.kegg.jp/dbget-bin/www_bget?mmu:12540">
        <graphics name="Cdc42, AI747189, AU018915" fgcolor="#000000" bgcolor="#BFFFBF"
             type="rectangle" x="845" y="134" width="46" height="17"/>
    </entry>
    <entry id="77" name="cpd:C04637" type="compound"
        link="http://www.kegg.jp/dbget-bin/www_bget?C04637">
        <graphics name="C04637" fgcolor="#000000" bgcolor="#FFFFFF"
             type="circle" x="952" y="368" width="8" height="8"/>
    </entry>
    <entry id="78" name="mmu:16401" type="gene"
        link="http://www.kegg.jp/dbget-bin/www_bget?mmu:16401">
        <graphics name="Itga4, CD49D, Itga4B" fgcolor="#000000" bgcolor="#BFFFBF"
             type="rectangle" x="594" y="277" width="46" height="17"/>
    </entry>
    <entry id="79" name="mmu:74734" type="gene"
        link="http://www.kegg.jp/dbget-bin/www_bget?mmu:74734">
        <graphics name="Rhoh, 5830400A04Rik, AU019774, Arhh" fgcolor="#000000" bgcolor="#BFFFBF"
             type="rectangle" x="585" y="230" width="46" height="17"/>
    </entry>
    <entry id="80" name="mmu:17698 mmu:22350" type="gene"
        link="http://www.kegg.jp/dbget-bin/www_bget?mmu:17698+mmu:22350">
        <graphics name="Msn, C78546..." fgcolor="#000000" bgcolor="#BFFFBF"
             type="rectangle" x="561" y="347" width="46" height="17"/>
    </entry>
    <entry id="81" name="mmu:22330" type="gene"
        link="http://www.kegg.jp/dbget-bin/www_bget?mmu:22330">
        <graphics name="Vcl, 9430097D22, AA571387, AI462105, AW545629" fgcolor="#000000" bgcolor="#BFFFBF"
             type="rectangle" x="1006" y="367" width="46" height="17"/>
    </entry>
    <entry id="82" name="mmu:22323" type="gene"
        link="http://www.kegg.jp/dbget-bin/www_bget?mmu:22323">
        <graphics name="Vasp" fgcolor="#000000" bgcolor="#BFFFBF"
             type="rectangle" x="953" y="343" width="46" height="17"/>
    </entry>
    <entry id="83" name="mmu:18706 mmu:18707 mmu:18708 mmu:18709 mmu:18710 mmu:30955 mmu:320207 mmu:74769" type="gene"
        link="http://www.kegg.jp/dbget-bin/www_bget?mmu:18706+mmu:18707+mmu:18708+mmu:18709+mmu:18710+mmu:30955+mmu:320207+mmu:74769">
        <graphics name="Pik3ca, 6330412C24Rik, caPI3K, p110, p110alpha..." fgcolor="#000000" bgcolor="#BFFFBF"
             type="rectangle" x="895" y="209" width="46" height="17"/>
    </entry>
    <entry id="84" name="mmu:109711 mmu:11472 mmu:11474 mmu:60595" type="gene"
        link="http://www.kegg.jp/dbget-bin/www_bget?mmu:109711+mmu:11472+mmu:11474+mmu:60595">
        <graphics name="Actn1, 3110023F10Rik, Actn1a..." fgcolor="#000000" bgcolor="#BFFFBF"
             type="rectangle" x="1006" y="343" width="46" height="17"/>
    </entry>
    <entry id="85" name="mmu:22324 mmu:22325 mmu:57257" type="gene"
        link="http://www.kegg.jp/dbget-bin/www_bget?mmu:22324+mmu:22325+mmu:57257">
        <graphics name="Vav1, Vav, vav-T..." fgcolor="#000000" bgcolor="#BFFFBF"
             type="rectangle" x="729" y="121" width="46" height="17"/>
    </entry>
    <entry id="86" name="mmu:11461 mmu:11465" type="gene"
        link="http://www.kegg.jp/dbget-bin/www_bget?mmu:11461+mmu:11465">
        <graphics name="Actb, Actx, E430023M04Rik, beta-actin..." fgcolor="#000000" bgcolor="#BFFFBF"
             type="rectangle" x="499" y="313" width="46" height="17"/>
    </entry>
    <entry id="87" name="mmu:109905 mmu:215449" type="gene"
        link="http://www.kegg.jp/dbget-bin/www_bget?mmu:109905+mmu:215449">
        <graphics name="Rap1a, AI848598, G-22K, Krev-1, Rap1..." fgcolor="#000000" bgcolor="#BFFFBF"
             type="rectangle" x="899" y="490" width="46" height="17"/>
    </entry>
    <entry id="88" name="undefined" type="group">
        <graphics fgcolor="#000000" bgcolor="#FFFFFF"
             type="rectangle" x="559" y="517" width="89" height="51"/>
        <component id="42"/>
        <component id="43"/>
        <component id="44"/>
        <component id="46"/>
        <component id="48"/>
    </entry>
    <entry id="89" name="undefined" type="group">
        <graphics fgcolor="#000000" bgcolor="#FFFFFF"
             type="rectangle" x="190" y="391" width="46" height="34"/>
        <component id="24"/>
        <component id="25"/>
    </entry>
    <entry id="90" name="undefined" type="group">
        <graphics fgcolor="#000000" bgcolor="#FFFFFF"
             type="rectangle" x="190" y="456" width="46" height="34"/>
        <component id="21"/>
        <component id="22"/>
    </entry>
    <entry id="91" name="undefined" type="group">
        <graphics fgcolor="#000000" bgcolor="#FFFFFF"
             type="rectangle" x="281" y="422" width="46" height="34"/>
        <component id="17"/>
        <component id="8"/>
    </entry>
    <entry id="92" name="undefined" type="group">
        <graphics fgcolor="#000000" bgcolor="#FFFFFF"
             type="rectangle" x="594" y="285" width="46" height="34"/>
        <component id="57"/>
        <component id="78"/>
    </entry>
    <entry id="93" name="undefined" type="group">
        <graphics fgcolor="#000000" bgcolor="#FFFFFF"
             type="rectangle" x="689" y="285" width="46" height="34"/>
        <component id="53"/>
        <component id="59"/>
    </entry>
    <entry id="94" name="undefined" type="group">
        <graphics fgcolor="#000000" bgcolor="#FFFFFF"
             type="rectangle" x="773" y="285" width="46" height="34"/>
        <component id="52"/>
        <component id="58"/>
    </entry>
    <entry id="95" name="undefined" type="group">
        <graphics fgcolor="#000000" bgcolor="#FFFFFF"
             type="rectangle" x="729" y="158" width="46" height="34"/>
        <component id="50"/>
        <component id="63"/>
    </entry>
    <relation entry1="67" entry2="60" type="ECrel">
        <subtype name="activation" value="--&gt;"/>
    </relation>
    <relation entry1="69" entry2="88" type="ECrel">
        <subtype name="activation" value="--&gt;"/>
    </relation>
    <relation entry1="71" entry2="34" type="ECrel">
        <subtype name="activation" value="--&gt;"/>
    </relation>
    <relation entry1="88" entry2="2" type="ECrel">
        <subtype name="activation" value="--&gt;"/>
    </relation>
    <relation entry1="88" entry2="39" type="ECrel">
        <subtype name="activation" value="--&gt;"/>
    </relation>
    <relation entry1="37" entry2="89" type="PPrel">
        <subtype name="binding/association" value="---"/>
    </relation>
    <relation entry1="23" entry2="90" type="PPrel">
        <subtype name="binding/association" value="---"/>
    </relation>
    <relation entry1="6" entry2="20" type="PPrel">
        <subtype name="binding/association" value="---"/>
    </relation>
    <relation entry1="16" entry2="91" type="PPrel">
        <subtype name="binding/association" value="---"/>
    </relation>
    <relation entry1="7" entry2="27" type="PPrel">
        <subtype name="binding/association" value="---"/>
    </relation>
    <relation entry1="5" entry2="9" type="PPrel">
        <subtype name="binding/association" value="---"/>
    </relation>
    <relation entry1="5" entry2="49" type="PPrel">
        <subtype name="binding/association" value="---"/>
    </relation>
    <relation entry1="41" entry2="49" type="PPrel">
        <subtype name="binding/association" value="---"/>
    </relation>
    <relation entry1="28" entry2="41" type="PPrel">
        <subtype name="binding/association" value="---"/>
    </relation>
    <relation entry1="69" entry2="92" type="PPrel">
        <subtype name="binding/association" value="---"/>
    </relation>
    <relation entry1="70" entry2="93" type="PPrel">
        <subtype name="binding/association" value="---"/>
    </relation>
    <relation entry1="68" entry2="94" type="PPrel">
        <subtype name="binding/association" value="---"/>
    </relation>
    <relation entry1="66" entry2="67" type="PPrel">
        <subtype name="binding/association" value="---"/>
    </relation>
    <relation entry1="65" entry2="66" type="PPrel">
        <subtype name="binding/association" value="---"/>
    </relation>
    <relation entry1="5" entry2="18" type="PPrel">
        <subtype name="dissociation" value="-+-"/>
    </relation>
    <relation entry1="7" entry2="15" type="PPrel">
        <subtype name="dissociation" value="-+-"/>
    </relation>
    <relation entry1="69" entry2="80" type="PPrel">
        <subtype name="binding/association" value="---"/>
    </relation>
    <relation entry1="56" entry2="70" type="PPrel">
        <subtype name="binding/association" value="---"/>
    </relation>
    <relation entry1="95" entry2="92" type="PPrel">
        <subtype name="activation" value="--&gt;"/>
    </relation>
    <relation entry1="95" entry2="93" type="PPrel">
        <subtype name="activation" value="--&gt;"/>
    </relation>
    <relation entry1="95" entry2="94" type="PPrel">
        <subtype name="activation" value="--&gt;"/>
    </relation>
    <relation entry1="60" entry2="95" type="PPrel">
        <subtype name="activation" value="--&gt;"/>
    </relation>
    <relation entry1="62" entry2="85" type="PPrel">
        <subtype name="activation" value="--&gt;"/>
    </relation>
    <relation entry1="83" entry2="62" type="PPrel">
        <subtype name="activation" value="--&gt;"/>
    </relation>
    <relation entry1="67" entry2="83" type="PPrel">
        <subtype name="activation" value="--&gt;"/>
    </relation>
    <relation entry1="93" entry2="51" type="PPrel">
        <subtype name="activation" value="--&gt;"/>
    </relation>
    <relation entry1="51" entry2="75" type="PPrel">
        <subtype name="activation" value="--&gt;"/>
    </relation>
    <relation entry1="75" entry2="74" type="PPrel">
        <subtype name="activation" value="--&gt;"/>
    </relation>
    <relation entry1="74" entry2="73" type="PPrel">
        <subtype name="activation" value="--&gt;"/>
    </relation>
    <relation entry1="85" entry2="55" type="PPrel">
        <subtype name="activation" value="--&gt;"/>
    </relation>
    <relation entry1="85" entry2="76" type="PPrel">
        <subtype name="activation" value="--&gt;"/>
    </relation>
    <relation entry1="85" entry2="54" type="PPrel">
        <subtype name="activation" value="--&gt;"/>
    </relation>
    <relation entry1="70" entry2="71" type="PPrel">
        <subtype name="activation" value="--&gt;"/>
    </relation>
    <relation entry1="47" entry2="88" type="PPrel">
        <subtype name="activation" value="--&gt;"/>
    </relation>
    <relation entry1="64" entry2="85" type="PPrel">
        <subtype name="indirect effect" value="..&gt;"/>
    </relation>
    <relation entry1="93" entry2="64" type="PPrel">
        <subtype name="indirect effect" value="..&gt;"/>
    </relation>
    <relation entry1="66" entry2="64" type="PPrel">
        <subtype name="indirect effect" value="..&gt;"/>
    </relation>
    <relation entry1="70" entry2="36" type="PPrel">
        <subtype name="indirect effect" value="..&gt;"/>
    </relation>
    <relation entry1="36" entry2="35" type="PPrel">
        <subtype name="indirect effect" value="..&gt;"/>
    </relation>
    <relation entry1="36" entry2="45" type="PPrel">
        <subtype name="indirect effect" value="..&gt;"/>
    </relation>
    <relation entry1="36" entry2="10" type="PPrel">
        <subtype name="indirect effect" value="..&gt;"/>
    </relation>
    <relation entry1="34" entry2="35" type="PPrel">
        <subtype name="indirect effect" value="..&gt;"/>
    </relation>
    <relation entry1="34" entry2="45" type="PPrel">
        <subtype name="indirect effect" value="..&gt;"/>
    </relation>
    <relation entry1="34" entry2="10" type="PPrel">
        <subtype name="indirect effect" value="..&gt;"/>
    </relation>
    <relation entry1="36" entry2="33" type="PPrel">
        <subtype name="activation" value="--&gt;"/>
    </relation>
    <relation entry1="32" entry2="28" type="PPrel">
        <subtype name="activation" value="--&gt;"/>
    </relation>
    <relation entry1="33" entry2="32" type="PPrel">
        <subtype name="activation" value="--&gt;"/>
        <subtype name="phosphorylation" value="+p"/>
    </relation>
    <relation entry1="80" entry2="86" type="PPrel">
        <subtype name="indirect effect" value="..&gt;"/>
    </relation>
    <relation entry1="56" entry2="86" type="PPrel">
        <subtype name="indirect effect" value="..&gt;"/>
    </relation>
    <relation entry1="68" entry2="40" type="PPrel">
        <subtype name="inhibition" value="--|"/>
    </relation>
    <relation entry1="40" entry2="36" type="PPrel">
        <subtype name="inhibition" value="--|"/>
    </relation>
    <relation entry1="69" entry2="26" type="PPrel">
        <subtype name="indirect effect" value="..&gt;"/>
    </relation>
    <relation entry1="26" entry2="47" type="PPrel">
        <subtype name="indirect effect" value="..&gt;"/>
    </relation>
    <relation entry1="3" entry2="1" type="PPrel">
        <subtype name="binding/association" value="---"/>
    </relation>
    <relation entry1="87" entry2="36" type="PPrel">
        <subtype name="inhibition" value="--|"/>
    </relation>
    <relation entry1="87" entry2="13" type="PPrel">
        <subtype name="binding/association" value="---"/>
    </relation>
    <relation entry1="87" entry2="14" type="PPrel">
        <subtype name="inhibition" value="--|"/>
    </relation>
</pathway>
