<?xml version="1.0"?>
<!DOCTYPE pathway SYSTEM "http://www.kegg.jp/kegg/xml/KGML_v0.7.1_.dtd">
<!-- Creation date: May 18, 2010 16:33:41 +0900 (GMT+09:00) -->
<pathway name="path:mmu00533" org="mmu" number="00533"
         title="Glycosaminoglycan biosynthesis - keratan sulfate"
         image="http://www.kegg.jp/kegg/pathway/mmu/mmu00533.png"
         link="http://www.kegg.jp/kegg-bin/show_pathway?mmu00533">
    <entry id="1" name="path:mmu00512" type="map"
        link="http://www.kegg.jp/dbget-bin/www_bget?mmu00512">
        <graphics name="Mucin type O-Glycan biosynthesis" fgcolor="#000000" bgcolor="#FFFFFF"
             type="roundrectangle" x="552" y="357" width="127" height="25"/>
    </entry>
    <entry id="2" name="path:mmu00533" type="map"
        link="http://www.kegg.jp/dbget-bin/www_bget?mmu00533">
        <graphics name="TITLE:Glycosaminoglycan biosynthesis - keratan sulfate" fgcolor="#000000" bgcolor="#FFFFFF"
             type="roundrectangle" x="259" y="58" width="437" height="25"/>
    </entry>
    <entry id="3" name="mmu:108902 mmu:53625" type="gene"
        link="http://www.kegg.jp/dbget-bin/www_bget?mmu:108902+mmu:53625">
        <graphics name="B3gnt1, 1500032M01Rik, B3gnt6, BETA3GNT1, iGAT, iGNT..." fgcolor="#66CC66" bgcolor="#FFFFFF"
             type="line" coords="398,198,428,198"/>
    </entry>
    <entry id="5" name="mmu:14595 mmu:53418 mmu:57370" type="gene"
        link="http://www.kegg.jp/dbget-bin/www_bget?mmu:14595+mmu:53418+mmu:57370">
        <graphics name="B4galt1, B-1,4-GalT, B-1,4-GalT1, GalT, Ggtb, Ggtb2, b4Gal-T1, beta-1,4-GalT, beta-1,4-GalT1, beta4Gal-T1..." fgcolor="#66CC66" bgcolor="#FFFFFF"
             type="line" coords="651,264,681,264"/>
    </entry>
    <entry id="6" name="mmu:20441" type="gene"
        link="http://www.kegg.jp/dbget-bin/www_bget?mmu:20441">
        <graphics name="St3gal3, ST3GalIII, ST3N, Siat3, Siat6" fgcolor="#66CC66" bgcolor="#FFFFFF"
             type="line" coords="578,265,608,265"/>
    </entry>
    <entry id="10" name="mmu:14595 mmu:53418 mmu:57370" type="gene"
        link="http://www.kegg.jp/dbget-bin/www_bget?mmu:14595+mmu:53418+mmu:57370">
        <graphics name="B4galt1, B-1,4-GalT, B-1,4-GalT1, GalT, Ggtb, Ggtb2, b4Gal-T1, beta-1,4-GalT, beta-1,4-GalT1, beta4Gal-T1..." fgcolor="#66CC66" bgcolor="#FFFFFF"
             type="line" coords="648,198,678,198"/>
    </entry>
    <entry id="11" name="mmu:108902 mmu:53625" type="gene"
        link="http://www.kegg.jp/dbget-bin/www_bget?mmu:108902+mmu:53625">
        <graphics name="B3gnt1, 1500032M01Rik, B3gnt6, BETA3GNT1, iGAT, iGNT..." fgcolor="#66CC66" bgcolor="#FFFFFF"
             type="line" coords="574,198,604,198"/>
    </entry>
    <entry id="12" name="mmu:14595 mmu:53418 mmu:57370" type="gene"
        link="http://www.kegg.jp/dbget-bin/www_bget?mmu:14595+mmu:53418+mmu:57370">
        <graphics name="B4galt1, B-1,4-GalT, B-1,4-GalT1, GalT, Ggtb, Ggtb2, b4Gal-T1, beta-1,4-GalT, beta-1,4-GalT1, beta4Gal-T1..." fgcolor="#66CC66" bgcolor="#FFFFFF"
             type="line" coords="476,198,506,198"/>
    </entry>
    <entry id="13" name="mmu:56375" type="gene"
        link="http://www.kegg.jp/dbget-bin/www_bget?mmu:56375">
        <graphics name="B4galt4, 9130402O08Rik, B4galt-IV, b4Gal-T4, beta4Gal-T4, beta4GalT-IV" fgcolor="#66CC66" bgcolor="#FFFFFF"
             type="line" coords="276,198,306,198"/>
    </entry>
    <entry id="14" name="mmu:227327" type="gene"
        link="http://www.kegg.jp/dbget-bin/www_bget?mmu:227327">
        <graphics name="B3gnt7, C330001H22Rik, beta-3GnT7" fgcolor="#66CC66" bgcolor="#FFFFFF"
             type="line" coords="197,198,227,198"/>
    </entry>
    <entry id="15" name="mmu:56375" type="gene"
        link="http://www.kegg.jp/dbget-bin/www_bget?mmu:56375">
        <graphics name="B4galt4, 9130402O08Rik, B4galt-IV, b4Gal-T4, beta4Gal-T4, beta4GalT-IV" fgcolor="#66CC66" bgcolor="#FFFFFF"
             type="line" coords="78,198,108,198"/>
    </entry>
    <entry id="16" name="mmu:53618" type="gene"
        link="http://www.kegg.jp/dbget-bin/www_bget?mmu:53618">
        <graphics name="Fut8" fgcolor="#66CC66" bgcolor="#FFFFFF"
             type="line" coords="1029,179,1029,209"/>
    </entry>
    <entry id="20" name="mmu:76969" type="gene"
        link="http://www.kegg.jp/dbget-bin/www_bget?mmu:76969">
        <graphics name="Chst1, 2610008E20Rik, AW125896, C6ST, GST-1, Gst1, KSGAL6ST" fgcolor="#66CC66" bgcolor="#FFFFFF"
             type="line" coords="251,148,251,178"/>
    </entry>
    <entry id="21" name="mmu:56773" type="gene"
        link="http://www.kegg.jp/dbget-bin/www_bget?mmu:56773">
        <graphics name="Chst5, AI173964, GST-4, Gn6st-3, I-GlcNAc-6-ST" fgcolor="#66CC66" bgcolor="#FFFFFF"
             type="line" coords="137,148,137,178"/>
    </entry>
    <entry id="22" name="mmu:76969" type="gene"
        link="http://www.kegg.jp/dbget-bin/www_bget?mmu:76969">
        <graphics name="Chst1, 2610008E20Rik, AW125896, C6ST, GST-1, Gst1, KSGAL6ST" fgcolor="#66CC66" bgcolor="#FFFFFF"
             type="line" coords="61,148,61,178"/>
    </entry>
    <entry id="23" name="path:mmu00510" type="map"
        link="http://www.kegg.jp/dbget-bin/www_bget?mmu00510">
        <graphics name="N-Glycan biosynthesis" fgcolor="#000000" bgcolor="#FFFFFF"
             type="roundrectangle" x="554" y="95" width="127" height="25"/>
    </entry>
    <entry id="24" name="mmu:108902 mmu:53625" type="gene"
        link="http://www.kegg.jp/dbget-bin/www_bget?mmu:108902+mmu:53625">
        <graphics name="B3gnt1, 1500032M01Rik, B3gnt6, BETA3GNT1, iGAT, iGNT..." fgcolor="#66CC66" bgcolor="#FFFFFF"
             type="line" coords="473,443,503,443"/>
    </entry>
    <entry id="25" name="mmu:20442 mmu:20444" type="gene"
        link="http://www.kegg.jp/dbget-bin/www_bget?mmu:20442+mmu:20444">
        <graphics name="St3gal1, 5330418N22Rik, AI467004, ST3GalI, Siat4, Siat4a, St3gal-1..." fgcolor="#66CC66" bgcolor="#FFFFFF"
             type="line" coords="745,508,775,508"/>
    </entry>
    <entry id="28" name="mmu:14595 mmu:53418 mmu:57370" type="gene"
        link="http://www.kegg.jp/dbget-bin/www_bget?mmu:14595+mmu:53418+mmu:57370">
        <graphics name="B4galt1, B-1,4-GalT, B-1,4-GalT1, GalT, Ggtb, Ggtb2, b4Gal-T1, beta-1,4-GalT, beta-1,4-GalT1, beta4Gal-T1..." fgcolor="#66CC66" bgcolor="#FFFFFF"
             type="line" coords="723,443,753,443"/>
    </entry>
    <entry id="29" name="mmu:108902 mmu:53625" type="gene"
        link="http://www.kegg.jp/dbget-bin/www_bget?mmu:108902+mmu:53625">
        <graphics name="B3gnt1, 1500032M01Rik, B3gnt6, BETA3GNT1, iGAT, iGNT..." fgcolor="#66CC66" bgcolor="#FFFFFF"
             type="line" coords="649,443,679,443"/>
    </entry>
    <entry id="30" name="mmu:14595 mmu:53418 mmu:57370" type="gene"
        link="http://www.kegg.jp/dbget-bin/www_bget?mmu:14595+mmu:53418+mmu:57370">
        <graphics name="B4galt1, B-1,4-GalT, B-1,4-GalT1, GalT, Ggtb, Ggtb2, b4Gal-T1, beta-1,4-GalT, beta-1,4-GalT1, beta4Gal-T1..." fgcolor="#66CC66" bgcolor="#FFFFFF"
             type="line" coords="551,443,581,443"/>
    </entry>
    <entry id="31" name="mmu:56375" type="gene"
        link="http://www.kegg.jp/dbget-bin/www_bget?mmu:56375">
        <graphics name="B4galt4, 9130402O08Rik, B4galt-IV, b4Gal-T4, beta4Gal-T4, beta4GalT-IV" fgcolor="#66CC66" bgcolor="#FFFFFF"
             type="line" coords="365,443,395,443"/>
    </entry>
    <entry id="32" name="mmu:227327" type="gene"
        link="http://www.kegg.jp/dbget-bin/www_bget?mmu:227327">
        <graphics name="B3gnt7, C330001H22Rik, beta-3GnT7" fgcolor="#66CC66" bgcolor="#FFFFFF"
             type="line" coords="286,443,316,443"/>
    </entry>
    <entry id="33" name="mmu:56375" type="gene"
        link="http://www.kegg.jp/dbget-bin/www_bget?mmu:56375">
        <graphics name="B4galt4, 9130402O08Rik, B4galt-IV, b4Gal-T4, beta4Gal-T4, beta4GalT-IV" fgcolor="#66CC66" bgcolor="#FFFFFF"
             type="line" coords="172,443,202,443"/>
    </entry>
    <entry id="35" name="mmu:26887 mmu:54371" type="gene"
        link="http://www.kegg.jp/dbget-bin/www_bget?mmu:26887+mmu:54371">
        <graphics name="Chst4, GST-3, Gn6st-2, HEC-GlcNAc6ST..." fgcolor="#66CC66" bgcolor="#FFFFFF"
             type="line" coords="425,393,425,423"/>
    </entry>
    <entry id="36" name="mmu:26887 mmu:54371" type="gene"
        link="http://www.kegg.jp/dbget-bin/www_bget?mmu:26887+mmu:54371">
        <graphics name="Chst4, GST-3, Gn6st-2, HEC-GlcNAc6ST..." fgcolor="#66CC66" bgcolor="#FFFFFF"
             type="line" coords="231,393,231,423"/>
    </entry>
    <entry id="37" name="mmu:76969" type="gene"
        link="http://www.kegg.jp/dbget-bin/www_bget?mmu:76969">
        <graphics name="Chst1, 2610008E20Rik, AW125896, C6ST, GST-1, Gst1, KSGAL6ST" fgcolor="#66CC66" bgcolor="#FFFFFF"
             type="line" coords="155,393,155,423"/>
    </entry>
</pathway>
