<?xml version="1.0"?>
<!DOCTYPE pathway SYSTEM "http://www.kegg.jp/kegg/xml/KGML_v0.7.1_.dtd">
<!-- Creation date: Oct 23, 2015 10:19:14 +0900 (GMT+9) -->
<pathway name="path:mmu04918" org="mmu" number="04918"
         title="Thyroid hormone synthesis"
         image="http://www.kegg.jp/kegg/pathway/mmu/mmu04918.png"
         link="http://www.kegg.jp/kegg-bin/show_pathway?mmu04918">
    <entry id="1" name="path:mmu04918" type="map"
        link="http://www.kegg.jp/dbget-bin/www_bget?mmu04918">
        <graphics name="TITLE:Thyroid hormone synthesis" fgcolor="#000000" bgcolor="#FFFFFF"
             type="roundrectangle" x="171" y="58" width="261" height="25"/>
    </entry>
    <entry id="2" name="path:mmu04530" type="map"
        link="http://www.kegg.jp/dbget-bin/www_bget?mmu04530">
        <graphics name="Tight junction" fgcolor="#000000" bgcolor="#FFFFFF"
             type="roundrectangle" x="626" y="154" width="115" height="25"/>
    </entry>
    <entry id="3" name="mmu:18747 mmu:18749" type="gene"
        link="http://www.kegg.jp/dbget-bin/www_bget?mmu:18747+mmu:18749">
        <graphics name="Prkaca, PKCD, Pkaca..." fgcolor="#000000" bgcolor="#BFFFBF"
             type="rectangle" x="464" y="328" width="46" height="17"/>
    </entry>
    <entry id="4" name="mmu:12640 mmu:22094" type="gene"
        link="http://www.kegg.jp/dbget-bin/www_bget?mmu:12640+mmu:22094">
        <graphics name="Cga, CG-alpha, FSHA, GPHA1, GPHalpha, HCG, LHA, Tsha, aGSU, alpha-GSU, alphaGSU, alphaSU..." fgcolor="#000000" bgcolor="#BFFFBF"
             type="rectangle" x="120" y="353" width="46" height="17"/>
    </entry>
    <entry id="5" name="mmu:22095" type="gene"
        link="http://www.kegg.jp/dbget-bin/www_bget?mmu:22095">
        <graphics name="Tshr, AI481368, hypothroid, hyt, pet" fgcolor="#000000" bgcolor="#BFFFBF"
             type="rectangle" x="203" y="354" width="46" height="17"/>
    </entry>
    <entry id="6" name="mmu:14682" type="gene"
        link="http://www.kegg.jp/dbget-bin/www_bget?mmu:14682">
        <graphics name="Gnaq, 1110005L02Rik, 6230401I02Rik, AA408290, AW060788, Dsk1, Dsk10, Galphaq, Gq, GqI" fgcolor="#000000" bgcolor="#BFFFBF"
             type="rectangle" x="271" y="383" width="46" height="17"/>
    </entry>
    <entry id="7" name="mmu:18795 mmu:18796 mmu:18797 mmu:18798" type="gene"
        link="http://www.kegg.jp/dbget-bin/www_bget?mmu:18795+mmu:18796+mmu:18797+mmu:18798">
        <graphics name="Plcb1, 3110043I21Rik, AI132408, Plcb, mKIAA0581..." fgcolor="#000000" bgcolor="#BFFFBF"
             type="rectangle" x="346" y="383" width="46" height="17"/>
    </entry>
    <entry id="8" name="mmu:14683" type="gene"
        link="http://www.kegg.jp/dbget-bin/www_bget?mmu:14683">
        <graphics name="Gnas, 5530400H20Rik, A930027G11Rik, C130027O20Rik, GPSA, GSP, Galphas, Gnas1, Gnasxl, Gs-alpha, Gsa, Nesp, Nesp55, Nespl, Oed-Sml, Oedsml, P1, P2, P3, PHP1A, PHP1B, POH, SCG6" fgcolor="#000000" bgcolor="#BFFFBF"
             type="rectangle" x="271" y="328" width="46" height="17"/>
    </entry>
    <entry id="9" name="mmu:104110 mmu:104111 mmu:11512 mmu:11513 mmu:11514 mmu:11515 mmu:210044 mmu:224129 mmu:432530" type="gene"
        link="http://www.kegg.jp/dbget-bin/www_bget?mmu:104110+mmu:104111+mmu:11512+mmu:11513+mmu:11514+mmu:11515+mmu:210044+mmu:224129+mmu:432530">
        <graphics name="Adcy4, mKIAA4004..." fgcolor="#000000" bgcolor="#BFFFBF"
             type="rectangle" x="347" y="328" width="46" height="17"/>
    </entry>
    <entry id="10" name="mmu:21819" type="gene"
        link="http://www.kegg.jp/dbget-bin/www_bget?mmu:21819">
        <graphics name="Tg, Tgn, cog" fgcolor="#000000" bgcolor="#BFFFBF"
             type="rectangle" x="635" y="427" width="46" height="17"/>
    </entry>
    <entry id="11" name="mmu:114479" type="gene"
        link="http://www.kegg.jp/dbget-bin/www_bget?mmu:114479">
        <graphics name="Slc5a5, NIS" fgcolor="#000000" bgcolor="#BFFFBF"
             type="rectangle" x="203" y="553" width="46" height="17"/>
    </entry>
    <entry id="12" name="mmu:11928 mmu:11931 mmu:11932 mmu:11933 mmu:11936 mmu:232975 mmu:27222 mmu:67821 mmu:98660" type="gene"
        link="http://www.kegg.jp/dbget-bin/www_bget?mmu:11928+mmu:11931+mmu:11932+mmu:11933+mmu:11936+mmu:232975+mmu:27222+mmu:67821+mmu:98660">
        <graphics name="Atp1a1, Atpa-1, BC010319..." fgcolor="#000000" bgcolor="#BFFFBF"
             type="rectangle" x="204" y="651" width="46" height="17"/>
    </entry>
    <entry id="13" name="mmu:23985" type="gene"
        link="http://www.kegg.jp/dbget-bin/www_bget?mmu:23985">
        <graphics name="Slc26a4, Pds, pendrin" fgcolor="#000000" bgcolor="#BFFFBF"
             type="rectangle" x="729" y="553" width="46" height="17"/>
    </entry>
    <entry id="14" name="mmu:214593" type="gene"
        link="http://www.kegg.jp/dbget-bin/www_bget?mmu:214593">
        <graphics name="Duox2, A430065P05Rik, LNOX2, NOXEF2, P138-TOX, THOX2" fgcolor="#000000" bgcolor="#BFFFBF"
             type="rectangle" x="729" y="642" width="46" height="17"/>
    </entry>
    <entry id="15" name="mmu:22018" type="gene"
        link="http://www.kegg.jp/dbget-bin/www_bget?mmu:22018">
        <graphics name="Tpo" fgcolor="#000000" bgcolor="#BFFFBF"
             type="rectangle" x="729" y="589" width="46" height="17"/>
    </entry>
    <entry id="16" name="mmu:70337" type="gene"
        link="http://www.kegg.jp/dbget-bin/www_bget?mmu:70337">
        <graphics name="Iyd, 0610009A07Rik, AI265638, Dehal1" fgcolor="#000000" bgcolor="#BFFFBF"
             type="rectangle" x="368" y="624" width="46" height="17"/>
    </entry>
    <entry id="17" name="cpd:C00165" type="compound"
        link="http://www.kegg.jp/dbget-bin/www_bget?C00165">
        <graphics name="C00165" fgcolor="#000000" bgcolor="#FFFFFF"
             type="circle" x="405" y="383" width="8" height="8"/>
    </entry>
    <entry id="18" name="cpd:C01245" type="compound"
        link="http://www.kegg.jp/dbget-bin/www_bget?C01245">
        <graphics name="C01245" fgcolor="#000000" bgcolor="#FFFFFF"
             type="circle" x="405" y="421" width="8" height="8"/>
    </entry>
    <entry id="19" name="cpd:C00575" type="compound"
        link="http://www.kegg.jp/dbget-bin/www_bget?C00575">
        <graphics name="C00575" fgcolor="#000000" bgcolor="#FFFFFF"
             type="circle" x="404" y="328" width="8" height="8"/>
    </entry>
    <entry id="20" name="mmu:18750 mmu:18751 mmu:18752" type="gene"
        link="http://www.kegg.jp/dbget-bin/www_bget?mmu:18750+mmu:18751+mmu:18752">
        <graphics name="Prkca, AI875142, Pkca..." fgcolor="#000000" bgcolor="#BFFFBF"
             type="rectangle" x="464" y="383" width="46" height="17"/>
    </entry>
    <entry id="21" name="mmu:22130" type="gene"
        link="http://www.kegg.jp/dbget-bin/www_bget?mmu:22130">
        <graphics name="Ttf1, AV245725, TTF-1, TTF-I" fgcolor="#000000" bgcolor="#BFFFBF"
             type="rectangle" x="561" y="323" width="46" height="17"/>
    </entry>
    <entry id="22" name="mmu:74044" type="gene"
        link="http://www.kegg.jp/dbget-bin/www_bget?mmu:74044">
        <graphics name="Ttf2, 4632434F22Rik, 8030447N19, AV218430" fgcolor="#000000" bgcolor="#BFFFBF"
             type="rectangle" x="561" y="346" width="46" height="17"/>
    </entry>
    <entry id="23" name="mmu:18510" type="gene"
        link="http://www.kegg.jp/dbget-bin/www_bget?mmu:18510">
        <graphics name="Pax8, Pax-8" fgcolor="#000000" bgcolor="#BFFFBF"
             type="rectangle" x="561" y="370" width="46" height="17"/>
    </entry>
    <entry id="24" name="mmu:102641666 mmu:11909 mmu:11911 mmu:12912 mmu:12913 mmu:12915 mmu:208647 mmu:208677 mmu:231991 mmu:26427 mmu:78284" type="gene"
        link="http://www.kegg.jp/dbget-bin/www_bget?mmu:102641666+mmu:11909+mmu:11911+mmu:12912+mmu:12913+mmu:12915+mmu:208647+mmu:208677+mmu:231991+mmu:26427+mmu:78284">
        <graphics name="102641666..." fgcolor="#000000" bgcolor="#BFFFBF"
             type="rectangle" x="561" y="393" width="46" height="17"/>
    </entry>
    <entry id="25" name="cpd:C01330" type="compound"
        link="http://www.kegg.jp/dbget-bin/www_bget?C01330">
        <graphics name="C01330" fgcolor="#000000" bgcolor="#FFFFFF"
             type="circle" x="265" y="558" width="8" height="8"/>
    </entry>
    <entry id="26" name="cpd:C00708" type="compound"
        link="http://www.kegg.jp/dbget-bin/www_bget?C00708">
        <graphics name="C00708" fgcolor="#000000" bgcolor="#FFFFFF"
             type="circle" x="130" y="548" width="8" height="8"/>
    </entry>
    <entry id="27" name="cpd:C00708" type="compound"
        link="http://www.kegg.jp/dbget-bin/www_bget?C00708">
        <graphics name="C00708" fgcolor="#000000" bgcolor="#FFFFFF"
             type="circle" x="791" y="551" width="8" height="8"/>
    </entry>
    <entry id="28" name="mmu:21819" type="gene"
        link="http://www.kegg.jp/dbget-bin/www_bget?mmu:21819">
        <graphics name="Tg, Tgn, cog" fgcolor="#000000" bgcolor="#BFFFBF"
             type="rectangle" x="894" y="695" width="46" height="17"/>
    </entry>
    <entry id="29" name="cpd:C02515" type="compound"
        link="http://www.kegg.jp/dbget-bin/www_bget?C02515">
        <graphics name="C02515" fgcolor="#000000" bgcolor="#FFFFFF"
             type="circle" x="866" y="664" width="8" height="8"/>
    </entry>
    <entry id="30" name="cpd:C01060" type="compound"
        link="http://www.kegg.jp/dbget-bin/www_bget?C01060">
        <graphics name="C01060" fgcolor="#000000" bgcolor="#FFFFFF"
             type="circle" x="920" y="664" width="8" height="8"/>
    </entry>
    <entry id="31" name="mmu:21819" type="gene"
        link="http://www.kegg.jp/dbget-bin/www_bget?mmu:21819">
        <graphics name="Tg, Tgn, cog" fgcolor="#000000" bgcolor="#BFFFBF"
             type="rectangle" x="894" y="779" width="46" height="17"/>
    </entry>
    <entry id="32" name="cpd:C02515" type="compound"
        link="http://www.kegg.jp/dbget-bin/www_bget?C02515">
        <graphics name="C02515" fgcolor="#000000" bgcolor="#FFFFFF"
             type="circle" x="866" y="750" width="8" height="8"/>
    </entry>
    <entry id="33" name="cpd:C01060" type="compound"
        link="http://www.kegg.jp/dbget-bin/www_bget?C01060">
        <graphics name="C01060" fgcolor="#000000" bgcolor="#FFFFFF"
             type="circle" x="920" y="750" width="8" height="8"/>
    </entry>
    <entry id="34" name="cpd:C01829" type="compound"
        link="http://www.kegg.jp/dbget-bin/www_bget?C01829">
        <graphics name="C01829" fgcolor="#000000" bgcolor="#FFFFFF"
             type="circle" x="920" y="809" width="8" height="8"/>
    </entry>
    <entry id="35" name="cpd:C02465" type="compound"
        link="http://www.kegg.jp/dbget-bin/www_bget?C02465">
        <graphics name="C02465" fgcolor="#000000" bgcolor="#FFFFFF"
             type="circle" x="866" y="809" width="8" height="8"/>
    </entry>
    <entry id="36" name="mmu:21819" type="gene"
        link="http://www.kegg.jp/dbget-bin/www_bget?mmu:21819">
        <graphics name="Tg, Tgn, cog" fgcolor="#000000" bgcolor="#BFFFBF"
             type="rectangle" x="412" y="783" width="46" height="17"/>
    </entry>
    <entry id="37" name="cpd:C02515" type="compound"
        link="http://www.kegg.jp/dbget-bin/www_bget?C02515">
        <graphics name="C02515" fgcolor="#000000" bgcolor="#FFFFFF"
             type="circle" x="384" y="754" width="8" height="8"/>
    </entry>
    <entry id="38" name="cpd:C01060" type="compound"
        link="http://www.kegg.jp/dbget-bin/www_bget?C01060">
        <graphics name="C01060" fgcolor="#000000" bgcolor="#FFFFFF"
             type="circle" x="438" y="751" width="8" height="8"/>
    </entry>
    <entry id="39" name="cpd:C01829" type="compound"
        link="http://www.kegg.jp/dbget-bin/www_bget?C01829">
        <graphics name="C01829" fgcolor="#000000" bgcolor="#FFFFFF"
             type="circle" x="438" y="810" width="8" height="8"/>
    </entry>
    <entry id="40" name="cpd:C02465" type="compound"
        link="http://www.kegg.jp/dbget-bin/www_bget?C02465">
        <graphics name="C02465" fgcolor="#000000" bgcolor="#FFFFFF"
             type="circle" x="389" y="813" width="8" height="8"/>
    </entry>
    <entry id="41" name="cpd:C02465" type="compound"
        link="http://www.kegg.jp/dbget-bin/www_bget?C02465">
        <graphics name="C02465" fgcolor="#000000" bgcolor="#FFFFFF"
             type="circle" x="268" y="826" width="8" height="8"/>
    </entry>
    <entry id="42" name="cpd:C01829" type="compound"
        link="http://www.kegg.jp/dbget-bin/www_bget?C01829">
        <graphics name="C01829" fgcolor="#000000" bgcolor="#FFFFFF"
             type="circle" x="268" y="803" width="8" height="8"/>
    </entry>
    <entry id="43" name="cpd:C02465" type="compound"
        link="http://www.kegg.jp/dbget-bin/www_bget?C02465">
        <graphics name="C02465" fgcolor="#000000" bgcolor="#FFFFFF"
             type="circle" x="142" y="826" width="8" height="8"/>
    </entry>
    <entry id="44" name="cpd:C01829" type="compound"
        link="http://www.kegg.jp/dbget-bin/www_bget?C01829">
        <graphics name="C01829" fgcolor="#000000" bgcolor="#FFFFFF"
             type="circle" x="142" y="803" width="8" height="8"/>
    </entry>
    <entry id="45" name="cpd:C02515" type="compound"
        link="http://www.kegg.jp/dbget-bin/www_bget?C02515">
        <graphics name="C02515" fgcolor="#000000" bgcolor="#FFFFFF"
             type="circle" x="379" y="657" width="8" height="8"/>
    </entry>
    <entry id="46" name="cpd:C01060" type="compound"
        link="http://www.kegg.jp/dbget-bin/www_bget?C01060">
        <graphics name="C01060" fgcolor="#000000" bgcolor="#FFFFFF"
             type="circle" x="413" y="658" width="8" height="8"/>
    </entry>
    <entry id="47" name="path:mmu00350" type="map"
        link="http://www.kegg.jp/dbget-bin/www_bget?mmu00350">
        <graphics name="Tyrosine metabolism" fgcolor="#000000" bgcolor="#FFFFFF"
             type="roundrectangle" x="1006" y="689" width="127" height="25"/>
    </entry>
    <entry id="48" name="path:mmu04142" type="map"
        link="http://www.kegg.jp/dbget-bin/www_bget?mmu04142">
        <graphics name="Lysosome" fgcolor="#000000" bgcolor="#FFFFFF"
             type="roundrectangle" x="517" y="810" width="84" height="25"/>
    </entry>
    <entry id="49" name="cpd:C01330" type="compound"
        link="http://www.kegg.jp/dbget-bin/www_bget?C01330">
        <graphics name="C01330" fgcolor="#000000" bgcolor="#FFFFFF"
             type="circle" x="128" y="647" width="8" height="8"/>
    </entry>
    <entry id="50" name="cpd:C00238" type="compound"
        link="http://www.kegg.jp/dbget-bin/www_bget?C00238">
        <graphics name="C00238" fgcolor="#000000" bgcolor="#FFFFFF"
             type="circle" x="261" y="652" width="8" height="8"/>
    </entry>
    <entry id="51" name="cpd:C00708" type="compound"
        link="http://www.kegg.jp/dbget-bin/www_bget?C00708">
        <graphics name="C00708" fgcolor="#000000" bgcolor="#FFFFFF"
             type="circle" x="397" y="578" width="8" height="8"/>
    </entry>
    <entry id="52" name="mmu:66811" type="gene"
        link="http://www.kegg.jp/dbget-bin/www_bget?mmu:66811">
        <graphics name="Duoxa2, 9030623N16Rik" fgcolor="#000000" bgcolor="#BFFFBF"
             type="rectangle" x="730" y="694" width="46" height="17"/>
    </entry>
    <entry id="53" name="cpd:C00005" type="compound"
        link="http://www.kegg.jp/dbget-bin/www_bget?C00005">
        <graphics name="C00005" fgcolor="#000000" bgcolor="#FFFFFF"
             type="circle" x="686" y="667" width="8" height="8"/>
    </entry>
    <entry id="54" name="cpd:C00006" type="compound"
        link="http://www.kegg.jp/dbget-bin/www_bget?C00006">
        <graphics name="C00006" fgcolor="#000000" bgcolor="#FFFFFF"
             type="circle" x="684" y="621" width="8" height="8"/>
    </entry>
    <entry id="55" name="cpd:C00007" type="compound"
        link="http://www.kegg.jp/dbget-bin/www_bget?C00007">
        <graphics name="C00007" fgcolor="#000000" bgcolor="#FFFFFF"
             type="circle" x="772" y="668" width="8" height="8"/>
    </entry>
    <entry id="56" name="cpd:C00027" type="compound"
        link="http://www.kegg.jp/dbget-bin/www_bget?C00027">
        <graphics name="C00027" fgcolor="#000000" bgcolor="#FFFFFF"
             type="circle" x="775" y="620" width="8" height="8"/>
    </entry>
    <entry id="57" name="mmu:22018" type="gene"
        link="http://www.kegg.jp/dbget-bin/www_bget?mmu:22018">
        <graphics name="Tpo" fgcolor="#000000" bgcolor="#BFFFBF"
             type="rectangle" x="862" y="590" width="46" height="17"/>
    </entry>
    <entry id="58" name="cpd:C00027" type="compound"
        link="http://www.kegg.jp/dbget-bin/www_bget?C00027">
        <graphics name="C00027" fgcolor="#000000" bgcolor="#FFFFFF"
             type="circle" x="874" y="621" width="8" height="8"/>
    </entry>
    <entry id="59" name="mmu:16438 mmu:16439 mmu:16440" type="gene"
        link="http://www.kegg.jp/dbget-bin/www_bget?mmu:16438+mmu:16439+mmu:16440">
        <graphics name="Itpr1, D6Pas2, Gm10429, IP3R1, InsP3R, Ip3r, Itpr-1, P400, Pcp-1, Pcp1, opt..." fgcolor="#000000" bgcolor="#BFFFBF"
             type="rectangle" x="461" y="464" width="46" height="17"/>
    </entry>
    <entry id="60" name="cpd:C00076" type="compound"
        link="http://www.kegg.jp/dbget-bin/www_bget?C00076">
        <graphics name="C00076" fgcolor="#000000" bgcolor="#FFFFFF"
             type="circle" x="458" y="425" width="8" height="8"/>
    </entry>
    <entry id="61" name="mmu:22018" type="gene"
        link="http://www.kegg.jp/dbget-bin/www_bget?mmu:22018">
        <graphics name="Tpo" fgcolor="#000000" bgcolor="#BFFFBF"
             type="rectangle" x="864" y="734" width="46" height="17"/>
    </entry>
    <entry id="62" name="cpd:C00027" type="compound"
        link="http://www.kegg.jp/dbget-bin/www_bget?C00027">
        <graphics name="C00027" fgcolor="#000000" bgcolor="#FFFFFF"
             type="circle" x="866" y="712" width="8" height="8"/>
    </entry>
    <entry id="63" name="path:mmu04020" type="map"
        link="http://www.kegg.jp/dbget-bin/www_bget?mmu04020">
        <graphics name="Calcium signaling pathway" fgcolor="#000000" bgcolor="#FFFFFF"
             type="roundrectangle" x="342" y="461" width="112" height="34"/>
    </entry>
    <entry id="64" name="mmu:21819" type="gene"
        link="http://www.kegg.jp/dbget-bin/www_bget?mmu:21819">
        <graphics name="Tg, Tgn, cog" fgcolor="#000000" bgcolor="#BFFFBF"
             type="rectangle" x="633" y="503" width="46" height="17"/>
    </entry>
    <entry id="65" name="mmu:21819" type="gene"
        link="http://www.kegg.jp/dbget-bin/www_bget?mmu:21819">
        <graphics name="Tg, Tgn, cog" fgcolor="#000000" bgcolor="#BFFFBF"
             type="rectangle" x="633" y="520" width="46" height="17"/>
    </entry>
    <entry id="66" name="mmu:14828" type="gene"
        link="http://www.kegg.jp/dbget-bin/www_bget?mmu:14828">
        <graphics name="Hspa5, AL022860, AU019543, Bip, D2Wsu141e, D2Wsu17e, Grp78, Hsce70, SEZ-7, Sez7, baffled, mBiP" fgcolor="#000000" bgcolor="#BFFFBF"
             type="rectangle" x="602" y="453" width="46" height="17"/>
    </entry>
    <entry id="67" name="mmu:22027" type="gene"
        link="http://www.kegg.jp/dbget-bin/www_bget?mmu:22027">
        <graphics name="Hsp90b1, ERp99, GRP94, TA-3, Targ2, Tra-1, Tra1, endoplasmin, gp96" fgcolor="#000000" bgcolor="#BFFFBF"
             type="rectangle" x="602" y="475" width="46" height="17"/>
    </entry>
    <entry id="68" name="mmu:12330" type="gene"
        link="http://www.kegg.jp/dbget-bin/www_bget?mmu:12330">
        <graphics name="Canx, 1110069N15Rik, AI988026, Cnx, D11Ertd153e" fgcolor="#000000" bgcolor="#BFFFBF"
             type="rectangle" x="667" y="453" width="46" height="17"/>
    </entry>
    <entry id="69" name="mmu:12304" type="gene"
        link="http://www.kegg.jp/dbget-bin/www_bget?mmu:12304">
        <graphics name="Pdia4, AI987846, Cai, ERp-72, Erp72" fgcolor="#000000" bgcolor="#BFFFBF"
             type="rectangle" x="667" y="475" width="46" height="17"/>
    </entry>
    <entry id="70" name="path:mmu04146" type="map"
        link="http://www.kegg.jp/dbget-bin/www_bget?mmu04146">
        <graphics name="Peroxisome" fgcolor="#000000" bgcolor="#FFFFFF"
             type="roundrectangle" x="489" y="572" width="84" height="25"/>
    </entry>
    <entry id="71" name="mmu:21819" type="gene"
        link="http://www.kegg.jp/dbget-bin/www_bget?mmu:21819">
        <graphics name="Tg, Tgn, cog" fgcolor="#000000" bgcolor="#BFFFBF"
             type="rectangle" x="499" y="611" width="46" height="17"/>
    </entry>
    <entry id="72" name="mmu:21819" type="gene"
        link="http://www.kegg.jp/dbget-bin/www_bget?mmu:21819">
        <graphics name="Tg, Tgn, cog" fgcolor="#000000" bgcolor="#BFFFBF"
             type="rectangle" x="508" y="634" width="46" height="17"/>
    </entry>
    <entry id="73" name="mmu:14725" type="gene"
        link="http://www.kegg.jp/dbget-bin/www_bget?mmu:14725">
        <graphics name="Lrp2, AI315343, AW536255, D230004K18Rik, Gp330, Megalin, b2b1625.2Clo" fgcolor="#000000" bgcolor="#BFFFBF"
             type="rectangle" x="727" y="815" width="46" height="17"/>
    </entry>
    <entry id="74" name="mmu:21819" type="gene"
        link="http://www.kegg.jp/dbget-bin/www_bget?mmu:21819">
        <graphics name="Tg, Tgn, cog" fgcolor="#000000" bgcolor="#BFFFBF"
             type="rectangle" x="894" y="841" width="46" height="17"/>
    </entry>
    <entry id="75" name="mmu:14725" type="gene"
        link="http://www.kegg.jp/dbget-bin/www_bget?mmu:14725">
        <graphics name="Lrp2, AI315343, AW536255, D230004K18Rik, Gp330, Megalin, b2b1625.2Clo" fgcolor="#000000" bgcolor="#BFFFBF"
             type="rectangle" x="642" y="815" width="46" height="17"/>
    </entry>
    <entry id="76" name="mmu:21819" type="gene"
        link="http://www.kegg.jp/dbget-bin/www_bget?mmu:21819">
        <graphics name="Tg, Tgn, cog" fgcolor="#000000" bgcolor="#BFFFBF"
             type="rectangle" x="642" y="842" width="46" height="17"/>
    </entry>
    <entry id="77" name="mmu:21819" type="gene"
        link="http://www.kegg.jp/dbget-bin/www_bget?mmu:21819">
        <graphics name="Tg, Tgn, cog" fgcolor="#000000" bgcolor="#BFFFBF"
             type="rectangle" x="127" y="893" width="46" height="17"/>
    </entry>
    <entry id="78" name="path:mmu00480" type="map"
        link="http://www.kegg.jp/dbget-bin/www_bget?mmu00480">
        <graphics name="Glutathione metabolism" fgcolor="#000000" bgcolor="#FFFFFF"
             type="roundrectangle" x="537" y="676" width="134" height="25"/>
    </entry>
    <entry id="79" name="cpd:C00027" type="compound"
        link="http://www.kegg.jp/dbget-bin/www_bget?C00027">
        <graphics name="C00027" fgcolor="#000000" bgcolor="#FFFFFF"
             type="circle" x="679" y="762" width="8" height="8"/>
    </entry>
    <entry id="80" name="cpd:C00001" type="compound"
        link="http://www.kegg.jp/dbget-bin/www_bget?C00001">
        <graphics name="C00001" fgcolor="#000000" bgcolor="#FFFFFF"
             type="circle" x="678" y="711" width="8" height="8"/>
    </entry>
    <entry id="81" name="cpd:C00051" type="compound"
        link="http://www.kegg.jp/dbget-bin/www_bget?C00051">
        <graphics name="C00051" fgcolor="#000000" bgcolor="#FFFFFF"
             type="circle" x="634" y="711" width="8" height="8"/>
    </entry>
    <entry id="82" name="cpd:C00127" type="compound"
        link="http://www.kegg.jp/dbget-bin/www_bget?C00127">
        <graphics name="C00127" fgcolor="#000000" bgcolor="#FFFFFF"
             type="circle" x="634" y="762" width="8" height="8"/>
    </entry>
    <entry id="83" name="cpd:C00005" type="compound"
        link="http://www.kegg.jp/dbget-bin/www_bget?C00005">
        <graphics name="C00005" fgcolor="#000000" bgcolor="#FFFFFF"
             type="circle" x="590" y="762" width="8" height="8"/>
    </entry>
    <entry id="84" name="cpd:C00006" type="compound"
        link="http://www.kegg.jp/dbget-bin/www_bget?C00006">
        <graphics name="C00006" fgcolor="#000000" bgcolor="#FFFFFF"
             type="circle" x="588" y="711" width="8" height="8"/>
    </entry>
    <entry id="85" name="cpd:C00092" type="compound"
        link="http://www.kegg.jp/dbget-bin/www_bget?C00092">
        <graphics name="C00092" fgcolor="#000000" bgcolor="#FFFFFF"
             type="circle" x="544" y="711" width="8" height="8"/>
    </entry>
    <entry id="86" name="cpd:C00117 cpd:C00231" type="compound"
        link="http://www.kegg.jp/dbget-bin/www_bget?C00117+C00231">
        <graphics name="C00117..." fgcolor="#000000" bgcolor="#FFFFFF"
             type="circle" x="545" y="762" width="8" height="8"/>
    </entry>
    <entry id="87" name="mmu:14775 mmu:14776 mmu:14778 mmu:14780 mmu:67305 mmu:69590 mmu:75512" type="gene"
        link="http://www.kegg.jp/dbget-bin/www_bget?mmu:14775+mmu:14776+mmu:14778+mmu:14780+mmu:67305+mmu:69590+mmu:75512">
        <graphics name="Gpx1, AI195024, AL033363, CGPx, GPx-1, GSHPx-1, Gpx..." fgcolor="#000000" bgcolor="#BFFFBF"
             type="rectangle" x="662" y="735" width="46" height="17"/>
    </entry>
    <entry id="88" name="mmu:11889 mmu:11890" type="gene"
        link="http://www.kegg.jp/dbget-bin/www_bget?mmu:11889+mmu:11890">
        <graphics name="Asgr1, ASGPR1, Asgr, Asgr-1, HL-1..." fgcolor="#000000" bgcolor="#BFFFBF"
             type="rectangle" x="587" y="525" width="46" height="17"/>
    </entry>
    <entry id="89" name="mmu:14782" type="gene"
        link="http://www.kegg.jp/dbget-bin/www_bget?mmu:14782">
        <graphics name="Gsr, AI325518, D8Ertd238e, Gr-1, Gr1" fgcolor="#000000" bgcolor="#BFFFBF"
             type="rectangle" x="611" y="735" width="46" height="17"/>
    </entry>
    <entry id="90" name="cpd:C00708" type="compound"
        link="http://www.kegg.jp/dbget-bin/www_bget?C00708">
        <graphics name="C00708" fgcolor="#000000" bgcolor="#FFFFFF"
             type="circle" x="899" y="450" width="8" height="8"/>
    </entry>
    <entry id="91" name="cpd:C02465 cpd:C01829" type="compound"
        link="http://www.kegg.jp/dbget-bin/www_bget?C02465+C01829">
        <graphics name="C02465..." fgcolor="#000000" bgcolor="#FFFFFF"
             type="circle" x="1073" y="282" width="8" height="8"/>
    </entry>
    <relation entry1="4" entry2="5" type="PPrel">
        <subtype name="activation" value="--&gt;"/>
    </relation>
    <relation entry1="5" entry2="8" type="PPrel">
        <subtype name="activation" value="--&gt;"/>
    </relation>
    <relation entry1="8" entry2="9" type="PPrel">
        <subtype name="activation" value="--&gt;"/>
    </relation>
    <relation entry1="9" entry2="19" type="PCrel">
        <subtype name="activation" value="--&gt;"/>
    </relation>
    <relation entry1="19" entry2="3" type="PCrel">
        <subtype name="activation" value="--&gt;"/>
    </relation>
    <relation entry1="3" entry2="21" type="PPrel">
        <subtype name="activation" value="--&gt;"/>
    </relation>
    <relation entry1="3" entry2="22" type="PPrel">
        <subtype name="activation" value="--&gt;"/>
    </relation>
    <relation entry1="3" entry2="23" type="PPrel">
        <subtype name="activation" value="--&gt;"/>
    </relation>
    <relation entry1="3" entry2="24" type="PPrel">
        <subtype name="activation" value="--&gt;"/>
    </relation>
    <relation entry1="5" entry2="6" type="PPrel">
        <subtype name="activation" value="--&gt;"/>
    </relation>
    <relation entry1="6" entry2="7" type="PPrel">
        <subtype name="activation" value="--&gt;"/>
    </relation>
    <relation entry1="7" entry2="17" type="PCrel">
        <subtype name="activation" value="--&gt;"/>
    </relation>
    <relation entry1="17" entry2="20" type="PCrel">
        <subtype name="activation" value="--&gt;"/>
    </relation>
    <relation entry1="20" entry2="21" type="PPrel">
        <subtype name="activation" value="--&gt;"/>
    </relation>
    <relation entry1="20" entry2="22" type="PPrel">
        <subtype name="activation" value="--&gt;"/>
    </relation>
    <relation entry1="20" entry2="23" type="PPrel">
        <subtype name="activation" value="--&gt;"/>
    </relation>
    <relation entry1="20" entry2="24" type="PPrel">
        <subtype name="activation" value="--&gt;"/>
    </relation>
    <relation entry1="7" entry2="18" type="PCrel">
        <subtype name="activation" value="--&gt;"/>
    </relation>
    <relation entry1="18" entry2="59" type="PCrel">
        <subtype name="activation" value="--&gt;"/>
    </relation>
    <relation entry1="21" entry2="10" type="GErel">
        <subtype name="expression" value="--&gt;"/>
    </relation>
    <relation entry1="22" entry2="10" type="GErel">
        <subtype name="expression" value="--&gt;"/>
    </relation>
    <relation entry1="23" entry2="10" type="GErel">
        <subtype name="expression" value="--&gt;"/>
    </relation>
    <relation entry1="24" entry2="10" type="GErel">
        <subtype name="expression" value="--&gt;"/>
    </relation>
    <relation entry1="88" entry2="65" type="PPrel">
        <subtype name="binding/association" value="---"/>
    </relation>
    <relation entry1="52" entry2="14" type="PPrel">
        <subtype name="activation" value="--&gt;"/>
    </relation>
    <relation entry1="29" entry2="28" type="PCrel">
        <subtype name="binding/association" value="---"/>
    </relation>
    <relation entry1="30" entry2="28" type="PCrel">
        <subtype name="binding/association" value="---"/>
    </relation>
    <relation entry1="32" entry2="31" type="PCrel">
        <subtype name="binding/association" value="---"/>
    </relation>
    <relation entry1="33" entry2="31" type="PCrel">
        <subtype name="binding/association" value="---"/>
    </relation>
    <relation entry1="35" entry2="31" type="PCrel">
        <subtype name="binding/association" value="---"/>
    </relation>
    <relation entry1="34" entry2="31" type="PCrel">
        <subtype name="binding/association" value="---"/>
    </relation>
    <relation entry1="37" entry2="36" type="PCrel">
        <subtype name="binding/association" value="---"/>
    </relation>
    <relation entry1="38" entry2="36" type="PCrel">
        <subtype name="binding/association" value="---"/>
    </relation>
    <relation entry1="40" entry2="36" type="PCrel">
        <subtype name="binding/association" value="---"/>
    </relation>
    <relation entry1="39" entry2="36" type="PCrel">
        <subtype name="binding/association" value="---"/>
    </relation>
    <relation entry1="75" entry2="76" type="PPrel">
        <subtype name="binding/association" value="---"/>
    </relation>
</pathway>
