<?xml version="1.0"?>
<!DOCTYPE pathway SYSTEM "http://www.kegg.jp/kegg/xml/KGML_v0.7.1_.dtd">
<!-- Creation date: Jul 10, 2013 16:07:44 +0900 (GMT+09:00) -->
<pathway name="path:mmu05320" org="mmu" number="05320"
         title="Autoimmune thyroid disease"
         image="http://www.kegg.jp/kegg/pathway/mmu/mmu05320.png"
         link="http://www.kegg.jp/kegg-bin/show_pathway?mmu05320">
    <entry id="1" name="path:mmu04660" type="map"
        link="http://www.kegg.jp/dbget-bin/www_bget?mmu04660">
        <graphics name="T cell receptor signaling pathway" fgcolor="#000000" bgcolor="#FFFFFF"
             type="roundrectangle" x="552" y="386" width="113" height="34"/>
    </entry>
    <entry id="2" name="mmu:100504404 mmu:14960 mmu:14961 mmu:14969 mmu:14998 mmu:14999 mmu:15000 mmu:15001 mmu:15002" type="gene"
        link="http://www.kegg.jp/dbget-bin/www_bget?mmu:100504404+mmu:14960+mmu:14961+mmu:14969+mmu:14998+mmu:14999+mmu:15000+mmu:15001+mmu:15002">
        <graphics name="H2-Ea-ps, AI323765, E-alpha-f, H-2Ea, H2-Ea, I-Ealpha, Ia-3, Ia3..." fgcolor="#000000" bgcolor="#BFFFBF"
             type="rectangle" x="425" y="634" width="46" height="17"/>
    </entry>
    <entry id="3" name="ko:K10784 ko:K10785" type="ortholog"
        link="http://www.kegg.jp/dbget-bin/www_bget?K10784+K10785">
        <graphics name="K10784..." fgcolor="#000000" bgcolor="#FFFFFF"
             type="rectangle" x="506" y="634" width="46" height="17"/>
    </entry>
    <entry id="4" name="mmu:21947" type="gene"
        link="http://www.kegg.jp/dbget-bin/www_bget?mmu:21947">
        <graphics name="Cd40lg, CD154, CD40-L, Cd40l, HIGM1, IGM, IMD3, Ly-62, Ly62, T-BAM, TRAP, Tnfsf5, gp39" fgcolor="#000000" bgcolor="#BFFFBF"
             type="rectangle" x="725" y="634" width="46" height="17"/>
    </entry>
    <entry id="5" name="mmu:21939" type="gene"
        link="http://www.kegg.jp/dbget-bin/www_bget?mmu:21939">
        <graphics name="Cd40, AI326936, Bp50, GP39, HIGM1, IGM, IMD3, T-BAM, TRAP, Tnfrsf5, p50" fgcolor="#000000" bgcolor="#BFFFBF"
             type="rectangle" x="808" y="634" width="46" height="17"/>
    </entry>
    <entry id="6" name="ko:K10784 ko:K10785" type="ortholog"
        link="http://www.kegg.jp/dbget-bin/www_bget?K10784+K10785">
        <graphics name="K10784..." fgcolor="#000000" bgcolor="#FFFFFF"
             type="rectangle" x="725" y="657" width="46" height="17"/>
    </entry>
    <entry id="7" name="mmu:100504404 mmu:14960 mmu:14961 mmu:14969 mmu:14998 mmu:14999 mmu:15000 mmu:15001 mmu:15002" type="gene"
        link="http://www.kegg.jp/dbget-bin/www_bget?mmu:100504404+mmu:14960+mmu:14961+mmu:14969+mmu:14998+mmu:14999+mmu:15000+mmu:15001+mmu:15002">
        <graphics name="H2-Ea-ps, AI323765, E-alpha-f, H-2Ea, H2-Ea, I-Ealpha, Ia-3, Ia3..." fgcolor="#000000" bgcolor="#BFFFBF"
             type="rectangle" x="808" y="657" width="46" height="17"/>
    </entry>
    <entry id="8" name="path:mmu04612" type="map"
        link="http://www.kegg.jp/dbget-bin/www_bget?mmu04612">
        <graphics name="Antigen processing and presentation" fgcolor="#000000" bgcolor="#FFFFFF"
             type="roundrectangle" x="400" y="386" width="112" height="34"/>
    </entry>
    <entry id="9" name="path:mmu04514" type="map"
        link="http://www.kegg.jp/dbget-bin/www_bget?mmu04514">
        <graphics name="Cell adhesion molecules (CAMs)" fgcolor="#000000" bgcolor="#FFFFFF"
             type="roundrectangle" x="471" y="546" width="113" height="34"/>
    </entry>
    <entry id="10" name="path:mmu04662" type="map"
        link="http://www.kegg.jp/dbget-bin/www_bget?mmu04662">
        <graphics name="B cell receptor signaling pathway" fgcolor="#000000" bgcolor="#FFFFFF"
             type="roundrectangle" x="845" y="500" width="112" height="34"/>
    </entry>
    <entry id="11" name="mmu:102642252 mmu:105243590" type="gene"
        link="http://www.kegg.jp/dbget-bin/www_bget?mmu:102642252+mmu:105243590">
        <graphics name="IgH, IgVH..." fgcolor="#000000" bgcolor="#BFFFBF"
             type="rectangle" x="849" y="603" width="46" height="17"/>
    </entry>
    <entry id="12" name="path:mmu05320" type="map"
        link="http://www.kegg.jp/dbget-bin/www_bget?mmu05320">
        <graphics name="TITLE:Autoimmune thyroid disease" fgcolor="#000000" bgcolor="#FFFFFF"
             type="roundrectangle" x="169" y="58" width="257" height="25"/>
    </entry>
    <entry id="13" name="cpd:C01382" type="compound"
        link="http://www.kegg.jp/dbget-bin/www_bget?C01382">
        <graphics name="C01382" fgcolor="#000000" bgcolor="#FFFFFF"
             type="circle" x="212" y="131" width="8" height="8"/>
    </entry>
    <entry id="14" name="dr:D00636" type="compound"
        link="http://www.kegg.jp/dbget-bin/www_bget?D00636">
        <graphics name="D00636" fgcolor="#000000" bgcolor="#FFFFFF"
             type="circle" x="260" y="131" width="8" height="8"/>
    </entry>
    <entry id="15" name="mmu:22018" type="gene"
        link="http://www.kegg.jp/dbget-bin/www_bget?mmu:22018">
        <graphics name="Tpo" fgcolor="#000000" bgcolor="#BFFFBF"
             type="rectangle" x="240" y="411" width="46" height="17"/>
    </entry>
    <entry id="16" name="mmu:21819" type="gene"
        link="http://www.kegg.jp/dbget-bin/www_bget?mmu:21819">
        <graphics name="Tg, Tgn, cog" fgcolor="#000000" bgcolor="#BFFFBF"
             type="rectangle" x="240" y="439" width="46" height="17"/>
    </entry>
    <entry id="17" name="mmu:22095" type="gene"
        link="http://www.kegg.jp/dbget-bin/www_bget?mmu:22095">
        <graphics name="Tshr, AI481368, hypothroid, hyt, pet" fgcolor="#000000" bgcolor="#BFFFBF"
             type="rectangle" x="240" y="501" width="46" height="17"/>
    </entry>
    <entry id="18" name="mmu:100504404 mmu:14960 mmu:14961 mmu:14969 mmu:14998 mmu:14999 mmu:15000 mmu:15001 mmu:15002" type="gene"
        link="http://www.kegg.jp/dbget-bin/www_bget?mmu:100504404+mmu:14960+mmu:14961+mmu:14969+mmu:14998+mmu:14999+mmu:15000+mmu:15001+mmu:15002">
        <graphics name="H2-Ea-ps, AI323765, E-alpha-f, H-2Ea, H2-Ea, I-Ealpha, Ia-3, Ia3..." fgcolor="#000000" bgcolor="#BFFFBF"
             type="rectangle" x="425" y="267" width="46" height="17"/>
    </entry>
    <entry id="19" name="ko:K10784 ko:K10785" type="ortholog"
        link="http://www.kegg.jp/dbget-bin/www_bget?K10784+K10785">
        <graphics name="K10784..." fgcolor="#000000" bgcolor="#FFFFFF"
             type="rectangle" x="505" y="267" width="46" height="17"/>
    </entry>
    <entry id="20" name="mmu:21947" type="gene"
        link="http://www.kegg.jp/dbget-bin/www_bget?mmu:21947">
        <graphics name="Cd40lg, CD154, CD40-L, Cd40l, HIGM1, IGM, IMD3, Ly-62, Ly62, T-BAM, TRAP, Tnfsf5, gp39" fgcolor="#000000" bgcolor="#BFFFBF"
             type="rectangle" x="724" y="341" width="46" height="17"/>
    </entry>
    <entry id="21" name="mmu:21939" type="gene"
        link="http://www.kegg.jp/dbget-bin/www_bget?mmu:21939">
        <graphics name="Cd40, AI326936, Bp50, GP39, HIGM1, IGM, IMD3, T-BAM, TRAP, Tnfrsf5, p50" fgcolor="#000000" bgcolor="#BFFFBF"
             type="rectangle" x="808" y="341" width="46" height="17"/>
    </entry>
    <entry id="22" name="ko:K10784 ko:K10785" type="ortholog"
        link="http://www.kegg.jp/dbget-bin/www_bget?K10784+K10785">
        <graphics name="K10784..." fgcolor="#000000" bgcolor="#FFFFFF"
             type="rectangle" x="724" y="366" width="46" height="17"/>
    </entry>
    <entry id="23" name="mmu:100504404 mmu:14960 mmu:14961 mmu:14969 mmu:14998 mmu:14999 mmu:15000 mmu:15001 mmu:15002" type="gene"
        link="http://www.kegg.jp/dbget-bin/www_bget?mmu:100504404+mmu:14960+mmu:14961+mmu:14969+mmu:14998+mmu:14999+mmu:15000+mmu:15001+mmu:15002">
        <graphics name="H2-Ea-ps, AI323765, E-alpha-f, H-2Ea, H2-Ea, I-Ealpha, Ia-3, Ia3..." fgcolor="#000000" bgcolor="#BFFFBF"
             type="rectangle" x="808" y="366" width="46" height="17"/>
    </entry>
    <entry id="24" name="mmu:102642252 mmu:105243590" type="gene"
        link="http://www.kegg.jp/dbget-bin/www_bget?mmu:102642252+mmu:105243590">
        <graphics name="IgH, IgVH..." fgcolor="#000000" bgcolor="#BFFFBF"
             type="rectangle" x="849" y="396" width="46" height="17"/>
    </entry>
    <entry id="25" name="mmu:22095" type="gene"
        link="http://www.kegg.jp/dbget-bin/www_bget?mmu:22095">
        <graphics name="Tshr, AI481368, hypothroid, hyt, pet" fgcolor="#000000" bgcolor="#BFFFBF"
             type="rectangle" x="1034" y="593" width="46" height="17"/>
    </entry>
    <entry id="26" name="mmu:22095" type="gene"
        link="http://www.kegg.jp/dbget-bin/www_bget?mmu:22095">
        <graphics name="Tshr, AI481368, hypothroid, hyt, pet" fgcolor="#000000" bgcolor="#BFFFBF"
             type="rectangle" x="1031" y="691" width="46" height="17"/>
    </entry>
    <entry id="27" name="mmu:14102" type="gene"
        link="http://www.kegg.jp/dbget-bin/www_bget?mmu:14102">
        <graphics name="Fas, AI196731, APO1, APT1, CD95, TNFR6, Tnfrsf6, lpr" fgcolor="#000000" bgcolor="#BFFFBF"
             type="rectangle" x="1029" y="205" width="46" height="17"/>
    </entry>
    <entry id="28" name="mmu:102642252 mmu:105243590" type="gene"
        link="http://www.kegg.jp/dbget-bin/www_bget?mmu:102642252+mmu:105243590">
        <graphics name="IgH, IgVH..." fgcolor="#000000" bgcolor="#BFFFBF"
             type="rectangle" x="962" y="687" width="46" height="17"/>
    </entry>
    <entry id="29" name="mmu:14103" type="gene"
        link="http://www.kegg.jp/dbget-bin/www_bget?mmu:14103">
        <graphics name="Fasl, APT1LG1, CD178, CD95-L, CD95L, Fas-L, Faslg, Tnfsf6, gld" fgcolor="#000000" bgcolor="#BFFFBF"
             type="rectangle" x="952" y="205" width="46" height="17"/>
    </entry>
    <entry id="30" name="ko:K10784 ko:K10785" type="ortholog"
        link="http://www.kegg.jp/dbget-bin/www_bget?K10784+K10785">
        <graphics name="K10784..." fgcolor="#000000" bgcolor="#FFFFFF"
             type="rectangle" x="952" y="177" width="46" height="17"/>
    </entry>
    <entry id="31" name="mmu:100529082 mmu:100862431 mmu:101056305 mmu:102641613 mmu:102641657 mmu:102642035 mmu:102642086 mmu:105242487 mmu:110557 mmu:110558 mmu:110696 mmu:14963 mmu:14964 mmu:14972 mmu:14980 mmu:14985 mmu:14990 mmu:14991 mmu:14997 mmu:15006 mmu:15007 mmu:15013 mmu:15015 mmu:15018 mmu:15019 mmu:15024 mmu:15033 mmu:15039 mmu:15040 mmu:15042 mmu:15043 mmu:15051 mmu:224753 mmu:224754 mmu:224756 mmu:224761 mmu:240095 mmu:333715 mmu:399549 mmu:547349 mmu:630294 mmu:667803 mmu:667977 mmu:69717" type="gene"
        link="http://www.kegg.jp/dbget-bin/www_bget?mmu:100529082+mmu:100862431+mmu:101056305+mmu:102641613+mmu:102641657+mmu:102642035+mmu:102642086+mmu:105242487+mmu:110557+mmu:110558+mmu:110696+mmu:14963+mmu:14964+mmu:14972+mmu:14980+mmu:14985+mmu:14990+mmu:14991+mmu:14997+mmu:15006+mmu:15007+mmu:15013+mmu:15015+mmu:15018+mmu:15019+mmu:15024+mmu:15033+mmu:15039+mmu:15040+mmu:15042+mmu:15043+mmu:15051+mmu:224753+mmu:224754+mmu:224756+mmu:224761+mmu:240095+mmu:333715+mmu:399549+mmu:547349+mmu:630294+mmu:667803+mmu:667977+mmu:69717">
        <graphics name="Gm11127..." fgcolor="#000000" bgcolor="#BFFFBF"
             type="rectangle" x="1029" y="177" width="46" height="17"/>
    </entry>
    <entry id="32" name="mmu:14939" type="gene"
        link="http://www.kegg.jp/dbget-bin/www_bget?mmu:14939">
        <graphics name="Gzmb, AI553453, CCP-1/C11, CCP1, Ctla-1, Ctla1, GZB" fgcolor="#000000" bgcolor="#BFFFBF"
             type="rectangle" x="992" y="268" width="46" height="17"/>
    </entry>
    <entry id="33" name="mmu:18646" type="gene"
        link="http://www.kegg.jp/dbget-bin/www_bget?mmu:18646">
        <graphics name="Prf1, Pfn, Pfp, Prf-1" fgcolor="#000000" bgcolor="#BFFFBF"
             type="rectangle" x="992" y="243" width="46" height="17"/>
    </entry>
    <entry id="34" name="path:mmu04210" type="map"
        link="http://www.kegg.jp/dbget-bin/www_bget?mmu04210">
        <graphics name="Apoptosis" fgcolor="#000000" bgcolor="#FFFFFF"
             type="roundrectangle" x="1214" y="272" width="106" height="25"/>
    </entry>
    <entry id="35" name="path:mmu04610" type="map"
        link="http://www.kegg.jp/dbget-bin/www_bget?mmu04610">
        <graphics name="Complement and coagulation cascades" fgcolor="#000000" bgcolor="#FFFFFF"
             type="roundrectangle" x="978" y="420" width="112" height="34"/>
    </entry>
    <entry id="36" name="mmu:12640 mmu:22094" type="gene"
        link="http://www.kegg.jp/dbget-bin/www_bget?mmu:12640+mmu:22094">
        <graphics name="Cga, CG-alpha, FSHA, GPHA1, GPHalpha, HCG, LHA, Tsha, aGSU, alpha-GSU, alphaGSU, alphaSU..." fgcolor="#000000" bgcolor="#BFFFBF"
             type="rectangle" x="962" y="721" width="46" height="17"/>
    </entry>
    <entry id="37" name="cpd:C02465" type="compound"
        link="http://www.kegg.jp/dbget-bin/www_bget?C02465">
        <graphics name="C02465" fgcolor="#000000" bgcolor="#FFFFFF"
             type="circle" x="1201" y="572" width="8" height="8"/>
    </entry>
    <entry id="38" name="cpd:C01829" type="compound"
        link="http://www.kegg.jp/dbget-bin/www_bget?C01829">
        <graphics name="C01829" fgcolor="#000000" bgcolor="#FFFFFF"
             type="circle" x="1201" y="606" width="8" height="8"/>
    </entry>
    <entry id="39" name="mmu:102642252 mmu:105243590" type="gene"
        link="http://www.kegg.jp/dbget-bin/www_bget?mmu:102642252+mmu:105243590">
        <graphics name="IgH, IgVH..." fgcolor="#000000" bgcolor="#BFFFBF"
             type="rectangle" x="978" y="337" width="46" height="17"/>
    </entry>
    <entry id="40" name="mmu:102642252 mmu:105243590" type="gene"
        link="http://www.kegg.jp/dbget-bin/www_bget?mmu:102642252+mmu:105243590">
        <graphics name="IgH, IgVH..." fgcolor="#000000" bgcolor="#BFFFBF"
             type="rectangle" x="962" y="593" width="46" height="17"/>
    </entry>
    <entry id="41" name="mmu:12477" type="gene"
        link="http://www.kegg.jp/dbget-bin/www_bget?mmu:12477">
        <graphics name="Ctla4, Cd152, Ctla-4, Ly-56" fgcolor="#000000" bgcolor="#BFFFBF"
             type="rectangle" x="276" y="188" width="46" height="17"/>
    </entry>
    <entry id="43" name="mmu:16189" type="gene"
        link="http://www.kegg.jp/dbget-bin/www_bget?mmu:16189">
        <graphics name="Il4, BSF-1, Il-4" fgcolor="#000000" bgcolor="#BFFFBF"
             type="rectangle" x="770" y="263" width="46" height="17"/>
    </entry>
    <entry id="44" name="mmu:16191" type="gene"
        link="http://www.kegg.jp/dbget-bin/www_bget?mmu:16191">
        <graphics name="Il5, Il-5" fgcolor="#000000" bgcolor="#BFFFBF"
             type="rectangle" x="770" y="285" width="46" height="17"/>
    </entry>
    <entry id="45" name="mmu:16189" type="gene"
        link="http://www.kegg.jp/dbget-bin/www_bget?mmu:16189">
        <graphics name="Il4, BSF-1, Il-4" fgcolor="#000000" bgcolor="#BFFFBF"
             type="rectangle" x="770" y="702" width="46" height="17"/>
    </entry>
    <entry id="46" name="mmu:16191" type="gene"
        link="http://www.kegg.jp/dbget-bin/www_bget?mmu:16191">
        <graphics name="Il5, Il-5" fgcolor="#000000" bgcolor="#BFFFBF"
             type="rectangle" x="770" y="729" width="46" height="17"/>
    </entry>
    <entry id="47" name="mmu:16183" type="gene"
        link="http://www.kegg.jp/dbget-bin/www_bget?mmu:16183">
        <graphics name="Il2, Il-2" fgcolor="#000000" bgcolor="#BFFFBF"
             type="rectangle" x="790" y="196" width="46" height="17"/>
    </entry>
    <entry id="48" name="mmu:15962 mmu:15964 mmu:15965 mmu:15967 mmu:15968 mmu:15969 mmu:15970 mmu:15972 mmu:15974 mmu:230396 mmu:242517 mmu:242519 mmu:404549" type="gene"
        link="http://www.kegg.jp/dbget-bin/www_bget?mmu:15962+mmu:15964+mmu:15965+mmu:15967+mmu:15968+mmu:15969+mmu:15970+mmu:15972+mmu:15974+mmu:230396+mmu:242517+mmu:242519+mmu:404549">
        <graphics name="Ifna1, Ifa1..." fgcolor="#000000" bgcolor="#BFFFBF"
             type="rectangle" x="329" y="135" width="46" height="17"/>
    </entry>
    <entry id="49" name="mmu:12519 mmu:12524" type="gene"
        link="http://www.kegg.jp/dbget-bin/www_bget?mmu:12519+mmu:12524">
        <graphics name="Cd80, B71, Cd28l, Ly-53, Ly53, MIC17, TSA1..." fgcolor="#000000" bgcolor="#BFFFBF"
             type="rectangle" x="425" y="289" width="46" height="17"/>
    </entry>
    <entry id="50" name="mmu:12487" type="gene"
        link="http://www.kegg.jp/dbget-bin/www_bget?mmu:12487">
        <graphics name="Cd28" fgcolor="#000000" bgcolor="#BFFFBF"
             type="rectangle" x="505" y="290" width="46" height="17"/>
    </entry>
    <entry id="51" name="mmu:12524" type="gene"
        link="http://www.kegg.jp/dbget-bin/www_bget?mmu:12524">
        <graphics name="Cd86, B7, B7-2, B7.2, B70, CLS1, Cd28l2, ETC-1, Ly-58, Ly58, MB7, MB7-2, TS/A-2" fgcolor="#000000" bgcolor="#BFFFBF"
             type="rectangle" x="425" y="657" width="46" height="17"/>
    </entry>
    <entry id="52" name="mmu:12487" type="gene"
        link="http://www.kegg.jp/dbget-bin/www_bget?mmu:12487">
        <graphics name="Cd28" fgcolor="#000000" bgcolor="#BFFFBF"
             type="rectangle" x="506" y="657" width="46" height="17"/>
    </entry>
    <entry id="53" name="mmu:16153" type="gene"
        link="http://www.kegg.jp/dbget-bin/www_bget?mmu:16153">
        <graphics name="Il10, CSIF, Il-10" fgcolor="#000000" bgcolor="#BFFFBF"
             type="rectangle" x="770" y="753" width="46" height="17"/>
    </entry>
    <entry id="54" name="mmu:16153" type="gene"
        link="http://www.kegg.jp/dbget-bin/www_bget?mmu:16153">
        <graphics name="Il10, CSIF, Il-10" fgcolor="#000000" bgcolor="#BFFFBF"
             type="rectangle" x="770" y="308" width="46" height="17"/>
    </entry>
    <entry id="55" name="path:mmu04918" type="map"
        link="http://www.kegg.jp/dbget-bin/www_bget?mmu04918">
        <graphics name="Thyroid hormone synthesis" fgcolor="#000000" bgcolor="#FFFFFF"
             type="roundrectangle" x="1081" y="528" width="112" height="34"/>
    </entry>
    <relation entry1="4" entry2="5" type="PPrel">
        <subtype name="activation" value="--&gt;"/>
    </relation>
    <relation entry1="49" entry2="50" type="PPrel">
        <subtype name="activation" value="--&gt;"/>
    </relation>
    <relation entry1="20" entry2="21" type="PPrel">
        <subtype name="activation" value="--&gt;"/>
    </relation>
    <relation entry1="29" entry2="27" type="PPrel">
        <subtype name="activation" value="--&gt;"/>
    </relation>
    <relation entry1="51" entry2="52" type="PPrel">
        <subtype name="activation" value="--&gt;"/>
    </relation>
    <relation entry1="40" entry2="25" type="PPrel">
        <subtype name="activation" value="--&gt;"/>
    </relation>
    <relation entry1="28" entry2="26" type="PPrel">
        <subtype name="inhibition" value="--|"/>
    </relation>
</pathway>
