<?xml version="1.0"?>
<!DOCTYPE pathway SYSTEM "http://www.kegg.jp/kegg/xml/KGML_v0.7.1_.dtd">
<!-- Creation date: Dec 15, 2015 16:05:09 +0900 (GMT+9) -->
<pathway name="path:mmu00620" org="mmu" number="00620"
         title="Pyruvate metabolism"
         image="http://www.kegg.jp/kegg/pathway/mmu/mmu00620.png"
         link="http://www.kegg.jp/kegg-bin/show_pathway?mmu00620">
    <entry id="1" name="path:mmu00620" type="map"
        link="http://www.kegg.jp/dbget-bin/www_bget?mmu00620">
        <graphics name="TITLE:Pyruvate metabolism" fgcolor="#000000" bgcolor="#FFFFFF"
             type="roundrectangle" x="138" y="58" width="196" height="25"/>
    </entry>
    <entry id="53" name="path:mmu00760" type="map"
        link="http://www.kegg.jp/dbget-bin/www_bget?mmu00760">
        <graphics name="Nicotinate and nicotinamide metabolism" fgcolor="#000000" bgcolor="#FFFFFF"
             type="roundrectangle" x="173" y="235" width="151" height="34"/>
    </entry>
    <entry id="54" name="mmu:18597 mmu:18598 mmu:68263" type="gene" reaction="rn:R03270"
        link="http://www.kegg.jp/dbget-bin/www_bget?mmu:18597+mmu:18598+mmu:68263">
        <graphics name="Pdha1, Pdha-1..." fgcolor="#000000" bgcolor="#BFFFBF"
             type="rectangle" x="406" y="413" width="46" height="17"/>
    </entry>
    <entry id="55" name="path:mmu00020" type="map"
        link="http://www.kegg.jp/dbget-bin/www_bget?mmu00020">
        <graphics name="Citrate cycle (TCA cycle)" fgcolor="#000000" bgcolor="#FFFFFF"
             type="roundrectangle" x="85" y="658" width="77" height="25"/>
    </entry>
    <entry id="56" name="path:mmu00260" type="map"
        link="http://www.kegg.jp/dbget-bin/www_bget?mmu00260">
        <graphics name="Glycine, serine and threonine metabolism" fgcolor="#000000" bgcolor="#FFFFFF"
             type="roundrectangle" x="564" y="107" width="115" height="34"/>
    </entry>
    <entry id="57" name="path:mmu00010" type="map"
        link="http://www.kegg.jp/dbget-bin/www_bget?mmu00010">
        <graphics name="Glycolysis / Gluconeogenesis" fgcolor="#000000" bgcolor="#FFFFFF"
             type="roundrectangle" x="343" y="98" width="68" height="25"/>
    </entry>
    <entry id="58" name="ko:K01595" type="ortholog" reaction="rn:R00345"
        link="http://www.kegg.jp/dbget-bin/www_bget?K01595">
        <graphics name="K01595" fgcolor="#000000" bgcolor="#FFFFFF"
             type="rectangle" x="221" y="128" width="46" height="17"/>
    </entry>
    <entry id="59" name="mmu:18534 mmu:74551" type="gene" reaction="rn:R00431 rn:R00726"
        link="http://www.kegg.jp/dbget-bin/www_bget?mmu:18534+mmu:74551">
        <graphics name="Pck1, AI265463, PEPCK, Pck-1..." fgcolor="#000000" bgcolor="#BFFFBF"
             type="rectangle" x="221" y="157" width="46" height="17"/>
    </entry>
    <entry id="61" name="ko:K01610" type="ortholog" reaction="rn:R00341"
        link="http://www.kegg.jp/dbget-bin/www_bget?K01610">
        <graphics name="K01610" fgcolor="#000000" bgcolor="#FFFFFF"
             type="rectangle" x="221" y="195" width="46" height="17"/>
    </entry>
    <entry id="62" name="ko:K01006" type="ortholog" reaction="rn:R00206"
        link="http://www.kegg.jp/dbget-bin/www_bget?K01006">
        <graphics name="K01006" fgcolor="#000000" bgcolor="#FFFFFF"
             type="rectangle" x="290" y="198" width="46" height="17"/>
    </entry>
    <entry id="63" name="ko:K01007" type="ortholog" reaction="rn:R00199"
        link="http://www.kegg.jp/dbget-bin/www_bget?K01007">
        <graphics name="K01007" fgcolor="#000000" bgcolor="#FFFFFF"
             type="rectangle" x="340" y="198" width="46" height="17"/>
    </entry>
    <entry id="64" name="mmu:18746 mmu:18770" type="gene" reaction="rn:R00200 rn:R02320"
        link="http://www.kegg.jp/dbget-bin/www_bget?mmu:18746+mmu:18770">
        <graphics name="Pkm, AA414905, AL024370, AL024424, Pk-2, Pk-3, Pk3, Pkm2..." fgcolor="#000000" bgcolor="#BFFFBF"
             type="rectangle" x="386" y="242" width="46" height="17"/>
    </entry>
    <entry id="65" name="ko:K07248" type="ortholog" reaction="rn:R00203"
        link="http://www.kegg.jp/dbget-bin/www_bget?K07248">
        <graphics name="K07248" fgcolor="#000000" bgcolor="#FFFFFF"
             type="rectangle" x="471" y="50" width="46" height="17"/>
    </entry>
    <entry id="67" name="ko:K17741" type="ortholog" reaction="rn:R02260"
        link="http://www.kegg.jp/dbget-bin/www_bget?K17741">
        <graphics name="K17741" fgcolor="#000000" bgcolor="#FFFFFF"
             type="rectangle" x="709" y="71" width="46" height="17"/>
    </entry>
    <entry id="69" name="mmu:109801" type="gene" reaction="rn:R02530"
        link="http://www.kegg.jp/dbget-bin/www_bget?mmu:109801">
        <graphics name="Glo1, 0610009E22Rik, 1110008E19Rik, 2510049H23Rik, AW550643, GLY1, Glo-1, Glo-1r, Glo-1s, Glo1-r, Glo1-s, Qglo" fgcolor="#000000" bgcolor="#BFFFBF"
             type="rectangle" x="671" y="187" width="46" height="17"/>
    </entry>
    <entry id="71" name="ko:K03777 ko:K03778" type="ortholog" reaction="rn:R00704"
        link="http://www.kegg.jp/dbget-bin/www_bget?K03777+K03778">
        <graphics name="K03777..." fgcolor="#000000" bgcolor="#FFFFFF"
             type="rectangle" x="580" y="235" width="46" height="17"/>
    </entry>
    <entry id="72" name="mmu:52815" type="gene" reaction="rn:R00197"
        link="http://www.kegg.jp/dbget-bin/www_bget?mmu:52815">
        <graphics name="Ldhd, 4733401P21Rik, D8Bwg1320e" fgcolor="#000000" bgcolor="#BFFFBF"
             type="rectangle" x="522" y="249" width="46" height="17"/>
    </entry>
    <entry id="73" name="mmu:14651 mmu:68977" type="gene" reaction="rn:R01736"
        link="http://www.kegg.jp/dbget-bin/www_bget?mmu:14651+mmu:68977">
        <graphics name="Hagh, BC019817, Glo-2, Glo2, Rsp29..." fgcolor="#000000" bgcolor="#BFFFBF"
             type="rectangle" x="753" y="187" width="46" height="17"/>
    </entry>
    <entry id="75" name="ko:K07248 ko:K19266" type="ortholog" reaction="rn:R01446"
        link="http://www.kegg.jp/dbget-bin/www_bget?K07248+K19266">
        <graphics name="K07248..." fgcolor="#000000" bgcolor="#FFFFFF"
             type="rectangle" x="862" y="161" width="46" height="17"/>
    </entry>
    <entry id="77" name="ko:K01571 ko:K01572 ko:K01573 ko:K01003" type="ortholog" reaction="rn:R00217"
        link="http://www.kegg.jp/dbget-bin/www_bget?K01571+K01572+K01573+K01003">
        <graphics name="K01571..." fgcolor="#000000" bgcolor="#FFFFFF"
             type="rectangle" x="132" y="350" width="46" height="17"/>
    </entry>
    <entry id="78" name="mmu:18563" type="gene" reaction="rn:R00344"
        link="http://www.kegg.jp/dbget-bin/www_bget?mmu:18563">
        <graphics name="Pcx, Pc, Pcb" fgcolor="#000000" bgcolor="#BFFFBF"
             type="rectangle" x="160" y="373" width="46" height="17"/>
    </entry>
    <entry id="79" name="mmu:107029" type="gene" reaction="rn:R00214"
        link="http://www.kegg.jp/dbget-bin/www_bget?mmu:107029">
        <graphics name="Me2, AW120568, D030040L20Rik, NAD-ME" fgcolor="#000000" bgcolor="#BFFFBF"
             type="rectangle" x="191" y="396" width="46" height="17"/>
    </entry>
    <entry id="80" name="ko:K00028" type="ortholog" reaction="rn:R00214"
        link="http://www.kegg.jp/dbget-bin/www_bget?K00028">
        <graphics name="K00028" fgcolor="#000000" bgcolor="#FFFFFF"
             type="rectangle" x="241" y="396" width="46" height="17"/>
    </entry>
    <entry id="81" name="ko:K00656" type="ortholog" reaction="rn:R00212"
        link="http://www.kegg.jp/dbget-bin/www_bget?K00656">
        <graphics name="K00656" fgcolor="#000000" bgcolor="#FFFFFF"
             type="rectangle" x="296" y="436" width="46" height="17"/>
    </entry>
    <entry id="82" name="mmu:109264 mmu:17436" type="gene" reaction="rn:R00216"
        link="http://www.kegg.jp/dbget-bin/www_bget?mmu:109264+mmu:17436">
        <graphics name="Me3, 1700020C08Rik, B230207H15Rik..." fgcolor="#000000" bgcolor="#BFFFBF"
             type="rectangle" x="217" y="415" width="46" height="17"/>
    </entry>
    <entry id="84" name="ko:K00169 ko:K00170 ko:K00172 ko:K00171 ko:K03737" type="ortholog" reaction="rn:R01196"
        link="http://www.kegg.jp/dbget-bin/www_bget?K00169+K00170+K00172+K00171+K03737">
        <graphics name="K00169..." fgcolor="#000000" bgcolor="#FFFFFF"
             type="rectangle" x="513" y="425" width="46" height="17"/>
    </entry>
    <entry id="85" name="mmu:17448 mmu:17449" type="gene" reaction="rn:R00342"
        link="http://www.kegg.jp/dbget-bin/www_bget?mmu:17448+mmu:17449">
        <graphics name="Mdh2, MDH, Mdh-2, Mor-1, Mor1..." fgcolor="#000000" bgcolor="#BFFFBF"
             type="rectangle" x="136" y="515" width="46" height="17"/>
    </entry>
    <entry id="86" name="ko:K00051" type="ortholog" reaction="rn:R00343"
        link="http://www.kegg.jp/dbget-bin/www_bget?K00051">
        <graphics name="K00051" fgcolor="#000000" bgcolor="#FFFFFF"
             type="rectangle" x="186" y="515" width="46" height="17"/>
    </entry>
    <entry id="87" name="ko:K00116" type="ortholog" reaction="rn:R01257"
        link="http://www.kegg.jp/dbget-bin/www_bget?K00116">
        <graphics name="K00116" fgcolor="#000000" bgcolor="#FFFFFF"
             type="rectangle" x="161" y="534" width="46" height="17"/>
    </entry>
    <entry id="88" name="path:mmu00630" type="map"
        link="http://www.kegg.jp/dbget-bin/www_bget?mmu00630">
        <graphics name="Glyoxylate and dicarboxylate metabolism" fgcolor="#000000" bgcolor="#FFFFFF"
             type="roundrectangle" x="113" y="568" width="70" height="34"/>
    </entry>
    <entry id="89" name="path:mmu00630" type="map"
        link="http://www.kegg.jp/dbget-bin/www_bget?mmu00630">
        <graphics name="Glyoxylate and dicarboxylate metabolism" fgcolor="#000000" bgcolor="#FFFFFF"
             type="roundrectangle" x="254" y="515" width="67" height="34"/>
    </entry>
    <entry id="90" name="ko:K01638" type="ortholog" reaction="rn:R00472"
        link="http://www.kegg.jp/dbget-bin/www_bget?K01638">
        <graphics name="K01638" fgcolor="#000000" bgcolor="#FFFFFF"
             type="rectangle" x="348" y="646" width="46" height="17"/>
    </entry>
    <entry id="91" name="ko:K00101" type="ortholog" reaction="rn:R00196"
        link="http://www.kegg.jp/dbget-bin/www_bget?K00101">
        <graphics name="K00101" fgcolor="#000000" bgcolor="#FFFFFF"
             type="rectangle" x="716" y="283" width="46" height="17"/>
    </entry>
    <entry id="92" name="mmu:106557 mmu:16828 mmu:16832 mmu:16833" type="gene" reaction="rn:R00703"
        link="http://www.kegg.jp/dbget-bin/www_bget?mmu:106557+mmu:16828+mmu:16832+mmu:16833">
        <graphics name="Ldhal6b, 4933402O15Rik, AI326310, LDHL, Ldhal..." fgcolor="#000000" bgcolor="#BFFFBF"
             type="rectangle" x="644" y="297" width="46" height="17"/>
    </entry>
    <entry id="94" name="ko:K00156" type="ortholog" reaction="rn:R03145"
        link="http://www.kegg.jp/dbget-bin/www_bget?K00156">
        <graphics name="K00156" fgcolor="#000000" bgcolor="#FFFFFF"
             type="rectangle" x="644" y="351" width="46" height="17"/>
    </entry>
    <entry id="95" name="ko:K00158" type="ortholog" reaction="rn:R00207"
        link="http://www.kegg.jp/dbget-bin/www_bget?K00158">
        <graphics name="K00158" fgcolor="#000000" bgcolor="#FFFFFF"
             type="rectangle" x="572" y="369" width="46" height="17"/>
    </entry>
    <entry id="96" name="ko:K13788 ko:K00625 ko:K15024" type="ortholog" reaction="rn:R00230"
        link="http://www.kegg.jp/dbget-bin/www_bget?K13788+K00625+K15024">
        <graphics name="K13788..." fgcolor="#000000" bgcolor="#FFFFFF"
             type="rectangle" x="592" y="481" width="46" height="17"/>
    </entry>
    <entry id="97" name="mmu:60525 mmu:68738" type="gene" reaction="rn:R00236"
        link="http://www.kegg.jp/dbget-bin/www_bget?mmu:60525+mmu:68738">
        <graphics name="Acss2, 1110017C11Rik, ACAS, Acas1, Acas2, AceCS1, Acs1..." fgcolor="#000000" bgcolor="#BFFFBF"
             type="rectangle" x="515" y="586" width="46" height="17"/>
    </entry>
    <entry id="98" name="mmu:74156" type="gene" reaction="rn:R00227"
        link="http://www.kegg.jp/dbget-bin/www_bget?mmu:74156">
        <graphics name="Acot12, 1300004O04Rik, 4930449F15Rik, AV027244, Cach, mCACH-1" fgcolor="#000000" bgcolor="#BFFFBF"
             type="rectangle" x="716" y="523" width="46" height="17"/>
    </entry>
    <entry id="99" name="ko:K01026" type="ortholog" reaction="rn:R00928"
        link="http://www.kegg.jp/dbget-bin/www_bget?K01026">
        <graphics name="K01026" fgcolor="#000000" bgcolor="#FFFFFF"
             type="rectangle" x="668" y="554" width="46" height="17"/>
    </entry>
    <entry id="100" name="ko:K01905" type="ortholog" reaction="rn:R00229"
        link="http://www.kegg.jp/dbget-bin/www_bget?K01905">
        <graphics name="K01905" fgcolor="#000000" bgcolor="#FFFFFF"
             type="rectangle" x="716" y="565" width="46" height="17"/>
    </entry>
    <entry id="102" name="mmu:60525 mmu:68738" type="gene" reaction="rn:R00316"
        link="http://www.kegg.jp/dbget-bin/www_bget?mmu:60525+mmu:68738">
        <graphics name="Acss2, 1110017C11Rik, ACAS, Acas1, Acas2, AceCS1, Acs1..." fgcolor="#000000" bgcolor="#BFFFBF"
             type="rectangle" x="716" y="586" width="46" height="17"/>
    </entry>
    <entry id="103" name="mmu:110695 mmu:11669 mmu:11671 mmu:56752 mmu:72535" type="gene" reaction="rn:R00710"
        link="http://www.kegg.jp/dbget-bin/www_bget?mmu:110695+mmu:11669+mmu:11671+mmu:56752+mmu:72535">
        <graphics name="Aldh7a1, Atq1, D18Wsu181e..." fgcolor="#000000" bgcolor="#BFFFBF"
             type="rectangle" x="776" y="598" width="46" height="17"/>
    </entry>
    <entry id="106" name="ko:K00132 ko:K04072 ko:K04073 ko:K18366 ko:K04021" type="ortholog" reaction="rn:R00228"
        link="http://www.kegg.jp/dbget-bin/www_bget?K00132+K04072+K04073+K18366+K04021">
        <graphics name="K00132..." fgcolor="#000000" bgcolor="#FFFFFF"
             type="rectangle" x="588" y="642" width="46" height="17"/>
    </entry>
    <entry id="107" name="path:mmu00640" type="map"
        link="http://www.kegg.jp/dbget-bin/www_bget?mmu00640">
        <graphics name="Propanoate metabolism" fgcolor="#000000" bgcolor="#FFFFFF"
             type="roundrectangle" x="354" y="564" width="76" height="34"/>
    </entry>
    <entry id="108" name="mmu:110446 mmu:110460" type="gene" reaction="rn:R00238"
        link="http://www.kegg.jp/dbget-bin/www_bget?mmu:110446+mmu:110460">
        <graphics name="Acat1, 6330585C21Rik, Acat..." fgcolor="#000000" bgcolor="#BFFFBF"
             type="rectangle" x="348" y="702" width="46" height="17"/>
    </entry>
    <entry id="109" name="ko:K01649" type="ortholog" reaction="rn:R01213"
        link="http://www.kegg.jp/dbget-bin/www_bget?K01649">
        <graphics name="K01649" fgcolor="#000000" bgcolor="#FFFFFF"
             type="rectangle" x="465" y="665" width="46" height="17"/>
    </entry>
    <entry id="110" name="path:mmu00650" type="map"
        link="http://www.kegg.jp/dbget-bin/www_bget?mmu00650">
        <graphics name="Butanoate metabolism" fgcolor="#000000" bgcolor="#FFFFFF"
             type="roundrectangle" x="111" y="702" width="129" height="25"/>
    </entry>
    <entry id="111" name="path:mmu00072" type="map"
        link="http://www.kegg.jp/dbget-bin/www_bget?mmu00072">
        <graphics name="Synthesis and degradation of ketone bodies" fgcolor="#000000" bgcolor="#FFFFFF"
             type="roundrectangle" x="116" y="734" width="140" height="34"/>
    </entry>
    <entry id="114" name="ko:K01655 ko:K02594 ko:K10977" type="ortholog" reaction="rn:R00271"
        link="http://www.kegg.jp/dbget-bin/www_bget?K01655+K02594+K10977">
        <graphics name="K01655..." fgcolor="#000000" bgcolor="#FFFFFF"
             type="rectangle" x="465" y="702" width="46" height="17"/>
    </entry>
    <entry id="115" name="mmu:100705 mmu:107476" type="gene" reaction="rn:R00742"
        link="http://www.kegg.jp/dbget-bin/www_bget?mmu:100705+mmu:107476">
        <graphics name="Acacb, AI597064, AW743042, Acc2, Accb..." fgcolor="#000000" bgcolor="#BFFFBF"
             type="rectangle" x="465" y="739" width="46" height="17"/>
    </entry>
    <entry id="116" name="path:mmu00290" type="map"
        link="http://www.kegg.jp/dbget-bin/www_bget?mmu00290">
        <graphics name="Valine, leucine and isoleucine biosynthesis" fgcolor="#000000" bgcolor="#FFFFFF"
             type="roundrectangle" x="708" y="666" width="119" height="25"/>
    </entry>
    <entry id="117" name="path:mmu00300" type="map"
        link="http://www.kegg.jp/dbget-bin/www_bget?mmu00300">
        <graphics name="Lysine biosynthesis" fgcolor="#000000" bgcolor="#FFFFFF"
             type="roundrectangle" x="705" y="703" width="114" height="25"/>
    </entry>
    <entry id="118" name="path:mmu00061" type="map"
        link="http://www.kegg.jp/dbget-bin/www_bget?mmu00061">
        <graphics name="Fatty acid biosynthesis" fgcolor="#000000" bgcolor="#FFFFFF"
             type="roundrectangle" x="713" y="739" width="130" height="25"/>
    </entry>
    <entry id="121" name="mmu:76238" type="gene" reaction="rn:R02527"
        link="http://www.kegg.jp/dbget-bin/www_bget?mmu:76238">
        <graphics name="Grhpr, 1110059D05Rik, 6430629L09Rik" fgcolor="#000000" bgcolor="#BFFFBF"
             type="rectangle" x="709" y="138" width="46" height="17"/>
    </entry>
    <entry id="122" name="mmu:18597 mmu:18598 mmu:68263" type="gene" reaction="rn:R00014"
        link="http://www.kegg.jp/dbget-bin/www_bget?mmu:18597+mmu:18598+mmu:68263">
        <graphics name="Pdha1, Pdha-1..." fgcolor="#000000" bgcolor="#BFFFBF"
             type="rectangle" x="405" y="353" width="46" height="17"/>
    </entry>
    <entry id="123" name="mmu:235339" type="gene" reaction="rn:R02569"
        link="http://www.kegg.jp/dbget-bin/www_bget?mmu:235339">
        <graphics name="Dlat, 6332404G05Rik, DLTA, PDC-E2" fgcolor="#000000" bgcolor="#BFFFBF"
             type="rectangle" x="406" y="485" width="46" height="17"/>
    </entry>
    <entry id="124" name="mmu:13382" type="gene" reaction="rn:R07618"
        link="http://www.kegg.jp/dbget-bin/www_bget?mmu:13382">
        <graphics name="Dld" fgcolor="#000000" bgcolor="#BFFFBF"
             type="rectangle" x="367" y="451" width="46" height="17"/>
    </entry>
    <entry id="126" name="path:mmu00290" type="map"
        link="http://www.kegg.jp/dbget-bin/www_bget?mmu00290">
        <graphics name="Valine, leucine and isoleucine biosynthesis" fgcolor="#000000" bgcolor="#FFFFFF"
             type="roundrectangle" x="163" y="275" width="132" height="34"/>
    </entry>
    <entry id="128" name="ko:K00925" type="ortholog" reaction="rn:R00315"
        link="http://www.kegg.jp/dbget-bin/www_bget?K00925">
        <graphics name="K00925" fgcolor="#000000" bgcolor="#FFFFFF"
             type="rectangle" x="716" y="402" width="46" height="17"/>
    </entry>
    <entry id="129" name="mmu:66204 mmu:75572" type="gene" reaction="rn:R00317"
        link="http://www.kegg.jp/dbget-bin/www_bget?mmu:66204+mmu:75572">
        <graphics name="Acyp1, 1110039O14Rik, AI325944..." fgcolor="#000000" bgcolor="#BFFFBF"
             type="rectangle" x="716" y="455" width="46" height="17"/>
    </entry>
    <entry id="130" name="ko:K00467" type="ortholog" reaction="rn:R00319"
        link="http://www.kegg.jp/dbget-bin/www_bget?K00467">
        <graphics name="K00467" fgcolor="#000000" bgcolor="#FFFFFF"
             type="rectangle" x="800" y="334" width="46" height="17"/>
    </entry>
    <entry id="136" name="ko:K04020" type="ortholog" reaction="rn:R00230"
        link="http://www.kegg.jp/dbget-bin/www_bget?K04020">
        <graphics name="K04020" fgcolor="#000000" bgcolor="#FFFFFF"
             type="rectangle" x="644" y="481" width="46" height="17"/>
    </entry>
    <entry id="137" name="cpd:C15973" type="compound"
        link="http://www.kegg.jp/dbget-bin/www_bget?C15973">
        <graphics name="C15973" fgcolor="#000000" bgcolor="#FFFFFF"
             type="circle" x="368" y="482" width="8" height="8"/>
    </entry>
    <entry id="138" name="cpd:C15972" type="compound"
        link="http://www.kegg.jp/dbget-bin/www_bget?C15972">
        <graphics name="C15972" fgcolor="#000000" bgcolor="#FFFFFF"
             type="circle" x="368" y="419" width="8" height="8"/>
    </entry>
    <entry id="139" name="cpd:C16255" type="compound"
        link="http://www.kegg.jp/dbget-bin/www_bget?C16255">
        <graphics name="C16255" fgcolor="#000000" bgcolor="#FFFFFF"
             type="circle" x="406" y="448" width="8" height="8"/>
    </entry>
    <entry id="140" name="cpd:C05125" type="compound"
        link="http://www.kegg.jp/dbget-bin/www_bget?C05125">
        <graphics name="C05125" fgcolor="#000000" bgcolor="#FFFFFF"
             type="circle" x="406" y="387" width="8" height="8"/>
    </entry>
    <entry id="141" name="cpd:C03248" type="compound"
        link="http://www.kegg.jp/dbget-bin/www_bget?C03248">
        <graphics name="C03248" fgcolor="#000000" bgcolor="#FFFFFF"
             type="circle" x="541" y="137" width="8" height="8"/>
    </entry>
    <entry id="142" name="cpd:C00074" type="compound"
        link="http://www.kegg.jp/dbget-bin/www_bget?C00074">
        <graphics name="C00074" fgcolor="#000000" bgcolor="#FFFFFF"
             type="circle" x="403" y="179" width="8" height="8"/>
    </entry>
    <entry id="143" name="cpd:C03981" type="compound"
        link="http://www.kegg.jp/dbget-bin/www_bget?C03981">
        <graphics name="C03981" fgcolor="#000000" bgcolor="#FFFFFF"
             type="circle" x="541" y="196" width="8" height="8"/>
    </entry>
    <entry id="144" name="cpd:C00058" type="compound"
        link="http://www.kegg.jp/dbget-bin/www_bget?C00058">
        <graphics name="C00058" fgcolor="#000000" bgcolor="#FFFFFF"
             type="circle" x="252" y="460" width="8" height="8"/>
    </entry>
    <entry id="145" name="cpd:C00149" type="compound"
        link="http://www.kegg.jp/dbget-bin/www_bget?C00149">
        <graphics name="C00149" fgcolor="#000000" bgcolor="#FFFFFF"
             type="circle" x="161" y="602" width="8" height="8"/>
    </entry>
    <entry id="146" name="cpd:C00332" type="compound"
        link="http://www.kegg.jp/dbget-bin/www_bget?C00332">
        <graphics name="C00332" fgcolor="#000000" bgcolor="#FFFFFF"
             type="circle" x="274" y="702" width="8" height="8"/>
    </entry>
    <entry id="147" name="cpd:C00024" type="compound"
        link="http://www.kegg.jp/dbget-bin/www_bget?C00024">
        <graphics name="C00024" fgcolor="#000000" bgcolor="#FFFFFF"
             type="circle" x="406" y="521" width="8" height="8"/>
    </entry>
    <entry id="148" name="cpd:C00227" type="compound"
        link="http://www.kegg.jp/dbget-bin/www_bget?C00227">
        <graphics name="C00227" fgcolor="#000000" bgcolor="#FFFFFF"
             type="circle" x="646" y="391" width="8" height="8"/>
    </entry>
    <entry id="149" name="cpd:C05993" type="compound"
        link="http://www.kegg.jp/dbget-bin/www_bget?C05993">
        <graphics name="C05993" fgcolor="#000000" bgcolor="#FFFFFF"
             type="circle" x="617" y="585" width="8" height="8"/>
    </entry>
    <entry id="150" name="cpd:C02504" type="compound"
        link="http://www.kegg.jp/dbget-bin/www_bget?C02504">
        <graphics name="C02504" fgcolor="#000000" bgcolor="#FFFFFF"
             type="circle" x="543" y="665" width="8" height="8"/>
    </entry>
    <entry id="151" name="cpd:C02488" type="compound"
        link="http://www.kegg.jp/dbget-bin/www_bget?C02488">
        <graphics name="C02488" fgcolor="#000000" bgcolor="#FFFFFF"
             type="circle" x="274" y="674" width="8" height="8"/>
    </entry>
    <entry id="152" name="cpd:C05994" type="compound"
        link="http://www.kegg.jp/dbget-bin/www_bget?C05994">
        <graphics name="C05994" fgcolor="#000000" bgcolor="#FFFFFF"
             type="circle" x="274" y="739" width="8" height="8"/>
    </entry>
    <entry id="153" name="cpd:C01251" type="compound"
        link="http://www.kegg.jp/dbget-bin/www_bget?C01251">
        <graphics name="C01251" fgcolor="#000000" bgcolor="#FFFFFF"
             type="circle" x="543" y="702" width="8" height="8"/>
    </entry>
    <entry id="154" name="cpd:C00083" type="compound"
        link="http://www.kegg.jp/dbget-bin/www_bget?C00083">
        <graphics name="C00083" fgcolor="#000000" bgcolor="#FFFFFF"
             type="circle" x="543" y="739" width="8" height="8"/>
    </entry>
    <entry id="155" name="cpd:C00084" type="compound"
        link="http://www.kegg.jp/dbget-bin/www_bget?C00084">
        <graphics name="C00084" fgcolor="#000000" bgcolor="#FFFFFF"
             type="circle" x="801" y="642" width="8" height="8"/>
    </entry>
    <entry id="156" name="cpd:C00033" type="compound"
        link="http://www.kegg.jp/dbget-bin/www_bget?C00033">
        <graphics name="C00033" fgcolor="#000000" bgcolor="#FFFFFF"
             type="circle" x="797" y="524" width="8" height="8"/>
    </entry>
    <entry id="157" name="cpd:C00186" type="compound"
        link="http://www.kegg.jp/dbget-bin/www_bget?C00186">
        <graphics name="C00186" fgcolor="#000000" bgcolor="#FFFFFF"
             type="circle" x="800" y="307" width="8" height="8"/>
    </entry>
    <entry id="158" name="cpd:C00256" type="compound"
        link="http://www.kegg.jp/dbget-bin/www_bget?C00256">
        <graphics name="C00256" fgcolor="#000000" bgcolor="#FFFFFF"
             type="circle" x="800" y="234" width="8" height="8"/>
    </entry>
    <entry id="159" name="cpd:C03451" type="compound"
        link="http://www.kegg.jp/dbget-bin/www_bget?C03451">
        <graphics name="C03451" fgcolor="#000000" bgcolor="#FFFFFF"
             type="circle" x="713" y="187" width="8" height="8"/>
    </entry>
    <entry id="160" name="cpd:C00937" type="compound"
        link="http://www.kegg.jp/dbget-bin/www_bget?C00937">
        <graphics name="C00937" fgcolor="#000000" bgcolor="#FFFFFF"
             type="circle" x="803" y="127" width="8" height="8"/>
    </entry>
    <entry id="161" name="cpd:C00424" type="compound"
        link="http://www.kegg.jp/dbget-bin/www_bget?C00424">
        <graphics name="C00424" fgcolor="#000000" bgcolor="#FFFFFF"
             type="circle" x="803" y="71" width="8" height="8"/>
    </entry>
    <entry id="162" name="cpd:C00546" type="compound"
        link="http://www.kegg.jp/dbget-bin/www_bget?C00546">
        <graphics name="C00546" fgcolor="#000000" bgcolor="#FFFFFF"
             type="circle" x="636" y="71" width="8" height="8"/>
    </entry>
    <entry id="163" name="cpd:C00022" type="compound"
        link="http://www.kegg.jp/dbget-bin/www_bget?C00022">
        <graphics name="C00022" fgcolor="#000000" bgcolor="#FFFFFF"
             type="circle" x="406" y="310" width="8" height="8"/>
    </entry>
    <entry id="164" name="cpd:C00036" type="compound"
        link="http://www.kegg.jp/dbget-bin/www_bget?C00036">
        <graphics name="C00036" fgcolor="#000000" bgcolor="#FFFFFF"
             type="circle" x="161" y="455" width="8" height="8"/>
    </entry>
    <entry id="165" name="cpd:C00068" type="compound"
        link="http://www.kegg.jp/dbget-bin/www_bget?C00068">
        <graphics name="C00068" fgcolor="#000000" bgcolor="#FFFFFF"
             type="circle" x="444" y="372" width="8" height="8"/>
    </entry>
    <entry id="167" name="ko:K05523 ko:K18881" type="ortholog" reaction="rn:R09796"
        link="http://www.kegg.jp/dbget-bin/www_bget?K05523+K18881">
        <graphics name="K05523..." fgcolor="#000000" bgcolor="#FFFFFF"
             type="rectangle" x="632" y="211" width="46" height="17"/>
    </entry>
    <entry id="168" name="ko:K18118" type="ortholog" reaction="rn:R10343"
        link="http://www.kegg.jp/dbget-bin/www_bget?K18118">
        <graphics name="K18118" fgcolor="#000000" bgcolor="#FFFFFF"
             type="rectangle" x="716" y="544" width="46" height="17"/>
    </entry>
    <entry id="170" name="cpd:C00122" type="compound"
        link="http://www.kegg.jp/dbget-bin/www_bget?C00122">
        <graphics name="C00122" fgcolor="#000000" bgcolor="#FFFFFF"
             type="circle" x="261" y="606" width="8" height="8"/>
    </entry>
    <entry id="172" name="cpd:C00042" type="compound"
        link="http://www.kegg.jp/dbget-bin/www_bget?C00042">
        <graphics name="C00042" fgcolor="#000000" bgcolor="#FFFFFF"
             type="circle" x="354" y="606" width="8" height="8"/>
    </entry>
    <entry id="173" name="mmu:14194" type="gene" reaction="rn:R01082"
        link="http://www.kegg.jp/dbget-bin/www_bget?mmu:14194">
        <graphics name="Fh1, Fh, Fh-1" fgcolor="#000000" bgcolor="#BFFFBF"
             type="rectangle" x="211" y="610" width="46" height="17"/>
    </entry>
    <entry id="174" name="ko:K00244 ko:K00245 ko:K00246 ko:K00247" type="ortholog" reaction="rn:R02164"
        link="http://www.kegg.jp/dbget-bin/www_bget?K00244+K00245+K00246+K00247">
        <graphics name="K00244..." fgcolor="#000000" bgcolor="#FFFFFF"
             type="rectangle" x="306" y="606" width="46" height="17"/>
    </entry>
    <entry id="175" name="ko:K00138" type="ortholog" reaction="rn:R00711"
        link="http://www.kegg.jp/dbget-bin/www_bget?K00138">
        <graphics name="K00138" fgcolor="#000000" bgcolor="#FFFFFF"
             type="rectangle" x="826" y="598" width="46" height="17"/>
    </entry>
    <entry id="176" name="ko:K03737" type="ortholog" reaction="rn:R10866"
        link="http://www.kegg.jp/dbget-bin/www_bget?K03737">
        <graphics name="K03737" fgcolor="#000000" bgcolor="#FFFFFF"
             type="rectangle" x="539" y="444" width="46" height="17"/>
    </entry>
    <entry id="178" name="ko:K00174 ko:K00175" type="ortholog" reaction="rn:R01196"
        link="http://www.kegg.jp/dbget-bin/www_bget?K00174+K00175">
        <graphics name="K00174..." fgcolor="#000000" bgcolor="#FFFFFF"
             type="rectangle" x="484" y="397" width="46" height="17"/>
    </entry>
    <relation entry1="69" entry2="121" type="ECrel">
        <subtype name="compound" value="162"/>
    </relation>
    <relation entry1="69" entry2="73" type="ECrel">
        <subtype name="compound" value="159"/>
    </relation>
    <relation entry1="72" entry2="73" type="ECrel">
        <subtype name="compound" value="158"/>
    </relation>
    <relation entry1="102" entry2="129" type="ECrel">
        <subtype name="compound" value="156"/>
    </relation>
    <relation entry1="98" entry2="129" type="ECrel">
        <subtype name="compound" value="156"/>
    </relation>
    <relation entry1="103" entry2="129" type="ECrel">
        <subtype name="compound" value="156"/>
    </relation>
    <relation entry1="98" entry2="102" type="ECrel">
        <subtype name="compound" value="156"/>
    </relation>
    <relation entry1="102" entry2="103" type="ECrel">
        <subtype name="compound" value="156"/>
    </relation>
    <relation entry1="98" entry2="103" type="ECrel">
        <subtype name="compound" value="156"/>
    </relation>
    <relation entry1="97" entry2="102" type="ECrel">
        <subtype name="compound" value="149"/>
    </relation>
    <relation entry1="97" entry2="123" type="ECrel">
        <subtype name="compound" value="147"/>
    </relation>
    <relation entry1="98" entry2="123" type="ECrel">
        <subtype name="compound" value="147"/>
    </relation>
    <relation entry1="115" entry2="123" type="ECrel">
        <subtype name="compound" value="147"/>
    </relation>
    <relation entry1="108" entry2="123" type="ECrel">
        <subtype name="compound" value="147"/>
    </relation>
    <relation entry1="97" entry2="98" type="ECrel">
        <subtype name="compound" value="147"/>
    </relation>
    <relation entry1="97" entry2="115" type="ECrel">
        <subtype name="compound" value="147"/>
    </relation>
    <relation entry1="97" entry2="108" type="ECrel">
        <subtype name="compound" value="147"/>
    </relation>
    <relation entry1="98" entry2="115" type="ECrel">
        <subtype name="compound" value="147"/>
    </relation>
    <relation entry1="98" entry2="108" type="ECrel">
        <subtype name="compound" value="147"/>
    </relation>
    <relation entry1="108" entry2="115" type="ECrel">
        <subtype name="compound" value="147"/>
    </relation>
    <relation entry1="82" entry2="85" type="ECrel">
        <subtype name="compound" value="145"/>
    </relation>
    <relation entry1="79" entry2="85" type="ECrel">
        <subtype name="compound" value="145"/>
    </relation>
    <relation entry1="59" entry2="78" type="ECrel">
        <subtype name="compound" value="164"/>
    </relation>
    <relation entry1="78" entry2="85" type="ECrel">
        <subtype name="compound" value="164"/>
    </relation>
    <relation entry1="59" entry2="85" type="ECrel">
        <subtype name="compound" value="164"/>
    </relation>
    <relation entry1="64" entry2="92" type="ECrel">
        <subtype name="compound" value="163"/>
    </relation>
    <relation entry1="64" entry2="72" type="ECrel">
        <subtype name="compound" value="163"/>
    </relation>
    <relation entry1="64" entry2="122" type="ECrel">
        <subtype name="compound" value="163"/>
    </relation>
    <relation entry1="64" entry2="78" type="ECrel">
        <subtype name="compound" value="163"/>
    </relation>
    <relation entry1="64" entry2="79" type="ECrel">
        <subtype name="compound" value="163"/>
    </relation>
    <relation entry1="64" entry2="82" type="ECrel">
        <subtype name="compound" value="163"/>
    </relation>
    <relation entry1="72" entry2="92" type="ECrel">
        <subtype name="compound" value="163"/>
    </relation>
    <relation entry1="92" entry2="122" type="ECrel">
        <subtype name="compound" value="163"/>
    </relation>
    <relation entry1="78" entry2="92" type="ECrel">
        <subtype name="compound" value="163"/>
    </relation>
    <relation entry1="79" entry2="92" type="ECrel">
        <subtype name="compound" value="163"/>
    </relation>
    <relation entry1="82" entry2="92" type="ECrel">
        <subtype name="compound" value="163"/>
    </relation>
    <relation entry1="72" entry2="122" type="ECrel">
        <subtype name="compound" value="163"/>
    </relation>
    <relation entry1="72" entry2="78" type="ECrel">
        <subtype name="compound" value="163"/>
    </relation>
    <relation entry1="72" entry2="79" type="ECrel">
        <subtype name="compound" value="163"/>
    </relation>
    <relation entry1="72" entry2="82" type="ECrel">
        <subtype name="compound" value="163"/>
    </relation>
    <relation entry1="78" entry2="122" type="ECrel">
        <subtype name="compound" value="163"/>
    </relation>
    <relation entry1="79" entry2="122" type="ECrel">
        <subtype name="compound" value="163"/>
    </relation>
    <relation entry1="82" entry2="122" type="ECrel">
        <subtype name="compound" value="163"/>
    </relation>
    <relation entry1="78" entry2="79" type="ECrel">
        <subtype name="compound" value="163"/>
    </relation>
    <relation entry1="78" entry2="82" type="ECrel">
        <subtype name="compound" value="163"/>
    </relation>
    <relation entry1="59" entry2="64" type="ECrel">
        <subtype name="compound" value="142"/>
    </relation>
    <relation entry1="123" entry2="54" type="ECrel">
        <subtype name="compound" value="139"/>
    </relation>
    <relation entry1="124" entry2="54" type="ECrel">
        <subtype name="compound" value="138"/>
    </relation>
    <relation entry1="123" entry2="124" type="ECrel">
        <subtype name="compound" value="137"/>
    </relation>
    <relation entry1="121" entry2="56" type="maplink">
        <subtype name="compound" value="162"/>
    </relation>
    <relation entry1="69" entry2="56" type="maplink">
        <subtype name="compound" value="162"/>
    </relation>
    <relation entry1="123" entry2="107" type="maplink">
        <subtype name="compound" value="147"/>
    </relation>
    <relation entry1="97" entry2="107" type="maplink">
        <subtype name="compound" value="147"/>
    </relation>
    <relation entry1="98" entry2="107" type="maplink">
        <subtype name="compound" value="147"/>
    </relation>
    <relation entry1="115" entry2="107" type="maplink">
        <subtype name="compound" value="147"/>
    </relation>
    <relation entry1="108" entry2="107" type="maplink">
        <subtype name="compound" value="147"/>
    </relation>
    <relation entry1="115" entry2="118" type="maplink">
        <subtype name="compound" value="154"/>
    </relation>
    <relation entry1="110" entry2="111" type="maplink">
        <subtype name="compound" value="146"/>
    </relation>
    <relation entry1="108" entry2="110" type="maplink">
        <subtype name="compound" value="146"/>
    </relation>
    <relation entry1="108" entry2="111" type="maplink">
        <subtype name="compound" value="146"/>
    </relation>
    <relation entry1="85" entry2="89" type="maplink">
        <subtype name="compound" value="145"/>
    </relation>
    <relation entry1="82" entry2="89" type="maplink">
        <subtype name="compound" value="145"/>
    </relation>
    <relation entry1="79" entry2="89" type="maplink">
        <subtype name="compound" value="145"/>
    </relation>
    <relation entry1="78" entry2="88" type="maplink">
        <subtype name="compound" value="164"/>
    </relation>
    <relation entry1="78" entry2="55" type="maplink">
        <subtype name="compound" value="164"/>
    </relation>
    <relation entry1="59" entry2="88" type="maplink">
        <subtype name="compound" value="164"/>
    </relation>
    <relation entry1="59" entry2="55" type="maplink">
        <subtype name="compound" value="164"/>
    </relation>
    <relation entry1="85" entry2="88" type="maplink">
        <subtype name="compound" value="164"/>
    </relation>
    <relation entry1="85" entry2="55" type="maplink">
        <subtype name="compound" value="164"/>
    </relation>
    <relation entry1="55" entry2="88" type="maplink">
        <subtype name="compound" value="164"/>
    </relation>
    <relation entry1="59" entry2="57" type="maplink">
        <subtype name="compound" value="142"/>
    </relation>
    <relation entry1="64" entry2="57" type="maplink">
        <subtype name="compound" value="142"/>
    </relation>
    <relation entry1="78" entry2="126" type="maplink">
        <subtype name="compound" value="163"/>
    </relation>
    <relation entry1="79" entry2="126" type="maplink">
        <subtype name="compound" value="163"/>
    </relation>
    <relation entry1="82" entry2="126" type="maplink">
        <subtype name="compound" value="163"/>
    </relation>
    <relation entry1="122" entry2="126" type="maplink">
        <subtype name="compound" value="163"/>
    </relation>
    <relation entry1="64" entry2="126" type="maplink">
        <subtype name="compound" value="163"/>
    </relation>
    <relation entry1="72" entry2="126" type="maplink">
        <subtype name="compound" value="163"/>
    </relation>
    <relation entry1="92" entry2="126" type="maplink">
        <subtype name="compound" value="163"/>
    </relation>
    <relation entry1="126" entry2="53" type="maplink">
        <subtype name="compound" value="163"/>
    </relation>
    <relation entry1="78" entry2="53" type="maplink">
        <subtype name="compound" value="163"/>
    </relation>
    <relation entry1="79" entry2="53" type="maplink">
        <subtype name="compound" value="163"/>
    </relation>
    <relation entry1="82" entry2="53" type="maplink">
        <subtype name="compound" value="163"/>
    </relation>
    <relation entry1="122" entry2="53" type="maplink">
        <subtype name="compound" value="163"/>
    </relation>
    <relation entry1="92" entry2="53" type="maplink">
        <subtype name="compound" value="163"/>
    </relation>
    <relation entry1="72" entry2="53" type="maplink">
        <subtype name="compound" value="163"/>
    </relation>
    <relation entry1="64" entry2="53" type="maplink">
        <subtype name="compound" value="163"/>
    </relation>
    <relation entry1="173" entry2="89" type="maplink">
        <subtype name="compound" value="145"/>
    </relation>
    <relation entry1="173" entry2="85" type="ECrel">
        <subtype name="compound" value="145"/>
    </relation>
    <relation entry1="173" entry2="82" type="ECrel">
        <subtype name="compound" value="145"/>
    </relation>
    <relation entry1="173" entry2="79" type="ECrel">
        <subtype name="compound" value="145"/>
    </relation>
    <reaction id="54" name="rn:R03270" type="irreversible">
        <substrate id="140" name="cpd:C05125"/>
        <substrate id="138" name="cpd:C15972"/>
        <product id="139" name="cpd:C16255"/>
        <product id="165" name="cpd:C00068"/>
    </reaction>
    <reaction id="59" name="rn:R00431 rn:R00726" type="reversible">
        <substrate id="164" name="cpd:C00036"/>
        <product id="142" name="cpd:C00074"/>
    </reaction>
    <reaction id="64" name="rn:R00200 rn:R02320" type="irreversible">
        <substrate id="142" name="cpd:C00074"/>
        <product id="163" name="cpd:C00022"/>
    </reaction>
    <reaction id="69" name="rn:R02530" type="reversible">
        <substrate id="159" name="cpd:C03451"/>
        <product id="162" name="cpd:C00546"/>
    </reaction>
    <reaction id="72" name="rn:R00197" type="irreversible">
        <substrate id="158" name="cpd:C00256"/>
        <product id="163" name="cpd:C00022"/>
    </reaction>
    <reaction id="73" name="rn:R01736" type="irreversible">
        <substrate id="159" name="cpd:C03451"/>
        <product id="158" name="cpd:C00256"/>
    </reaction>
    <reaction id="78" name="rn:R00344" type="irreversible">
        <substrate id="163" name="cpd:C00022"/>
        <product id="164" name="cpd:C00036"/>
    </reaction>
    <reaction id="79" name="rn:R00214" type="reversible">
        <substrate id="145" name="cpd:C00149"/>
        <product id="163" name="cpd:C00022"/>
    </reaction>
    <reaction id="82" name="rn:R00216" type="reversible">
        <substrate id="145" name="cpd:C00149"/>
        <product id="163" name="cpd:C00022"/>
    </reaction>
    <reaction id="85" name="rn:R00342" type="reversible">
        <substrate id="145" name="cpd:C00149"/>
        <product id="164" name="cpd:C00036"/>
    </reaction>
    <reaction id="92" name="rn:R00703" type="reversible">
        <substrate id="157" name="cpd:C00186"/>
        <product id="163" name="cpd:C00022"/>
    </reaction>
    <reaction id="97" name="rn:R00236" type="reversible">
        <substrate id="149" name="cpd:C05993"/>
        <product id="147" name="cpd:C00024"/>
    </reaction>
    <reaction id="98" name="rn:R00227" type="irreversible">
        <substrate id="147" name="cpd:C00024"/>
        <product id="156" name="cpd:C00033"/>
    </reaction>
    <reaction id="102" name="rn:R00316" type="reversible">
        <substrate id="156" name="cpd:C00033"/>
        <product id="149" name="cpd:C05993"/>
    </reaction>
    <reaction id="103" name="rn:R00710" type="reversible">
        <substrate id="155" name="cpd:C00084"/>
        <product id="156" name="cpd:C00033"/>
    </reaction>
    <reaction id="108" name="rn:R00238" type="irreversible">
        <substrate id="147" name="cpd:C00024"/>
        <product id="146" name="cpd:C00332"/>
    </reaction>
    <reaction id="115" name="rn:R00742" type="irreversible">
        <substrate id="147" name="cpd:C00024"/>
        <product id="154" name="cpd:C00083"/>
    </reaction>
    <reaction id="121" name="rn:R02527" type="reversible">
        <substrate id="160" name="cpd:C00937"/>
        <product id="162" name="cpd:C00546"/>
    </reaction>
    <reaction id="122" name="rn:R00014" type="irreversible">
        <substrate id="163" name="cpd:C00022"/>
        <substrate id="165" name="cpd:C00068"/>
        <product id="140" name="cpd:C05125"/>
    </reaction>
    <reaction id="123" name="rn:R02569" type="reversible">
        <substrate id="137" name="cpd:C15973"/>
        <substrate id="147" name="cpd:C00024"/>
        <product id="139" name="cpd:C16255"/>
    </reaction>
    <reaction id="124" name="rn:R07618" type="reversible">
        <substrate id="137" name="cpd:C15973"/>
        <product id="138" name="cpd:C15972"/>
    </reaction>
    <reaction id="129" name="rn:R00317" type="irreversible">
        <substrate id="148" name="cpd:C00227"/>
        <product id="156" name="cpd:C00033"/>
    </reaction>
    <reaction id="173" name="rn:R01082" type="reversible">
        <substrate id="145" name="cpd:C00149"/>
        <product id="170" name="cpd:C00122"/>
    </reaction>
</pathway>
