<?xml version="1.0"?>
<!DOCTYPE pathway SYSTEM "http://www.kegg.jp/kegg/xml/KGML_v0.7.1_.dtd">
<!-- Creation date: Jan 26, 2016 12:02:07 +0900 (GMT+9) -->
<pathway name="path:mmu05215" org="mmu" number="05215"
         title="Prostate cancer"
         image="http://www.kegg.jp/kegg/pathway/mmu/mmu05215.png"
         link="http://www.kegg.jp/kegg-bin/show_pathway?mmu05215">
    <entry id="1" name="path:mmu04115" type="map"
        link="http://www.kegg.jp/dbget-bin/www_bget?mmu04115">
        <graphics name="p53 signaling pathway" fgcolor="#000000" bgcolor="#FFFFFF"
             type="roundrectangle" x="1002" y="435" width="104" height="34"/>
    </entry>
    <entry id="2" name="path:mmu04060" type="map"
        link="http://www.kegg.jp/dbget-bin/www_bget?mmu04060">
        <graphics name="Cytokine-cytokine receptor interaction" fgcolor="#000000" bgcolor="#FFFFFF"
             type="roundrectangle" x="231" y="507" width="104" height="34"/>
    </entry>
    <entry id="3" name="path:mmu00140" type="map"
        link="http://www.kegg.jp/dbget-bin/www_bget?mmu00140">
        <graphics name="Steroid hormone biosynthesis" fgcolor="#000000" bgcolor="#FFFFFF"
             type="roundrectangle" x="94" y="594" width="126" height="34"/>
    </entry>
    <entry id="4" name="mmu:94224" type="gene"
        link="http://www.kegg.jp/dbget-bin/www_bget?mmu:94224">
        <graphics name="Srd5a2, 5ART2, S5AR_2" fgcolor="#000000" bgcolor="#BFFFBF"
             type="rectangle" x="209" y="595" width="46" height="17"/>
    </entry>
    <entry id="5" name="mmu:11835" type="gene"
        link="http://www.kegg.jp/dbget-bin/www_bget?mmu:11835">
        <graphics name="Ar, AW320017, Tfm" fgcolor="#000000" bgcolor="#BFFFBF"
             type="rectangle" x="603" y="706" width="46" height="17"/>
    </entry>
    <entry id="6" name="mmu:11835" type="gene"
        link="http://www.kegg.jp/dbget-bin/www_bget?mmu:11835">
        <graphics name="Ar, AW320017, Tfm" fgcolor="#000000" bgcolor="#BFFFBF"
             type="rectangle" x="603" y="689" width="46" height="17"/>
    </entry>
    <entry id="7" name="mmu:18033 mmu:19697" type="gene"
        link="http://www.kegg.jp/dbget-bin/www_bget?mmu:18033+mmu:19697">
        <graphics name="Nfkb1, NF-KB1, NF-kappaB, NF-kappaB1, p105, p50, p50/p105..." fgcolor="#000000" bgcolor="#BFFFBF"
             type="rectangle" x="700" y="607" width="46" height="17"/>
    </entry>
    <entry id="8" name="mmu:18035" type="gene"
        link="http://www.kegg.jp/dbget-bin/www_bget?mmu:18035">
        <graphics name="Nfkbia, AI462015, Nfkbi" fgcolor="#000000" bgcolor="#BFFFBF"
             type="rectangle" x="700" y="575" width="46" height="17"/>
    </entry>
    <entry id="9" name="mmu:12576" type="gene"
        link="http://www.kegg.jp/dbget-bin/www_bget?mmu:12576">
        <graphics name="Cdkn1b, AA408329, AI843786, Kip1, p27, p27Kip1" fgcolor="#000000" bgcolor="#BFFFBF"
             type="rectangle" x="629" y="454" width="46" height="17"/>
    </entry>
    <entry id="10" name="mmu:19211" type="gene"
        link="http://www.kegg.jp/dbget-bin/www_bget?mmu:19211">
        <graphics name="Pten, 2310035O07Rik, A130070J02Rik, AI463227, B430203M17Rik, MMAC1, TEP1" fgcolor="#000000" bgcolor="#BFFFBF"
             type="rectangle" x="409" y="419" width="46" height="17"/>
    </entry>
    <entry id="11" name="mmu:18095" type="gene"
        link="http://www.kegg.jp/dbget-bin/www_bget?mmu:18095">
        <graphics name="Nkx3-1, Bax, NKX3.1, NKX3A, Nkx-3.1, bagpipe" fgcolor="#000000" bgcolor="#BFFFBF"
             type="rectangle" x="479" y="358" width="46" height="17"/>
    </entry>
    <entry id="12" name="ko:K01351" type="ortholog"
        link="http://www.kegg.jp/dbget-bin/www_bget?K01351">
        <graphics name="K01351" fgcolor="#000000" bgcolor="#FFFFFF"
             type="rectangle" x="1039" y="680" width="46" height="17"/>
    </entry>
    <entry id="13" name="mmu:12043" type="gene"
        link="http://www.kegg.jp/dbget-bin/www_bget?mmu:12043">
        <graphics name="Bcl2, AW986256, Bcl-2, C430015F12Rik, D630044D05Rik, D830018M01Rik" fgcolor="#000000" bgcolor="#BFFFBF"
             type="rectangle" x="1039" y="608" width="46" height="17"/>
    </entry>
    <entry id="14" name="mmu:12443" type="gene"
        link="http://www.kegg.jp/dbget-bin/www_bget?mmu:12443">
        <graphics name="Ccnd1, AI327039, CycD1, Cyl-1, PRAD1, bcl-1, cD1" fgcolor="#000000" bgcolor="#BFFFBF"
             type="rectangle" x="1039" y="545" width="46" height="17"/>
    </entry>
    <entry id="15" name="mmu:16842 mmu:21414 mmu:21415 mmu:21416" type="gene"
        link="http://www.kegg.jp/dbget-bin/www_bget?mmu:16842+mmu:21414+mmu:21415+mmu:21416">
        <graphics name="Lef1, 3000002B05, AI451430, Lef-1..." fgcolor="#000000" bgcolor="#BFFFBF"
             type="rectangle" x="902" y="544" width="46" height="17"/>
    </entry>
    <entry id="16" name="mmu:12914 mmu:328572" type="gene"
        link="http://www.kegg.jp/dbget-bin/www_bget?mmu:12914+mmu:328572">
        <graphics name="Crebbp, AW558298, CBP, CBP/p300, KAT3A, p300/CBP..." fgcolor="#000000" bgcolor="#BFFFBF"
             type="rectangle" x="854" y="511" width="46" height="17"/>
    </entry>
    <entry id="17" name="cpd:C00951 cpd:C00410 cpd:C07653 cpd:C01227 cpd:C00280 cpd:C00735 cpd:C00762" type="compound"
        link="http://www.kegg.jp/dbget-bin/www_bget?C00951+C00410+C07653+C01227+C00280+C00735+C00762">
        <graphics name="C00951..." fgcolor="#000000" bgcolor="#FFFFFF"
             type="circle" x="238" y="703" width="8" height="8"/>
    </entry>
    <entry id="18" name="cpd:C03917" type="compound"
        link="http://www.kegg.jp/dbget-bin/www_bget?C03917">
        <graphics name="C03917" fgcolor="#000000" bgcolor="#FFFFFF"
             type="circle" x="239" y="617" width="8" height="8"/>
    </entry>
    <entry id="19" name="cpd:C00535" type="compound"
        link="http://www.kegg.jp/dbget-bin/www_bget?C00535">
        <graphics name="C00535" fgcolor="#000000" bgcolor="#FFFFFF"
             type="circle" x="239" y="577" width="8" height="8"/>
    </entry>
    <entry id="20" name="path:mmu04110" type="map"
        link="http://www.kegg.jp/dbget-bin/www_bget?mmu04110">
        <graphics name="Cell cycle" fgcolor="#000000" bgcolor="#FFFFFF"
             type="roundrectangle" x="872" y="435" width="104" height="34"/>
    </entry>
    <entry id="21" name="mmu:11835" type="gene"
        link="http://www.kegg.jp/dbget-bin/www_bget?mmu:11835">
        <graphics name="Ar, AW320017, Tfm" fgcolor="#000000" bgcolor="#BFFFBF"
             type="rectangle" x="466" y="697" width="46" height="17"/>
    </entry>
    <entry id="22" name="cpd:C16038" type="compound"
        link="http://www.kegg.jp/dbget-bin/www_bget?C16038">
        <graphics name="C16038" fgcolor="#000000" bgcolor="#FFFFFF"
             type="circle" x="239" y="242" width="8" height="8"/>
    </entry>
    <entry id="23" name="mmu:17246" type="gene"
        link="http://www.kegg.jp/dbget-bin/www_bget?mmu:17246">
        <graphics name="Mdm2, 1700007J15Rik, AA415488, Mdm-2" fgcolor="#000000" bgcolor="#BFFFBF"
             type="rectangle" x="629" y="485" width="46" height="17"/>
    </entry>
    <entry id="24" name="mmu:12575" type="gene"
        link="http://www.kegg.jp/dbget-bin/www_bget?mmu:12575">
        <graphics name="Cdkn1a, CAP20, CDKI, CIP1, Cdkn1, P21, SDI1, Waf1, mda6, p21Cip1, p21WAF" fgcolor="#000000" bgcolor="#BFFFBF"
             type="rectangle" x="629" y="424" width="46" height="17"/>
    </entry>
    <entry id="25" name="mmu:56458" type="gene"
        link="http://www.kegg.jp/dbget-bin/www_bget?mmu:56458">
        <graphics name="Foxo1, AI876417, Afxh, FKHR, Fkhr1, Foxo1a" fgcolor="#000000" bgcolor="#BFFFBF"
             type="rectangle" x="629" y="393" width="46" height="17"/>
    </entry>
    <entry id="26" name="mmu:12566" type="gene"
        link="http://www.kegg.jp/dbget-bin/www_bget?mmu:12566">
        <graphics name="Cdk2, A630093N05Rik" fgcolor="#000000" bgcolor="#BFFFBF"
             type="rectangle" x="907" y="314" width="46" height="17"/>
    </entry>
    <entry id="27" name="mmu:12387" type="gene"
        link="http://www.kegg.jp/dbget-bin/www_bget?mmu:12387">
        <graphics name="Ctnnb1, Bfc, Catnb, Mesc" fgcolor="#000000" bgcolor="#BFFFBF"
             type="rectangle" x="745" y="544" width="46" height="17"/>
    </entry>
    <entry id="28" name="mmu:13555 mmu:13557 mmu:242705" type="gene"
        link="http://www.kegg.jp/dbget-bin/www_bget?mmu:13555+mmu:13557+mmu:242705">
        <graphics name="E2f1, E2F-1, mKIAA4009..." fgcolor="#000000" bgcolor="#BFFFBF"
             type="rectangle" x="990" y="361" width="46" height="17"/>
    </entry>
    <entry id="29" name="mmu:15461 mmu:16653 mmu:18176" type="gene"
        link="http://www.kegg.jp/dbget-bin/www_bget?mmu:15461+mmu:16653+mmu:18176">
        <graphics name="Hras, H-ras, Ha-ras, Harvey-ras, Hras-1, Hras1, Kras2, c-H-ras, c-Ha-ras, c-rasHa, ras..." fgcolor="#000000" bgcolor="#BFFFBF"
             type="rectangle" x="381" y="596" width="46" height="17"/>
    </entry>
    <entry id="30" name="mmu:22059" type="gene"
        link="http://www.kegg.jp/dbget-bin/www_bget?mmu:22059">
        <graphics name="Trp53, Tp53, bbl, bfy, bhy, p44, p53" fgcolor="#000000" bgcolor="#BFFFBF"
             type="rectangle" x="936" y="483" width="46" height="17"/>
    </entry>
    <entry id="31" name="mmu:13649 mmu:13866 mmu:14182 mmu:14183 mmu:16001 mmu:18595 mmu:18596 mmu:23920" type="gene"
        link="http://www.kegg.jp/dbget-bin/www_bget?mmu:13649+mmu:13866+mmu:14182+mmu:14183+mmu:16001+mmu:18595+mmu:18596+mmu:23920">
        <graphics name="Egfr, 9030024J15Rik, AI552599, Erbb, Errb1, Errp, Wa5, wa-2, wa2..." fgcolor="#000000" bgcolor="#BFFFBF"
             type="rectangle" x="307" y="471" width="46" height="17"/>
    </entry>
    <entry id="32" name="path:mmu04210" type="map"
        link="http://www.kegg.jp/dbget-bin/www_bget?mmu04210">
        <graphics name="Apoptosis" fgcolor="#000000" bgcolor="#FFFFFF"
             type="roundrectangle" x="737" y="311" width="104" height="34"/>
    </entry>
    <entry id="33" name="mmu:12675 mmu:16150 mmu:16151" type="gene"
        link="http://www.kegg.jp/dbget-bin/www_bget?mmu:12675+mmu:16150+mmu:16151">
        <graphics name="Chuk, AI256658, Chuk1, Fbx24, Fbxo24, IKBKA, IKK1, Ikka, NFKBIKA..." fgcolor="#000000" bgcolor="#BFFFBF"
             type="rectangle" x="629" y="574" width="46" height="17"/>
    </entry>
    <entry id="34" name="mmu:12015" type="gene"
        link="http://www.kegg.jp/dbget-bin/www_bget?mmu:12015">
        <graphics name="Bad, AI325008, Bbc2" fgcolor="#000000" bgcolor="#BFFFBF"
             type="rectangle" x="629" y="362" width="46" height="17"/>
    </entry>
    <entry id="35" name="mmu:12371" type="gene"
        link="http://www.kegg.jp/dbget-bin/www_bget?mmu:12371">
        <graphics name="Casp9, AI115399, APAF-3, AW493809, CASP-9, Caspase-9, ICE-LAP6, Mch6" fgcolor="#000000" bgcolor="#BFFFBF"
             type="rectangle" x="629" y="333" width="46" height="17"/>
    </entry>
    <entry id="36" name="mmu:11911 mmu:12912 mmu:12913 mmu:208647 mmu:208677 mmu:231991 mmu:26427 mmu:78284" type="gene"
        link="http://www.kegg.jp/dbget-bin/www_bget?mmu:11911+mmu:12912+mmu:12913+mmu:208647+mmu:208677+mmu:231991+mmu:26427+mmu:78284">
        <graphics name="Atf4, Atf-4, C/ATF, CREB2, TAXREB67..." fgcolor="#000000" bgcolor="#BFFFBF"
             type="rectangle" x="744" y="508" width="46" height="17"/>
    </entry>
    <entry id="37" name="mmu:12447 mmu:12448" type="gene"
        link="http://www.kegg.jp/dbget-bin/www_bget?mmu:12447+mmu:12448">
        <graphics name="Ccne1, AW538188, CycE1..." fgcolor="#000000" bgcolor="#BFFFBF"
             type="rectangle" x="907" y="331" width="46" height="17"/>
    </entry>
    <entry id="38" name="mmu:13645 mmu:16000 mmu:16333 mmu:16334 mmu:18590 mmu:18591 mmu:21802 mmu:54635 mmu:71785" type="gene"
        link="http://www.kegg.jp/dbget-bin/www_bget?mmu:13645+mmu:16000+mmu:16333+mmu:16334+mmu:18590+mmu:18591+mmu:21802+mmu:54635+mmu:71785">
        <graphics name="Egf, AI790464..." fgcolor="#000000" bgcolor="#BFFFBF"
             type="rectangle" x="230" y="471" width="46" height="17"/>
    </entry>
    <entry id="39" name="mmu:19645" type="gene"
        link="http://www.kegg.jp/dbget-bin/www_bget?mmu:19645">
        <graphics name="Rb1, Rb, Rb-1, pRb" fgcolor="#000000" bgcolor="#BFFFBF"
             type="rectangle" x="990" y="324" width="46" height="17"/>
    </entry>
    <entry id="40" name="mmu:18607" type="gene"
        link="http://www.kegg.jp/dbget-bin/www_bget?mmu:18607">
        <graphics name="Pdpk1, Pdk1" fgcolor="#000000" bgcolor="#BFFFBF"
             type="rectangle" x="470" y="439" width="46" height="17"/>
    </entry>
    <entry id="41" name="mmu:20662 mmu:20663" type="gene"
        link="http://www.kegg.jp/dbget-bin/www_bget?mmu:20662+mmu:20663">
        <graphics name="Sos1, 4430401P03Rik, 9630010N06, AI449023..." fgcolor="#000000" bgcolor="#BFFFBF"
             type="rectangle" x="381" y="557" width="46" height="17"/>
    </entry>
    <entry id="42" name="mmu:14784" type="gene"
        link="http://www.kegg.jp/dbget-bin/www_bget?mmu:14784">
        <graphics name="Grb2, AA408164, Ash" fgcolor="#000000" bgcolor="#BFFFBF"
             type="rectangle" x="381" y="519" width="46" height="17"/>
    </entry>
    <entry id="43" name="cpd:C05981" type="compound"
        link="http://www.kegg.jp/dbget-bin/www_bget?C05981">
        <graphics name="C05981" fgcolor="#000000" bgcolor="#FFFFFF"
             type="circle" x="434" y="470" width="8" height="8"/>
    </entry>
    <entry id="44" name="mmu:56637" type="gene"
        link="http://www.kegg.jp/dbget-bin/www_bget?mmu:56637">
        <graphics name="Gsk3b, 7330414F15Rik, 8430431H08Rik, C86142, GSK-3, GSK-3beta, GSK3" fgcolor="#000000" bgcolor="#BFFFBF"
             type="rectangle" x="630" y="525" width="46" height="17"/>
    </entry>
    <entry id="45" name="mmu:15516 mmu:15519 mmu:22027" type="gene"
        link="http://www.kegg.jp/dbget-bin/www_bget?mmu:15516+mmu:15519+mmu:22027">
        <graphics name="Hsp90ab1, 90kDa, AL022974, C81438, Hsp84, Hsp84-1, Hsp90, Hspcb..." fgcolor="#000000" bgcolor="#BFFFBF"
             type="rectangle" x="466" y="714" width="46" height="17"/>
    </entry>
    <entry id="46" name="mmu:56717" type="gene"
        link="http://www.kegg.jp/dbget-bin/www_bget?mmu:56717">
        <graphics name="Mtor, 2610315D21Rik, AI327068, FRAP, FRAP2, Frap1, RAFT1, RAPT1, flat" fgcolor="#000000" bgcolor="#BFFFBF"
             type="rectangle" x="629" y="638" width="46" height="17"/>
    </entry>
    <entry id="47" name="mmu:12576" type="gene"
        link="http://www.kegg.jp/dbget-bin/www_bget?mmu:12576">
        <graphics name="Cdkn1b, AA408329, AI843786, Kip1, p27, p27Kip1" fgcolor="#000000" bgcolor="#BFFFBF"
             type="rectangle" x="843" y="287" width="46" height="17"/>
    </entry>
    <entry id="48" name="path:mmu04010" type="map"
        link="http://www.kegg.jp/dbget-bin/www_bget?mmu04010">
        <graphics name="MAPK signaling pathway" fgcolor="#000000" bgcolor="#FFFFFF"
             type="roundrectangle" x="477" y="540" width="104" height="34"/>
    </entry>
    <entry id="49" name="mmu:11651 mmu:11652 mmu:23797" type="gene"
        link="http://www.kegg.jp/dbget-bin/www_bget?mmu:11651+mmu:11652+mmu:23797">
        <graphics name="Akt1, Akt, PKB, PKB/Akt, PKBalpha, Rac..." fgcolor="#000000" bgcolor="#BFFFBF"
             type="rectangle" x="530" y="471" width="46" height="17"/>
    </entry>
    <entry id="50" name="mmu:18706 mmu:18707 mmu:18708 mmu:18709 mmu:18710 mmu:30955 mmu:320207 mmu:74769" type="gene"
        link="http://www.kegg.jp/dbget-bin/www_bget?mmu:18706+mmu:18707+mmu:18708+mmu:18709+mmu:18710+mmu:30955+mmu:320207+mmu:74769">
        <graphics name="Pik3ca, 6330412C24Rik, caPI3K, p110, p110alpha..." fgcolor="#000000" bgcolor="#BFFFBF"
             type="rectangle" x="381" y="471" width="46" height="17"/>
    </entry>
    <entry id="51" name="mmu:14870" type="gene"
        link="http://www.kegg.jp/dbget-bin/www_bget?mmu:14870">
        <graphics name="Gstp1, GstpiB" fgcolor="#000000" bgcolor="#BFFFBF"
             type="rectangle" x="688" y="198" width="46" height="17"/>
    </entry>
    <entry id="52" name="path:mmu05215" type="map"
        link="http://www.kegg.jp/dbget-bin/www_bget?mmu05215">
        <graphics name="TITLE:Prostate cancer" fgcolor="#000000" bgcolor="#FFFFFF"
             type="roundrectangle" x="116" y="58" width="152" height="25"/>
    </entry>
    <entry id="53" name="path:mmu04110" type="map"
        link="http://www.kegg.jp/dbget-bin/www_bget?mmu04110">
        <graphics name="Cell cycle" fgcolor="#000000" bgcolor="#FFFFFF"
             type="roundrectangle" x="1081" y="309" width="104" height="34"/>
    </entry>
    <entry id="54" name="mmu:26413 mmu:26417" type="gene"
        link="http://www.kegg.jp/dbget-bin/www_bget?mmu:26413+mmu:26417">
        <graphics name="Mapk1, 9030612K14Rik, AA407128, AU018647, C78273, ERK, Erk2, MAPK2, PRKM2, Prkm1, p41mapk, p42mapk..." fgcolor="#000000" bgcolor="#BFFFBF"
             type="rectangle" x="534" y="637" width="46" height="17"/>
    </entry>
    <entry id="55" name="mmu:26395 mmu:26396" type="gene"
        link="http://www.kegg.jp/dbget-bin/www_bget?mmu:26395+mmu:26396">
        <graphics name="Map2k1, MAPKK1, MEKK1, Mek1, Prkmk1..." fgcolor="#000000" bgcolor="#BFFFBF"
             type="rectangle" x="533" y="596" width="46" height="17"/>
    </entry>
    <entry id="56" name="mmu:109880 mmu:110157 mmu:11836" type="gene"
        link="http://www.kegg.jp/dbget-bin/www_bget?mmu:109880+mmu:110157+mmu:11836">
        <graphics name="Braf, 9930012E13Rik, AA120551, AA387315, AA473386, B-raf, Braf-2, Braf2, C230098H17, C87398, D6Ertd631e..." fgcolor="#000000" bgcolor="#BFFFBF"
             type="rectangle" x="459" y="596" width="46" height="17"/>
    </entry>
    <entry id="57" name="path:mmu04151" type="map"
        link="http://www.kegg.jp/dbget-bin/www_bget?mmu04151">
        <graphics name="PI3K-Akt signaling pathway" fgcolor="#000000" bgcolor="#FFFFFF"
             type="roundrectangle" x="479" y="321" width="104" height="34"/>
    </entry>
    <entry id="58" name="undefined" type="group">
        <graphics fgcolor="#000000" bgcolor="#FFFFFF"
             type="rectangle" x="907" y="322" width="46" height="34"/>
        <component id="26"/>
        <component id="37"/>
    </entry>
    <entry id="59" name="undefined" type="group">
        <graphics fgcolor="#000000" bgcolor="#FFFFFF"
             type="rectangle" x="603" y="697" width="46" height="34"/>
        <component id="5"/>
        <component id="6"/>
    </entry>
    <entry id="60" name="undefined" type="group">
        <graphics fgcolor="#000000" bgcolor="#FFFFFF"
             type="rectangle" x="466" y="705" width="46" height="34"/>
        <component id="21"/>
        <component id="45"/>
    </entry>
    <relation entry1="50" entry2="40" type="PPrel">
        <subtype name="compound" value="43"/>
        <subtype name="activation" value="--&gt;"/>
    </relation>
    <relation entry1="50" entry2="49" type="PPrel">
        <subtype name="compound" value="43"/>
        <subtype name="activation" value="--&gt;"/>
    </relation>
    <relation entry1="38" entry2="31" type="PPrel">
        <subtype name="activation" value="--&gt;"/>
    </relation>
    <relation entry1="31" entry2="50" type="PPrel">
        <subtype name="activation" value="--&gt;"/>
    </relation>
    <relation entry1="31" entry2="42" type="PPrel">
        <subtype name="activation" value="--&gt;"/>
    </relation>
    <relation entry1="42" entry2="41" type="PPrel">
        <subtype name="activation" value="--&gt;"/>
    </relation>
    <relation entry1="41" entry2="29" type="PPrel">
        <subtype name="activation" value="--&gt;"/>
    </relation>
    <relation entry1="29" entry2="56" type="PPrel">
        <subtype name="activation" value="--&gt;"/>
    </relation>
    <relation entry1="56" entry2="55" type="PPrel">
        <subtype name="activation" value="--&gt;"/>
        <subtype name="phosphorylation" value="+p"/>
    </relation>
    <relation entry1="55" entry2="54" type="PPrel">
        <subtype name="activation" value="--&gt;"/>
        <subtype name="phosphorylation" value="+p"/>
    </relation>
    <relation entry1="40" entry2="49" type="PPrel">
        <subtype name="activation" value="--&gt;"/>
        <subtype name="phosphorylation" value="+p"/>
    </relation>
    <relation entry1="49" entry2="23" type="PPrel">
        <subtype name="activation" value="--&gt;"/>
        <subtype name="phosphorylation" value="+p"/>
    </relation>
    <relation entry1="49" entry2="33" type="PPrel">
        <subtype name="activation" value="--&gt;"/>
        <subtype name="phosphorylation" value="+p"/>
    </relation>
    <relation entry1="49" entry2="46" type="PPrel">
        <subtype name="activation" value="--&gt;"/>
        <subtype name="phosphorylation" value="+p"/>
    </relation>
    <relation entry1="49" entry2="35" type="PPrel">
        <subtype name="inhibition" value="--|"/>
        <subtype name="phosphorylation" value="+p"/>
    </relation>
    <relation entry1="49" entry2="34" type="PPrel">
        <subtype name="inhibition" value="--|"/>
        <subtype name="phosphorylation" value="+p"/>
    </relation>
    <relation entry1="49" entry2="25" type="PPrel">
        <subtype name="inhibition" value="--|"/>
        <subtype name="phosphorylation" value="+p"/>
    </relation>
    <relation entry1="49" entry2="24" type="PPrel">
        <subtype name="inhibition" value="--|"/>
        <subtype name="phosphorylation" value="+p"/>
    </relation>
    <relation entry1="49" entry2="9" type="PPrel">
        <subtype name="inhibition" value="--|"/>
        <subtype name="phosphorylation" value="+p"/>
    </relation>
    <relation entry1="49" entry2="44" type="PPrel">
        <subtype name="inhibition" value="--|"/>
        <subtype name="phosphorylation" value="+p"/>
    </relation>
    <relation entry1="44" entry2="36" type="PPrel">
        <subtype name="inhibition" value="--|"/>
        <subtype name="phosphorylation" value="+p"/>
    </relation>
    <relation entry1="44" entry2="27" type="PPrel">
        <subtype name="inhibition" value="--|"/>
        <subtype name="phosphorylation" value="+p"/>
    </relation>
    <relation entry1="33" entry2="8" type="PPrel">
        <subtype name="activation" value="--&gt;"/>
        <subtype name="phosphorylation" value="+p"/>
    </relation>
    <relation entry1="58" entry2="39" type="PPrel">
        <subtype name="activation" value="--&gt;"/>
        <subtype name="phosphorylation" value="+p"/>
    </relation>
    <relation entry1="54" entry2="59" type="PPrel">
        <subtype name="indirect effect" value="..&gt;"/>
    </relation>
    <relation entry1="28" entry2="39" type="PPrel">
        <subtype name="dissociation" value="-+-"/>
    </relation>
    <relation entry1="23" entry2="30" type="PPrel">
        <subtype name="inhibition" value="--|"/>
    </relation>
    <relation entry1="36" entry2="16" type="PPrel">
        <subtype name="inhibition" value="--|"/>
    </relation>
    <relation entry1="27" entry2="16" type="PPrel">
        <subtype name="inhibition" value="--|"/>
    </relation>
    <relation entry1="7" entry2="8" type="PPrel">
        <subtype name="dissociation" value="-+-"/>
    </relation>
    <relation entry1="27" entry2="15" type="PPrel">
        <subtype name="activation" value="--&gt;"/>
    </relation>
    <relation entry1="15" entry2="14" type="GErel">
        <subtype name="expression" value="--&gt;"/>
    </relation>
    <relation entry1="7" entry2="13" type="GErel">
        <subtype name="expression" value="--&gt;"/>
    </relation>
    <relation entry1="60" entry2="59" type="PPrel">
        <subtype name="activation" value="--&gt;"/>
    </relation>
    <relation entry1="51" entry2="22" type="PCrel">
        <subtype name="missing interaction" value="-/-"/>
    </relation>
    <relation entry1="47" entry2="58" type="PPrel">
        <subtype name="missing interaction" value="-/-"/>
    </relation>
    <relation entry1="16" entry2="30" type="PPrel">
        <subtype name="missing interaction" value="-/-"/>
    </relation>
    <relation entry1="11" entry2="49" type="PPrel">
        <subtype name="missing interaction" value="-/-"/>
    </relation>
    <relation entry1="10" entry2="43" type="PCrel">
        <subtype name="missing interaction" value="-/-"/>
    </relation>
    <relation entry1="17" entry2="60" type="PCrel">
        <subtype name="activation" value="--&gt;"/>
    </relation>
    <relation entry1="19" entry2="60" type="PCrel">
        <subtype name="activation" value="--&gt;"/>
    </relation>
    <relation entry1="18" entry2="60" type="PCrel">
        <subtype name="activation" value="--&gt;"/>
    </relation>
</pathway>
