<?xml version="1.0"?>
<!DOCTYPE pathway SYSTEM "http://www.kegg.jp/kegg/xml/KGML_v0.7.1_.dtd">
<!-- Creation date: Jan 18, 2016 10:08:48 +0900 (GMT+9) -->
<pathway name="path:mmu04010" org="mmu" number="04010"
         title="MAPK signaling pathway"
         image="http://www.kegg.jp/kegg/pathway/mmu/mmu04010.png"
         link="http://www.kegg.jp/kegg-bin/show_pathway?mmu04010">
    <entry id="1" name="cpd:C00338" type="compound"
        link="http://www.kegg.jp/dbget-bin/www_bget?C00338">
        <graphics name="C00338" fgcolor="#000000" bgcolor="#FFFFFF"
             type="circle" x="138" y="743" width="8" height="8"/>
    </entry>
    <entry id="2" name="mmu:19417 mmu:19418" type="gene"
        link="http://www.kegg.jp/dbget-bin/www_bget?mmu:19417+mmu:19418">
        <graphics name="Rasgrf1, AI844718, CDC25, CDC25Mm, Gnrp, Grf1, Grfbeta, P190-A, Ras-GRF1, p190, p190RhoGEF..." fgcolor="#000000" bgcolor="#BFFFBF"
             type="rectangle" x="392" y="236" width="46" height="17"/>
    </entry>
    <entry id="3" name="mmu:13537 mmu:18218 mmu:19252 mmu:235584 mmu:240672 mmu:319520 mmu:63953 mmu:67603 mmu:70686 mmu:75590" type="gene"
        link="http://www.kegg.jp/dbget-bin/www_bget?mmu:13537+mmu:18218+mmu:19252+mmu:235584+mmu:240672+mmu:319520+mmu:63953+mmu:67603+mmu:70686+mmu:75590">
        <graphics name="Dusp2, PAC1..." fgcolor="#000000" bgcolor="#BFFFBF"
             type="rectangle" x="789" y="364" width="46" height="17"/>
    </entry>
    <entry id="4" name="mmu:19259 mmu:19279 mmu:320139 mmu:72349" type="gene"
        link="http://www.kegg.jp/dbget-bin/www_bget?mmu:19259+mmu:19279+mmu:320139+mmu:72349">
        <graphics name="Ptpn5, Step..." fgcolor="#000000" bgcolor="#BFFFBF"
             type="rectangle" x="740" y="364" width="46" height="17"/>
    </entry>
    <entry id="5" name="mmu:19043" type="gene"
        link="http://www.kegg.jp/dbget-bin/www_bget?mmu:19043">
        <graphics name="Ppm1b, PP2CB" fgcolor="#000000" bgcolor="#BFFFBF"
             type="rectangle" x="596" y="770" width="46" height="17"/>
    </entry>
    <entry id="6" name="mmu:14103" type="gene"
        link="http://www.kegg.jp/dbget-bin/www_bget?mmu:14103">
        <graphics name="Fasl, APT1LG1, CD178, CD95-L, CD95L, Fas-L, Faslg, Tnfsf6, gld" fgcolor="#000000" bgcolor="#BFFFBF"
             type="rectangle" x="137" y="692" width="46" height="17"/>
    </entry>
    <entry id="7" name="cpd:C00165" type="compound"
        link="http://www.kegg.jp/dbget-bin/www_bget?C00165">
        <graphics name="C00165" fgcolor="#000000" bgcolor="#FFFFFF"
             type="circle" x="487" y="136" width="8" height="8"/>
    </entry>
    <entry id="8" name="cpd:C00575" type="compound"
        link="http://www.kegg.jp/dbget-bin/www_bget?C00575">
        <graphics name="C00575" fgcolor="#000000" bgcolor="#FFFFFF"
             type="circle" x="447" y="123" width="8" height="8"/>
    </entry>
    <entry id="9" name="cpd:C01245" type="compound"
        link="http://www.kegg.jp/dbget-bin/www_bget?C01245">
        <graphics name="C01245" fgcolor="#000000" bgcolor="#FFFFFF"
             type="circle" x="410" y="136" width="8" height="8"/>
    </entry>
    <entry id="10" name="cpd:C00076" type="compound"
        link="http://www.kegg.jp/dbget-bin/www_bget?C00076">
        <graphics name="C00076" fgcolor="#000000" bgcolor="#FFFFFF"
             type="circle" x="314" y="175" width="8" height="8"/>
    </entry>
    <entry id="11" name="mmu:26921" type="gene"
        link="http://www.kegg.jp/dbget-bin/www_bget?mmu:26921">
        <graphics name="Map4k4, 9430080K19Rik, AU043147, AU045934, AW046177, HGK, Nik" fgcolor="#000000" bgcolor="#BFFFBF"
             type="rectangle" x="494" y="487" width="46" height="17"/>
    </entry>
    <entry id="12" name="mmu:18783 mmu:211429 mmu:232889 mmu:271844 mmu:329502 mmu:78390" type="gene"
        link="http://www.kegg.jp/dbget-bin/www_bget?mmu:18783+mmu:211429+mmu:232889+mmu:271844+mmu:329502+mmu:78390">
        <graphics name="Pla2g4a, Pla2g4, cPLA2, cPLA2-alpha, cPLA2alpha..." fgcolor="#000000" bgcolor="#BFFFBF"
             type="rectangle" x="850" y="219" width="46" height="17"/>
    </entry>
    <entry id="13" name="mmu:16765" type="gene"
        link="http://www.kegg.jp/dbget-bin/www_bget?mmu:16765">
        <graphics name="Stmn1, 19k, Lag, Lap18, Op18, P18, P19, Pig, Pp17, Pp18, Pp19, Pr22, Smn" fgcolor="#000000" bgcolor="#BFFFBF"
             type="rectangle" x="850" y="195" width="46" height="17"/>
    </entry>
    <entry id="14" name="mmu:17762" type="gene"
        link="http://www.kegg.jp/dbget-bin/www_bget?mmu:17762">
        <graphics name="Mapt, AI413597, AW045860, Mtapt, Tau" fgcolor="#000000" bgcolor="#BFFFBF"
             type="rectangle" x="850" y="174" width="46" height="17"/>
    </entry>
    <entry id="15" name="mmu:18033 mmu:18034 mmu:19697 mmu:19698" type="gene"
        link="http://www.kegg.jp/dbget-bin/www_bget?mmu:18033+mmu:18034+mmu:19697+mmu:19698">
        <graphics name="Nfkb1, NF-KB1, NF-kappaB, NF-kappaB1, p105, p50, p50/p105..." fgcolor="#000000" bgcolor="#BFFFBF"
             type="rectangle" x="914" y="131" width="46" height="17"/>
    </entry>
    <entry id="16" name="mmu:12675 mmu:16150 mmu:16151" type="gene"
        link="http://www.kegg.jp/dbget-bin/www_bget?mmu:12675+mmu:16150+mmu:16151">
        <graphics name="Chuk, AI256658, Chuk1, Fbx24, Fbxo24, IKBKA, IKK1, Ikka, NFKBIKA..." fgcolor="#000000" bgcolor="#BFFFBF"
             type="rectangle" x="786" y="142" width="46" height="17"/>
    </entry>
    <entry id="17" name="mmu:53859" type="gene"
        link="http://www.kegg.jp/dbget-bin/www_bget?mmu:53859">
        <graphics name="Map3k14, Nik, aly" fgcolor="#000000" bgcolor="#BFFFBF"
             type="rectangle" x="786" y="121" width="46" height="17"/>
    </entry>
    <entry id="18" name="mmu:26413 mmu:26417" type="gene"
        link="http://www.kegg.jp/dbget-bin/www_bget?mmu:26413+mmu:26417">
        <graphics name="Mapk1, 9030612K14Rik, AA407128, AU018647, C78273, ERK, Erk2, MAPK2, PRKM2, Prkm1, p41mapk, p42mapk..." fgcolor="#000000" bgcolor="#BFFFBF"
             type="rectangle" x="763" y="311" width="46" height="17"/>
    </entry>
    <entry id="19" name="mmu:56692" type="gene"
        link="http://www.kegg.jp/dbget-bin/www_bget?mmu:56692">
        <graphics name="Lamtor3, AW556229, Map2k1ip1, Mapbp, Mapksp1, Mp1" fgcolor="#000000" bgcolor="#BFFFBF"
             type="rectangle" x="737" y="286" width="46" height="17"/>
    </entry>
    <entry id="20" name="mmu:26396" type="gene"
        link="http://www.kegg.jp/dbget-bin/www_bget?mmu:26396">
        <graphics name="Map2k2, AA589381, MEK2, MK2, Prkmk2" fgcolor="#000000" bgcolor="#BFFFBF"
             type="rectangle" x="676" y="322" width="46" height="17"/>
    </entry>
    <entry id="21" name="mmu:26395" type="gene"
        link="http://www.kegg.jp/dbget-bin/www_bget?mmu:26395">
        <graphics name="Map2k1, MAPKK1, MEKK1, Mek1, Prkmk1" fgcolor="#000000" bgcolor="#BFFFBF"
             type="rectangle" x="676" y="300" width="46" height="17"/>
    </entry>
    <entry id="22" name="mmu:17451" type="gene"
        link="http://www.kegg.jp/dbget-bin/www_bget?mmu:17451">
        <graphics name="Mos, c-mos" fgcolor="#000000" bgcolor="#BFFFBF"
             type="rectangle" x="580" y="334" width="46" height="17"/>
    </entry>
    <entry id="23" name="mmu:110157" type="gene"
        link="http://www.kegg.jp/dbget-bin/www_bget?mmu:110157">
        <graphics name="Raf1, 6430402F14Rik, AA990557, BB129353, Craf1, D830050J10Rik, Raf-1, c-Raf, v-Raf" fgcolor="#000000" bgcolor="#BFFFBF"
             type="rectangle" x="580" y="311" width="46" height="17"/>
    </entry>
    <entry id="24" name="mmu:109880" type="gene"
        link="http://www.kegg.jp/dbget-bin/www_bget?mmu:109880">
        <graphics name="Braf, 9930012E13Rik, AA120551, AA387315, AA473386, B-raf, Braf-2, Braf2, C230098H17, C87398, D6Ertd631e" fgcolor="#000000" bgcolor="#BFFFBF"
             type="rectangle" x="580" y="287" width="46" height="17"/>
    </entry>
    <entry id="25" name="mmu:218397" type="gene"
        link="http://www.kegg.jp/dbget-bin/www_bget?mmu:218397">
        <graphics name="Rasa1, Gap, RasGAP, Rasa" fgcolor="#000000" bgcolor="#BFFFBF"
             type="rectangle" x="462" y="369" width="46" height="17"/>
    </entry>
    <entry id="26" name="mmu:18015" type="gene"
        link="http://www.kegg.jp/dbget-bin/www_bget?mmu:18015">
        <graphics name="Nf1, AW494271, E030030H24Rik, Nf-1" fgcolor="#000000" bgcolor="#BFFFBF"
             type="rectangle" x="462" y="348" width="46" height="17"/>
    </entry>
    <entry id="27" name="mmu:18750 mmu:18751 mmu:18752" type="gene"
        link="http://www.kegg.jp/dbget-bin/www_bget?mmu:18750+mmu:18751+mmu:18752">
        <graphics name="Prkca, AI875142, Pkca..." fgcolor="#000000" bgcolor="#BFFFBF"
             type="rectangle" x="487" y="257" width="46" height="17"/>
    </entry>
    <entry id="28" name="mmu:109905 mmu:215449" type="gene"
        link="http://www.kegg.jp/dbget-bin/www_bget?mmu:109905+mmu:215449">
        <graphics name="Rap1a, AI848598, G-22K, Krev-1, Rap1..." fgcolor="#000000" bgcolor="#BFFFBF"
             type="rectangle" x="528" y="219" width="46" height="17"/>
    </entry>
    <entry id="29" name="mmu:18747 mmu:18749" type="gene"
        link="http://www.kegg.jp/dbget-bin/www_bget?mmu:18747+mmu:18749">
        <graphics name="Prkaca, PKCD, Pkaca..." fgcolor="#000000" bgcolor="#BFFFBF"
             type="rectangle" x="528" y="170" width="46" height="17"/>
    </entry>
    <entry id="30" name="mmu:76089" type="gene"
        link="http://www.kegg.jp/dbget-bin/www_bget?mmu:76089">
        <graphics name="Rapgef2, 5830453M24Rik, CNRasGEF, Pdzgef1, RA-GEF-1, mKIAA0313, nRapGEP" fgcolor="#000000" bgcolor="#BFFFBF"
             type="rectangle" x="447" y="229" width="46" height="17"/>
    </entry>
    <entry id="31" name="mmu:114713" type="gene"
        link="http://www.kegg.jp/dbget-bin/www_bget?mmu:114713">
        <graphics name="Rasa2, 5430433H21Rik, AA517451, AU023900, GAP1m" fgcolor="#000000" bgcolor="#BFFFBF"
             type="rectangle" x="357" y="364" width="46" height="17"/>
    </entry>
    <entry id="32" name="mmu:15461 mmu:16653 mmu:17532 mmu:18176 mmu:20130 mmu:66922" type="gene"
        link="http://www.kegg.jp/dbget-bin/www_bget?mmu:15461+mmu:16653+mmu:17532+mmu:18176+mmu:20130+mmu:66922">
        <graphics name="Hras, H-ras, Ha-ras, Harvey-ras, Hras-1, Hras1, Kras2, c-H-ras, c-Ha-ras, c-rasHa, ras..." fgcolor="#000000" bgcolor="#BFFFBF"
             type="rectangle" x="408" y="311" width="46" height="17"/>
    </entry>
    <entry id="33" name="mmu:19395 mmu:19419 mmu:233046 mmu:240168" type="gene"
        link="http://www.kegg.jp/dbget-bin/www_bget?mmu:19395+mmu:19419+mmu:233046+mmu:240168">
        <graphics name="Rasgrp2, CDC25L, Caldaggef1..." fgcolor="#000000" bgcolor="#BFFFBF"
             type="rectangle" x="392" y="257" width="46" height="17"/>
    </entry>
    <entry id="34" name="mmu:20662 mmu:20663" type="gene"
        link="http://www.kegg.jp/dbget-bin/www_bget?mmu:20662+mmu:20663">
        <graphics name="Sos1, 4430401P03Rik, 9630010N06, AI449023..." fgcolor="#000000" bgcolor="#BFFFBF"
             type="rectangle" x="346" y="311" width="46" height="17"/>
    </entry>
    <entry id="35" name="mmu:100503710 mmu:14673 mmu:14701" type="gene"
        link="http://www.kegg.jp/dbget-bin/www_bget?mmu:100503710+mmu:14673+mmu:14701">
        <graphics name="Gm5741, EG436049..." fgcolor="#000000" bgcolor="#BFFFBF"
             type="rectangle" x="262" y="364" width="46" height="17"/>
    </entry>
    <entry id="36" name="mmu:14784" type="gene"
        link="http://www.kegg.jp/dbget-bin/www_bget?mmu:14784">
        <graphics name="Grb2, AA408164, Ash" fgcolor="#000000" bgcolor="#BFFFBF"
             type="rectangle" x="283" y="311" width="46" height="17"/>
    </entry>
    <entry id="37" name="mmu:18595 mmu:18596" type="gene"
        link="http://www.kegg.jp/dbget-bin/www_bget?mmu:18595+mmu:18596">
        <graphics name="Pdgfra, AI115593, CD140a, Pdgfr-2..." fgcolor="#000000" bgcolor="#BFFFBF"
             type="rectangle" x="220" y="332" width="46" height="17"/>
    </entry>
    <entry id="38" name="mmu:14182 mmu:14183 mmu:14184 mmu:14186" type="gene"
        link="http://www.kegg.jp/dbget-bin/www_bget?mmu:14182+mmu:14183+mmu:14184+mmu:14186">
        <graphics name="Fgfr1, AW208770, Eask, FLG, Fgfr-1, Flt-2, Hspy, MFR, bFGF-R-1, c-fgr..." fgcolor="#000000" bgcolor="#BFFFBF"
             type="rectangle" x="220" y="311" width="46" height="17"/>
    </entry>
    <entry id="39" name="mmu:13649" type="gene"
        link="http://www.kegg.jp/dbget-bin/www_bget?mmu:13649">
        <graphics name="Egfr, 9030024J15Rik, AI552599, Erbb, Errb1, Errp, Wa5, wa-2, wa2" fgcolor="#000000" bgcolor="#BFFFBF"
             type="rectangle" x="220" y="290" width="46" height="17"/>
    </entry>
    <entry id="40" name="mmu:18211 mmu:18212" type="gene"
        link="http://www.kegg.jp/dbget-bin/www_bget?mmu:18211+mmu:18212">
        <graphics name="Ntrk1, C80751, Tkr, TrkA, trk..." fgcolor="#000000" bgcolor="#BFFFBF"
             type="rectangle" x="220" y="244" width="46" height="17"/>
    </entry>
    <entry id="41" name="mmu:12286 mmu:12287 mmu:12288 mmu:12289 mmu:12290 mmu:12291 mmu:12292 mmu:12293 mmu:12294 mmu:12295 mmu:12296 mmu:12297 mmu:12298 mmu:12299 mmu:12300 mmu:140723 mmu:239556 mmu:319734 mmu:54376 mmu:54377 mmu:54378 mmu:54652 mmu:56808 mmu:58226 mmu:81904 mmu:81905" type="gene"
        link="http://www.kegg.jp/dbget-bin/www_bget?mmu:12286+mmu:12287+mmu:12288+mmu:12289+mmu:12290+mmu:12291+mmu:12292+mmu:12293+mmu:12294+mmu:12295+mmu:12296+mmu:12297+mmu:12298+mmu:12299+mmu:12300+mmu:140723+mmu:239556+mmu:319734+mmu:54376+mmu:54377+mmu:54378+mmu:54652+mmu:56808+mmu:58226+mmu:81904+mmu:81905">
        <graphics name="Cacna1a, APCA, BI, Caca1a, Cacnl1a4, Cav2.1, Ccha1a, EA2, FHM, HPCA, MHP, MHP1, SCA6, alpha1A, la, nmf352, rkr, tg..." fgcolor="#000000" bgcolor="#BFFFBF"
             type="rectangle" x="220" y="176" width="46" height="17"/>
    </entry>
    <entry id="42" name="mmu:18590 mmu:18591" type="gene"
        link="http://www.kegg.jp/dbget-bin/www_bget?mmu:18590+mmu:18591">
        <graphics name="Pdgfa..." fgcolor="#000000" bgcolor="#BFFFBF"
             type="rectangle" x="137" y="332" width="46" height="17"/>
    </entry>
    <entry id="43" name="mmu:105242481 mmu:14164 mmu:14165 mmu:14166 mmu:14167 mmu:14168 mmu:14169 mmu:14170 mmu:14171 mmu:14172 mmu:14173 mmu:14174 mmu:14175 mmu:14176 mmu:14177 mmu:14178 mmu:14179 mmu:14180 mmu:56636 mmu:64654 mmu:67112 mmu:80857 mmu:80903" type="gene"
        link="http://www.kegg.jp/dbget-bin/www_bget?mmu:105242481+mmu:14164+mmu:14165+mmu:14166+mmu:14167+mmu:14168+mmu:14169+mmu:14170+mmu:14171+mmu:14172+mmu:14173+mmu:14174+mmu:14175+mmu:14176+mmu:14177+mmu:14178+mmu:14179+mmu:14180+mmu:56636+mmu:64654+mmu:67112+mmu:80857+mmu:80903">
        <graphics name="105242481..." fgcolor="#000000" bgcolor="#BFFFBF"
             type="rectangle" x="137" y="311" width="46" height="17"/>
    </entry>
    <entry id="44" name="mmu:13645" type="gene"
        link="http://www.kegg.jp/dbget-bin/www_bget?mmu:13645">
        <graphics name="Egf, AI790464" fgcolor="#000000" bgcolor="#BFFFBF"
             type="rectangle" x="137" y="290" width="46" height="17"/>
    </entry>
    <entry id="45" name="mmu:18205 mmu:78405" type="gene"
        link="http://www.kegg.jp/dbget-bin/www_bget?mmu:18205+mmu:78405">
        <graphics name="Ntf3, AI316846, AI835689, Nt3, Ntf-3..." fgcolor="#000000" bgcolor="#BFFFBF"
             type="rectangle" x="137" y="263" width="46" height="17"/>
    </entry>
    <entry id="46" name="mmu:12064" type="gene"
        link="http://www.kegg.jp/dbget-bin/www_bget?mmu:12064">
        <graphics name="Bdnf" fgcolor="#000000" bgcolor="#BFFFBF"
             type="rectangle" x="137" y="242" width="46" height="17"/>
    </entry>
    <entry id="47" name="mmu:18049" type="gene"
        link="http://www.kegg.jp/dbget-bin/www_bget?mmu:18049">
        <graphics name="Ngf, Ngfb" fgcolor="#000000" bgcolor="#BFFFBF"
             type="rectangle" x="137" y="221" width="46" height="17"/>
    </entry>
    <entry id="48" name="path:mmu04010" type="map"
        link="http://www.kegg.jp/dbget-bin/www_bget?mmu04010">
        <graphics name="TITLE:MAPK signaling pathway" fgcolor="#000000" bgcolor="#FFFFFF"
             type="roundrectangle" x="154" y="58" width="228" height="25"/>
    </entry>
    <entry id="49" name="path:mmu04070" type="map"
        link="http://www.kegg.jp/dbget-bin/www_bget?mmu04070">
        <graphics name="Phosphatidylinositol signaling system" fgcolor="#000000" bgcolor="#FFFFFF"
             type="roundrectangle" x="630" y="86" width="121" height="38"/>
    </entry>
    <entry id="50" name="path:mmu04110" type="map"
        link="http://www.kegg.jp/dbget-bin/www_bget?mmu04110">
        <graphics name="Cell cycle" fgcolor="#000000" bgcolor="#FFFFFF"
             type="roundrectangle" x="1301" y="602" width="34" height="271"/>
    </entry>
    <entry id="51" name="path:mmu04210" type="map"
        link="http://www.kegg.jp/dbget-bin/www_bget?mmu04210">
        <graphics name="Apoptosis" fgcolor="#000000" bgcolor="#FFFFFF"
             type="roundrectangle" x="1223" y="623" width="94" height="26"/>
    </entry>
    <entry id="52" name="path:mmu04310" type="map"
        link="http://www.kegg.jp/dbget-bin/www_bget?mmu04310">
        <graphics name="Wnt signaling pathway" fgcolor="#000000" bgcolor="#FFFFFF"
             type="roundrectangle" x="1039" y="852" width="94" height="38"/>
    </entry>
    <entry id="53" name="path:mmu04115" type="map"
        link="http://www.kegg.jp/dbget-bin/www_bget?mmu04115">
        <graphics name="p53 signaling pathway" fgcolor="#000000" bgcolor="#FFFFFF"
             type="roundrectangle" x="1039" y="614" width="94" height="38"/>
    </entry>
    <entry id="54" name="mmu:15370" type="gene"
        link="http://www.kegg.jp/dbget-bin/www_bget?mmu:15370">
        <graphics name="Nr4a1, GFRP1, Gfrp, Hbr-1, Hbr1, Hmr, N10, NGFI-B, NGFIB, NP10, TIS1, TR3, nur77" fgcolor="#000000" bgcolor="#BFFFBF"
             type="rectangle" x="914" y="915" width="46" height="17"/>
    </entry>
    <entry id="55" name="mmu:23939" type="gene"
        link="http://www.kegg.jp/dbget-bin/www_bget?mmu:23939">
        <graphics name="Mapk7, BMK-1, BMK1, ERK-5, ERK5, Erk5-T, PRKM7" fgcolor="#000000" bgcolor="#BFFFBF"
             type="rectangle" x="763" y="915" width="46" height="17"/>
    </entry>
    <entry id="56" name="mmu:23938" type="gene"
        link="http://www.kegg.jp/dbget-bin/www_bget?mmu:23938">
        <graphics name="Map2k5, AI324775, AI428457, MEK5, Mapkk5, Prkmk5" fgcolor="#000000" bgcolor="#BFFFBF"
             type="rectangle" x="676" y="915" width="46" height="17"/>
    </entry>
    <entry id="57" name="mmu:18099" type="gene"
        link="http://www.kegg.jp/dbget-bin/www_bget?mmu:18099">
        <graphics name="Nlk, AI194375" fgcolor="#000000" bgcolor="#BFFFBF"
             type="rectangle" x="786" y="852" width="46" height="17"/>
    </entry>
    <entry id="58" name="mmu:12531" type="gene"
        link="http://www.kegg.jp/dbget-bin/www_bget?mmu:12531">
        <graphics name="Cdc25b, AI604853" fgcolor="#000000" bgcolor="#BFFFBF"
             type="rectangle" x="851" y="822" width="46" height="17"/>
    </entry>
    <entry id="59" name="mmu:56613 mmu:73086" type="gene"
        link="http://www.kegg.jp/dbget-bin/www_bget?mmu:56613+mmu:73086">
        <graphics name="Rps6ka4, 1110069D02Rik, 90kDa, AI848992, Msk2, mMSK2..." fgcolor="#000000" bgcolor="#BFFFBF"
             type="rectangle" x="851" y="800" width="46" height="17"/>
    </entry>
    <entry id="60" name="mmu:102626 mmu:17164" type="gene"
        link="http://www.kegg.jp/dbget-bin/www_bget?mmu:102626+mmu:17164">
        <graphics name="Mapkapk3, 3PK, AI874665, MAPKAP-K3, MAPKAP3, MK-3, MK3, MapkKapk3..." fgcolor="#000000" bgcolor="#BFFFBF"
             type="rectangle" x="851" y="779" width="46" height="17"/>
    </entry>
    <entry id="61" name="mmu:11911" type="gene"
        link="http://www.kegg.jp/dbget-bin/www_bget?mmu:11911">
        <graphics name="Atf4, Atf-4, C/ATF, CREB2, TAXREB67" fgcolor="#000000" bgcolor="#BFFFBF"
             type="rectangle" x="914" y="801" width="46" height="17"/>
    </entry>
    <entry id="62" name="mmu:17260" type="gene"
        link="http://www.kegg.jp/dbget-bin/www_bget?mmu:17260">
        <graphics name="Mef2c, 5430401D19Rik, 9930028G15Rik, AV011172, Mef2" fgcolor="#000000" bgcolor="#BFFFBF"
             type="rectangle" x="914" y="736" width="46" height="17"/>
    </entry>
    <entry id="63" name="mmu:17187" type="gene"
        link="http://www.kegg.jp/dbget-bin/www_bget?mmu:17187">
        <graphics name="Max, AA960152, AI875693, bHLHd4, bHLHd5, bHLHd6, bHLHd7, bHLHd8" fgcolor="#000000" bgcolor="#BFFFBF"
             type="rectangle" x="914" y="714" width="46" height="17"/>
    </entry>
    <entry id="64" name="mmu:13198" type="gene"
        link="http://www.kegg.jp/dbget-bin/www_bget?mmu:13198">
        <graphics name="Ddit3, CHOP-10, CHOP10, chop, gadd153" fgcolor="#000000" bgcolor="#BFFFBF"
             type="rectangle" x="914" y="692" width="46" height="17"/>
    </entry>
    <entry id="65" name="mmu:13714" type="gene"
        link="http://www.kegg.jp/dbget-bin/www_bget?mmu:13714">
        <graphics name="Elk4, 2310011G17Rik, A130026I01Rik, BB162516, SAP-1, Sap1" fgcolor="#000000" bgcolor="#BFFFBF"
             type="rectangle" x="914" y="670" width="46" height="17"/>
    </entry>
    <entry id="66" name="mmu:22059" type="gene"
        link="http://www.kegg.jp/dbget-bin/www_bget?mmu:22059">
        <graphics name="Trp53, Tp53, bbl, bfy, bhy, p44, p53" fgcolor="#000000" bgcolor="#BFFFBF"
             type="rectangle" x="914" y="614" width="46" height="17"/>
    </entry>
    <entry id="67" name="mmu:13712" type="gene"
        link="http://www.kegg.jp/dbget-bin/www_bget?mmu:13712">
        <graphics name="Elk1, Elk-1" fgcolor="#000000" bgcolor="#BFFFBF"
             type="rectangle" x="914" y="593" width="46" height="17"/>
    </entry>
    <entry id="68" name="mmu:102641666 mmu:11909" type="gene"
        link="http://www.kegg.jp/dbget-bin/www_bget?mmu:102641666+mmu:11909">
        <graphics name="102641666..." fgcolor="#000000" bgcolor="#BFFFBF"
             type="rectangle" x="914" y="571" width="46" height="17"/>
    </entry>
    <entry id="69" name="mmu:19094 mmu:26415 mmu:26416 mmu:29857" type="gene"
        link="http://www.kegg.jp/dbget-bin/www_bget?mmu:19094+mmu:26415+mmu:26416+mmu:29857">
        <graphics name="Mapk11, P38b, Prkm11, Sapk2, Sapk2b, p38-2, p38beta, p38beta2..." fgcolor="#000000" bgcolor="#BFFFBF"
             type="rectangle" x="763" y="703" width="46" height="17"/>
    </entry>
    <entry id="70" name="mmu:19060" type="gene"
        link="http://www.kegg.jp/dbget-bin/www_bget?mmu:19060">
        <graphics name="Ppp5c, AU020526, PP5" fgcolor="#000000" bgcolor="#BFFFBF"
             type="rectangle" x="657" y="756" width="46" height="17"/>
    </entry>
    <entry id="71" name="mmu:26399" type="gene"
        link="http://www.kegg.jp/dbget-bin/www_bget?mmu:26399">
        <graphics name="Map2k6, MEK6, MKK6, Prkmk6, SAPKK3" fgcolor="#000000" bgcolor="#BFFFBF"
             type="rectangle" x="676" y="719" width="46" height="17"/>
    </entry>
    <entry id="72" name="mmu:26397" type="gene"
        link="http://www.kegg.jp/dbget-bin/www_bget?mmu:26397">
        <graphics name="Map2k3, AW212142, MEK3, MKK3, Prkmk3, mMKK3b" fgcolor="#000000" bgcolor="#BFFFBF"
             type="rectangle" x="676" y="688" width="46" height="17"/>
    </entry>
    <entry id="73" name="mmu:13537 mmu:18218 mmu:19252 mmu:235584 mmu:240672 mmu:319520 mmu:63953 mmu:67603 mmu:70686 mmu:75590" type="gene"
        link="http://www.kegg.jp/dbget-bin/www_bget?mmu:13537+mmu:18218+mmu:19252+mmu:235584+mmu:240672+mmu:319520+mmu:63953+mmu:67603+mmu:70686+mmu:75590">
        <graphics name="Dusp2, PAC1..." fgcolor="#000000" bgcolor="#BFFFBF"
             type="rectangle" x="787" y="592" width="46" height="17"/>
    </entry>
    <entry id="74" name="mmu:19259 mmu:19279 mmu:320139 mmu:72349" type="gene"
        link="http://www.kegg.jp/dbget-bin/www_bget?mmu:19259+mmu:19279+mmu:320139+mmu:72349">
        <graphics name="Ptpn5, Step..." fgcolor="#000000" bgcolor="#BFFFBF"
             type="rectangle" x="743" y="614" width="46" height="17"/>
    </entry>
    <entry id="75" name="mmu:19042" type="gene"
        link="http://www.kegg.jp/dbget-bin/www_bget?mmu:19042">
        <graphics name="Ppm1a, 2310003C21Rik, 2900017D14Rik, AI427932, AU017636, MMPa-2, MPPa-1" fgcolor="#000000" bgcolor="#BFFFBF"
             type="rectangle" x="686" y="592" width="46" height="17"/>
    </entry>
    <entry id="76" name="mmu:11651 mmu:11652 mmu:23797" type="gene"
        link="http://www.kegg.jp/dbget-bin/www_bget?mmu:11651+mmu:11652+mmu:23797">
        <graphics name="Akt1, Akt, PKB, PKB/Akt, PKBalpha, Rac..." fgcolor="#000000" bgcolor="#BFFFBF"
             type="rectangle" x="643" y="614" width="46" height="17"/>
    </entry>
    <entry id="77" name="mmu:216965 mmu:330177 mmu:381921" type="gene"
        link="http://www.kegg.jp/dbget-bin/www_bget?mmu:216965+mmu:330177+mmu:381921">
        <graphics name="Taok1, 2810468K05Rik, AU020252, D130018F14Rik, Map3k16, Markk, Psk2, mKIAA1361..." fgcolor="#000000" bgcolor="#BFFFBF"
             type="rectangle" x="580" y="827" width="46" height="17"/>
    </entry>
    <entry id="78" name="mmu:26407" type="gene"
        link="http://www.kegg.jp/dbget-bin/www_bget?mmu:26407">
        <graphics name="Map3k4, D17Rp17, D17Rp17e, MAPKKK4, MEKK_4, MTK1, Mek4b, Mekk4, RP17, Rp17a, Tas, mKIAA0213" fgcolor="#000000" bgcolor="#BFFFBF"
             type="rectangle" x="580" y="800" width="46" height="17"/>
    </entry>
    <entry id="79" name="mmu:15507" type="gene"
        link="http://www.kegg.jp/dbget-bin/www_bget?mmu:15507">
        <graphics name="Hspb1, 27kDa, Hsp25" fgcolor="#000000" bgcolor="#BFFFBF"
             type="rectangle" x="914" y="769" width="46" height="17"/>
    </entry>
    <entry id="80" name="mmu:26409" type="gene"
        link="http://www.kegg.jp/dbget-bin/www_bget?mmu:26409">
        <graphics name="Map3k7, B430101B05, C87327, Tak1" fgcolor="#000000" bgcolor="#BFFFBF"
             type="rectangle" x="580" y="733" width="46" height="17"/>
    </entry>
    <entry id="81" name="mmu:26408" type="gene"
        link="http://www.kegg.jp/dbget-bin/www_bget?mmu:26408">
        <graphics name="Map3k5, 7420452D20Rik, ASK, ASK1, MAPKKK5, Mekk5" fgcolor="#000000" bgcolor="#BFFFBF"
             type="rectangle" x="580" y="703" width="46" height="17"/>
    </entry>
    <entry id="82" name="mmu:53608" type="gene"
        link="http://www.kegg.jp/dbget-bin/www_bget?mmu:53608">
        <graphics name="Map3k6, Ask2, MAPKKK6, MEKK6" fgcolor="#000000" bgcolor="#BFFFBF"
             type="rectangle" x="580" y="673" width="46" height="17"/>
    </entry>
    <entry id="83" name="mmu:65964" type="gene"
        link="http://www.kegg.jp/dbget-bin/www_bget?mmu:65964">
        <graphics name="Zak, AV006891, B230120H23Rik, MLTK, MLTKalpha, MLTKbeta" fgcolor="#000000" bgcolor="#BFFFBF"
             type="rectangle" x="580" y="629" width="46" height="17"/>
    </entry>
    <entry id="84" name="mmu:26404" type="gene"
        link="http://www.kegg.jp/dbget-bin/www_bget?mmu:26404">
        <graphics name="Map3k12, DLK, MUK, Zpk" fgcolor="#000000" bgcolor="#BFFFBF"
             type="rectangle" x="580" y="609" width="46" height="17"/>
    </entry>
    <entry id="85" name="mmu:71751" type="gene"
        link="http://www.kegg.jp/dbget-bin/www_bget?mmu:71751">
        <graphics name="Map3k13, C130026N12Rik, LZK" fgcolor="#000000" bgcolor="#BFFFBF"
             type="rectangle" x="580" y="589" width="46" height="17"/>
    </entry>
    <entry id="86" name="mmu:26412" type="gene"
        link="http://www.kegg.jp/dbget-bin/www_bget?mmu:26412">
        <graphics name="Map4k2, AI385662, BL44, GCK, Rab8ip" fgcolor="#000000" bgcolor="#BFFFBF"
             type="rectangle" x="494" y="653" width="46" height="17"/>
    </entry>
    <entry id="87" name="mmu:56274 mmu:58231" type="gene"
        link="http://www.kegg.jp/dbget-bin/www_bget?mmu:56274+mmu:58231">
        <graphics name="Stk3, 0610042I06Rik, MST, Mst2, Mst3, Ste20, mess1..." fgcolor="#000000" bgcolor="#BFFFBF"
             type="rectangle" x="494" y="613" width="46" height="17"/>
    </entry>
    <entry id="88" name="mmu:26940" type="gene"
        link="http://www.kegg.jp/dbget-bin/www_bget?mmu:26940">
        <graphics name="Ecsit, Sitpec" fgcolor="#000000" bgcolor="#BFFFBF"
             type="rectangle" x="427" y="779" width="46" height="17"/>
    </entry>
    <entry id="89" name="mmu:68652" type="gene"
        link="http://www.kegg.jp/dbget-bin/www_bget?mmu:68652">
        <graphics name="Tab2, 1110030N06Rik, A530078N03Rik, Map3k7ip2, mKIAA0733" fgcolor="#000000" bgcolor="#BFFFBF"
             type="rectangle" x="427" y="755" width="46" height="17"/>
    </entry>
    <entry id="90" name="mmu:66513" type="gene"
        link="http://www.kegg.jp/dbget-bin/www_bget?mmu:66513">
        <graphics name="Tab1, 2310012M03Rik, Map3k7ip1, b2b449Clo" fgcolor="#000000" bgcolor="#BFFFBF"
             type="rectangle" x="427" y="733" width="46" height="17"/>
    </entry>
    <entry id="91" name="mmu:13197 mmu:17873 mmu:23882" type="gene"
        link="http://www.kegg.jp/dbget-bin/www_bget?mmu:13197+mmu:17873+mmu:23882">
        <graphics name="Gadd45a, AA545191, Ddit1, GADD45..." fgcolor="#000000" bgcolor="#BFFFBF"
             type="rectangle" x="361" y="800" width="46" height="17"/>
    </entry>
    <entry id="92" name="mmu:22034" type="gene"
        link="http://www.kegg.jp/dbget-bin/www_bget?mmu:22034">
        <graphics name="Traf6, 2310003F17Rik, AI851288, C630032O20Rik" fgcolor="#000000" bgcolor="#BFFFBF"
             type="rectangle" x="361" y="768" width="46" height="17"/>
    </entry>
    <entry id="93" name="mmu:13163" type="gene"
        link="http://www.kegg.jp/dbget-bin/www_bget?mmu:13163">
        <graphics name="Daxx" fgcolor="#000000" bgcolor="#BFFFBF"
             type="rectangle" x="408" y="702" width="46" height="17"/>
    </entry>
    <entry id="94" name="mmu:22030" type="gene"
        link="http://www.kegg.jp/dbget-bin/www_bget?mmu:22030">
        <graphics name="Traf2, AI325259" fgcolor="#000000" bgcolor="#BFFFBF"
             type="rectangle" x="392" y="653" width="46" height="17"/>
    </entry>
    <entry id="95" name="mmu:12367" type="gene"
        link="http://www.kegg.jp/dbget-bin/www_bget?mmu:12367">
        <graphics name="Casp3, A830040C14Rik, AC-3, Apopain, CASP-3, CC3, CPP-32, CPP32, Caspase-3, Lice, SCA-1, Yama, mldy" fgcolor="#000000" bgcolor="#BFFFBF"
             type="rectangle" x="392" y="613" width="46" height="17"/>
    </entry>
    <entry id="96" name="mmu:12475" type="gene"
        link="http://www.kegg.jp/dbget-bin/www_bget?mmu:12475">
        <graphics name="Cd14" fgcolor="#000000" bgcolor="#BFFFBF"
             type="rectangle" x="220" y="743" width="46" height="17"/>
    </entry>
    <entry id="97" name="mmu:21812 mmu:21813" type="gene"
        link="http://www.kegg.jp/dbget-bin/www_bget?mmu:21812+mmu:21813">
        <graphics name="Tgfbr1, ALK5, AU017191, Alk-5, TbetaR-I, TbetaRI..." fgcolor="#000000" bgcolor="#BFFFBF"
             type="rectangle" x="220" y="714" width="46" height="17"/>
    </entry>
    <entry id="98" name="mmu:14102" type="gene"
        link="http://www.kegg.jp/dbget-bin/www_bget?mmu:14102">
        <graphics name="Fas, AI196731, APO1, APT1, CD95, TNFR6, Tnfrsf6, lpr" fgcolor="#000000" bgcolor="#BFFFBF"
             type="rectangle" x="220" y="692" width="46" height="17"/>
    </entry>
    <entry id="99" name="mmu:16177 mmu:16178" type="gene"
        link="http://www.kegg.jp/dbget-bin/www_bget?mmu:16177+mmu:16178">
        <graphics name="Il1r1, CD121a, CD121b, IL-1R1, IL-iR, Il1r-1..." fgcolor="#000000" bgcolor="#BFFFBF"
             type="rectangle" x="220" y="663" width="46" height="17"/>
    </entry>
    <entry id="100" name="mmu:21937" type="gene"
        link="http://www.kegg.jp/dbget-bin/www_bget?mmu:21937">
        <graphics name="Tnfrsf1a, CD120a, FPF, TNF-R, TNF-R-I, TNF-R1, TNF-R55, TNF-alphaR1, TNFAR, TNFR60, TNFRI, TNFRp55, TNFalpha-R1, Tnfr-2, Tnfr1, p55, p55-R" fgcolor="#000000" bgcolor="#BFFFBF"
             type="rectangle" x="220" y="641" width="46" height="17"/>
    </entry>
    <entry id="101" name="mmu:21803 mmu:21808 mmu:21809" type="gene"
        link="http://www.kegg.jp/dbget-bin/www_bget?mmu:21803+mmu:21808+mmu:21809">
        <graphics name="Tgfb1, TGF-beta1, TGFbeta1, Tgfb, Tgfb-1..." fgcolor="#000000" bgcolor="#BFFFBF"
             type="rectangle" x="137" y="714" width="46" height="17"/>
    </entry>
    <entry id="102" name="mmu:16175 mmu:16176" type="gene"
        link="http://www.kegg.jp/dbget-bin/www_bget?mmu:16175+mmu:16176">
        <graphics name="Il1a, Il-1a..." fgcolor="#000000" bgcolor="#BFFFBF"
             type="rectangle" x="137" y="663" width="46" height="17"/>
    </entry>
    <entry id="103" name="mmu:21926" type="gene"
        link="http://www.kegg.jp/dbget-bin/www_bget?mmu:21926">
        <graphics name="Tnf, DIF, TNF-a, TNF-alpha, TNFSF2, TNFalpha, Tnfa, Tnfsf1a" fgcolor="#000000" bgcolor="#BFFFBF"
             type="rectangle" x="137" y="641" width="46" height="17"/>
    </entry>
    <entry id="104" name="mmu:17165" type="gene"
        link="http://www.kegg.jp/dbget-bin/www_bget?mmu:17165">
        <graphics name="Mapkapk5, MK5, PRAK" fgcolor="#000000" bgcolor="#BFFFBF"
             type="rectangle" x="851" y="757" width="46" height="17"/>
    </entry>
    <entry id="105" name="mmu:12540 mmu:170758 mmu:19353 mmu:19354" type="gene"
        link="http://www.kegg.jp/dbget-bin/www_bget?mmu:12540+mmu:170758+mmu:19353+mmu:19354">
        <graphics name="Cdc42, AI747189, AU018915..." fgcolor="#000000" bgcolor="#BFFFBF"
             type="rectangle" x="408" y="552" width="46" height="17"/>
    </entry>
    <entry id="106" name="mmu:18479 mmu:224105" type="gene"
        link="http://www.kegg.jp/dbget-bin/www_bget?mmu:18479+mmu:224105">
        <graphics name="Pak1, AW045634, PAK-1, Paka..." fgcolor="#000000" bgcolor="#BFFFBF"
             type="rectangle" x="494" y="552" width="46" height="17"/>
    </entry>
    <entry id="107" name="mmu:26405 mmu:26406" type="gene"
        link="http://www.kegg.jp/dbget-bin/www_bget?mmu:26405+mmu:26406">
        <graphics name="Map3k2, 9630061B06Rik, AI585793, Mekk2, Mekk2b..." fgcolor="#000000" bgcolor="#BFFFBF"
             type="rectangle" x="580" y="552" width="46" height="17"/>
    </entry>
    <entry id="108" name="mmu:19099 mmu:60597" type="gene"
        link="http://www.kegg.jp/dbget-bin/www_bget?mmu:19099+mmu:60597">
        <graphics name="Mapk8ip1, IB1, JIP-1, Jip1, Prkm8ip, Skip, mjip-2a..." fgcolor="#000000" bgcolor="#BFFFBF"
             type="rectangle" x="724" y="531" width="46" height="17"/>
    </entry>
    <entry id="109" name="mmu:26403" type="gene"
        link="http://www.kegg.jp/dbget-bin/www_bget?mmu:26403">
        <graphics name="Map3k11, 2610017K16Rik, Mlk3, PTK1, SPRK" fgcolor="#000000" bgcolor="#BFFFBF"
             type="rectangle" x="580" y="520" width="46" height="17"/>
    </entry>
    <entry id="110" name="mmu:26400" type="gene"
        link="http://www.kegg.jp/dbget-bin/www_bget?mmu:26400">
        <graphics name="Map2k7, 5930412N11Rik, JNKK_2, Jnkk2, MAPKK_7, MEK_7, Mapkk7, Mek7, Mkk7, Prkmk7, sek2" fgcolor="#000000" bgcolor="#BFFFBF"
             type="rectangle" x="676" y="520" width="46" height="17"/>
    </entry>
    <entry id="111" name="mmu:26414 mmu:26419 mmu:26420" type="gene"
        link="http://www.kegg.jp/dbget-bin/www_bget?mmu:26414+mmu:26419+mmu:26420">
        <graphics name="Mapk10, C230008H04Rik, JNK3, JNK3B1, JNK3B2, SAPK(beta), Serk2, p493F12, p54bSAPK..." fgcolor="#000000" bgcolor="#BFFFBF"
             type="rectangle" x="763" y="503" width="46" height="17"/>
    </entry>
    <entry id="112" name="mmu:26398" type="gene"
        link="http://www.kegg.jp/dbget-bin/www_bget?mmu:26398">
        <graphics name="Map2k4, JNKK1, MEK4, MKK4, PRKMK4, Sek1, Serk1" fgcolor="#000000" bgcolor="#BFFFBF"
             type="rectangle" x="676" y="487" width="46" height="17"/>
    </entry>
    <entry id="113" name="mmu:12928 mmu:12929" type="gene"
        link="http://www.kegg.jp/dbget-bin/www_bget?mmu:12928+mmu:12929">
        <graphics name="Crk, Crk-I, Crk-II, Crk-III, Crk3, CrkIII, Crko, c-Crk, p38..." fgcolor="#000000" bgcolor="#BFFFBF"
             type="rectangle" x="718" y="451" width="46" height="17"/>
    </entry>
    <entry id="114" name="mmu:109689 mmu:216869" type="gene"
        link="http://www.kegg.jp/dbget-bin/www_bget?mmu:109689+mmu:216869">
        <graphics name="Arrb1, 1200006I17Rik, AW208571, G430100A01Rik..." fgcolor="#000000" bgcolor="#BFFFBF"
             type="rectangle" x="665" y="451" width="46" height="17"/>
    </entry>
    <entry id="115" name="mmu:14013" type="gene"
        link="http://www.kegg.jp/dbget-bin/www_bget?mmu:14013">
        <graphics name="Mecom, D630039M04Rik, Evi-1, Evi1, Jbo, Mds, Mds1, Mds1-Evi1, Prdm3, Znfpr1b1" fgcolor="#000000" bgcolor="#BFFFBF"
             type="rectangle" x="793" y="455" width="46" height="17"/>
    </entry>
    <entry id="116" name="mmu:15481 mmu:15482 mmu:15511 mmu:15512 mmu:193740" type="gene"
        link="http://www.kegg.jp/dbget-bin/www_bget?mmu:15481+mmu:15482+mmu:15511+mmu:15512+mmu:193740">
        <graphics name="Hspa8, 2410008N15Rik, Hsc70, Hsc71, Hsc73, Hsp73, Hspa10..." fgcolor="#000000" bgcolor="#BFFFBF"
             type="rectangle" x="793" y="434" width="46" height="17"/>
    </entry>
    <entry id="117" name="mmu:16478" type="gene"
        link="http://www.kegg.jp/dbget-bin/www_bget?mmu:16478">
        <graphics name="Jund, Jund1" fgcolor="#000000" bgcolor="#BFFFBF"
             type="rectangle" x="914" y="514" width="46" height="17"/>
    </entry>
    <entry id="118" name="mmu:16476" type="gene"
        link="http://www.kegg.jp/dbget-bin/www_bget?mmu:16476">
        <graphics name="Jun, AP-1, Junc, c-jun" fgcolor="#000000" bgcolor="#BFFFBF"
             type="rectangle" x="914" y="492" width="46" height="17"/>
    </entry>
    <entry id="119" name="mmu:18021" type="gene"
        link="http://www.kegg.jp/dbget-bin/www_bget?mmu:18021">
        <graphics name="Nfatc3, C80703, D8Ertd281e, NFAT4, NFATx" fgcolor="#000000" bgcolor="#BFFFBF"
             type="rectangle" x="914" y="467" width="46" height="17"/>
    </entry>
    <entry id="120" name="mmu:18018" type="gene"
        link="http://www.kegg.jp/dbget-bin/www_bget?mmu:18018">
        <graphics name="Nfatc1, 2210017P03Rik, AI449492, AV076380, NF-ATc, NFAT2, NFATc, Nfatcb" fgcolor="#000000" bgcolor="#BFFFBF"
             type="rectangle" x="914" y="446" width="46" height="17"/>
    </entry>
    <entry id="121" name="mmu:19055 mmu:19056 mmu:19057 mmu:19058 mmu:19059" type="gene"
        link="http://www.kegg.jp/dbget-bin/www_bget?mmu:19055+mmu:19056+mmu:19057+mmu:19058+mmu:19059">
        <graphics name="Ppp3ca, 2900074D19Rik, CN, Caln, Calna, CnA..." fgcolor="#000000" bgcolor="#BFFFBF"
             type="rectangle" x="849" y="391" width="46" height="17"/>
    </entry>
    <entry id="123" name="mmu:30957" type="gene"
        link="http://www.kegg.jp/dbget-bin/www_bget?mmu:30957">
        <graphics name="Mapk8ip3, BB120594, D17Wsu15e, JIP-3, JSAP1, JSAP1a, JSAP1b, JSAP1c, JSAP1d, Jip3, Syd2, mKIAA1066" fgcolor="#000000" bgcolor="#BFFFBF"
             type="rectangle" x="737" y="430" width="46" height="17"/>
    </entry>
    <entry id="124" name="mmu:192176 mmu:286940 mmu:68794" type="gene"
        link="http://www.kegg.jp/dbget-bin/www_bget?mmu:192176+mmu:286940+mmu:68794">
        <graphics name="Flna, ABP-280, Dilp2, F730004A14Rik, Fln1, GENA_379, filamin-1..." fgcolor="#000000" bgcolor="#BFFFBF"
             type="rectangle" x="684" y="430" width="46" height="17"/>
    </entry>
    <entry id="125" name="mmu:26401" type="gene"
        link="http://www.kegg.jp/dbget-bin/www_bget?mmu:26401">
        <graphics name="Map3k1, MAPKKK1, MEKK1, Mekk" fgcolor="#000000" bgcolor="#BFFFBF"
             type="rectangle" x="580" y="476" width="46" height="17"/>
    </entry>
    <entry id="126" name="mmu:26410" type="gene"
        link="http://www.kegg.jp/dbget-bin/www_bget?mmu:26410">
        <graphics name="Map3k8, Cot, Cot/Tpl2, Est, Estf, Tpl-2, Tpl2, c-COT" fgcolor="#000000" bgcolor="#BFFFBF"
             type="rectangle" x="580" y="452" width="46" height="17"/>
    </entry>
    <entry id="127" name="mmu:26411" type="gene"
        link="http://www.kegg.jp/dbget-bin/www_bget?mmu:26411">
        <graphics name="Map4k1, Hpk1, mHPK1" fgcolor="#000000" bgcolor="#BFFFBF"
             type="rectangle" x="494" y="520" width="46" height="17"/>
    </entry>
    <entry id="128" name="mmu:225028" type="gene"
        link="http://www.kegg.jp/dbget-bin/www_bget?mmu:225028">
        <graphics name="Map4k3, 4833416M01Rik, 4833416M07Rik, 9530052P13Rik, Glk, MAPKKKK3, MEKKK_3, MEKKK3, RAB8IPL1" fgcolor="#000000" bgcolor="#BFFFBF"
             type="rectangle" x="494" y="454" width="46" height="17"/>
    </entry>
    <entry id="129" name="mmu:14281" type="gene"
        link="http://www.kegg.jp/dbget-bin/www_bget?mmu:14281">
        <graphics name="Fos, D12Rfj1, c-fos, cFos" fgcolor="#000000" bgcolor="#BFFFBF"
             type="rectangle" x="1080" y="311" width="46" height="17"/>
    </entry>
    <entry id="130" name="mmu:20807" type="gene"
        link="http://www.kegg.jp/dbget-bin/www_bget?mmu:20807">
        <graphics name="Srf, AW049942, AW240594" fgcolor="#000000" bgcolor="#BFFFBF"
             type="rectangle" x="978" y="311" width="46" height="17"/>
    </entry>
    <entry id="131" name="mmu:17869" type="gene"
        link="http://www.kegg.jp/dbget-bin/www_bget?mmu:17869">
        <graphics name="Myc, AU016757, Myc2, Niard, Nird, bHLHe39" fgcolor="#000000" bgcolor="#BFFFBF"
             type="rectangle" x="914" y="344" width="46" height="17"/>
    </entry>
    <entry id="132" name="mmu:13714" type="gene"
        link="http://www.kegg.jp/dbget-bin/www_bget?mmu:13714">
        <graphics name="Elk4, 2310011G17Rik, A130026I01Rik, BB162516, SAP-1, Sap1" fgcolor="#000000" bgcolor="#BFFFBF"
             type="rectangle" x="914" y="322" width="46" height="17"/>
    </entry>
    <entry id="133" name="mmu:13712" type="gene"
        link="http://www.kegg.jp/dbget-bin/www_bget?mmu:13712">
        <graphics name="Elk1, Elk-1" fgcolor="#000000" bgcolor="#BFFFBF"
             type="rectangle" x="914" y="300" width="46" height="17"/>
    </entry>
    <entry id="134" name="mmu:11911" type="gene"
        link="http://www.kegg.jp/dbget-bin/www_bget?mmu:11911">
        <graphics name="Atf4, Atf-4, C/ATF, CREB2, TAXREB67" fgcolor="#000000" bgcolor="#BFFFBF"
             type="rectangle" x="914" y="272" width="46" height="17"/>
    </entry>
    <entry id="135" name="mmu:110651 mmu:20111 mmu:20112 mmu:67071" type="gene"
        link="http://www.kegg.jp/dbget-bin/www_bget?mmu:110651+mmu:20111+mmu:20112+mmu:67071">
        <graphics name="Rps6ka3, C130006E23, MAPKAPK-1b, MPK-9, Rsk2, S6K-alpha3, p90RSK3, pp90RSK2..." fgcolor="#000000" bgcolor="#BFFFBF"
             type="rectangle" x="850" y="282" width="46" height="17"/>
    </entry>
    <entry id="136" name="mmu:17346 mmu:17347" type="gene"
        link="http://www.kegg.jp/dbget-bin/www_bget?mmu:17346+mmu:17347">
        <graphics name="Mknk1, 2410048M24Rik, Mnk1..." fgcolor="#000000" bgcolor="#BFFFBF"
             type="rectangle" x="850" y="261" width="46" height="17"/>
    </entry>
    <entry id="137" name="undefined" type="group">
        <graphics fgcolor="#000000" bgcolor="#FFFFFF"
             type="rectangle" x="946" y="311" width="110" height="39"/>
        <component id="130"/>
        <component id="132"/>
        <component id="133"/>
    </entry>
    <relation entry1="47" entry2="40" type="PPrel">
        <subtype name="activation" value="--&gt;"/>
    </relation>
    <relation entry1="46" entry2="40" type="PPrel">
        <subtype name="activation" value="--&gt;"/>
    </relation>
    <relation entry1="45" entry2="40" type="PPrel">
        <subtype name="activation" value="--&gt;"/>
    </relation>
    <relation entry1="44" entry2="39" type="PPrel">
        <subtype name="activation" value="--&gt;"/>
    </relation>
    <relation entry1="43" entry2="38" type="PPrel">
        <subtype name="activation" value="--&gt;"/>
    </relation>
    <relation entry1="42" entry2="37" type="PPrel">
        <subtype name="activation" value="--&gt;"/>
    </relation>
    <relation entry1="35" entry2="31" type="PPrel">
        <subtype name="activation" value="--&gt;"/>
    </relation>
    <relation entry1="30" entry2="32" type="PPrel">
        <subtype name="activation" value="--&gt;"/>
    </relation>
    <relation entry1="2" entry2="32" type="PPrel">
        <subtype name="activation" value="--&gt;"/>
    </relation>
    <relation entry1="33" entry2="32" type="PPrel">
        <subtype name="activation" value="--&gt;"/>
    </relation>
    <relation entry1="28" entry2="24" type="PPrel">
        <subtype name="activation" value="--&gt;"/>
    </relation>
    <relation entry1="103" entry2="100" type="PPrel">
        <subtype name="activation" value="--&gt;"/>
    </relation>
    <relation entry1="102" entry2="99" type="PPrel">
        <subtype name="activation" value="--&gt;"/>
    </relation>
    <relation entry1="6" entry2="98" type="PPrel">
        <subtype name="activation" value="--&gt;"/>
    </relation>
    <relation entry1="101" entry2="97" type="PPrel">
        <subtype name="activation" value="--&gt;"/>
    </relation>
    <relation entry1="100" entry2="95" type="PPrel">
        <subtype name="activation" value="--&gt;"/>
    </relation>
    <relation entry1="100" entry2="94" type="PPrel">
        <subtype name="activation" value="--&gt;"/>
    </relation>
    <relation entry1="99" entry2="95" type="PPrel">
        <subtype name="activation" value="--&gt;"/>
    </relation>
    <relation entry1="98" entry2="93" type="PPrel">
        <subtype name="activation" value="--&gt;"/>
    </relation>
    <relation entry1="97" entry2="93" type="PPrel">
        <subtype name="activation" value="--&gt;"/>
    </relation>
    <relation entry1="36" entry2="40" type="PPrel">
        <subtype name="binding/association" value="---"/>
    </relation>
    <relation entry1="36" entry2="39" type="PPrel">
        <subtype name="binding/association" value="---"/>
    </relation>
    <relation entry1="36" entry2="38" type="PPrel">
        <subtype name="binding/association" value="---"/>
    </relation>
    <relation entry1="36" entry2="37" type="PPrel">
        <subtype name="binding/association" value="---"/>
    </relation>
    <relation entry1="34" entry2="36" type="PPrel">
        <subtype name="binding/association" value="---"/>
    </relation>
    <relation entry1="89" entry2="92" type="PPrel">
        <subtype name="binding/association" value="---"/>
    </relation>
    <relation entry1="88" entry2="92" type="PPrel">
        <subtype name="binding/association" value="---"/>
    </relation>
    <relation entry1="130" entry2="133" type="PPrel">
        <subtype name="binding/association" value="---"/>
    </relation>
    <relation entry1="130" entry2="132" type="PPrel">
        <subtype name="binding/association" value="---"/>
    </relation>
    <relation entry1="19" entry2="21" type="PPrel">
        <subtype name="binding/association" value="---"/>
    </relation>
    <relation entry1="19" entry2="20" type="PPrel">
        <subtype name="binding/association" value="---"/>
    </relation>
    <relation entry1="18" entry2="19" type="PPrel">
        <subtype name="binding/association" value="---"/>
    </relation>
    <relation entry1="108" entry2="111" type="PPrel">
        <subtype name="binding/association" value="---"/>
    </relation>
    <relation entry1="108" entry2="110" type="PPrel">
        <subtype name="binding/association" value="---"/>
    </relation>
    <relation entry1="108" entry2="109" type="PPrel">
        <subtype name="binding/association" value="---"/>
    </relation>
    <relation entry1="108" entry2="127" type="PPrel">
        <subtype name="binding/association" value="---"/>
    </relation>
    <relation entry1="111" entry2="123" type="PPrel">
        <subtype name="binding/association" value="---"/>
    </relation>
    <relation entry1="112" entry2="123" type="PPrel">
        <subtype name="binding/association" value="---"/>
    </relation>
    <relation entry1="110" entry2="123" type="PPrel">
        <subtype name="binding/association" value="---"/>
    </relation>
    <relation entry1="123" entry2="125" type="PPrel">
        <subtype name="binding/association" value="---"/>
    </relation>
    <relation entry1="109" entry2="123" type="PPrel">
        <subtype name="binding/association" value="---"/>
    </relation>
    <relation entry1="111" entry2="113" type="PPrel">
        <subtype name="binding/association" value="---"/>
    </relation>
    <relation entry1="112" entry2="113" type="PPrel">
        <subtype name="binding/association" value="---"/>
    </relation>
    <relation entry1="112" entry2="124" type="PPrel">
        <subtype name="binding/association" value="---"/>
    </relation>
    <relation entry1="112" entry2="114" type="PPrel">
        <subtype name="binding/association" value="---"/>
    </relation>
    <relation entry1="29" entry2="28" type="PPrel">
        <subtype name="phosphorylation" value="+p"/>
    </relation>
    <relation entry1="27" entry2="32" type="PPrel">
        <subtype name="phosphorylation" value="+p"/>
    </relation>
    <relation entry1="27" entry2="23" type="PPrel">
        <subtype name="phosphorylation" value="+p"/>
    </relation>
    <relation entry1="34" entry2="32" type="PPrel">
        <subtype name="activation" value="--&gt;"/>
    </relation>
    <relation entry1="32" entry2="24" type="PPrel">
        <subtype name="activation" value="--&gt;"/>
    </relation>
    <relation entry1="32" entry2="23" type="PPrel">
        <subtype name="activation" value="--&gt;"/>
    </relation>
    <relation entry1="32" entry2="22" type="PPrel">
        <subtype name="activation" value="--&gt;"/>
    </relation>
    <relation entry1="24" entry2="21" type="PPrel">
        <subtype name="phosphorylation" value="+p"/>
    </relation>
    <relation entry1="24" entry2="20" type="PPrel">
        <subtype name="phosphorylation" value="+p"/>
    </relation>
    <relation entry1="23" entry2="21" type="PPrel">
        <subtype name="phosphorylation" value="+p"/>
    </relation>
    <relation entry1="23" entry2="20" type="PPrel">
        <subtype name="phosphorylation" value="+p"/>
    </relation>
    <relation entry1="22" entry2="21" type="PPrel">
        <subtype name="phosphorylation" value="+p"/>
    </relation>
    <relation entry1="22" entry2="20" type="PPrel">
        <subtype name="phosphorylation" value="+p"/>
    </relation>
    <relation entry1="21" entry2="18" type="PPrel">
        <subtype name="phosphorylation" value="+p"/>
    </relation>
    <relation entry1="20" entry2="18" type="PPrel">
        <subtype name="phosphorylation" value="+p"/>
    </relation>
    <relation entry1="18" entry2="14" type="PPrel">
        <subtype name="phosphorylation" value="+p"/>
    </relation>
    <relation entry1="18" entry2="13" type="PPrel">
        <subtype name="phosphorylation" value="+p"/>
    </relation>
    <relation entry1="18" entry2="12" type="PPrel">
        <subtype name="phosphorylation" value="+p"/>
    </relation>
    <relation entry1="18" entry2="136" type="PPrel">
        <subtype name="phosphorylation" value="+p"/>
    </relation>
    <relation entry1="18" entry2="135" type="PPrel">
        <subtype name="phosphorylation" value="+p"/>
    </relation>
    <relation entry1="18" entry2="133" type="PPrel">
        <subtype name="phosphorylation" value="+p"/>
    </relation>
    <relation entry1="18" entry2="132" type="PPrel">
        <subtype name="phosphorylation" value="+p"/>
    </relation>
    <relation entry1="136" entry2="134" type="PPrel">
        <subtype name="phosphorylation" value="+p"/>
    </relation>
    <relation entry1="135" entry2="134" type="PPrel">
        <subtype name="phosphorylation" value="+p"/>
    </relation>
    <relation entry1="18" entry2="131" type="PPrel">
        <subtype name="phosphorylation" value="+p"/>
    </relation>
    <relation entry1="105" entry2="125" type="PPrel">
        <subtype name="activation" value="--&gt;"/>
    </relation>
    <relation entry1="105" entry2="106" type="PPrel">
        <subtype name="activation" value="--&gt;"/>
    </relation>
    <relation entry1="95" entry2="87" type="PPrel">
        <subtype name="activation" value="--&gt;"/>
    </relation>
    <relation entry1="94" entry2="86" type="PPrel">
        <subtype name="activation" value="--&gt;"/>
    </relation>
    <relation entry1="94" entry2="81" type="PPrel">
        <subtype name="activation" value="--&gt;"/>
    </relation>
    <relation entry1="94" entry2="125" type="PPrel">
        <subtype name="activation" value="--&gt;"/>
    </relation>
    <relation entry1="93" entry2="81" type="PPrel">
        <subtype name="activation" value="--&gt;"/>
    </relation>
    <relation entry1="91" entry2="78" type="PPrel">
        <subtype name="activation" value="--&gt;"/>
    </relation>
    <relation entry1="106" entry2="107" type="PPrel">
        <subtype name="phosphorylation" value="+p"/>
    </relation>
    <relation entry1="127" entry2="109" type="PPrel">
        <subtype name="phosphorylation" value="+p"/>
    </relation>
    <relation entry1="11" entry2="125" type="PPrel">
        <subtype name="phosphorylation" value="+p"/>
    </relation>
    <relation entry1="128" entry2="125" type="PPrel">
        <subtype name="phosphorylation" value="+p"/>
    </relation>
    <relation entry1="84" entry2="110" type="PPrel">
        <subtype name="phosphorylation" value="+p"/>
    </relation>
    <relation entry1="85" entry2="110" type="PPrel">
        <subtype name="phosphorylation" value="+p"/>
    </relation>
    <relation entry1="83" entry2="110" type="PPrel">
        <subtype name="phosphorylation" value="+p"/>
    </relation>
    <relation entry1="81" entry2="72" type="PPrel">
        <subtype name="phosphorylation" value="+p"/>
    </relation>
    <relation entry1="81" entry2="71" type="PPrel">
        <subtype name="phosphorylation" value="+p"/>
    </relation>
    <relation entry1="80" entry2="17" type="PPrel">
        <subtype name="phosphorylation" value="+p"/>
    </relation>
    <relation entry1="80" entry2="16" type="PPrel">
        <subtype name="phosphorylation" value="+p"/>
    </relation>
    <relation entry1="80" entry2="72" type="PPrel">
        <subtype name="phosphorylation" value="+p"/>
    </relation>
    <relation entry1="80" entry2="71" type="PPrel">
        <subtype name="phosphorylation" value="+p"/>
    </relation>
    <relation entry1="80" entry2="57" type="PPrel">
        <subtype name="phosphorylation" value="+p"/>
    </relation>
    <relation entry1="82" entry2="72" type="PPrel">
        <subtype name="phosphorylation" value="+p"/>
    </relation>
    <relation entry1="82" entry2="71" type="PPrel">
        <subtype name="phosphorylation" value="+p"/>
    </relation>
    <relation entry1="72" entry2="69" type="PPrel">
        <subtype name="phosphorylation" value="+p"/>
    </relation>
    <relation entry1="71" entry2="69" type="PPrel">
        <subtype name="phosphorylation" value="+p"/>
    </relation>
    <relation entry1="69" entry2="68" type="PPrel">
        <subtype name="phosphorylation" value="+p"/>
    </relation>
    <relation entry1="69" entry2="67" type="PPrel">
        <subtype name="phosphorylation" value="+p"/>
    </relation>
    <relation entry1="69" entry2="66" type="PPrel">
        <subtype name="phosphorylation" value="+p"/>
    </relation>
    <relation entry1="69" entry2="65" type="PPrel">
        <subtype name="phosphorylation" value="+p"/>
    </relation>
    <relation entry1="69" entry2="64" type="PPrel">
        <subtype name="phosphorylation" value="+p"/>
    </relation>
    <relation entry1="69" entry2="63" type="PPrel">
        <subtype name="phosphorylation" value="+p"/>
    </relation>
    <relation entry1="69" entry2="62" type="PPrel">
        <subtype name="phosphorylation" value="+p"/>
    </relation>
    <relation entry1="69" entry2="104" type="PPrel">
        <subtype name="phosphorylation" value="+p"/>
    </relation>
    <relation entry1="69" entry2="60" type="PPrel">
        <subtype name="phosphorylation" value="+p"/>
    </relation>
    <relation entry1="69" entry2="59" type="PPrel">
        <subtype name="phosphorylation" value="+p"/>
    </relation>
    <relation entry1="69" entry2="58" type="PPrel">
        <subtype name="phosphorylation" value="+p"/>
    </relation>
    <relation entry1="104" entry2="79" type="PPrel">
        <subtype name="phosphorylation" value="+p"/>
    </relation>
    <relation entry1="60" entry2="79" type="PPrel">
        <subtype name="phosphorylation" value="+p"/>
    </relation>
    <relation entry1="60" entry2="61" type="PPrel">
        <subtype name="phosphorylation" value="+p"/>
    </relation>
    <relation entry1="59" entry2="61" type="PPrel">
        <subtype name="phosphorylation" value="+p"/>
    </relation>
    <relation entry1="56" entry2="55" type="PPrel">
        <subtype name="phosphorylation" value="+p"/>
    </relation>
    <relation entry1="55" entry2="54" type="PPrel">
        <subtype name="phosphorylation" value="+p"/>
    </relation>
    <relation entry1="126" entry2="17" type="PPrel">
        <subtype name="phosphorylation" value="+p"/>
    </relation>
    <relation entry1="126" entry2="16" type="PPrel">
        <subtype name="phosphorylation" value="+p"/>
    </relation>
    <relation entry1="126" entry2="21" type="PPrel">
        <subtype name="phosphorylation" value="+p"/>
    </relation>
    <relation entry1="126" entry2="20" type="PPrel">
        <subtype name="phosphorylation" value="+p"/>
    </relation>
    <relation entry1="125" entry2="16" type="PPrel">
        <subtype name="phosphorylation" value="+p"/>
    </relation>
    <relation entry1="125" entry2="112" type="PPrel">
        <subtype name="phosphorylation" value="+p"/>
    </relation>
    <relation entry1="109" entry2="110" type="PPrel">
        <subtype name="phosphorylation" value="+p"/>
    </relation>
    <relation entry1="125" entry2="21" type="PPrel">
        <subtype name="phosphorylation" value="+p"/>
    </relation>
    <relation entry1="125" entry2="20" type="PPrel">
        <subtype name="phosphorylation" value="+p"/>
    </relation>
    <relation entry1="112" entry2="111" type="PPrel">
        <subtype name="phosphorylation" value="+p"/>
    </relation>
    <relation entry1="110" entry2="111" type="PPrel">
        <subtype name="phosphorylation" value="+p"/>
    </relation>
    <relation entry1="111" entry2="118" type="PPrel">
        <subtype name="phosphorylation" value="+p"/>
    </relation>
    <relation entry1="111" entry2="117" type="PPrel">
        <subtype name="phosphorylation" value="+p"/>
    </relation>
    <relation entry1="111" entry2="67" type="PPrel">
        <subtype name="phosphorylation" value="+p"/>
    </relation>
    <relation entry1="111" entry2="66" type="PPrel">
        <subtype name="phosphorylation" value="+p"/>
    </relation>
    <relation entry1="111" entry2="120" type="PPrel">
        <subtype name="inhibition" value="--|"/>
        <subtype name="phosphorylation" value="+p"/>
    </relation>
    <relation entry1="111" entry2="119" type="PPrel">
        <subtype name="inhibition" value="--|"/>
        <subtype name="phosphorylation" value="+p"/>
    </relation>
    <relation entry1="121" entry2="120" type="PPrel">
        <subtype name="dephosphorylation" value="-p"/>
    </relation>
    <relation entry1="76" entry2="81" type="PPrel">
        <subtype name="inhibition" value="--|"/>
        <subtype name="phosphorylation" value="+p"/>
    </relation>
    <relation entry1="76" entry2="112" type="PPrel">
        <subtype name="inhibition" value="--|"/>
        <subtype name="phosphorylation" value="+p"/>
    </relation>
    <relation entry1="121" entry2="119" type="PPrel">
        <subtype name="dephosphorylation" value="-p"/>
    </relation>
    <relation entry1="31" entry2="32" type="PPrel">
        <subtype name="inhibition" value="--|"/>
    </relation>
    <relation entry1="26" entry2="32" type="PPrel">
        <subtype name="inhibition" value="--|"/>
    </relation>
    <relation entry1="25" entry2="32" type="PPrel">
        <subtype name="inhibition" value="--|"/>
    </relation>
    <relation entry1="4" entry2="18" type="PPrel">
        <subtype name="inhibition" value="--|"/>
        <subtype name="dephosphorylation" value="-p"/>
    </relation>
    <relation entry1="3" entry2="18" type="PPrel">
        <subtype name="inhibition" value="--|"/>
        <subtype name="dephosphorylation" value="-p"/>
    </relation>
    <relation entry1="73" entry2="111" type="PPrel">
        <subtype name="inhibition" value="--|"/>
        <subtype name="dephosphorylation" value="-p"/>
    </relation>
    <relation entry1="73" entry2="69" type="PPrel">
        <subtype name="inhibition" value="--|"/>
        <subtype name="dephosphorylation" value="-p"/>
    </relation>
    <relation entry1="74" entry2="111" type="PPrel">
        <subtype name="inhibition" value="--|"/>
        <subtype name="dephosphorylation" value="-p"/>
    </relation>
    <relation entry1="74" entry2="69" type="PPrel">
        <subtype name="inhibition" value="--|"/>
        <subtype name="dephosphorylation" value="-p"/>
    </relation>
    <relation entry1="75" entry2="72" type="PPrel">
        <subtype name="inhibition" value="--|"/>
        <subtype name="dephosphorylation" value="-p"/>
    </relation>
    <relation entry1="75" entry2="71" type="PPrel">
        <subtype name="inhibition" value="--|"/>
        <subtype name="dephosphorylation" value="-p"/>
    </relation>
    <relation entry1="75" entry2="110" type="PPrel">
        <subtype name="inhibition" value="--|"/>
        <subtype name="dephosphorylation" value="-p"/>
    </relation>
    <relation entry1="75" entry2="112" type="PPrel">
        <subtype name="inhibition" value="--|"/>
        <subtype name="dephosphorylation" value="-p"/>
    </relation>
    <relation entry1="70" entry2="81" type="PPrel">
        <subtype name="inhibition" value="--|"/>
        <subtype name="dephosphorylation" value="-p"/>
    </relation>
    <relation entry1="5" entry2="80" type="PPrel">
        <subtype name="inhibition" value="--|"/>
        <subtype name="dephosphorylation" value="-p"/>
    </relation>
    <relation entry1="115" entry2="111" type="PPrel">
        <subtype name="inhibition" value="--|"/>
    </relation>
    <relation entry1="116" entry2="111" type="PPrel">
        <subtype name="inhibition" value="--|"/>
    </relation>
    <relation entry1="137" entry2="129" type="GErel">
        <subtype name="expression" value="--&gt;"/>
    </relation>
    <relation entry1="100" entry2="90" type="PPrel">
        <subtype name="indirect effect" value="..&gt;"/>
    </relation>
    <relation entry1="100" entry2="92" type="PPrel">
        <subtype name="indirect effect" value="..&gt;"/>
    </relation>
    <relation entry1="99" entry2="90" type="PPrel">
        <subtype name="indirect effect" value="..&gt;"/>
    </relation>
    <relation entry1="99" entry2="92" type="PPrel">
        <subtype name="indirect effect" value="..&gt;"/>
    </relation>
    <relation entry1="96" entry2="90" type="PPrel">
        <subtype name="indirect effect" value="..&gt;"/>
    </relation>
    <relation entry1="17" entry2="15" type="PPrel">
        <subtype name="indirect effect" value="..&gt;"/>
    </relation>
    <relation entry1="16" entry2="15" type="PPrel">
        <subtype name="indirect effect" value="..&gt;"/>
    </relation>
    <relation entry1="41" entry2="2" type="PPrel">
        <subtype name="compound" value="10"/>
    </relation>
    <relation entry1="41" entry2="33" type="PPrel">
        <subtype name="compound" value="10"/>
    </relation>
    <relation entry1="1" entry2="96" type="PCrel">
        <subtype name="activation" value="--&gt;"/>
    </relation>
    <relation entry1="8" entry2="30" type="PCrel">
        <subtype name="activation" value="--&gt;"/>
    </relation>
    <relation entry1="7" entry2="27" type="PCrel">
        <subtype name="activation" value="--&gt;"/>
    </relation>
    <relation entry1="7" entry2="29" type="PCrel">
        <subtype name="activation" value="--&gt;"/>
    </relation>
    <relation entry1="8" entry2="29" type="PCrel">
        <subtype name="activation" value="--&gt;"/>
    </relation>
    <relation entry1="95" entry2="106" type="PPrel">
        <subtype name="activation" value="--&gt;"/>
    </relation>
    <relation entry1="95" entry2="125" type="PPrel">
        <subtype name="activation" value="--&gt;"/>
    </relation>
    <relation entry1="17" entry2="16" type="PPrel">
        <subtype name="phosphorylation" value="+p"/>
    </relation>
    <relation entry1="90" entry2="80" type="PPrel">
        <subtype name="activation" value="--&gt;"/>
    </relation>
    <relation entry1="89" entry2="80" type="PPrel">
        <subtype name="activation" value="--&gt;"/>
    </relation>
</pathway>
