<?xml version="1.0"?>
<!DOCTYPE pathway SYSTEM "http://www.kegg.jp/kegg/xml/KGML_v0.7.1_.dtd">
<!-- Creation date: May 14, 2014 17:35:43 +0900 (GMT+09:00) -->
<pathway name="path:mmu03015" org="mmu" number="03015"
         title="mRNA surveillance pathway"
         image="http://www.kegg.jp/kegg/pathway/mmu/mmu03015.png"
         link="http://www.kegg.jp/kegg-bin/show_pathway?mmu03015">
    <entry id="1" name="path:mmu03040" type="map"
        link="http://www.kegg.jp/dbget-bin/www_bget?mmu03040">
        <graphics name="Spliceosome" fgcolor="#000000" bgcolor="#FFFFFF"
             type="roundrectangle" x="574" y="160" width="92" height="25"/>
    </entry>
    <entry id="2" name="mmu:60365" type="gene"
        link="http://www.kegg.jp/dbget-bin/www_bget?mmu:60365">
        <graphics name="Rbm8a, 2310057C03Rik, AA673428, Rbm8" fgcolor="#000000" bgcolor="#BFFFBF"
             type="rectangle" x="107" y="241" width="46" height="17"/>
    </entry>
    <entry id="3" name="mmu:17149 mmu:66441" type="gene"
        link="http://www.kegg.jp/dbget-bin/www_bget?mmu:17149+mmu:66441">
        <graphics name="Magoh, Mago-m, Mos2..." fgcolor="#000000" bgcolor="#BFFFBF"
             type="rectangle" x="107" y="258" width="46" height="17"/>
    </entry>
    <entry id="4" name="mmu:192170 mmu:668137" type="gene"
        link="http://www.kegg.jp/dbget-bin/www_bget?mmu:192170+mmu:668137">
        <graphics name="Eif4a3, 2400003O03Rik, Ddx48, eIF4A-III, mKIAA0111..." fgcolor="#000000" bgcolor="#BFFFBF"
             type="rectangle" x="153" y="258" width="46" height="17"/>
    </entry>
    <entry id="5" name="mmu:192160" type="gene"
        link="http://www.kegg.jp/dbget-bin/www_bget?mmu:192160">
        <graphics name="Casc3, Btz, Mln51" fgcolor="#000000" bgcolor="#BFFFBF"
             type="rectangle" x="153" y="241" width="46" height="17"/>
    </entry>
    <entry id="6" name="mmu:56215" type="gene"
        link="http://www.kegg.jp/dbget-bin/www_bget?mmu:56215">
        <graphics name="Acin1, 2610036I19Rik, 2610510L13Rik, Acinus, Acn, C79325, acinusL, acinusS, mKIAA0670" fgcolor="#000000" bgcolor="#BFFFBF"
             type="rectangle" x="245" y="224" width="46" height="17"/>
    </entry>
    <entry id="7" name="mmu:19826" type="gene"
        link="http://www.kegg.jp/dbget-bin/www_bget?mmu:19826">
        <graphics name="Rnps1" fgcolor="#000000" bgcolor="#BFFFBF"
             type="rectangle" x="245" y="241" width="46" height="17"/>
    </entry>
    <entry id="8" name="mmu:100041953 mmu:20220" type="gene"
        link="http://www.kegg.jp/dbget-bin/www_bget?mmu:100041953+mmu:20220">
        <graphics name="Gm10094..." fgcolor="#000000" bgcolor="#BFFFBF"
             type="rectangle" x="199" y="241" width="46" height="17"/>
    </entry>
    <entry id="9" name="mmu:51796" type="gene"
        link="http://www.kegg.jp/dbget-bin/www_bget?mmu:51796">
        <graphics name="Srrm1, AA407769, POP101, Srm160" fgcolor="#000000" bgcolor="#BFFFBF"
             type="rectangle" x="207" y="304" width="46" height="17"/>
    </entry>
    <entry id="10" name="mmu:170722 mmu:245610 mmu:53319 mmu:83454" type="gene"
        link="http://www.kegg.jp/dbget-bin/www_bget?mmu:170722+mmu:245610+mmu:53319+mmu:83454">
        <graphics name="Nxf7, Nx7, Nxf6, nfx-a1, nxf-a, nxf-a2..." fgcolor="#000000" bgcolor="#BFFFBF"
             type="rectangle" x="103" y="304" width="46" height="17"/>
    </entry>
    <entry id="11" name="mmu:18949" type="gene"
        link="http://www.kegg.jp/dbget-bin/www_bget?mmu:18949">
        <graphics name="Pnn, AU045199, D12Ertd512e" fgcolor="#000000" bgcolor="#BFFFBF"
             type="rectangle" x="199" y="258" width="46" height="17"/>
    </entry>
    <entry id="12" name="mmu:100043292 mmu:21681 mmu:56009" type="gene"
        link="http://www.kegg.jp/dbget-bin/www_bget?mmu:100043292+mmu:21681+mmu:56009">
        <graphics name="Gm4340..." fgcolor="#000000" bgcolor="#BFFFBF"
             type="rectangle" x="245" y="258" width="46" height="17"/>
    </entry>
    <entry id="13" name="mmu:237082 mmu:56488" type="gene"
        link="http://www.kegg.jp/dbget-bin/www_bget?mmu:237082+mmu:56488">
        <graphics name="Nxt2, 6330587F24Rik, AI787442, P15-2..." fgcolor="#000000" bgcolor="#BFFFBF"
             type="rectangle" x="103" y="321" width="46" height="17"/>
    </entry>
    <entry id="14" name="mmu:433702" type="gene"
        link="http://www.kegg.jp/dbget-bin/www_bget?mmu:433702">
        <graphics name="Ncbp1, AU014645, AW538051, CBP80" fgcolor="#000000" bgcolor="#BFFFBF"
             type="rectangle" x="153" y="155" width="46" height="17"/>
    </entry>
    <entry id="15" name="mmu:67031 mmu:68134" type="gene"
        link="http://www.kegg.jp/dbget-bin/www_bget?mmu:67031+mmu:68134">
        <graphics name="Upf3a, 2600001C03Rik, 4930546M19Rik, RENT3A, UPF3..." fgcolor="#000000" bgcolor="#BFFFBF"
             type="rectangle" x="107" y="224" width="46" height="17"/>
    </entry>
    <entry id="16" name="mmu:53817" type="gene"
        link="http://www.kegg.jp/dbget-bin/www_bget?mmu:53817">
        <graphics name="Ddx39b, 0610030D10Rik, AI428441, Bat-1, Bat1, Bat1a, D17H6S81E, D17H6S81E-1, D6S81Eh" fgcolor="#000000" bgcolor="#BFFFBF"
             type="rectangle" x="155" y="304" width="46" height="17"/>
    </entry>
    <entry id="17" name="mmu:78428" type="gene"
        link="http://www.kegg.jp/dbget-bin/www_bget?mmu:78428">
        <graphics name="Wibg, A030010B05Rik, Pym" fgcolor="#000000" bgcolor="#BFFFBF"
             type="rectangle" x="155" y="325" width="46" height="17"/>
    </entry>
    <entry id="18" name="mmu:19704" type="gene"
        link="http://www.kegg.jp/dbget-bin/www_bget?mmu:19704">
        <graphics name="Upf1, B430202H16Rik, NORF1, PNORF-1, Rent1, Upflp" fgcolor="#000000" bgcolor="#BFFFBF"
             type="rectangle" x="619" y="598" width="46" height="17"/>
    </entry>
    <entry id="19" name="mmu:326622" type="gene"
        link="http://www.kegg.jp/dbget-bin/www_bget?mmu:326622">
        <graphics name="Upf2" fgcolor="#000000" bgcolor="#BFFFBF"
             type="rectangle" x="619" y="615" width="46" height="17"/>
    </entry>
    <entry id="20" name="mmu:67031 mmu:68134" type="gene"
        link="http://www.kegg.jp/dbget-bin/www_bget?mmu:67031+mmu:68134">
        <graphics name="Upf3a, 2600001C03Rik, 4930546M19Rik, RENT3A, UPF3..." fgcolor="#000000" bgcolor="#BFFFBF"
             type="rectangle" x="619" y="632" width="46" height="17"/>
    </entry>
    <entry id="21" name="mmu:233789" type="gene"
        link="http://www.kegg.jp/dbget-bin/www_bget?mmu:233789">
        <graphics name="Smg1, 2610207I05Rik, 5430435M13Rik, C130002K18Rik, mKIAA0421" fgcolor="#000000" bgcolor="#BFFFBF"
             type="rectangle" x="691" y="598" width="46" height="17"/>
    </entry>
    <entry id="22" name="mmu:229512" type="gene"
        link="http://www.kegg.jp/dbget-bin/www_bget?mmu:229512">
        <graphics name="Smg5, BC024683, mKIAA1089" fgcolor="#000000" bgcolor="#BFFFBF"
             type="rectangle" x="691" y="638" width="46" height="17"/>
    </entry>
    <entry id="23" name="mmu:226517" type="gene"
        link="http://www.kegg.jp/dbget-bin/www_bget?mmu:226517">
        <graphics name="Smg7, 9430023P16Rik, mKIAA0250" fgcolor="#000000" bgcolor="#BFFFBF"
             type="rectangle" x="691" y="621" width="46" height="17"/>
    </entry>
    <entry id="24" name="mmu:103677" type="gene"
        link="http://www.kegg.jp/dbget-bin/www_bget?mmu:103677">
        <graphics name="Smg6, AI317223, AU041178" fgcolor="#000000" bgcolor="#BFFFBF"
             type="rectangle" x="692" y="664" width="46" height="17"/>
    </entry>
    <entry id="25" name="mmu:225363" type="gene"
        link="http://www.kegg.jp/dbget-bin/www_bget?mmu:225363">
        <graphics name="Etf1, AI463371, D6Ertd109e, ERF, ERF1, SUP45L1, TB3-1" fgcolor="#000000" bgcolor="#BFFFBF"
             type="rectangle" x="573" y="607" width="46" height="17"/>
    </entry>
    <entry id="26" name="mmu:14852 mmu:14853" type="gene"
        link="http://www.kegg.jp/dbget-bin/www_bget?mmu:14852+mmu:14853">
        <graphics name="Gspt1, AI314175, AI326449, AV307676, C79774, G1st, Gst-1..." fgcolor="#000000" bgcolor="#BFFFBF"
             type="rectangle" x="573" y="624" width="46" height="17"/>
    </entry>
    <entry id="27" name="path:mmu03015" type="map"
        link="http://www.kegg.jp/dbget-bin/www_bget?mmu03015">
        <graphics name="TITLE:mRNA surveillance pathway" fgcolor="#000000" bgcolor="#FFFFFF"
             type="roundrectangle" x="165" y="58" width="250" height="25"/>
    </entry>
    <entry id="28" name="path:mmu03013" type="map"
        link="http://www.kegg.jp/dbget-bin/www_bget?mmu03013">
        <graphics name="RNA transport" fgcolor="#000000" bgcolor="#FFFFFF"
             type="roundrectangle" x="393" y="366" width="92" height="25"/>
    </entry>
    <entry id="29" name="mmu:24018" type="gene"
        link="http://www.kegg.jp/dbget-bin/www_bget?mmu:24018">
        <graphics name="Rngtt, AU020997, HCE, MCE1" fgcolor="#000000" bgcolor="#BFFFBF"
             type="rectangle" x="436" y="108" width="46" height="17"/>
    </entry>
    <entry id="30" name="mmu:67897" type="gene"
        link="http://www.kegg.jp/dbget-bin/www_bget?mmu:67897">
        <graphics name="Rnmt, 2610002P10Rik, AI848273, Rg7mt1, mKIAA0398" fgcolor="#000000" bgcolor="#BFFFBF"
             type="rectangle" x="436" y="87" width="46" height="17"/>
    </entry>
    <entry id="31" name="mmu:68219" type="gene"
        link="http://www.kegg.jp/dbget-bin/www_bget?mmu:68219">
        <graphics name="Nudt21, 25kDa, 3110048P04Rik, 5730530J16Rik, AU014860, AW549947, Cpsf5" fgcolor="#000000" bgcolor="#BFFFBF"
             type="rectangle" x="864" y="179" width="46" height="17"/>
    </entry>
    <entry id="32" name="mmu:18789 mmu:216578 mmu:56522" type="gene"
        link="http://www.kegg.jp/dbget-bin/www_bget?mmu:18789+mmu:216578+mmu:56522">
        <graphics name="Papola, Pap, PapIII, Plap..." fgcolor="#000000" bgcolor="#BFFFBF"
             type="rectangle" x="976" y="180" width="46" height="17"/>
    </entry>
    <entry id="33" name="mmu:74737" type="gene"
        link="http://www.kegg.jp/dbget-bin/www_bget?mmu:74737">
        <graphics name="Pcf11, 2500001H09Rik, 5730417B17Rik, C77803" fgcolor="#000000" bgcolor="#BFFFBF"
             type="rectangle" x="910" y="220" width="46" height="17"/>
    </entry>
    <entry id="34" name="mmu:98985" type="gene"
        link="http://www.kegg.jp/dbget-bin/www_bget?mmu:98985">
        <graphics name="Clp1, AI462438, Heab" fgcolor="#000000" bgcolor="#BFFFBF"
             type="rectangle" x="864" y="220" width="46" height="17"/>
    </entry>
    <entry id="35" name="mmu:269061 mmu:432508" type="gene"
        link="http://www.kegg.jp/dbget-bin/www_bget?mmu:269061+mmu:432508">
        <graphics name="Cpsf7, 5730453I16Rik, AL022757, C330017N18Rik..." fgcolor="#000000" bgcolor="#BFFFBF"
             type="rectangle" x="910" y="179" width="46" height="17"/>
    </entry>
    <entry id="36" name="mmu:66899" type="gene"
        link="http://www.kegg.jp/dbget-bin/www_bget?mmu:66899">
        <graphics name="Fip1l1, 1300019H17Rik, Rje" fgcolor="#000000" bgcolor="#BFFFBF"
             type="rectangle" x="819" y="289" width="46" height="17"/>
    </entry>
    <entry id="37" name="mmu:54451" type="gene"
        link="http://www.kegg.jp/dbget-bin/www_bget?mmu:54451">
        <graphics name="Cpsf3" fgcolor="#000000" bgcolor="#BFFFBF"
             type="rectangle" x="957" y="272" width="46" height="17"/>
    </entry>
    <entry id="38" name="mmu:51786" type="gene"
        link="http://www.kegg.jp/dbget-bin/www_bget?mmu:51786">
        <graphics name="Cpsf2, 100kDa, 2610024B04Rik, AI662483, Cpsf, MCPSF, mKIAA1367" fgcolor="#000000" bgcolor="#BFFFBF"
             type="rectangle" x="911" y="272" width="46" height="17"/>
    </entry>
    <entry id="39" name="mmu:94230" type="gene"
        link="http://www.kegg.jp/dbget-bin/www_bget?mmu:94230">
        <graphics name="Cpsf1" fgcolor="#000000" bgcolor="#BFFFBF"
             type="rectangle" x="865" y="272" width="46" height="17"/>
    </entry>
    <entry id="40" name="mmu:54188" type="gene"
        link="http://www.kegg.jp/dbget-bin/www_bget?mmu:54188">
        <graphics name="Cpsf4, 30kDa, C79664" fgcolor="#000000" bgcolor="#BFFFBF"
             type="rectangle" x="865" y="289" width="46" height="17"/>
    </entry>
    <entry id="41" name="mmu:67337" type="gene"
        link="http://www.kegg.jp/dbget-bin/www_bget?mmu:67337">
        <graphics name="Cstf1, 1700057K18Rik, AI788832" fgcolor="#000000" bgcolor="#BFFFBF"
             type="rectangle" x="864" y="339" width="46" height="17"/>
    </entry>
    <entry id="42" name="mmu:108062 mmu:83410" type="gene"
        link="http://www.kegg.jp/dbget-bin/www_bget?mmu:108062+mmu:83410">
        <graphics name="Cstf2, C630034J23Rik, Cstf64, mir-3112..." fgcolor="#000000" bgcolor="#BFFFBF"
             type="rectangle" x="910" y="339" width="46" height="17"/>
    </entry>
    <entry id="43" name="mmu:228410" type="gene"
        link="http://www.kegg.jp/dbget-bin/www_bget?mmu:228410">
        <graphics name="Cstf3, 4732468G05Rik, C79532, CstF-77" fgcolor="#000000" bgcolor="#BFFFBF"
             type="rectangle" x="956" y="339" width="46" height="17"/>
    </entry>
    <entry id="44" name="mmu:68188" type="gene"
        link="http://www.kegg.jp/dbget-bin/www_bget?mmu:68188">
        <graphics name="Sympk, 1500016F02Rik, 4632415H16Rik, AA125406, AI449890, SPK, SYM" fgcolor="#000000" bgcolor="#BFFFBF"
             type="rectangle" x="912" y="365" width="46" height="17"/>
    </entry>
    <entry id="45" name="mmu:68092" type="gene"
        link="http://www.kegg.jp/dbget-bin/www_bget?mmu:68092">
        <graphics name="Ncbp2, 20kDa, 5930413E18Rik, AA536802, AI843301, C79367" fgcolor="#000000" bgcolor="#BFFFBF"
             type="rectangle" x="153" y="172" width="46" height="17"/>
    </entry>
    <entry id="46" name="path:mmu03018" type="map"
        link="http://www.kegg.jp/dbget-bin/www_bget?mmu03018">
        <graphics name="RNA degradation" fgcolor="#000000" bgcolor="#FFFFFF"
             type="roundrectangle" x="712" y="745" width="92" height="25"/>
    </entry>
    <entry id="47" name="mmu:382035 mmu:54196" type="gene"
        link="http://www.kegg.jp/dbget-bin/www_bget?mmu:382035+mmu:54196">
        <graphics name="Pabpn1l, Gm1108, Pabpnl1, ePABP2..." fgcolor="#000000" bgcolor="#BFFFBF"
             type="rectangle" x="613" y="293" width="46" height="17"/>
    </entry>
    <entry id="48" name="mmu:18458 mmu:18459 mmu:230721 mmu:241989 mmu:381404 mmu:668382 mmu:67543 mmu:93728" type="gene"
        link="http://www.kegg.jp/dbget-bin/www_bget?mmu:18458+mmu:18459+mmu:230721+mmu:241989+mmu:381404+mmu:668382+mmu:67543+mmu:93728">
        <graphics name="Pabpc1, PABP, Pabp1, PabpI, Pabpl1, ePAB..." fgcolor="#000000" bgcolor="#BFFFBF"
             type="rectangle" x="643" y="543" width="46" height="17"/>
    </entry>
    <entry id="49" name="mmu:100039815 mmu:100039830 mmu:19052 mmu:19053 mmu:19054 mmu:21770 mmu:225849 mmu:226849 mmu:235542 mmu:26931 mmu:26932 mmu:269643 mmu:51792 mmu:52432 mmu:59032 mmu:71978 mmu:72930 mmu:73699" type="gene"
        link="http://www.kegg.jp/dbget-bin/www_bget?mmu:100039815+mmu:100039830+mmu:19052+mmu:19053+mmu:19054+mmu:21770+mmu:225849+mmu:226849+mmu:235542+mmu:26931+mmu:26932+mmu:269643+mmu:51792+mmu:52432+mmu:59032+mmu:71978+mmu:72930+mmu:73699">
        <graphics name="Gm2436..." fgcolor="#000000" bgcolor="#BFFFBF"
             type="rectangle" x="737" y="628" width="46" height="17"/>
    </entry>
    <entry id="50" name="mmu:18458 mmu:18459 mmu:230721 mmu:241989 mmu:381404 mmu:668382 mmu:67543 mmu:93728" type="gene"
        link="http://www.kegg.jp/dbget-bin/www_bget?mmu:18458+mmu:18459+mmu:230721+mmu:241989+mmu:381404+mmu:668382+mmu:67543+mmu:93728">
        <graphics name="Pabpc1, PABP, Pabp1, PabpI, Pabpl1, ePAB..." fgcolor="#000000" bgcolor="#BFFFBF"
             type="rectangle" x="1002" y="545" width="46" height="17"/>
    </entry>
    <entry id="51" name="mmu:56422" type="gene"
        link="http://www.kegg.jp/dbget-bin/www_bget?mmu:56422">
        <graphics name="Hbs1l, 2810035F15Rik, AI326327, eRFS" fgcolor="#000000" bgcolor="#BFFFBF"
             type="rectangle" x="948" y="617" width="46" height="17"/>
    </entry>
    <entry id="52" name="mmu:105083" type="gene"
        link="http://www.kegg.jp/dbget-bin/www_bget?mmu:105083">
        <graphics name="Pelo, AA409897, AI852218" fgcolor="#000000" bgcolor="#BFFFBF"
             type="rectangle" x="948" y="634" width="46" height="17"/>
    </entry>
    <entry id="53" name="ko:K12595" type="ortholog"
        link="http://www.kegg.jp/dbget-bin/www_bget?K12595">
        <graphics name="K12595" fgcolor="#000000" bgcolor="#FFFFFF"
             type="rectangle" x="951" y="757" width="46" height="17"/>
    </entry>
    <entry id="54" name="mmu:17690 mmu:70248 mmu:76626" type="gene"
        link="http://www.kegg.jp/dbget-bin/www_bget?mmu:17690+mmu:70248+mmu:76626">
        <graphics name="Msi1, Msi1h, Musahi1, m-Msi-1..." fgcolor="#000000" bgcolor="#BFFFBF"
             type="rectangle" x="643" y="514" width="46" height="17"/>
    </entry>
    <entry id="55" name="ko:K12595" type="ortholog"
        link="http://www.kegg.jp/dbget-bin/www_bget?K12595">
        <graphics name="K12595" fgcolor="#000000" bgcolor="#FFFFFF"
             type="rectangle" x="232" y="637" width="46" height="17"/>
    </entry>
    <entry id="56" name="path:mmu03018" type="map"
        link="http://www.kegg.jp/dbget-bin/www_bget?mmu03018">
        <graphics name="RNA degradation" fgcolor="#000000" bgcolor="#FFFFFF"
             type="roundrectangle" x="712" y="301" width="92" height="25"/>
    </entry>
    <entry id="57" name="mmu:74320" type="gene"
        link="http://www.kegg.jp/dbget-bin/www_bget?mmu:74320">
        <graphics name="Wdr33, 1110001N06Rik, 2310011G05Rik, 2810021O11Rik, 8430413N20Rik, WDC146" fgcolor="#000000" bgcolor="#BFFFBF"
             type="rectangle" x="1059" y="272" width="46" height="17"/>
    </entry>
    <entry id="58" name="mmu:77305" type="gene"
        link="http://www.kegg.jp/dbget-bin/www_bget?mmu:77305">
        <graphics name="Wdr82, 9430077D24Rik, CDW5/WDR82" fgcolor="#000000" bgcolor="#BFFFBF"
             type="rectangle" x="1013" y="289" width="46" height="17"/>
    </entry>
    <entry id="59" name="ko:K15541" type="ortholog"
        link="http://www.kegg.jp/dbget-bin/www_bget?K15541">
        <graphics name="K15541" fgcolor="#000000" bgcolor="#FFFFFF"
             type="rectangle" x="1013" y="272" width="46" height="17"/>
    </entry>
    <entry id="60" name="mmu:19045 mmu:19046 mmu:19047 mmu:434233" type="gene"
        link="http://www.kegg.jp/dbget-bin/www_bget?mmu:19045+mmu:19046+mmu:19047+mmu:434233">
        <graphics name="Ppp1ca, Ppp1c, dism2..." fgcolor="#000000" bgcolor="#BFFFBF"
             type="rectangle" x="1013" y="306" width="46" height="17"/>
    </entry>
    <entry id="61" name="ko:K15543" type="ortholog"
        link="http://www.kegg.jp/dbget-bin/www_bget?K15543">
        <graphics name="K15543" fgcolor="#000000" bgcolor="#FFFFFF"
             type="rectangle" x="1059" y="289" width="46" height="17"/>
    </entry>
    <entry id="62" name="mmu:68991" type="gene"
        link="http://www.kegg.jp/dbget-bin/www_bget?mmu:68991">
        <graphics name="Ssu72, 1190002E22Rik, 1500011L16Rik, 2610101M12Rik" fgcolor="#000000" bgcolor="#BFFFBF"
             type="rectangle" x="1059" y="306" width="46" height="17"/>
    </entry>
    <entry id="63" name="undefined" type="group">
        <graphics fgcolor="#000000" bgcolor="#FFFFFF"
             type="rectangle" x="910" y="339" width="138" height="17"/>
        <component id="41"/>
        <component id="42"/>
        <component id="43"/>
    </entry>
    <entry id="64" name="undefined" type="group">
        <graphics fgcolor="#000000" bgcolor="#FFFFFF"
             type="rectangle" x="619" y="615" width="46" height="51"/>
        <component id="18"/>
        <component id="19"/>
        <component id="20"/>
    </entry>
    <entry id="65" name="undefined" type="group">
        <graphics fgcolor="#000000" bgcolor="#FFFFFF"
             type="rectangle" x="888" y="280" width="184" height="34"/>
        <component id="36"/>
        <component id="37"/>
        <component id="38"/>
        <component id="39"/>
        <component id="40"/>
    </entry>
    <entry id="66" name="undefined" type="group">
        <graphics fgcolor="#000000" bgcolor="#FFFFFF"
             type="rectangle" x="1036" y="289" width="92" height="51"/>
        <component id="57"/>
        <component id="58"/>
        <component id="60"/>
        <component id="62"/>
    </entry>
    <relation entry1="14" entry2="45" type="PCrel">
        <subtype name="binding/association" value="---"/>
    </relation>
    <relation entry1="10" entry2="13" type="PCrel">
        <subtype name="binding/association" value="---"/>
    </relation>
    <relation entry1="54" entry2="48" type="PCrel">
        <subtype name="binding/association" value="---"/>
    </relation>
    <relation entry1="51" entry2="52" type="PCrel">
        <subtype name="binding/association" value="---"/>
    </relation>
    <relation entry1="31" entry2="35" type="PCrel">
        <subtype name="binding/association" value="---"/>
    </relation>
    <relation entry1="34" entry2="33" type="PCrel">
        <subtype name="binding/association" value="---"/>
    </relation>
    <relation entry1="44" entry2="63" type="PCrel">
        <subtype name="binding/association" value="---"/>
    </relation>
    <relation entry1="25" entry2="64" type="PCrel">
        <subtype name="binding/association" value="---"/>
    </relation>
    <relation entry1="14" entry2="18" type="PCrel">
        <subtype name="binding/association" value="---"/>
    </relation>
    <relation entry1="26" entry2="48" type="PCrel">
        <subtype name="binding/association" value="---"/>
    </relation>
    <relation entry1="64" entry2="26" type="PCrel">
        <subtype name="binding/association" value="---"/>
    </relation>
    <relation entry1="23" entry2="22" type="PCrel">
        <subtype name="binding/association" value="---"/>
    </relation>
    <relation entry1="23" entry2="18" type="PCrel">
        <subtype name="binding/association" value="---"/>
    </relation>
    <relation entry1="22" entry2="18" type="PCrel">
        <subtype name="binding/association" value="---"/>
    </relation>
    <relation entry1="24" entry2="18" type="PCrel">
        <subtype name="binding/association" value="---"/>
    </relation>
    <relation entry1="21" entry2="49" type="PCrel">
        <subtype name="binding/association" value="---"/>
    </relation>
    <relation entry1="21" entry2="23" type="PCrel">
        <subtype name="binding/association" value="---"/>
    </relation>
    <relation entry1="49" entry2="22" type="PCrel">
        <subtype name="binding/association" value="---"/>
    </relation>
    <relation entry1="49" entry2="24" type="PCrel">
        <subtype name="binding/association" value="---"/>
    </relation>
    <relation entry1="21" entry2="18" type="PPrel">
        <subtype name="activation" value="--&gt;"/>
        <subtype name="phosphorylation" value="+p"/>
        <subtype name="binding/association" value="---"/>
    </relation>
    <relation entry1="65" entry2="66" type="PPrel">
        <subtype name="binding/association" value="---"/>
    </relation>
</pathway>
