<?xml version="1.0"?>
<!DOCTYPE pathway SYSTEM "http://www.kegg.jp/kegg/xml/KGML_v0.7.1_.dtd">
<!-- Creation date: Oct 23, 2015 09:44:04 +0900 (GMT+9) -->
<pathway name="path:mmu04150" org="mmu" number="04150"
         title="mTOR signaling pathway"
         image="http://www.kegg.jp/kegg/pathway/mmu/mmu04150.png"
         link="http://www.kegg.jp/kegg-bin/show_pathway?mmu04150">
    <entry id="1" name="path:mmu04140" type="map"
        link="http://www.kegg.jp/dbget-bin/www_bget?mmu04140">
        <graphics name="Regulation of autophagy" fgcolor="#000000" bgcolor="#FFFFFF"
             type="roundrectangle" x="813" y="430" width="109" height="40"/>
    </entry>
    <entry id="2" name="path:mmu04370" type="map"
        link="http://www.kegg.jp/dbget-bin/www_bget?mmu04370">
        <graphics name="VEGF signaling pathway" fgcolor="#000000" bgcolor="#FFFFFF"
             type="roundrectangle" x="830" y="324" width="109" height="40"/>
    </entry>
    <entry id="3" name="cpd:C04677" type="compound"
        link="http://www.kegg.jp/dbget-bin/www_bget?C04677">
        <graphics name="C04677" fgcolor="#000000" bgcolor="#FFFFFF"
             type="circle" x="273" y="552" width="8" height="8"/>
    </entry>
    <entry id="4" name="cpd:C00020" type="compound"
        link="http://www.kegg.jp/dbget-bin/www_bget?C00020">
        <graphics name="C00020" fgcolor="#000000" bgcolor="#FFFFFF"
             type="circle" x="273" y="523" width="8" height="8"/>
    </entry>
    <entry id="5" name="cpd:C05981" type="compound"
        link="http://www.kegg.jp/dbget-bin/www_bget?C05981">
        <graphics name="C05981" fgcolor="#000000" bgcolor="#FFFFFF"
             type="circle" x="340" y="218" width="8" height="8"/>
    </entry>
    <entry id="6" name="cpd:C15195" type="compound"
        link="http://www.kegg.jp/dbget-bin/www_bget?C15195">
        <graphics name="C15195" fgcolor="#000000" bgcolor="#FFFFFF"
             type="circle" x="407" y="194" width="8" height="8"/>
    </entry>
    <entry id="7" name="cpd:C15181" type="compound"
        link="http://www.kegg.jp/dbget-bin/www_bget?C15181">
        <graphics name="C15181" fgcolor="#000000" bgcolor="#FFFFFF"
             type="circle" x="407" y="179" width="8" height="8"/>
    </entry>
    <entry id="8" name="dr:D00753 dr:D02714 cpd:C15182 cpd:C15183" type="compound"
        link="http://www.kegg.jp/dbget-bin/www_bget?D00753+D02714+C15182+C15183">
        <graphics name="D00753..." fgcolor="#000000" bgcolor="#FFFFFF"
             type="circle" x="505" y="302" width="8" height="8"/>
    </entry>
    <entry id="9" name="dr:D00944" type="compound"
        link="http://www.kegg.jp/dbget-bin/www_bget?D00944">
        <graphics name="D00944" fgcolor="#000000" bgcolor="#FFFFFF"
             type="circle" x="273" y="537" width="8" height="8"/>
    </entry>
    <entry id="10" name="mmu:12283 mmu:69008" type="gene"
        link="http://www.kegg.jp/dbget-bin/www_bget?mmu:12283+mmu:69008">
        <graphics name="Cab39, AA408805, AA960512, C78372, MO25, MO25alpha..." fgcolor="#000000" bgcolor="#BFFFBF"
             type="rectangle" x="341" y="543" width="46" height="17"/>
    </entry>
    <entry id="11" name="mmu:72149" type="gene"
        link="http://www.kegg.jp/dbget-bin/www_bget?mmu:72149">
        <graphics name="Strada, 2610019A05Rik, 6030402H20Rik, AI480680, E130112C09Rik" fgcolor="#000000" bgcolor="#BFFFBF"
             type="rectangle" x="341" y="526" width="46" height="17"/>
    </entry>
    <entry id="12" name="mmu:20869" type="gene"
        link="http://www.kegg.jp/dbget-bin/www_bget?mmu:20869">
        <graphics name="Stk11, AA408040, Lkb1, Par-4, R75140" fgcolor="#000000" bgcolor="#BFFFBF"
             type="rectangle" x="341" y="509" width="46" height="17"/>
    </entry>
    <entry id="13" name="mmu:109880" type="gene"
        link="http://www.kegg.jp/dbget-bin/www_bget?mmu:109880">
        <graphics name="Braf, 9930012E13Rik, AA120551, AA387315, AA473386, B-raf, Braf-2, Braf2, C230098H17, C87398, D6Ertd631e" fgcolor="#000000" bgcolor="#BFFFBF"
             type="rectangle" x="505" y="517" width="46" height="17"/>
    </entry>
    <entry id="14" name="mmu:22241 mmu:29869 mmu:71742" type="gene"
        link="http://www.kegg.jp/dbget-bin/www_bget?mmu:22241+mmu:29869+mmu:71742">
        <graphics name="Ulk1, AU041434, Unc51.1, mKIAA0722..." fgcolor="#000000" bgcolor="#BFFFBF"
             type="rectangle" x="602" y="431" width="46" height="17"/>
    </entry>
    <entry id="15" name="mmu:13684 mmu:218268 mmu:26987" type="gene"
        link="http://www.kegg.jp/dbget-bin/www_bget?mmu:13684+mmu:218268+mmu:26987">
        <graphics name="Eif4e, EG668879, Eif4e-ps, If4e, eIF-4E..." fgcolor="#000000" bgcolor="#BFFFBF"
             type="rectangle" x="715" y="395" width="46" height="17"/>
    </entry>
    <entry id="16" name="mmu:13685" type="gene"
        link="http://www.kegg.jp/dbget-bin/www_bget?mmu:13685">
        <graphics name="Eif4ebp1, 4e-bp1, AA959816, PHAS-I" fgcolor="#000000" bgcolor="#BFFFBF"
             type="rectangle" x="602" y="395" width="46" height="17"/>
    </entry>
    <entry id="17" name="mmu:105244208 mmu:20104" type="gene"
        link="http://www.kegg.jp/dbget-bin/www_bget?mmu:105244208+mmu:20104">
        <graphics name="105244208..." fgcolor="#000000" bgcolor="#BFFFBF"
             type="rectangle" x="715" y="373" width="46" height="17"/>
    </entry>
    <entry id="18" name="mmu:75705" type="gene"
        link="http://www.kegg.jp/dbget-bin/www_bget?mmu:75705">
        <graphics name="Eif4b, 2310046H11Rik, AL024095, C85189, Eif4a2" fgcolor="#000000" bgcolor="#BFFFBF"
             type="rectangle" x="715" y="352" width="46" height="17"/>
    </entry>
    <entry id="19" name="mmu:58988 mmu:72508" type="gene"
        link="http://www.kegg.jp/dbget-bin/www_bget?mmu:58988+mmu:72508">
        <graphics name="Rps6kb2, 70kDa, S6K2..." fgcolor="#000000" bgcolor="#BFFFBF"
             type="rectangle" x="602" y="363" width="46" height="17"/>
    </entry>
    <entry id="20" name="mmu:22339" type="gene"
        link="http://www.kegg.jp/dbget-bin/www_bget?mmu:22339">
        <graphics name="Vegfa, Vegf, Vpf" fgcolor="#000000" bgcolor="#BFFFBF"
             type="rectangle" x="715" y="326" width="46" height="17"/>
    </entry>
    <entry id="21" name="mmu:15251" type="gene"
        link="http://www.kegg.jp/dbget-bin/www_bget?mmu:15251">
        <graphics name="Hif1a, AA959795, HIF1alpha, MOP1, bHLHe78" fgcolor="#000000" bgcolor="#BFFFBF"
             type="rectangle" x="602" y="326" width="46" height="17"/>
    </entry>
    <entry id="22" name="mmu:74370" type="gene"
        link="http://www.kegg.jp/dbget-bin/www_bget?mmu:74370">
        <graphics name="Rptor, 4932417H02Rik, Rap, Raptor, mKIAA1303" fgcolor="#000000" bgcolor="#BFFFBF"
             type="rectangle" x="505" y="397" width="46" height="17"/>
    </entry>
    <entry id="23" name="mmu:56717" type="gene"
        link="http://www.kegg.jp/dbget-bin/www_bget?mmu:56717">
        <graphics name="Mtor, 2610315D21Rik, AI327068, FRAP, FRAP2, Frap1, RAFT1, RAPT1, flat" fgcolor="#000000" bgcolor="#BFFFBF"
             type="rectangle" x="505" y="380" width="46" height="17"/>
    </entry>
    <entry id="24" name="mmu:56716" type="gene"
        link="http://www.kegg.jp/dbget-bin/www_bget?mmu:56716">
        <graphics name="Mlst8, 0610033N12Rik, AA409454, AI505104, AI851821, Gbl" fgcolor="#000000" bgcolor="#BFFFBF"
             type="rectangle" x="505" y="363" width="46" height="17"/>
    </entry>
    <entry id="25" name="mmu:78757" type="gene"
        link="http://www.kegg.jp/dbget-bin/www_bget?mmu:78757">
        <graphics name="Rictor, 4921505C17Rik, 6030405M08Rik, AVO3, AW492497, D530039E11Rik" fgcolor="#000000" bgcolor="#BFFFBF"
             type="rectangle" x="423" y="320" width="46" height="17"/>
    </entry>
    <entry id="26" name="mmu:56717" type="gene"
        link="http://www.kegg.jp/dbget-bin/www_bget?mmu:56717">
        <graphics name="Mtor, 2610315D21Rik, AI327068, FRAP, FRAP2, Frap1, RAFT1, RAPT1, flat" fgcolor="#000000" bgcolor="#BFFFBF"
             type="rectangle" x="423" y="303" width="46" height="17"/>
    </entry>
    <entry id="27" name="mmu:56716" type="gene"
        link="http://www.kegg.jp/dbget-bin/www_bget?mmu:56716">
        <graphics name="Mlst8, 0610033N12Rik, AA409454, AI505104, AI851821, Gbl" fgcolor="#000000" bgcolor="#BFFFBF"
             type="rectangle" x="423" y="286" width="46" height="17"/>
    </entry>
    <entry id="28" name="mmu:19744" type="gene"
        link="http://www.kegg.jp/dbget-bin/www_bget?mmu:19744">
        <graphics name="Rheb, Rheb1" fgcolor="#000000" bgcolor="#BFFFBF"
             type="rectangle" x="423" y="380" width="46" height="17"/>
    </entry>
    <entry id="29" name="mmu:105787 mmu:108079" type="gene"
        link="http://www.kegg.jp/dbget-bin/www_bget?mmu:105787+mmu:108079">
        <graphics name="Prkaa1, AI194361, AI450832, AL024255, AMPKalpha1, C130083N04Rik..." fgcolor="#000000" bgcolor="#BFFFBF"
             type="rectangle" x="341" y="446" width="46" height="17"/>
    </entry>
    <entry id="30" name="mmu:74747" type="gene"
        link="http://www.kegg.jp/dbget-bin/www_bget?mmu:74747">
        <graphics name="Ddit4, 5830413E08Rik, AA415483, REDD1, Rtp801, dig2" fgcolor="#000000" bgcolor="#BFFFBF"
             type="rectangle" x="248" y="435" width="46" height="17"/>
    </entry>
    <entry id="31" name="mmu:22084" type="gene"
        link="http://www.kegg.jp/dbget-bin/www_bget?mmu:22084">
        <graphics name="Tsc2, Nafld, Tcs2" fgcolor="#000000" bgcolor="#BFFFBF"
             type="rectangle" x="341" y="389" width="46" height="17"/>
    </entry>
    <entry id="32" name="mmu:64930" type="gene"
        link="http://www.kegg.jp/dbget-bin/www_bget?mmu:64930">
        <graphics name="Tsc1" fgcolor="#000000" bgcolor="#BFFFBF"
             type="rectangle" x="341" y="372" width="46" height="17"/>
    </entry>
    <entry id="33" name="mmu:110651 mmu:20111 mmu:20112 mmu:67071" type="gene"
        link="http://www.kegg.jp/dbget-bin/www_bget?mmu:110651+mmu:20111+mmu:20112+mmu:67071">
        <graphics name="Rps6ka3, C130006E23, MAPKAPK-1b, MPK-9, Rsk2, S6K-alpha3, p90RSK3, pp90RSK2..." fgcolor="#000000" bgcolor="#BFFFBF"
             type="rectangle" x="247" y="339" width="46" height="17"/>
    </entry>
    <entry id="34" name="mmu:26413 mmu:26417" type="gene"
        link="http://www.kegg.jp/dbget-bin/www_bget?mmu:26413+mmu:26417">
        <graphics name="Mapk1, 9030612K14Rik, AA407128, AU018647, C78273, ERK, Erk2, MAPK2, PRKM2, Prkm1, p41mapk, p42mapk..." fgcolor="#000000" bgcolor="#BFFFBF"
             type="rectangle" x="247" y="318" width="46" height="17"/>
    </entry>
    <entry id="35" name="mmu:11651 mmu:11652 mmu:23797" type="gene"
        link="http://www.kegg.jp/dbget-bin/www_bget?mmu:11651+mmu:11652+mmu:23797">
        <graphics name="Akt1, Akt, PKB, PKB/Akt, PKBalpha, Rac..." fgcolor="#000000" bgcolor="#BFFFBF"
             type="rectangle" x="340" y="303" width="46" height="17"/>
    </entry>
    <entry id="36" name="mmu:18607" type="gene"
        link="http://www.kegg.jp/dbget-bin/www_bget?mmu:18607">
        <graphics name="Pdpk1, Pdk1" fgcolor="#000000" bgcolor="#BFFFBF"
             type="rectangle" x="340" y="250" width="46" height="17"/>
    </entry>
    <entry id="37" name="mmu:18706 mmu:18707 mmu:18708 mmu:18709 mmu:18710 mmu:30955 mmu:320207 mmu:74769" type="gene"
        link="http://www.kegg.jp/dbget-bin/www_bget?mmu:18706+mmu:18707+mmu:18708+mmu:18709+mmu:18710+mmu:30955+mmu:320207+mmu:74769">
        <graphics name="Pik3ca, 6330412C24Rik, caPI3K, p110, p110alpha..." fgcolor="#000000" bgcolor="#BFFFBF"
             type="rectangle" x="340" y="186" width="46" height="17"/>
    </entry>
    <entry id="38" name="path:mmu04010" type="map"
        link="http://www.kegg.jp/dbget-bin/www_bget?mmu04010">
        <graphics name="MAPK signaling pathway" fgcolor="#000000" bgcolor="#FFFFFF"
             type="roundrectangle" x="246" y="247" width="109" height="40"/>
    </entry>
    <entry id="39" name="path:mmu04910" type="map"
        link="http://www.kegg.jp/dbget-bin/www_bget?mmu04910">
        <graphics name="Insulin signaling pathway" fgcolor="#000000" bgcolor="#FFFFFF"
             type="roundrectangle" x="343" y="104" width="109" height="40"/>
    </entry>
    <entry id="40" name="mmu:16000 mmu:16333 mmu:16334" type="gene"
        link="http://www.kegg.jp/dbget-bin/www_bget?mmu:16000+mmu:16333+mmu:16334">
        <graphics name="Igf1, C730016P09Rik, Igf-1, Igf-I..." fgcolor="#000000" bgcolor="#BFFFBF"
             type="rectangle" x="79" y="133" width="46" height="17"/>
    </entry>
    <entry id="41" name="path:mmu04150" type="map"
        link="http://www.kegg.jp/dbget-bin/www_bget?mmu04150">
        <graphics name="TITLE:mTOR signaling pathway" fgcolor="#000000" bgcolor="#FFFFFF"
             type="roundrectangle" x="150" y="58" width="220" height="25"/>
    </entry>
    <entry id="42" name="mmu:19211" type="gene"
        link="http://www.kegg.jp/dbget-bin/www_bget?mmu:19211">
        <graphics name="Pten, 2310035O07Rik, A130070J02Rik, AI463227, B430203M17Rik, MMAC1, TEP1" fgcolor="#000000" bgcolor="#BFFFBF"
             type="rectangle" x="401" y="219" width="46" height="17"/>
    </entry>
    <entry id="43" name="mmu:67605" type="gene"
        link="http://www.kegg.jp/dbget-bin/www_bget?mmu:67605">
        <graphics name="Akt1s1, 1110012J22Rik, AI227026, Lobe, Lobel, PRAS40" fgcolor="#000000" bgcolor="#BFFFBF"
             type="rectangle" x="375" y="350" width="46" height="17"/>
    </entry>
    <entry id="44" name="mmu:245670 mmu:68441" type="gene"
        link="http://www.kegg.jp/dbget-bin/www_bget?mmu:245670+mmu:68441">
        <graphics name="Rragb..." fgcolor="#000000" bgcolor="#BFFFBF"
             type="rectangle" x="506" y="439" width="46" height="17"/>
    </entry>
    <entry id="45" name="mmu:52187 mmu:54170" type="gene"
        link="http://www.kegg.jp/dbget-bin/www_bget?mmu:52187+mmu:54170">
        <graphics name="Rragd, 5730543C08Rik, AI467523, C030003H22Rik, D4Ertd174e..." fgcolor="#000000" bgcolor="#BFFFBF"
             type="rectangle" x="506" y="455" width="46" height="16"/>
    </entry>
    <entry id="46" name="mmu:18750 mmu:18751 mmu:18752" type="gene"
        link="http://www.kegg.jp/dbget-bin/www_bget?mmu:18750+mmu:18751+mmu:18752">
        <graphics name="Prkca, AI875142, Pkca..." fgcolor="#000000" bgcolor="#BFFFBF"
             type="rectangle" x="425" y="242" width="46" height="17"/>
    </entry>
    <entry id="47" name="mmu:16367" type="gene"
        link="http://www.kegg.jp/dbget-bin/www_bget?mmu:16367">
        <graphics name="Irs1, G972R, IRS-1" fgcolor="#000000" bgcolor="#BFFFBF"
             type="rectangle" x="342" y="135" width="46" height="17"/>
    </entry>
    <entry id="48" name="mmu:21926" type="gene"
        link="http://www.kegg.jp/dbget-bin/www_bget?mmu:21926">
        <graphics name="Tnf, DIF, TNF-a, TNF-alpha, TNFSF2, TNFalpha, Tnfa, Tnfsf1a" fgcolor="#000000" bgcolor="#BFFFBF"
             type="rectangle" x="85" y="497" width="46" height="17"/>
    </entry>
    <entry id="49" name="mmu:16150" type="gene"
        link="http://www.kegg.jp/dbget-bin/www_bget?mmu:16150">
        <graphics name="Ikbkb, AI132552, IKK-2, IKK-beta, IKK2, IKK[b], IKKbeta" fgcolor="#000000" bgcolor="#BFFFBF"
             type="rectangle" x="248" y="497" width="46" height="17"/>
    </entry>
    <entry id="50" name="undefined" type="group">
        <graphics fgcolor="#000000" bgcolor="#FFFFFF"
             type="rectangle" x="505" y="380" width="46" height="51"/>
        <component id="22"/>
        <component id="23"/>
        <component id="24"/>
    </entry>
    <entry id="51" name="undefined" type="group">
        <graphics fgcolor="#000000" bgcolor="#FFFFFF"
             type="rectangle" x="506" y="446" width="46" height="32"/>
        <component id="44"/>
        <component id="45"/>
    </entry>
    <entry id="52" name="undefined" type="group">
        <graphics fgcolor="#000000" bgcolor="#FFFFFF"
             type="rectangle" x="423" y="303" width="46" height="51"/>
        <component id="25"/>
        <component id="26"/>
        <component id="27"/>
    </entry>
    <relation entry1="36" entry2="35" type="PPrel">
        <subtype name="phosphorylation" value="+p"/>
    </relation>
    <relation entry1="28" entry2="23" type="PPrel">
        <subtype name="activation" value="--&gt;"/>
    </relation>
    <relation entry1="23" entry2="21" type="PPrel">
        <subtype name="phosphorylation" value="+p"/>
    </relation>
    <relation entry1="23" entry2="19" type="PPrel">
        <subtype name="phosphorylation" value="+p"/>
    </relation>
    <relation entry1="23" entry2="16" type="PPrel">
        <subtype name="inhibition" value="--|"/>
        <subtype name="phosphorylation" value="+p"/>
    </relation>
    <relation entry1="23" entry2="14" type="PPrel">
        <subtype name="inhibition" value="--|"/>
        <subtype name="phosphorylation" value="+p"/>
    </relation>
    <relation entry1="19" entry2="18" type="PPrel">
        <subtype name="phosphorylation" value="+p"/>
    </relation>
    <relation entry1="19" entry2="17" type="PPrel">
        <subtype name="phosphorylation" value="+p"/>
    </relation>
    <relation entry1="16" entry2="15" type="PPrel">
        <subtype name="inhibition" value="--|"/>
    </relation>
    <relation entry1="21" entry2="20" type="GErel">
        <subtype name="expression" value="--&gt;"/>
    </relation>
    <relation entry1="12" entry2="29" type="PPrel">
        <subtype name="phosphorylation" value="+p"/>
    </relation>
    <relation entry1="28" entry2="13" type="PPrel">
        <subtype name="inhibition" value="--|"/>
    </relation>
    <relation entry1="28" entry2="26" type="PPrel">
        <subtype name="indirect effect" value="..&gt;"/>
    </relation>
    <relation entry1="29" entry2="23" type="PPrel">
        <subtype name="inhibition" value="--|"/>
        <subtype name="phosphorylation" value="+p"/>
    </relation>
    <relation entry1="37" entry2="36" type="PPrel">
        <subtype name="compound" value="5"/>
    </relation>
    <relation entry1="35" entry2="31" type="PPrel">
        <subtype name="inhibition" value="--|"/>
        <subtype name="phosphorylation" value="+p"/>
    </relation>
    <relation entry1="34" entry2="31" type="PPrel">
        <subtype name="inhibition" value="--|"/>
        <subtype name="phosphorylation" value="+p"/>
    </relation>
    <relation entry1="33" entry2="31" type="PPrel">
        <subtype name="inhibition" value="--|"/>
        <subtype name="phosphorylation" value="+p"/>
    </relation>
    <relation entry1="29" entry2="31" type="PPrel">
        <subtype name="phosphorylation" value="+p"/>
    </relation>
    <relation entry1="30" entry2="31" type="PPrel">
        <subtype name="indirect effect" value="..&gt;"/>
    </relation>
    <relation entry1="7" entry2="37" type="PCrel">
        <subtype name="inhibition" value="--|"/>
    </relation>
    <relation entry1="6" entry2="37" type="PCrel">
        <subtype name="inhibition" value="--|"/>
    </relation>
    <relation entry1="4" entry2="29" type="PCrel">
        <subtype name="activation" value="--&gt;"/>
    </relation>
    <relation entry1="9" entry2="29" type="PCrel">
        <subtype name="activation" value="--&gt;"/>
    </relation>
    <relation entry1="3" entry2="29" type="PCrel">
        <subtype name="activation" value="--&gt;"/>
    </relation>
    <relation entry1="26" entry2="35" type="PPrel">
        <subtype name="phosphorylation" value="+p"/>
    </relation>
    <relation entry1="31" entry2="28" type="PPrel">
        <subtype name="inhibition" value="--|"/>
    </relation>
    <relation entry1="40" entry2="34" type="PPrel">
        <subtype name="indirect effect" value="..&gt;"/>
    </relation>
    <relation entry1="40" entry2="33" type="PPrel">
        <subtype name="indirect effect" value="..&gt;"/>
    </relation>
    <relation entry1="40" entry2="37" type="PPrel">
        <subtype name="indirect effect" value="..&gt;"/>
    </relation>
    <relation entry1="8" entry2="50" type="PCrel">
        <subtype name="inhibition" value="--|"/>
    </relation>
    <relation entry1="48" entry2="49" type="PPrel">
        <subtype name="activation" value="--&gt;"/>
        <subtype name="indirect effect" value="..&gt;"/>
    </relation>
    <relation entry1="49" entry2="32" type="PPrel">
        <subtype name="inhibition" value="--|"/>
        <subtype name="phosphorylation" value="+p"/>
    </relation>
    <relation entry1="35" entry2="43" type="PPrel">
        <subtype name="inhibition" value="--|"/>
        <subtype name="phosphorylation" value="+p"/>
    </relation>
    <relation entry1="43" entry2="23" type="PPrel">
        <subtype name="inhibition" value="--|"/>
        <subtype name="phosphorylation" value="+p"/>
    </relation>
    <relation entry1="51" entry2="22" type="PPrel">
        <subtype name="activation" value="--&gt;"/>
    </relation>
    <relation entry1="19" entry2="47" type="PPrel">
        <subtype name="inhibition" value="--|"/>
        <subtype name="phosphorylation" value="+p"/>
    </relation>
    <relation entry1="42" entry2="5" type="PCrel">
        <subtype name="inhibition" value="--|"/>
        <subtype name="dephosphorylation" value="-p"/>
    </relation>
    <relation entry1="52" entry2="46" type="PPrel">
        <subtype name="activation" value="--&gt;"/>
        <subtype name="phosphorylation" value="+p"/>
    </relation>
    <relation entry1="47" entry2="37" type="PPrel">
        <subtype name="activation" value="--&gt;"/>
        <subtype name="indirect effect" value="..&gt;"/>
    </relation>
</pathway>
