<?xml version="1.0"?>
<!DOCTYPE pathway SYSTEM "http://www.kegg.jp/kegg/xml/KGML_v0.7.1_.dtd">
<!-- Creation date: Oct 23, 2015 10:36:17 +0900 (GMT+9) -->
<pathway name="path:mmu05032" org="mmu" number="05032"
         title="Morphine addiction"
         image="http://www.kegg.jp/kegg/pathway/mmu/mmu05032.png"
         link="http://www.kegg.jp/kegg-bin/show_pathway?mmu05032">
    <entry id="1" name="path:mmu05032" type="map"
        link="http://www.kegg.jp/dbget-bin/www_bget?mmu05032">
        <graphics name="TITLE:Morphine addiction" fgcolor="#000000" bgcolor="#FFFFFF"
             type="roundrectangle" x="137" y="58" width="194" height="25"/>
    </entry>
    <entry id="2" name="mmu:18390" type="gene"
        link="http://www.kegg.jp/dbget-bin/www_bget?mmu:18390">
        <graphics name="Oprm1, M-OR-1, MOP-R, MOR-1, MOR-1O, Oprm, mor, muOR" fgcolor="#000000" bgcolor="#BFFFBF"
             type="rectangle" x="364" y="114" width="46" height="17"/>
    </entry>
    <entry id="3" name="path:mmu04727" type="map"
        link="http://www.kegg.jp/dbget-bin/www_bget?mmu04727">
        <graphics name="GABAergic synapse" fgcolor="#000000" bgcolor="#FFFFFF"
             type="roundrectangle" x="185" y="253" width="106" height="34"/>
    </entry>
    <entry id="4" name="mmu:104110 mmu:104111 mmu:11512 mmu:11513 mmu:11514 mmu:11515 mmu:210044 mmu:224129 mmu:432530" type="gene"
        link="http://www.kegg.jp/dbget-bin/www_bget?mmu:104110+mmu:104111+mmu:11512+mmu:11513+mmu:11514+mmu:11515+mmu:210044+mmu:224129+mmu:432530">
        <graphics name="Adcy4, mKIAA4004..." fgcolor="#000000" bgcolor="#BFFFBF"
             type="rectangle" x="458" y="571" width="46" height="17"/>
    </entry>
    <entry id="5" name="cpd:C00575" type="compound"
        link="http://www.kegg.jp/dbget-bin/www_bget?C00575">
        <graphics name="C00575" fgcolor="#000000" bgcolor="#FFFFFF"
             type="circle" x="1170" y="564" width="8" height="8"/>
    </entry>
    <entry id="6" name="cpd:C00575" type="compound"
        link="http://www.kegg.jp/dbget-bin/www_bget?C00575">
        <graphics name="C00575" fgcolor="#000000" bgcolor="#FFFFFF"
             type="circle" x="403" y="575" width="8" height="8"/>
    </entry>
    <entry id="7" name="mmu:18390" type="gene"
        link="http://www.kegg.jp/dbget-bin/www_bget?mmu:18390">
        <graphics name="Oprm1, M-OR-1, MOP-R, MOR-1, MOR-1O, Oprm, mor, muOR" fgcolor="#000000" bgcolor="#BFFFBF"
             type="rectangle" x="365" y="474" width="46" height="17"/>
    </entry>
    <entry id="8" name="mmu:104110 mmu:104111 mmu:11512 mmu:11513 mmu:11514 mmu:11515 mmu:210044 mmu:224129 mmu:432530" type="gene"
        link="http://www.kegg.jp/dbget-bin/www_bget?mmu:104110+mmu:104111+mmu:11512+mmu:11513+mmu:11514+mmu:11515+mmu:210044+mmu:224129+mmu:432530">
        <graphics name="Adcy4, mKIAA4004..." fgcolor="#000000" bgcolor="#BFFFBF"
             type="rectangle" x="458" y="205" width="46" height="17"/>
    </entry>
    <entry id="9" name="cpd:C00334" type="compound"
        link="http://www.kegg.jp/dbget-bin/www_bget?C00334">
        <graphics name="C00334" fgcolor="#000000" bgcolor="#FFFFFF"
             type="circle" x="480" y="254" width="8" height="8"/>
    </entry>
    <entry id="10" name="cpd:C00334" type="compound"
        link="http://www.kegg.jp/dbget-bin/www_bget?C00334">
        <graphics name="C00334" fgcolor="#000000" bgcolor="#FFFFFF"
             type="circle" x="481" y="642" width="8" height="8"/>
    </entry>
    <entry id="11" name="cpd:C00334" type="compound"
        link="http://www.kegg.jp/dbget-bin/www_bget?C00334">
        <graphics name="C00334" fgcolor="#000000" bgcolor="#FFFFFF"
             type="circle" x="482" y="1025" width="8" height="8"/>
    </entry>
    <entry id="12" name="mmu:18390" type="gene"
        link="http://www.kegg.jp/dbget-bin/www_bget?mmu:18390">
        <graphics name="Oprm1, M-OR-1, MOP-R, MOR-1, MOR-1O, Oprm, mor, muOR" fgcolor="#000000" bgcolor="#BFFFBF"
             type="rectangle" x="358" y="830" width="46" height="17"/>
    </entry>
    <entry id="13" name="mmu:18747 mmu:18749" type="gene"
        link="http://www.kegg.jp/dbget-bin/www_bget?mmu:18747+mmu:18749">
        <graphics name="Prkaca, PKCD, Pkaca..." fgcolor="#000000" bgcolor="#BFFFBF"
             type="rectangle" x="1170" y="614" width="46" height="17"/>
    </entry>
    <entry id="14" name="mmu:104110 mmu:104111 mmu:11512 mmu:11513 mmu:11514 mmu:11515 mmu:210044 mmu:224129 mmu:432530" type="gene"
        link="http://www.kegg.jp/dbget-bin/www_bget?mmu:104110+mmu:104111+mmu:11512+mmu:11513+mmu:11514+mmu:11515+mmu:210044+mmu:224129+mmu:432530">
        <graphics name="Adcy4, mKIAA4004..." fgcolor="#000000" bgcolor="#BFFFBF"
             type="rectangle" x="1237" y="565" width="46" height="17"/>
    </entry>
    <entry id="15" name="dr:D00842 dr:D02271 dr:D08233 dr:D08234" type="compound"
        link="http://www.kegg.jp/dbget-bin/www_bget?D00842+D02271+D08233+D08234">
        <graphics name="D00842..." fgcolor="#000000" bgcolor="#FFFFFF"
             type="circle" x="326" y="428" width="8" height="8"/>
    </entry>
    <entry id="16" name="cpd:C00238" type="compound"
        link="http://www.kegg.jp/dbget-bin/www_bget?C00238">
        <graphics name="C00238" fgcolor="#000000" bgcolor="#FFFFFF"
             type="circle" x="366" y="355" width="8" height="8"/>
    </entry>
    <entry id="17" name="cpd:C00076" type="compound"
        link="http://www.kegg.jp/dbget-bin/www_bget?C00076">
        <graphics name="C00076" fgcolor="#000000" bgcolor="#FFFFFF"
             type="circle" x="424" y="436" width="8" height="8"/>
    </entry>
    <entry id="18" name="cpd:C00238" type="compound"
        link="http://www.kegg.jp/dbget-bin/www_bget?C00238">
        <graphics name="C00238" fgcolor="#000000" bgcolor="#FFFFFF"
             type="circle" x="376" y="718" width="8" height="8"/>
    </entry>
    <entry id="19" name="cpd:C00076" type="compound"
        link="http://www.kegg.jp/dbget-bin/www_bget?C00076">
        <graphics name="C00076" fgcolor="#000000" bgcolor="#FFFFFF"
             type="circle" x="425" y="795" width="8" height="8"/>
    </entry>
    <entry id="20" name="cpd:C00238" type="compound"
        link="http://www.kegg.jp/dbget-bin/www_bget?C00238">
        <graphics name="C00238" fgcolor="#000000" bgcolor="#FFFFFF"
             type="circle" x="359" y="1077" width="8" height="8"/>
    </entry>
    <entry id="21" name="cpd:C00076" type="compound"
        link="http://www.kegg.jp/dbget-bin/www_bget?C00076">
        <graphics name="C00076" fgcolor="#000000" bgcolor="#FFFFFF"
             type="circle" x="415" y="1157" width="8" height="8"/>
    </entry>
    <entry id="22" name="mmu:100043507 mmu:100503710 mmu:102641276 mmu:14677 mmu:14678 mmu:14679 mmu:14681 mmu:14688 mmu:14693 mmu:14695 mmu:14696 mmu:14697 mmu:14699 mmu:14700 mmu:14701 mmu:14702 mmu:14704 mmu:14706 mmu:14707 mmu:14708 mmu:14709 mmu:14710 mmu:64337 mmu:66066" type="gene"
        link="http://www.kegg.jp/dbget-bin/www_bget?mmu:100043507+mmu:100503710+mmu:102641276+mmu:14677+mmu:14678+mmu:14679+mmu:14681+mmu:14688+mmu:14693+mmu:14695+mmu:14696+mmu:14697+mmu:14699+mmu:14700+mmu:14701+mmu:14702+mmu:14704+mmu:14706+mmu:14707+mmu:14708+mmu:14709+mmu:14710+mmu:64337+mmu:66066">
        <graphics name="Gm15776, OTTMUSG00000026148..." fgcolor="#000000" bgcolor="#BFFFBF"
             type="rectangle" x="350" y="525" width="46" height="17"/>
    </entry>
    <entry id="23" name="mmu:18390" type="gene"
        link="http://www.kegg.jp/dbget-bin/www_bget?mmu:18390">
        <graphics name="Oprm1, M-OR-1, MOP-R, MOR-1, MOR-1O, Oprm, mor, muOR" fgcolor="#000000" bgcolor="#BFFFBF"
             type="rectangle" x="1145" y="830" width="46" height="17"/>
    </entry>
    <entry id="24" name="mmu:104110 mmu:104111 mmu:11512 mmu:11513 mmu:11514 mmu:11515 mmu:210044 mmu:224129 mmu:432530" type="gene"
        link="http://www.kegg.jp/dbget-bin/www_bget?mmu:104110+mmu:104111+mmu:11512+mmu:11513+mmu:11514+mmu:11515+mmu:210044+mmu:224129+mmu:432530">
        <graphics name="Adcy4, mKIAA4004..." fgcolor="#000000" bgcolor="#BFFFBF"
             type="rectangle" x="1237" y="901" width="46" height="17"/>
    </entry>
    <entry id="25" name="cpd:C00575" type="compound"
        link="http://www.kegg.jp/dbget-bin/www_bget?C00575">
        <graphics name="C00575" fgcolor="#000000" bgcolor="#FFFFFF"
             type="circle" x="1169" y="902" width="8" height="8"/>
    </entry>
    <entry id="26" name="cpd:C00334" type="compound"
        link="http://www.kegg.jp/dbget-bin/www_bget?C00334">
        <graphics name="C00334" fgcolor="#000000" bgcolor="#FFFFFF"
             type="circle" x="1264" y="1034" width="8" height="8"/>
    </entry>
    <entry id="27" name="cpd:C00020" type="compound"
        link="http://www.kegg.jp/dbget-bin/www_bget?C00020">
        <graphics name="C00020" fgcolor="#000000" bgcolor="#FFFFFF"
             type="circle" x="1346" y="941" width="8" height="8"/>
    </entry>
    <entry id="28" name="cpd:C00212" type="compound"
        link="http://www.kegg.jp/dbget-bin/www_bget?C00212">
        <graphics name="C00212" fgcolor="#000000" bgcolor="#FFFFFF"
             type="circle" x="1346" y="986" width="8" height="8"/>
    </entry>
    <entry id="29" name="mmu:110385 mmu:18573 mmu:18574 mmu:18575 mmu:18576 mmu:18577 mmu:18578 mmu:18583 mmu:18584 mmu:207728 mmu:218461 mmu:238871 mmu:23984 mmu:241489 mmu:29863 mmu:54611" type="gene"
        link="http://www.kegg.jp/dbget-bin/www_bget?mmu:110385+mmu:18573+mmu:18574+mmu:18575+mmu:18576+mmu:18577+mmu:18578+mmu:18583+mmu:18584+mmu:207728+mmu:218461+mmu:238871+mmu:23984+mmu:241489+mmu:29863+mmu:54611">
        <graphics name="Pde4c, Dpde1, E130301F19Rik, dunce..." fgcolor="#000000" bgcolor="#BFFFBF"
             type="rectangle" x="1310" y="959" width="46" height="17"/>
    </entry>
    <entry id="30" name="mmu:11539" type="gene"
        link="http://www.kegg.jp/dbget-bin/www_bget?mmu:11539">
        <graphics name="Adora1, A1-AR, A1AR, A1R, AA1R, AI848715, BB176431, Ri" fgcolor="#000000" bgcolor="#BFFFBF"
             type="rectangle" x="1266" y="985" width="46" height="17"/>
    </entry>
    <entry id="31" name="mmu:110886 mmu:14394 mmu:14395 mmu:14396 mmu:14397 mmu:14399 mmu:14400 mmu:14401 mmu:14402 mmu:14403 mmu:14404 mmu:14405 mmu:14406 mmu:14407 mmu:14408 mmu:14409 mmu:216643 mmu:328699 mmu:57249" type="gene"
        link="http://www.kegg.jp/dbget-bin/www_bget?mmu:110886+mmu:14394+mmu:14395+mmu:14396+mmu:14397+mmu:14399+mmu:14400+mmu:14401+mmu:14402+mmu:14403+mmu:14404+mmu:14405+mmu:14406+mmu:14407+mmu:14408+mmu:14409+mmu:216643+mmu:328699+mmu:57249">
        <graphics name="Gabra5, A230018I05Rik..." fgcolor="#000000" bgcolor="#BFFFBF"
             type="rectangle" x="590" y="214" width="46" height="17"/>
    </entry>
    <entry id="32" name="mmu:110886 mmu:14394 mmu:14395 mmu:14396 mmu:14397 mmu:14399 mmu:14400 mmu:14401 mmu:14402 mmu:14403 mmu:14404 mmu:14405 mmu:14406 mmu:14407 mmu:14408 mmu:14409 mmu:216643 mmu:328699 mmu:57249" type="gene"
        link="http://www.kegg.jp/dbget-bin/www_bget?mmu:110886+mmu:14394+mmu:14395+mmu:14396+mmu:14397+mmu:14399+mmu:14400+mmu:14401+mmu:14402+mmu:14403+mmu:14404+mmu:14405+mmu:14406+mmu:14407+mmu:14408+mmu:14409+mmu:216643+mmu:328699+mmu:57249">
        <graphics name="Gabra5, A230018I05Rik..." fgcolor="#000000" bgcolor="#BFFFBF"
             type="rectangle" x="589" y="600" width="46" height="17"/>
    </entry>
    <entry id="33" name="mmu:110886 mmu:14394 mmu:14395 mmu:14396 mmu:14397 mmu:14399 mmu:14400 mmu:14401 mmu:14402 mmu:14403 mmu:14404 mmu:14405 mmu:14406 mmu:14407 mmu:14408 mmu:14409 mmu:216643 mmu:328699 mmu:57249" type="gene"
        link="http://www.kegg.jp/dbget-bin/www_bget?mmu:110886+mmu:14394+mmu:14395+mmu:14396+mmu:14397+mmu:14399+mmu:14400+mmu:14401+mmu:14402+mmu:14403+mmu:14404+mmu:14405+mmu:14406+mmu:14407+mmu:14408+mmu:14409+mmu:216643+mmu:328699+mmu:57249">
        <graphics name="Gabra5, A230018I05Rik..." fgcolor="#000000" bgcolor="#BFFFBF"
             type="rectangle" x="589" y="969" width="46" height="17"/>
    </entry>
    <entry id="34" name="mmu:110886 mmu:14394 mmu:14395 mmu:14396 mmu:14397 mmu:14399 mmu:14400 mmu:14401 mmu:14402 mmu:14403 mmu:14404 mmu:14405 mmu:14406 mmu:14407 mmu:14408 mmu:14409 mmu:216643 mmu:328699 mmu:57249" type="gene"
        link="http://www.kegg.jp/dbget-bin/www_bget?mmu:110886+mmu:14394+mmu:14395+mmu:14396+mmu:14397+mmu:14399+mmu:14400+mmu:14401+mmu:14402+mmu:14403+mmu:14404+mmu:14405+mmu:14406+mmu:14407+mmu:14408+mmu:14409+mmu:216643+mmu:328699+mmu:57249">
        <graphics name="Gabra5, A230018I05Rik..." fgcolor="#000000" bgcolor="#BFFFBF"
             type="rectangle" x="1377" y="1022" width="46" height="17"/>
    </entry>
    <entry id="35" name="mmu:16519 mmu:16521 mmu:16522 mmu:16524" type="gene"
        link="http://www.kegg.jp/dbget-bin/www_bget?mmu:16519+mmu:16521+mmu:16522+mmu:16524">
        <graphics name="Kcnj3, GIRK-1, GIRK1, Kcnf3, Kir3.1..." fgcolor="#000000" bgcolor="#BFFFBF"
             type="rectangle" x="366" y="398" width="46" height="17"/>
    </entry>
    <entry id="36" name="mmu:12286 mmu:12287" type="gene"
        link="http://www.kegg.jp/dbget-bin/www_bget?mmu:12286+mmu:12287">
        <graphics name="Cacna1a, APCA, BI, Caca1a, Cacnl1a4, Cav2.1, Ccha1a, EA2, FHM, HPCA, MHP, MHP1, SCA6, alpha1A, la, nmf352, rkr, tg..." fgcolor="#000000" bgcolor="#BFFFBF"
             type="rectangle" x="425" y="398" width="46" height="17"/>
    </entry>
    <entry id="37" name="mmu:16519 mmu:16521 mmu:16522 mmu:16524" type="gene"
        link="http://www.kegg.jp/dbget-bin/www_bget?mmu:16519+mmu:16521+mmu:16522+mmu:16524">
        <graphics name="Kcnj3, GIRK-1, GIRK1, Kcnf3, Kir3.1..." fgcolor="#000000" bgcolor="#BFFFBF"
             type="rectangle" x="373" y="757" width="46" height="17"/>
    </entry>
    <entry id="38" name="mmu:12286 mmu:12287" type="gene"
        link="http://www.kegg.jp/dbget-bin/www_bget?mmu:12286+mmu:12287">
        <graphics name="Cacna1a, APCA, BI, Caca1a, Cacnl1a4, Cav2.1, Ccha1a, EA2, FHM, HPCA, MHP, MHP1, SCA6, alpha1A, la, nmf352, rkr, tg..." fgcolor="#000000" bgcolor="#BFFFBF"
             type="rectangle" x="426" y="757" width="46" height="17"/>
    </entry>
    <entry id="39" name="mmu:16519 mmu:16521 mmu:16522 mmu:16524" type="gene"
        link="http://www.kegg.jp/dbget-bin/www_bget?mmu:16519+mmu:16521+mmu:16522+mmu:16524">
        <graphics name="Kcnj3, GIRK-1, GIRK1, Kcnf3, Kir3.1..." fgcolor="#000000" bgcolor="#BFFFBF"
             type="rectangle" x="356" y="1114" width="46" height="17"/>
    </entry>
    <entry id="40" name="mmu:12286 mmu:12287" type="gene"
        link="http://www.kegg.jp/dbget-bin/www_bget?mmu:12286+mmu:12287">
        <graphics name="Cacna1a, APCA, BI, Caca1a, Cacnl1a4, Cav2.1, Ccha1a, EA2, FHM, HPCA, MHP, MHP1, SCA6, alpha1A, la, nmf352, rkr, tg..." fgcolor="#000000" bgcolor="#BFFFBF"
             type="rectangle" x="414" y="1114" width="46" height="17"/>
    </entry>
    <entry id="41" name="mmu:18390" type="gene"
        link="http://www.kegg.jp/dbget-bin/www_bget?mmu:18390">
        <graphics name="Oprm1, M-OR-1, MOP-R, MOR-1, MOR-1O, Oprm, mor, muOR" fgcolor="#000000" bgcolor="#BFFFBF"
             type="rectangle" x="1149" y="472" width="46" height="17"/>
    </entry>
    <entry id="42" name="mmu:16519 mmu:16521 mmu:16522 mmu:16524" type="gene"
        link="http://www.kegg.jp/dbget-bin/www_bget?mmu:16519+mmu:16521+mmu:16522+mmu:16524">
        <graphics name="Kcnj3, GIRK-1, GIRK1, Kcnf3, Kir3.1..." fgcolor="#000000" bgcolor="#BFFFBF"
             type="rectangle" x="1158" y="756" width="46" height="17"/>
    </entry>
    <entry id="43" name="mmu:12286 mmu:12287" type="gene"
        link="http://www.kegg.jp/dbget-bin/www_bget?mmu:12286+mmu:12287">
        <graphics name="Cacna1a, APCA, BI, Caca1a, Cacnl1a4, Cav2.1, Ccha1a, EA2, FHM, HPCA, MHP, MHP1, SCA6, alpha1A, la, nmf352, rkr, tg..." fgcolor="#000000" bgcolor="#BFFFBF"
             type="rectangle" x="1210" y="756" width="46" height="17"/>
    </entry>
    <entry id="44" name="mmu:16519 mmu:16521 mmu:16522 mmu:16524" type="gene"
        link="http://www.kegg.jp/dbget-bin/www_bget?mmu:16519+mmu:16521+mmu:16522+mmu:16524">
        <graphics name="Kcnj3, GIRK-1, GIRK1, Kcnf3, Kir3.1..." fgcolor="#000000" bgcolor="#BFFFBF"
             type="rectangle" x="1146" y="1112" width="46" height="17"/>
    </entry>
    <entry id="45" name="mmu:12286 mmu:12287" type="gene"
        link="http://www.kegg.jp/dbget-bin/www_bget?mmu:12286+mmu:12287">
        <graphics name="Cacna1a, APCA, BI, Caca1a, Cacnl1a4, Cav2.1, Ccha1a, EA2, FHM, HPCA, MHP, MHP1, SCA6, alpha1A, la, nmf352, rkr, tg..." fgcolor="#000000" bgcolor="#BFFFBF"
             type="rectangle" x="1201" y="1112" width="46" height="17"/>
    </entry>
    <entry id="46" name="dr:D00842 dr:D02271 dr:D08233 dr:D08234" type="compound"
        link="http://www.kegg.jp/dbget-bin/www_bget?D00842+D02271+D08233+D08234">
        <graphics name="D00842..." fgcolor="#000000" bgcolor="#FFFFFF"
             type="circle" x="321" y="783" width="8" height="8"/>
    </entry>
    <entry id="47" name="mmu:14683" type="gene"
        link="http://www.kegg.jp/dbget-bin/www_bget?mmu:14683">
        <graphics name="Gnas, 5530400H20Rik, A930027G11Rik, C130027O20Rik, GPSA, GSP, Galphas, Gnas1, Gnasxl, Gs-alpha, Gsa, Nesp, Nesp55, Nespl, Oed-Sml, Oedsml, P1, P2, P3, PHP1A, PHP1B, POH, SCG6" fgcolor="#000000" bgcolor="#BFFFBF"
             type="rectangle" x="418" y="524" width="46" height="17"/>
    </entry>
    <entry id="48" name="mmu:100043507 mmu:100503710 mmu:102641276 mmu:14677 mmu:14678 mmu:14679 mmu:14681 mmu:14688 mmu:14693 mmu:14695 mmu:14696 mmu:14697 mmu:14699 mmu:14700 mmu:14701 mmu:14702 mmu:14704 mmu:14706 mmu:14707 mmu:14708 mmu:14709 mmu:14710 mmu:64337 mmu:66066" type="gene"
        link="http://www.kegg.jp/dbget-bin/www_bget?mmu:100043507+mmu:100503710+mmu:102641276+mmu:14677+mmu:14678+mmu:14679+mmu:14681+mmu:14688+mmu:14693+mmu:14695+mmu:14696+mmu:14697+mmu:14699+mmu:14700+mmu:14701+mmu:14702+mmu:14704+mmu:14706+mmu:14707+mmu:14708+mmu:14709+mmu:14710+mmu:64337+mmu:66066">
        <graphics name="Gm15776, OTTMUSG00000026148..." fgcolor="#000000" bgcolor="#BFFFBF"
             type="rectangle" x="366" y="881" width="46" height="17"/>
    </entry>
    <entry id="49" name="mmu:14683" type="gene"
        link="http://www.kegg.jp/dbget-bin/www_bget?mmu:14683">
        <graphics name="Gnas, 5530400H20Rik, A930027G11Rik, C130027O20Rik, GPSA, GSP, Galphas, Gnas1, Gnasxl, Gs-alpha, Gsa, Nesp, Nesp55, Nespl, Oed-Sml, Oedsml, P1, P2, P3, PHP1A, PHP1B, POH, SCG6" fgcolor="#000000" bgcolor="#BFFFBF"
             type="rectangle" x="426" y="880" width="46" height="17"/>
    </entry>
    <entry id="50" name="mmu:18747 mmu:18749" type="gene"
        link="http://www.kegg.jp/dbget-bin/www_bget?mmu:18747+mmu:18749">
        <graphics name="Prkaca, PKCD, Pkaca..." fgcolor="#000000" bgcolor="#BFFFBF"
             type="rectangle" x="388" y="983" width="46" height="17"/>
    </entry>
    <entry id="51" name="mmu:104110 mmu:104111 mmu:11512 mmu:11513 mmu:11514 mmu:11515 mmu:210044 mmu:224129 mmu:432530" type="gene"
        link="http://www.kegg.jp/dbget-bin/www_bget?mmu:104110+mmu:104111+mmu:11512+mmu:11513+mmu:11514+mmu:11515+mmu:210044+mmu:224129+mmu:432530">
        <graphics name="Adcy4, mKIAA4004..." fgcolor="#000000" bgcolor="#BFFFBF"
             type="rectangle" x="453" y="926" width="46" height="17"/>
    </entry>
    <entry id="52" name="cpd:C00575" type="compound"
        link="http://www.kegg.jp/dbget-bin/www_bget?C00575">
        <graphics name="C00575" fgcolor="#000000" bgcolor="#FFFFFF"
             type="circle" x="422" y="952" width="8" height="8"/>
    </entry>
    <entry id="53" name="mmu:18750 mmu:18751 mmu:18752" type="gene"
        link="http://www.kegg.jp/dbget-bin/www_bget?mmu:18750+mmu:18751+mmu:18752">
        <graphics name="Prkca, AI875142, Pkca..." fgcolor="#000000" bgcolor="#BFFFBF"
             type="rectangle" x="385" y="942" width="46" height="17"/>
    </entry>
    <entry id="54" name="cpd:C00334" type="compound"
        link="http://www.kegg.jp/dbget-bin/www_bget?C00334">
        <graphics name="C00334" fgcolor="#000000" bgcolor="#FFFFFF"
             type="circle" x="1270" y="657" width="8" height="8"/>
    </entry>
    <entry id="55" name="mmu:110886 mmu:14394 mmu:14395 mmu:14396 mmu:14397 mmu:14399 mmu:14400 mmu:14401 mmu:14402 mmu:14403 mmu:14404 mmu:14405 mmu:14406 mmu:14407 mmu:14408 mmu:14409 mmu:216643 mmu:328699 mmu:57249" type="gene"
        link="http://www.kegg.jp/dbget-bin/www_bget?mmu:110886+mmu:14394+mmu:14395+mmu:14396+mmu:14397+mmu:14399+mmu:14400+mmu:14401+mmu:14402+mmu:14403+mmu:14404+mmu:14405+mmu:14406+mmu:14407+mmu:14408+mmu:14409+mmu:216643+mmu:328699+mmu:57249">
        <graphics name="Gabra5, A230018I05Rik..." fgcolor="#000000" bgcolor="#BFFFBF"
             type="rectangle" x="1377" y="604" width="46" height="17"/>
    </entry>
    <entry id="56" name="cpd:C00698" type="compound"
        link="http://www.kegg.jp/dbget-bin/www_bget?C00698">
        <graphics name="C00698" fgcolor="#000000" bgcolor="#FFFFFF"
             type="circle" x="641" y="214" width="8" height="8"/>
    </entry>
    <entry id="57" name="cpd:C00698" type="compound"
        link="http://www.kegg.jp/dbget-bin/www_bget?C00698">
        <graphics name="C00698" fgcolor="#000000" bgcolor="#FFFFFF"
             type="circle" x="642" y="969" width="8" height="8"/>
    </entry>
    <entry id="58" name="cpd:C00698" type="compound"
        link="http://www.kegg.jp/dbget-bin/www_bget?C00698">
        <graphics name="C00698" fgcolor="#000000" bgcolor="#FFFFFF"
             type="circle" x="1428" y="604" width="8" height="8"/>
    </entry>
    <entry id="59" name="mmu:22348" type="gene"
        link="http://www.kegg.jp/dbget-bin/www_bget?mmu:22348">
        <graphics name="Slc32a1, R75019, VGAT, Viaat" fgcolor="#000000" bgcolor="#BFFFBF"
             type="rectangle" x="301" y="261" width="46" height="17"/>
    </entry>
    <entry id="60" name="mmu:22348" type="gene"
        link="http://www.kegg.jp/dbget-bin/www_bget?mmu:22348">
        <graphics name="Slc32a1, R75019, VGAT, Viaat" fgcolor="#000000" bgcolor="#BFFFBF"
             type="rectangle" x="303" y="639" width="46" height="17"/>
    </entry>
    <entry id="61" name="mmu:22348" type="gene"
        link="http://www.kegg.jp/dbget-bin/www_bget?mmu:22348">
        <graphics name="Slc32a1, R75019, VGAT, Viaat" fgcolor="#000000" bgcolor="#BFFFBF"
             type="rectangle" x="305" y="1022" width="46" height="17"/>
    </entry>
    <entry id="62" name="mmu:22348" type="gene"
        link="http://www.kegg.jp/dbget-bin/www_bget?mmu:22348">
        <graphics name="Slc32a1, R75019, VGAT, Viaat" fgcolor="#000000" bgcolor="#BFFFBF"
             type="rectangle" x="1088" y="659" width="46" height="17"/>
    </entry>
    <entry id="63" name="mmu:22348" type="gene"
        link="http://www.kegg.jp/dbget-bin/www_bget?mmu:22348">
        <graphics name="Slc32a1, R75019, VGAT, Viaat" fgcolor="#000000" bgcolor="#BFFFBF"
             type="rectangle" x="1091" y="1037" width="46" height="17"/>
    </entry>
    <entry id="64" name="cpd:C00334" type="compound"
        link="http://www.kegg.jp/dbget-bin/www_bget?C00334">
        <graphics name="C00334" fgcolor="#000000" bgcolor="#FFFFFF"
             type="circle" x="261" y="259" width="8" height="8"/>
    </entry>
    <entry id="65" name="cpd:C00334" type="compound"
        link="http://www.kegg.jp/dbget-bin/www_bget?C00334">
        <graphics name="C00334" fgcolor="#000000" bgcolor="#FFFFFF"
             type="circle" x="262" y="638" width="8" height="8"/>
    </entry>
    <entry id="66" name="cpd:C00334" type="compound"
        link="http://www.kegg.jp/dbget-bin/www_bget?C00334">
        <graphics name="C00334" fgcolor="#000000" bgcolor="#FFFFFF"
             type="circle" x="266" y="1023" width="8" height="8"/>
    </entry>
    <entry id="67" name="cpd:C00334" type="compound"
        link="http://www.kegg.jp/dbget-bin/www_bget?C00334">
        <graphics name="C00334" fgcolor="#000000" bgcolor="#FFFFFF"
             type="circle" x="1051" y="657" width="8" height="8"/>
    </entry>
    <entry id="68" name="cpd:C00334" type="compound"
        link="http://www.kegg.jp/dbget-bin/www_bget?C00334">
        <graphics name="C00334" fgcolor="#000000" bgcolor="#FFFFFF"
             type="circle" x="1050" y="1035" width="8" height="8"/>
    </entry>
    <entry id="69" name="path:mmu04728" type="map"
        link="http://www.kegg.jp/dbget-bin/www_bget?mmu04728">
        <graphics name="Dopaminergic synapse" fgcolor="#000000" bgcolor="#FFFFFF"
             type="roundrectangle" x="791" y="591" width="106" height="34"/>
    </entry>
    <entry id="70" name="path:mmu04727" type="map"
        link="http://www.kegg.jp/dbget-bin/www_bget?mmu04727">
        <graphics name="GABAergic synapse" fgcolor="#000000" bgcolor="#FFFFFF"
             type="roundrectangle" x="969" y="613" width="106" height="34"/>
    </entry>
    <entry id="71" name="path:mmu04728" type="map"
        link="http://www.kegg.jp/dbget-bin/www_bget?mmu04728">
        <graphics name="Dopaminergic synapse" fgcolor="#000000" bgcolor="#FFFFFF"
             type="roundrectangle" x="1571" y="998" width="106" height="34"/>
    </entry>
    <entry id="72" name="mmu:13488" type="gene"
        link="http://www.kegg.jp/dbget-bin/www_bget?mmu:13488">
        <graphics name="Drd1, C030036C15Rik, Drd-1, Drd1a, Gpcr15" fgcolor="#000000" bgcolor="#BFFFBF"
             type="rectangle" x="481" y="164" width="46" height="17"/>
    </entry>
    <entry id="73" name="mmu:13488" type="gene"
        link="http://www.kegg.jp/dbget-bin/www_bget?mmu:13488">
        <graphics name="Drd1, C030036C15Rik, Drd-1, Drd1a, Gpcr15" fgcolor="#000000" bgcolor="#BFFFBF"
             type="rectangle" x="481" y="525" width="46" height="17"/>
    </entry>
    <entry id="74" name="mmu:13488" type="gene"
        link="http://www.kegg.jp/dbget-bin/www_bget?mmu:13488">
        <graphics name="Drd1, C030036C15Rik, Drd-1, Drd1a, Gpcr15" fgcolor="#000000" bgcolor="#BFFFBF"
             type="rectangle" x="481" y="883" width="46" height="17"/>
    </entry>
    <entry id="75" name="mmu:13488" type="gene"
        link="http://www.kegg.jp/dbget-bin/www_bget?mmu:13488">
        <graphics name="Drd1, C030036C15Rik, Drd-1, Drd1a, Gpcr15" fgcolor="#000000" bgcolor="#BFFFBF"
             type="rectangle" x="1266" y="513" width="46" height="17"/>
    </entry>
    <entry id="76" name="mmu:13488" type="gene"
        link="http://www.kegg.jp/dbget-bin/www_bget?mmu:13488">
        <graphics name="Drd1, C030036C15Rik, Drd-1, Drd1a, Gpcr15" fgcolor="#000000" bgcolor="#BFFFBF"
             type="rectangle" x="1266" y="866" width="46" height="17"/>
    </entry>
    <entry id="77" name="mmu:14683" type="gene"
        link="http://www.kegg.jp/dbget-bin/www_bget?mmu:14683">
        <graphics name="Gnas, 5530400H20Rik, A930027G11Rik, C130027O20Rik, GPSA, GSP, Galphas, Gnas1, Gnasxl, Gs-alpha, Gsa, Nesp, Nesp55, Nespl, Oed-Sml, Oedsml, P1, P2, P3, PHP1A, PHP1B, POH, SCG6" fgcolor="#000000" bgcolor="#BFFFBF"
             type="rectangle" x="1187" y="866" width="46" height="17"/>
    </entry>
    <entry id="78" name="cpd:C03758" type="compound"
        link="http://www.kegg.jp/dbget-bin/www_bget?C03758">
        <graphics name="C03758" fgcolor="#000000" bgcolor="#FFFFFF"
             type="circle" x="1321" y="866" width="8" height="8"/>
    </entry>
    <entry id="79" name="mmu:242425 mmu:54393" type="gene"
        link="http://www.kegg.jp/dbget-bin/www_bget?mmu:242425+mmu:54393">
        <graphics name="Gabbr2, GABABR2, Gb2, Gm425, Gpr51..." fgcolor="#000000" bgcolor="#BFFFBF"
             type="rectangle" x="590" y="315" width="46" height="17"/>
    </entry>
    <entry id="80" name="mmu:100043507 mmu:100503710 mmu:102641276 mmu:14677 mmu:14678 mmu:14679 mmu:14681 mmu:14688 mmu:14693 mmu:14695 mmu:14696 mmu:14697 mmu:14699 mmu:14700 mmu:14701 mmu:14702 mmu:14704 mmu:14706 mmu:14707 mmu:14708 mmu:14709 mmu:14710 mmu:64337 mmu:66066" type="gene"
        link="http://www.kegg.jp/dbget-bin/www_bget?mmu:100043507+mmu:100503710+mmu:102641276+mmu:14677+mmu:14678+mmu:14679+mmu:14681+mmu:14688+mmu:14693+mmu:14695+mmu:14696+mmu:14697+mmu:14699+mmu:14700+mmu:14701+mmu:14702+mmu:14704+mmu:14706+mmu:14707+mmu:14708+mmu:14709+mmu:14710+mmu:64337+mmu:66066">
        <graphics name="Gm15776, OTTMUSG00000026148..." fgcolor="#000000" bgcolor="#BFFFBF"
             type="rectangle" x="663" y="295" width="46" height="17"/>
    </entry>
    <entry id="81" name="mmu:16522" type="gene"
        link="http://www.kegg.jp/dbget-bin/www_bget?mmu:16522">
        <graphics name="Kcnj6, BIR1, GIRK2, KATP2, KCNJ7, Kir3.2, weaver, wv" fgcolor="#000000" bgcolor="#BFFFBF"
             type="rectangle" x="589" y="273" width="46" height="17"/>
    </entry>
    <entry id="82" name="mmu:242425 mmu:54393" type="gene"
        link="http://www.kegg.jp/dbget-bin/www_bget?mmu:242425+mmu:54393">
        <graphics name="Gabbr2, GABABR2, Gb2, Gm425, Gpr51..." fgcolor="#000000" bgcolor="#BFFFBF"
             type="rectangle" x="589" y="691" width="46" height="17"/>
    </entry>
    <entry id="83" name="mmu:100043507 mmu:100503710 mmu:102641276 mmu:14677 mmu:14678 mmu:14679 mmu:14681 mmu:14688 mmu:14693 mmu:14695 mmu:14696 mmu:14697 mmu:14699 mmu:14700 mmu:14701 mmu:14702 mmu:14704 mmu:14706 mmu:14707 mmu:14708 mmu:14709 mmu:14710 mmu:64337 mmu:66066" type="gene"
        link="http://www.kegg.jp/dbget-bin/www_bget?mmu:100043507+mmu:100503710+mmu:102641276+mmu:14677+mmu:14678+mmu:14679+mmu:14681+mmu:14688+mmu:14693+mmu:14695+mmu:14696+mmu:14697+mmu:14699+mmu:14700+mmu:14701+mmu:14702+mmu:14704+mmu:14706+mmu:14707+mmu:14708+mmu:14709+mmu:14710+mmu:64337+mmu:66066">
        <graphics name="Gm15776, OTTMUSG00000026148..." fgcolor="#000000" bgcolor="#BFFFBF"
             type="rectangle" x="658" y="670" width="46" height="17"/>
    </entry>
    <entry id="84" name="mmu:16522" type="gene"
        link="http://www.kegg.jp/dbget-bin/www_bget?mmu:16522">
        <graphics name="Kcnj6, BIR1, GIRK2, KATP2, KCNJ7, Kir3.2, weaver, wv" fgcolor="#000000" bgcolor="#BFFFBF"
             type="rectangle" x="589" y="648" width="46" height="17"/>
    </entry>
    <entry id="85" name="mmu:16522" type="gene"
        link="http://www.kegg.jp/dbget-bin/www_bget?mmu:16522">
        <graphics name="Kcnj6, BIR1, GIRK2, KATP2, KCNJ7, Kir3.2, weaver, wv" fgcolor="#000000" bgcolor="#BFFFBF"
             type="rectangle" x="1377" y="663" width="46" height="17"/>
    </entry>
    <entry id="86" name="mmu:100043507 mmu:100503710 mmu:102641276 mmu:14677 mmu:14678 mmu:14679 mmu:14681 mmu:14688 mmu:14693 mmu:14695 mmu:14696 mmu:14697 mmu:14699 mmu:14700 mmu:14701 mmu:14702 mmu:14704 mmu:14706 mmu:14707 mmu:14708 mmu:14709 mmu:14710 mmu:64337 mmu:66066" type="gene"
        link="http://www.kegg.jp/dbget-bin/www_bget?mmu:100043507+mmu:100503710+mmu:102641276+mmu:14677+mmu:14678+mmu:14679+mmu:14681+mmu:14688+mmu:14693+mmu:14695+mmu:14696+mmu:14697+mmu:14699+mmu:14700+mmu:14701+mmu:14702+mmu:14704+mmu:14706+mmu:14707+mmu:14708+mmu:14709+mmu:14710+mmu:64337+mmu:66066">
        <graphics name="Gm15776, OTTMUSG00000026148..." fgcolor="#000000" bgcolor="#BFFFBF"
             type="rectangle" x="1452" y="686" width="46" height="17"/>
    </entry>
    <entry id="87" name="mmu:242425 mmu:54393" type="gene"
        link="http://www.kegg.jp/dbget-bin/www_bget?mmu:242425+mmu:54393">
        <graphics name="Gabbr2, GABABR2, Gb2, Gm425, Gpr51..." fgcolor="#000000" bgcolor="#BFFFBF"
             type="rectangle" x="1377" y="706" width="46" height="17"/>
    </entry>
    <entry id="88" name="mmu:16522" type="gene"
        link="http://www.kegg.jp/dbget-bin/www_bget?mmu:16522">
        <graphics name="Kcnj6, BIR1, GIRK2, KATP2, KCNJ7, Kir3.2, weaver, wv" fgcolor="#000000" bgcolor="#BFFFBF"
             type="rectangle" x="1377" y="1060" width="46" height="17"/>
    </entry>
    <entry id="89" name="mmu:100043507 mmu:100503710 mmu:102641276 mmu:14677 mmu:14678 mmu:14679 mmu:14681 mmu:14688 mmu:14693 mmu:14695 mmu:14696 mmu:14697 mmu:14699 mmu:14700 mmu:14701 mmu:14702 mmu:14704 mmu:14706 mmu:14707 mmu:14708 mmu:14709 mmu:14710 mmu:64337 mmu:66066" type="gene"
        link="http://www.kegg.jp/dbget-bin/www_bget?mmu:100043507+mmu:100503710+mmu:102641276+mmu:14677+mmu:14678+mmu:14679+mmu:14681+mmu:14688+mmu:14693+mmu:14695+mmu:14696+mmu:14697+mmu:14699+mmu:14700+mmu:14701+mmu:14702+mmu:14704+mmu:14706+mmu:14707+mmu:14708+mmu:14709+mmu:14710+mmu:64337+mmu:66066">
        <graphics name="Gm15776, OTTMUSG00000026148..." fgcolor="#000000" bgcolor="#BFFFBF"
             type="rectangle" x="1440" y="1075" width="46" height="17"/>
    </entry>
    <entry id="90" name="mmu:242425 mmu:54393" type="gene"
        link="http://www.kegg.jp/dbget-bin/www_bget?mmu:242425+mmu:54393">
        <graphics name="Gabbr2, GABABR2, Gb2, Gm425, Gpr51..." fgcolor="#000000" bgcolor="#BFFFBF"
             type="rectangle" x="1377" y="1095" width="46" height="17"/>
    </entry>
    <entry id="91" name="mmu:16522" type="gene"
        link="http://www.kegg.jp/dbget-bin/www_bget?mmu:16522">
        <graphics name="Kcnj6, BIR1, GIRK2, KATP2, KCNJ7, Kir3.2, weaver, wv" fgcolor="#000000" bgcolor="#BFFFBF"
             type="rectangle" x="589" y="1033" width="46" height="17"/>
    </entry>
    <entry id="92" name="mmu:100043507 mmu:100503710 mmu:102641276 mmu:14677 mmu:14678 mmu:14679 mmu:14681 mmu:14688 mmu:14693 mmu:14695 mmu:14696 mmu:14697 mmu:14699 mmu:14700 mmu:14701 mmu:14702 mmu:14704 mmu:14706 mmu:14707 mmu:14708 mmu:14709 mmu:14710 mmu:64337 mmu:66066" type="gene"
        link="http://www.kegg.jp/dbget-bin/www_bget?mmu:100043507+mmu:100503710+mmu:102641276+mmu:14677+mmu:14678+mmu:14679+mmu:14681+mmu:14688+mmu:14693+mmu:14695+mmu:14696+mmu:14697+mmu:14699+mmu:14700+mmu:14701+mmu:14702+mmu:14704+mmu:14706+mmu:14707+mmu:14708+mmu:14709+mmu:14710+mmu:64337+mmu:66066">
        <graphics name="Gm15776, OTTMUSG00000026148..." fgcolor="#000000" bgcolor="#BFFFBF"
             type="rectangle" x="664" y="1059" width="46" height="17"/>
    </entry>
    <entry id="93" name="mmu:242425 mmu:54393" type="gene"
        link="http://www.kegg.jp/dbget-bin/www_bget?mmu:242425+mmu:54393">
        <graphics name="Gabbr2, GABABR2, Gb2, Gm425, Gpr51..." fgcolor="#000000" bgcolor="#BFFFBF"
             type="rectangle" x="589" y="1076" width="46" height="17"/>
    </entry>
    <entry id="94" name="cpd:C00238" type="compound"
        link="http://www.kegg.jp/dbget-bin/www_bget?C00238">
        <graphics name="C00238" fgcolor="#000000" bgcolor="#FFFFFF"
             type="circle" x="633" y="272" width="8" height="8"/>
    </entry>
    <entry id="95" name="cpd:C00238" type="compound"
        link="http://www.kegg.jp/dbget-bin/www_bget?C00238">
        <graphics name="C00238" fgcolor="#000000" bgcolor="#FFFFFF"
             type="circle" x="634" y="1032" width="8" height="8"/>
    </entry>
    <entry id="96" name="cpd:C00238" type="compound"
        link="http://www.kegg.jp/dbget-bin/www_bget?C00238">
        <graphics name="C00238" fgcolor="#000000" bgcolor="#FFFFFF"
             type="circle" x="1419" y="662" width="8" height="8"/>
    </entry>
    <entry id="97" name="mmu:110355 mmu:14772 mmu:14773 mmu:26385 mmu:320129" type="gene"
        link="http://www.kegg.jp/dbget-bin/www_bget?mmu:110355+mmu:14772+mmu:14773+mmu:26385+mmu:320129">
        <graphics name="Adrbk1, Adrbk-1, Bark-1, GRK2, beta_ARK, betaARK1..." fgcolor="#000000" bgcolor="#BFFFBF"
             type="rectangle" x="291" y="897" width="46" height="17"/>
    </entry>
    <entry id="98" name="mmu:109689 mmu:216869" type="gene"
        link="http://www.kegg.jp/dbget-bin/www_bget?mmu:109689+mmu:216869">
        <graphics name="Arrb1, 1200006I17Rik, AW208571, G430100A01Rik..." fgcolor="#000000" bgcolor="#BFFFBF"
             type="rectangle" x="265" y="924" width="46" height="17"/>
    </entry>
    <entry id="99" name="mmu:11539" type="gene"
        link="http://www.kegg.jp/dbget-bin/www_bget?mmu:11539">
        <graphics name="Adora1, A1-AR, A1AR, A1R, AA1R, AI848715, BB176431, Ri" fgcolor="#000000" bgcolor="#BFFFBF"
             type="rectangle" x="481" y="1074" width="46" height="17"/>
    </entry>
    <entry id="100" name="mmu:11539" type="gene"
        link="http://www.kegg.jp/dbget-bin/www_bget?mmu:11539">
        <graphics name="Adora1, A1-AR, A1AR, A1R, AA1R, AI848715, BB176431, Ri" fgcolor="#000000" bgcolor="#BFFFBF"
             type="rectangle" x="1266" y="609" width="46" height="17"/>
    </entry>
    <entry id="101" name="mmu:11539" type="gene"
        link="http://www.kegg.jp/dbget-bin/www_bget?mmu:11539">
        <graphics name="Adora1, A1-AR, A1AR, A1R, AA1R, AI848715, BB176431, Ri" fgcolor="#000000" bgcolor="#BFFFBF"
             type="rectangle" x="481" y="697" width="46" height="17"/>
    </entry>
    <entry id="102" name="mmu:11539" type="gene"
        link="http://www.kegg.jp/dbget-bin/www_bget?mmu:11539">
        <graphics name="Adora1, A1-AR, A1AR, A1R, AA1R, AI848715, BB176431, Ri" fgcolor="#000000" bgcolor="#BFFFBF"
             type="rectangle" x="481" y="327" width="46" height="17"/>
    </entry>
    <entry id="103" name="cpd:C00238" type="compound"
        link="http://www.kegg.jp/dbget-bin/www_bget?C00238">
        <graphics name="C00238" fgcolor="#000000" bgcolor="#FFFFFF"
             type="circle" x="1156" y="714" width="8" height="8"/>
    </entry>
    <entry id="104" name="cpd:C00076" type="compound"
        link="http://www.kegg.jp/dbget-bin/www_bget?C00076">
        <graphics name="C00076" fgcolor="#000000" bgcolor="#FFFFFF"
             type="circle" x="1210" y="792" width="8" height="8"/>
    </entry>
    <entry id="105" name="cpd:C00238" type="compound"
        link="http://www.kegg.jp/dbget-bin/www_bget?C00238">
        <graphics name="C00238" fgcolor="#000000" bgcolor="#FFFFFF"
             type="circle" x="1148" y="1073" width="8" height="8"/>
    </entry>
    <entry id="106" name="cpd:C00076" type="compound"
        link="http://www.kegg.jp/dbget-bin/www_bget?C00076">
        <graphics name="C00076" fgcolor="#000000" bgcolor="#FFFFFF"
             type="circle" x="1200" y="1149" width="8" height="8"/>
    </entry>
    <relation entry1="9" entry2="31" type="PCrel">
        <subtype name="activation" value="--&gt;"/>
    </relation>
    <relation entry1="9" entry2="79" type="PCrel">
        <subtype name="activation" value="--&gt;"/>
    </relation>
    <relation entry1="79" entry2="80" type="PPrel">
        <subtype name="activation" value="--&gt;"/>
    </relation>
    <relation entry1="80" entry2="81" type="PPrel">
        <subtype name="activation" value="--&gt;"/>
    </relation>
    <relation entry1="15" entry2="7" type="PCrel">
        <subtype name="activation" value="--&gt;"/>
    </relation>
    <relation entry1="7" entry2="22" type="PPrel">
        <subtype name="activation" value="--&gt;"/>
    </relation>
    <relation entry1="22" entry2="37" type="PPrel">
        <subtype name="activation" value="--&gt;"/>
    </relation>
    <relation entry1="46" entry2="12" type="PCrel">
        <subtype name="activation" value="--&gt;"/>
    </relation>
    <relation entry1="12" entry2="48" type="PPrel">
        <subtype name="activation" value="--&gt;"/>
    </relation>
    <relation entry1="12" entry2="49" type="PPrel">
        <subtype name="activation" value="--&gt;"/>
    </relation>
    <relation entry1="49" entry2="51" type="PPrel">
        <subtype name="activation" value="--&gt;"/>
    </relation>
    <relation entry1="48" entry2="51" type="PPrel">
        <subtype name="activation" value="--&gt;"/>
    </relation>
    <relation entry1="53" entry2="51" type="PPrel">
        <subtype name="activation" value="--&gt;"/>
    </relation>
    <relation entry1="51" entry2="52" type="PCrel">
        <subtype name="activation" value="--&gt;"/>
    </relation>
    <relation entry1="52" entry2="50" type="PCrel">
        <subtype name="activation" value="--&gt;"/>
    </relation>
    <relation entry1="11" entry2="33" type="PCrel">
        <subtype name="activation" value="--&gt;"/>
    </relation>
    <relation entry1="11" entry2="93" type="PCrel">
        <subtype name="activation" value="--&gt;"/>
    </relation>
    <relation entry1="93" entry2="92" type="PPrel">
        <subtype name="activation" value="--&gt;"/>
    </relation>
    <relation entry1="92" entry2="91" type="PPrel">
        <subtype name="activation" value="--&gt;"/>
    </relation>
    <relation entry1="14" entry2="5" type="PCrel">
        <subtype name="activation" value="--&gt;"/>
    </relation>
    <relation entry1="5" entry2="13" type="PCrel">
        <subtype name="activation" value="--&gt;"/>
    </relation>
    <relation entry1="54" entry2="55" type="PCrel">
        <subtype name="activation" value="--&gt;"/>
    </relation>
    <relation entry1="54" entry2="87" type="PCrel">
        <subtype name="activation" value="--&gt;"/>
    </relation>
    <relation entry1="87" entry2="86" type="PPrel">
        <subtype name="activation" value="--&gt;"/>
    </relation>
    <relation entry1="86" entry2="85" type="PPrel">
        <subtype name="activation" value="--&gt;"/>
    </relation>
    <relation entry1="78" entry2="76" type="PCrel">
        <subtype name="activation" value="--&gt;"/>
    </relation>
    <relation entry1="76" entry2="77" type="PPrel">
        <subtype name="activation" value="--&gt;"/>
    </relation>
    <relation entry1="77" entry2="24" type="PPrel">
        <subtype name="activation" value="--&gt;"/>
    </relation>
    <relation entry1="24" entry2="25" type="PCrel">
        <subtype name="activation" value="--&gt;"/>
    </relation>
    <relation entry1="50" entry2="48" type="PPrel">
        <subtype name="activation" value="--&gt;"/>
        <subtype name="phosphorylation" value="+p"/>
    </relation>
    <relation entry1="53" entry2="48" type="PPrel">
        <subtype name="activation" value="--&gt;"/>
        <subtype name="phosphorylation" value="+p"/>
    </relation>
    <relation entry1="22" entry2="4" type="PPrel">
        <subtype name="inhibition" value="--|"/>
    </relation>
    <relation entry1="22" entry2="38" type="PPrel">
        <subtype name="inhibition" value="--|"/>
    </relation>
    <relation entry1="97" entry2="12" type="PPrel">
        <subtype name="activation" value="--&gt;"/>
        <subtype name="phosphorylation" value="+p"/>
    </relation>
    <relation entry1="28" entry2="30" type="PCrel">
        <subtype name="activation" value="--&gt;"/>
    </relation>
    <relation entry1="98" entry2="12" type="PPrel">
        <subtype name="binding/association" value="---"/>
    </relation>
</pathway>
