<?xml version="1.0"?>
<!DOCTYPE pathway SYSTEM "http://www.kegg.jp/kegg/xml/KGML_v0.7.1_.dtd">
<!-- Creation date: Nov 5, 2012 10:38:42 +0900 (GMT+09:00) -->
<pathway name="path:mmu04710" org="mmu" number="04710"
         title="Circadian rhythm"
         image="http://www.kegg.jp/kegg/pathway/mmu/mmu04710.png"
         link="http://www.kegg.jp/kegg-bin/show_pathway?mmu04710">
    <entry id="1" name="path:mmu04710" type="map"
        link="http://www.kegg.jp/dbget-bin/www_bget?mmu04710">
        <graphics name="TITLE:Circadian rhythm" fgcolor="#000000" bgcolor="#FFFFFF"
             type="roundrectangle" x="125" y="58" width="169" height="25"/>
    </entry>
    <entry id="2" name="path:mmu04120" type="map"
        link="http://www.kegg.jp/dbget-bin/www_bget?mmu04120">
        <graphics name="Ubiquitin mediated proteolysis" fgcolor="#000000" bgcolor="#FFFFFF"
             type="roundrectangle" x="281" y="372" width="113" height="34"/>
    </entry>
    <entry id="3" name="mmu:11865" type="gene"
        link="http://www.kegg.jp/dbget-bin/www_bget?mmu:11865">
        <graphics name="Arntl, Arnt3, BMAL1b, Bmal1, MOP3, bHLHe5, bmal1b'" fgcolor="#000000" bgcolor="#BFFFBF"
             type="rectangle" x="748" y="558" width="46" height="17"/>
    </entry>
    <entry id="4" name="mmu:12753 mmu:18143" type="gene"
        link="http://www.kegg.jp/dbget-bin/www_bget?mmu:12753+mmu:18143">
        <graphics name="Clock, 5330400M04Rik, KAT13D, bHLHe8, mKIAA0334..." fgcolor="#000000" bgcolor="#BFFFBF"
             type="rectangle" x="748" y="575" width="46" height="17"/>
    </entry>
    <entry id="5" name="mmu:19883 mmu:19885 mmu:225998" type="gene"
        link="http://www.kegg.jp/dbget-bin/www_bget?mmu:19883+mmu:19885+mmu:225998">
        <graphics name="Rora, 9530021D13Rik, Nr1f1, ROR1, ROR2, ROR3, nmf267, sg, staggerer, tmgc26..." fgcolor="#000000" bgcolor="#BFFFBF"
             type="rectangle" x="748" y="465" width="46" height="17"/>
    </entry>
    <entry id="6" name="mmu:217166" type="gene"
        link="http://www.kegg.jp/dbget-bin/www_bget?mmu:217166">
        <graphics name="Nr1d1, A530070C09Rik, R75201" fgcolor="#000000" bgcolor="#BFFFBF"
             type="rectangle" x="621" y="379" width="46" height="17"/>
    </entry>
    <entry id="7" name="mmu:18626 mmu:18627 mmu:18628" type="gene"
        link="http://www.kegg.jp/dbget-bin/www_bget?mmu:18626+mmu:18627+mmu:18628">
        <graphics name="Per1, Per, m-rigui, mPer1..." fgcolor="#000000" bgcolor="#BFFFBF"
             type="rectangle" x="452" y="226" width="46" height="17"/>
    </entry>
    <entry id="8" name="mmu:12952 mmu:12953" type="gene"
        link="http://www.kegg.jp/dbget-bin/www_bget?mmu:12952+mmu:12953">
        <graphics name="Cry1, AU020726, AU021000, Phll1..." fgcolor="#000000" bgcolor="#BFFFBF"
             type="rectangle" x="498" y="567" width="46" height="17"/>
    </entry>
    <entry id="9" name="mmu:18626 mmu:18627 mmu:18628" type="gene"
        link="http://www.kegg.jp/dbget-bin/www_bget?mmu:18626+mmu:18627+mmu:18628">
        <graphics name="Per1, Per, m-rigui, mPer1..." fgcolor="#000000" bgcolor="#BFFFBF"
             type="rectangle" x="452" y="567" width="46" height="17"/>
    </entry>
    <entry id="10" name="mmu:104318 mmu:27373" type="gene"
        link="http://www.kegg.jp/dbget-bin/www_bget?mmu:104318+mmu:27373">
        <graphics name="Csnk1d, 1200006A05Rik, AA409348, D930010H05Rik..." fgcolor="#000000" bgcolor="#BFFFBF"
             type="rectangle" x="475" y="584" width="46" height="17"/>
    </entry>
    <entry id="11" name="mmu:12952 mmu:12953" type="gene"
        link="http://www.kegg.jp/dbget-bin/www_bget?mmu:12952+mmu:12953">
        <graphics name="Cry1, AU020726, AU021000, Phll1..." fgcolor="#000000" bgcolor="#BFFFBF"
             type="rectangle" x="498" y="277" width="46" height="17"/>
    </entry>
    <entry id="12" name="mmu:100043674 mmu:21402 mmu:26965 mmu:56438" type="gene"
        link="http://www.kegg.jp/dbget-bin/www_bget?mmu:100043674+mmu:21402+mmu:26965+mmu:56438">
        <graphics name="Gm9840..." fgcolor="#000000" bgcolor="#BFFFBF"
             type="rectangle" x="305" y="217" width="46" height="17"/>
    </entry>
    <entry id="13" name="mmu:103583 mmu:12234" type="gene"
        link="http://www.kegg.jp/dbget-bin/www_bget?mmu:103583+mmu:12234">
        <graphics name="Fbxw11, 2310065A07Rik, AA536858, BTRC2, BTRCP2, Fbxw1b, HOS..." fgcolor="#000000" bgcolor="#BFFFBF"
             type="rectangle" x="305" y="234" width="46" height="17"/>
    </entry>
    <entry id="15" name="mmu:50789" type="gene"
        link="http://www.kegg.jp/dbget-bin/www_bget?mmu:50789">
        <graphics name="Fbxl3, AU041772, AW212966, FBK, Fbl3a, Fbxl3a, Ovtm, Play68" fgcolor="#000000" bgcolor="#BFFFBF"
             type="rectangle" x="305" y="285" width="46" height="17"/>
    </entry>
    <entry id="16" name="mmu:105787 mmu:108079 mmu:108097 mmu:108099 mmu:19079 mmu:19082 mmu:241113" type="gene"
        link="http://www.kegg.jp/dbget-bin/www_bget?mmu:105787+mmu:108079+mmu:108097+mmu:108099+mmu:19079+mmu:19082+mmu:241113">
        <graphics name="Prkaa1, AI194361, AI450832, AL024255, AMPKalpha1, C130083N04Rik..." fgcolor="#000000" bgcolor="#BFFFBF"
             type="rectangle" x="396" y="317" width="46" height="17"/>
    </entry>
    <entry id="17" name="mmu:12912" type="gene"
        link="http://www.kegg.jp/dbget-bin/www_bget?mmu:12912">
        <graphics name="Creb1, 2310001E10Rik, 3526402H21Rik, AV083133, Creb, Creb-1" fgcolor="#000000" bgcolor="#BFFFBF"
             type="rectangle" x="731" y="147" width="46" height="17"/>
    </entry>
    <entry id="18" name="mmu:104318 mmu:27373" type="gene"
        link="http://www.kegg.jp/dbget-bin/www_bget?mmu:104318+mmu:27373">
        <graphics name="Csnk1d, 1200006A05Rik, AA409348, D930010H05Rik..." fgcolor="#000000" bgcolor="#BFFFBF"
             type="rectangle" x="374" y="179" width="46" height="17"/>
    </entry>
    <entry id="19" name="path:mmu04713" type="map"
        link="http://www.kegg.jp/dbget-bin/www_bget?mmu04713">
        <graphics name="Circadian entrainment" fgcolor="#000000" bgcolor="#FFFFFF"
             type="roundrectangle" x="439" y="106" width="130" height="34"/>
    </entry>
    <entry id="20" name="cpd:C00076" type="compound"
        link="http://www.kegg.jp/dbget-bin/www_bget?C00076">
        <graphics name="C00076" fgcolor="#000000" bgcolor="#FFFFFF"
             type="circle" x="296" y="138" width="8" height="8"/>
    </entry>
    <entry id="21" name="cpd:C00575" type="compound"
        link="http://www.kegg.jp/dbget-bin/www_bget?C00575">
        <graphics name="C00575" fgcolor="#000000" bgcolor="#FFFFFF"
             type="circle" x="296" y="154" width="8" height="8"/>
    </entry>
    <entry id="22" name="path:mmu04010" type="map"
        link="http://www.kegg.jp/dbget-bin/www_bget?mmu04010">
        <graphics name="MAPK signaling pathway" fgcolor="#000000" bgcolor="#FFFFFF"
             type="roundrectangle" x="570" y="106" width="113" height="34"/>
    </entry>
    <entry id="23" name="mmu:20893 mmu:79362" type="gene"
        link="http://www.kegg.jp/dbget-bin/www_bget?mmu:20893+mmu:79362">
        <graphics name="Bhlhe40, Bhlhb2, C130042M06Rik, CR8, Clast5, Dec1, Sharp2, Stra13, Stra14..." fgcolor="#000000" bgcolor="#BFFFBF"
             type="rectangle" x="545" y="328" width="46" height="17"/>
    </entry>
    <entry id="24" name="undefined" type="group">
        <graphics fgcolor="#000000" bgcolor="#FFFFFF"
             type="rectangle" x="748" y="566" width="46" height="34"/>
        <component id="3"/>
        <component id="4"/>
    </entry>
    <entry id="25" name="undefined" type="group">
        <graphics fgcolor="#000000" bgcolor="#FFFFFF"
             type="rectangle" x="475" y="575" width="92" height="34"/>
        <component id="10"/>
        <component id="8"/>
        <component id="9"/>
    </entry>
    <entry id="26" name="undefined" type="group">
        <graphics fgcolor="#000000" bgcolor="#FFFFFF"
             type="rectangle" x="305" y="225" width="46" height="34"/>
        <component id="12"/>
        <component id="13"/>
    </entry>
    <relation entry1="17" entry2="7" type="GErel">
        <subtype name="expression" value="--&gt;"/>
    </relation>
    <relation entry1="24" entry2="7" type="GErel">
        <subtype name="expression" value="--&gt;"/>
    </relation>
    <relation entry1="24" entry2="11" type="GErel">
        <subtype name="expression" value="--&gt;"/>
    </relation>
    <relation entry1="24" entry2="23" type="GErel">
        <subtype name="expression" value="--&gt;"/>
    </relation>
    <relation entry1="24" entry2="6" type="GErel">
        <subtype name="expression" value="--&gt;"/>
    </relation>
    <relation entry1="24" entry2="5" type="GErel">
        <subtype name="expression" value="--&gt;"/>
    </relation>
    <relation entry1="6" entry2="3" type="GErel">
        <subtype name="repression" value="--|"/>
    </relation>
    <relation entry1="25" entry2="24" type="PPrel">
        <subtype name="inhibition" value="--|"/>
    </relation>
    <relation entry1="18" entry2="7" type="PPrel">
        <subtype name="activation" value="--&gt;"/>
        <subtype name="phosphorylation" value="+p"/>
    </relation>
    <relation entry1="16" entry2="11" type="PPrel">
        <subtype name="activation" value="--&gt;"/>
        <subtype name="phosphorylation" value="+p"/>
    </relation>
    <relation entry1="26" entry2="7" type="PPrel">
        <subtype name="inhibition" value="--|"/>
        <subtype name="ubiquitination" value="+u"/>
    </relation>
    <relation entry1="15" entry2="11" type="PPrel">
        <subtype name="inhibition" value="--|"/>
        <subtype name="ubiquitination" value="+u"/>
    </relation>
    <relation entry1="20" entry2="17" type="PCrel">
    </relation>
    <relation entry1="21" entry2="17" type="PCrel">
    </relation>
</pathway>
