<?xml version="1.0"?>
<!DOCTYPE pathway SYSTEM "http://www.kegg.jp/kegg/xml/KGML_v0.7.1_.dtd">
<!-- Creation date: Nov 26, 2015 09:36:41 +0900 (GMT+9) -->
<pathway name="path:mmu05146" org="mmu" number="05146"
         title="Amoebiasis"
         image="http://www.kegg.jp/kegg/pathway/mmu/mmu05146.png"
         link="http://www.kegg.jp/kegg-bin/show_pathway?mmu05146">
    <entry id="1" name="ko:K08570" type="ortholog"
        link="http://www.kegg.jp/dbget-bin/www_bget?K08570">
        <graphics name="K08570" fgcolor="#000000" bgcolor="#FFFFFF"
             type="rectangle" x="318" y="234" width="46" height="17"/>
    </entry>
    <entry id="2" name="mmu:16176" type="gene"
        link="http://www.kegg.jp/dbget-bin/www_bget?mmu:16176">
        <graphics name="Il1b, IL-1beta, Il-1b" fgcolor="#000000" bgcolor="#BFFFBF"
             type="rectangle" x="382" y="185" width="46" height="17"/>
    </entry>
    <entry id="3" name="mmu:17831" type="gene"
        link="http://www.kegg.jp/dbget-bin/www_bget?mmu:17831">
        <graphics name="Muc2, 2010015E03Rik, MCM, wnn" fgcolor="#000000" bgcolor="#BFFFBF"
             type="rectangle" x="397" y="234" width="46" height="17"/>
    </entry>
    <entry id="4" name="mmu:14268" type="gene"
        link="http://www.kegg.jp/dbget-bin/www_bget?mmu:14268">
        <graphics name="Fn1, E330027I09, Fn, Fn-1" fgcolor="#000000" bgcolor="#BFFFBF"
             type="rectangle" x="397" y="288" width="46" height="17"/>
    </entry>
    <entry id="5" name="mmu:16772 mmu:16773 mmu:16774 mmu:16775 mmu:16776 mmu:16777 mmu:16779 mmu:16780 mmu:16782 mmu:226519 mmu:23928" type="gene"
        link="http://www.kegg.jp/dbget-bin/www_bget?mmu:16772+mmu:16773+mmu:16774+mmu:16775+mmu:16776+mmu:16777+mmu:16779+mmu:16780+mmu:16782+mmu:226519+mmu:23928">
        <graphics name="Lama1, AA408497, Lama..." fgcolor="#000000" bgcolor="#BFFFBF"
             type="rectangle" x="397" y="307" width="46" height="17"/>
    </entry>
    <entry id="6" name="ko:K13973" type="ortholog"
        link="http://www.kegg.jp/dbget-bin/www_bget?K13973">
        <graphics name="K13973" fgcolor="#000000" bgcolor="#FFFFFF"
             type="rectangle" x="462" y="497" width="46" height="17"/>
    </entry>
    <entry id="7" name="mmu:18033 mmu:19697" type="gene"
        link="http://www.kegg.jp/dbget-bin/www_bget?mmu:18033+mmu:19697">
        <graphics name="Nfkb1, NF-KB1, NF-kappaB, NF-kappaB1, p105, p50, p50/p105..." fgcolor="#000000" bgcolor="#BFFFBF"
             type="rectangle" x="519" y="185" width="46" height="17"/>
    </entry>
    <entry id="8" name="ko:K10030" type="ortholog"
        link="http://www.kegg.jp/dbget-bin/www_bget?K10030">
        <graphics name="K10030" fgcolor="#000000" bgcolor="#FFFFFF"
             type="rectangle" x="1138" y="503" width="46" height="17"/>
    </entry>
    <entry id="9" name="mmu:16193" type="gene"
        link="http://www.kegg.jp/dbget-bin/www_bget?mmu:16193">
        <graphics name="Il6, Il-6" fgcolor="#000000" bgcolor="#BFFFBF"
             type="rectangle" x="1138" y="429" width="46" height="17"/>
    </entry>
    <entry id="10" name="mmu:12367" type="gene"
        link="http://www.kegg.jp/dbget-bin/www_bget?mmu:12367">
        <graphics name="Casp3, A830040C14Rik, AC-3, Apopain, CASP-3, CC3, CPP-32, CPP32, Caspase-3, Lice, SCA-1, Yama, mldy" fgcolor="#000000" bgcolor="#BFFFBF"
             type="rectangle" x="489" y="466" width="46" height="17"/>
    </entry>
    <entry id="11" name="cpd:C00076" type="compound"
        link="http://www.kegg.jp/dbget-bin/www_bget?C00076">
        <graphics name="C00076" fgcolor="#000000" bgcolor="#FFFFFF"
             type="circle" x="502" y="435" width="8" height="8"/>
    </entry>
    <entry id="13" name="mmu:12981" type="gene"
        link="http://www.kegg.jp/dbget-bin/www_bget?mmu:12981">
        <graphics name="Csf2, Csfgm, GMCSF, Gm-CSf, MGI-IGM" fgcolor="#000000" bgcolor="#BFFFBF"
             type="rectangle" x="1138" y="467" width="46" height="17"/>
    </entry>
    <entry id="14" name="mmu:16177 mmu:16178" type="gene"
        link="http://www.kegg.jp/dbget-bin/www_bget?mmu:16177+mmu:16178">
        <graphics name="Il1r1, CD121a, CD121b, IL-1R1, IL-iR, Il1r-1..." fgcolor="#000000" bgcolor="#BFFFBF"
             type="rectangle" x="447" y="185" width="46" height="17"/>
    </entry>
    <entry id="15" name="path:mmu04620" type="map"
        link="http://www.kegg.jp/dbget-bin/www_bget?mmu04620">
        <graphics name="Toll-like receptor signaling pathway" fgcolor="#000000" bgcolor="#FFFFFF"
             type="roundrectangle" x="864" y="570" width="102" height="34"/>
    </entry>
    <entry id="16" name="mmu:21926" type="gene"
        link="http://www.kegg.jp/dbget-bin/www_bget?mmu:21926">
        <graphics name="Tnf, DIF, TNF-a, TNF-alpha, TNFSF2, TNFalpha, Tnfa, Tnfsf1a" fgcolor="#000000" bgcolor="#BFFFBF"
             type="rectangle" x="1138" y="522" width="46" height="17"/>
    </entry>
    <entry id="17" name="mmu:18126" type="gene"
        link="http://www.kegg.jp/dbget-bin/www_bget?mmu:18126">
        <graphics name="Nos2, NOS-II, Nos-2, Nos2a, i-NOS, iNOS" fgcolor="#000000" bgcolor="#BFFFBF"
             type="rectangle" x="1301" y="783" width="46" height="17"/>
    </entry>
    <entry id="18" name="mmu:21898 mmu:24088" type="gene"
        link="http://www.kegg.jp/dbget-bin/www_bget?mmu:21898+mmu:24088">
        <graphics name="Tlr4, Lps, Ly87, Ran/M1, Rasl2-8..." fgcolor="#000000" bgcolor="#BFFFBF"
             type="rectangle" x="902" y="513" width="46" height="17"/>
    </entry>
    <entry id="19" name="mmu:102642252 mmu:105243590" type="gene"
        link="http://www.kegg.jp/dbget-bin/www_bget?mmu:102642252+mmu:105243590">
        <graphics name="IgH, IgVH..." fgcolor="#000000" bgcolor="#BFFFBF"
             type="rectangle" x="656" y="397" width="46" height="17"/>
    </entry>
    <entry id="20" name="path:mmu04672" type="map"
        link="http://www.kegg.jp/dbget-bin/www_bget?mmu04672">
        <graphics name="Intestinal immune network for IgA production" fgcolor="#000000" bgcolor="#FFFFFF"
             type="roundrectangle" x="792" y="377" width="135" height="25"/>
    </entry>
    <entry id="21" name="ko:K13968 ko:K13969" type="ortholog"
        link="http://www.kegg.jp/dbget-bin/www_bget?K13968+K13969">
        <graphics name="K13968..." fgcolor="#000000" bgcolor="#FFFFFF"
             type="rectangle" x="260" y="324" width="46" height="17"/>
    </entry>
    <entry id="22" name="mmu:16159 mmu:16160" type="gene"
        link="http://www.kegg.jp/dbget-bin/www_bget?mmu:16159+mmu:16160">
        <graphics name="Il12a, IL-12p35, Il-12a, Ll12a, p35..." fgcolor="#000000" bgcolor="#BFFFBF"
             type="rectangle" x="1065" y="589" width="46" height="17"/>
    </entry>
    <entry id="23" name="ko:K13970 ko:K13971 ko:K13972" type="ortholog"
        link="http://www.kegg.jp/dbget-bin/www_bget?K13970+K13971+K13972">
        <graphics name="K13970..." fgcolor="#000000" bgcolor="#FFFFFF"
             type="rectangle" x="260" y="435" width="46" height="17"/>
    </entry>
    <entry id="24" name="path:mmu04210" type="map"
        link="http://www.kegg.jp/dbget-bin/www_bget?mmu04210">
        <graphics name="Apoptosis" fgcolor="#000000" bgcolor="#FFFFFF"
             type="roundrectangle" x="721" y="451" width="67" height="25"/>
    </entry>
    <entry id="25" name="ko:K13975" type="ortholog"
        link="http://www.kegg.jp/dbget-bin/www_bget?K13975">
        <graphics name="K13975" fgcolor="#000000" bgcolor="#FFFFFF"
             type="rectangle" x="495" y="584" width="46" height="17"/>
    </entry>
    <entry id="26" name="mmu:19344 mmu:19345 mmu:19349 mmu:226421 mmu:271457" type="gene"
        link="http://www.kegg.jp/dbget-bin/www_bget?mmu:19344+mmu:19345+mmu:19349+mmu:226421+mmu:271457">
        <graphics name="Rab5b, C030027M18Rik..." fgcolor="#000000" bgcolor="#BFFFBF"
             type="rectangle" x="526" y="612" width="46" height="17"/>
    </entry>
    <entry id="27" name="path:mmu04144" type="map"
        link="http://www.kegg.jp/dbget-bin/www_bget?mmu04144">
        <graphics name="Endocytosis" fgcolor="#000000" bgcolor="#FFFFFF"
             type="roundrectangle" x="507" y="666" width="67" height="25"/>
    </entry>
    <entry id="28" name="mmu:15507" type="gene"
        link="http://www.kegg.jp/dbget-bin/www_bget?mmu:15507">
        <graphics name="Hspb1, 27kDa, Hsp25" fgcolor="#000000" bgcolor="#BFFFBF"
             type="rectangle" x="519" y="135" width="46" height="17"/>
    </entry>
    <entry id="29" name="mmu:24088" type="gene"
        link="http://www.kegg.jp/dbget-bin/www_bget?mmu:24088">
        <graphics name="Tlr2, Ly105" fgcolor="#000000" bgcolor="#BFFFBF"
             type="rectangle" x="913" y="622" width="46" height="17"/>
    </entry>
    <entry id="30" name="mmu:12479" type="gene"
        link="http://www.kegg.jp/dbget-bin/www_bget?mmu:12479">
        <graphics name="Cd1d1, AI747460, CD1.1, Cd1a, Cd1d, Ly-38" fgcolor="#000000" bgcolor="#BFFFBF"
             type="rectangle" x="995" y="622" width="46" height="17"/>
    </entry>
    <entry id="31" name="mmu:12475" type="gene"
        link="http://www.kegg.jp/dbget-bin/www_bget?mmu:12475">
        <graphics name="Cd14" fgcolor="#000000" bgcolor="#BFFFBF"
             type="rectangle" x="902" y="530" width="46" height="17"/>
    </entry>
    <entry id="32" name="mmu:18706 mmu:18707 mmu:18708 mmu:18709 mmu:18710 mmu:30955 mmu:320207 mmu:74769" type="gene"
        link="http://www.kegg.jp/dbget-bin/www_bget?mmu:18706+mmu:18707+mmu:18708+mmu:18709+mmu:18710+mmu:30955+mmu:320207+mmu:74769">
        <graphics name="Pik3ca, 6330412C24Rik, caPI3K, p110, p110alpha..." fgcolor="#000000" bgcolor="#BFFFBF"
             type="rectangle" x="1318" y="869" width="46" height="17"/>
    </entry>
    <entry id="33" name="mmu:18033 mmu:19697" type="gene"
        link="http://www.kegg.jp/dbget-bin/www_bget?mmu:18033+mmu:19697">
        <graphics name="Nfkb1, NF-KB1, NF-kappaB, NF-kappaB1, p105, p50, p50/p105..." fgcolor="#000000" bgcolor="#BFFFBF"
             type="rectangle" x="976" y="513" width="46" height="17"/>
    </entry>
    <entry id="34" name="path:mmu04612" type="map"
        link="http://www.kegg.jp/dbget-bin/www_bget?mmu04612">
        <graphics name="Antigen processing and presentation" fgcolor="#000000" bgcolor="#FFFFFF"
             type="roundrectangle" x="1065" y="644" width="64" height="34"/>
    </entry>
    <entry id="35" name="mmu:15978" type="gene"
        link="http://www.kegg.jp/dbget-bin/www_bget?mmu:15978">
        <graphics name="Ifng, IFN-g, Ifg" fgcolor="#000000" bgcolor="#BFFFBF"
             type="rectangle" x="1266" y="663" width="46" height="17"/>
    </entry>
    <entry id="36" name="mmu:16409 mmu:16414 mmu:16415" type="gene"
        link="http://www.kegg.jp/dbget-bin/www_bget?mmu:16409+mmu:16414+mmu:16415">
        <graphics name="Itgam, CD11b/CD18, CR3, CR3A, Cd11b, F730045J24Rik, Ly-40, MAC1, Mac-1, Mac-1a..." fgcolor="#000000" bgcolor="#BFFFBF"
             type="rectangle" x="1253" y="869" width="46" height="17"/>
    </entry>
    <entry id="37" name="cpd:C00027" type="compound"
        link="http://www.kegg.jp/dbget-bin/www_bget?C00027">
        <graphics name="C00027" fgcolor="#000000" bgcolor="#FFFFFF"
             type="circle" x="1411" y="868" width="8" height="8"/>
    </entry>
    <entry id="38" name="mmu:11846 mmu:11847" type="gene"
        link="http://www.kegg.jp/dbget-bin/www_bget?mmu:11846+mmu:11847">
        <graphics name="Arg1, AI, AI256583, Arg-1, PGIF..." fgcolor="#000000" bgcolor="#BFFFBF"
             type="rectangle" x="740" y="746" width="46" height="17"/>
    </entry>
    <entry id="40" name="ko:K08570" type="ortholog"
        link="http://www.kegg.jp/dbget-bin/www_bget?K08570">
        <graphics name="K08570" fgcolor="#000000" bgcolor="#FFFFFF"
             type="rectangle" x="821" y="700" width="46" height="17"/>
    </entry>
    <entry id="41" name="cpd:C00219" type="compound"
        link="http://www.kegg.jp/dbget-bin/www_bget?C00219">
        <graphics name="C00219" fgcolor="#000000" bgcolor="#FFFFFF"
             type="circle" x="863" y="1034" width="8" height="8"/>
    </entry>
    <entry id="42" name="cpd:C00584" type="compound"
        link="http://www.kegg.jp/dbget-bin/www_bget?C00584">
        <graphics name="C00584" fgcolor="#000000" bgcolor="#FFFFFF"
             type="circle" x="863" y="1081" width="8" height="8"/>
    </entry>
    <entry id="43" name="ko:K13978" type="ortholog"
        link="http://www.kegg.jp/dbget-bin/www_bget?K13978">
        <graphics name="K13978" fgcolor="#000000" bgcolor="#FFFFFF"
             type="rectangle" x="770" y="1058" width="46" height="17"/>
    </entry>
    <entry id="44" name="ko:K13970 ko:K13971 ko:K13972" type="ortholog"
        link="http://www.kegg.jp/dbget-bin/www_bget?K13970+K13971+K13972">
        <graphics name="K13970..." fgcolor="#000000" bgcolor="#FFFFFF"
             type="rectangle" x="804" y="1181" width="46" height="17"/>
    </entry>
    <entry id="45" name="ko:K08570" type="ortholog"
        link="http://www.kegg.jp/dbget-bin/www_bget?K08570">
        <graphics name="K08570" fgcolor="#000000" bgcolor="#FFFFFF"
             type="rectangle" x="752" y="1238" width="46" height="17"/>
    </entry>
    <entry id="46" name="mmu:102642252 mmu:105243590" type="gene"
        link="http://www.kegg.jp/dbget-bin/www_bget?mmu:102642252+mmu:105243590">
        <graphics name="IgH, IgVH..." fgcolor="#000000" bgcolor="#BFFFBF"
             type="rectangle" x="896" y="1255" width="46" height="17"/>
    </entry>
    <entry id="47" name="mmu:110382 mmu:230558 mmu:69379" type="gene"
        link="http://www.kegg.jp/dbget-bin/www_bget?mmu:110382+mmu:230558+mmu:69379">
        <graphics name="C8b, 4930439B20Rik, AI595927..." fgcolor="#000000" bgcolor="#BFFFBF"
             type="rectangle" x="896" y="1171" width="46" height="17"/>
    </entry>
    <entry id="48" name="mmu:12279" type="gene"
        link="http://www.kegg.jp/dbget-bin/www_bget?mmu:12279">
        <graphics name="C9" fgcolor="#000000" bgcolor="#BFFFBF"
             type="rectangle" x="896" y="1190" width="46" height="17"/>
    </entry>
    <entry id="49" name="path:mmu04610" type="map"
        link="http://www.kegg.jp/dbget-bin/www_bget?mmu04610">
        <graphics name="Complement and coagulation cascades" fgcolor="#000000" bgcolor="#FFFFFF"
             type="roundrectangle" x="1062" y="1207" width="118" height="25"/>
    </entry>
    <entry id="50" name="ko:K13972" type="ortholog"
        link="http://www.kegg.jp/dbget-bin/www_bget?K13972">
        <graphics name="K13972" fgcolor="#000000" bgcolor="#FFFFFF"
             type="rectangle" x="659" y="659" width="46" height="17"/>
    </entry>
    <entry id="52" name="mmu:14680 mmu:14683" type="gene"
        link="http://www.kegg.jp/dbget-bin/www_bget?mmu:14680+mmu:14683">
        <graphics name="Gnal, 2610011C15Rik, 9630020G10Rik, Galphaolf, Gna10, Golf..." fgcolor="#000000" bgcolor="#BFFFBF"
             type="rectangle" x="193" y="243" width="46" height="17"/>
    </entry>
    <entry id="53" name="mmu:14672 mmu:14675 mmu:14676 mmu:14682" type="gene"
        link="http://www.kegg.jp/dbget-bin/www_bget?mmu:14672+mmu:14675+mmu:14676+mmu:14682">
        <graphics name="Gna11, Dsk7, E430025L19..." fgcolor="#000000" bgcolor="#BFFFBF"
             type="rectangle" x="138" y="243" width="46" height="17"/>
    </entry>
    <entry id="54" name="mmu:18750 mmu:18751 mmu:18752" type="gene"
        link="http://www.kegg.jp/dbget-bin/www_bget?mmu:18750+mmu:18751+mmu:18752">
        <graphics name="Prkca, AI875142, Pkca..." fgcolor="#000000" bgcolor="#BFFFBF"
             type="rectangle" x="86" y="388" width="46" height="17"/>
    </entry>
    <entry id="55" name="mmu:432530" type="gene"
        link="http://www.kegg.jp/dbget-bin/www_bget?mmu:432530">
        <graphics name="Adcy1, AC1, D11Bwg1392e, I-AC, brl, mKIAA4070" fgcolor="#000000" bgcolor="#BFFFBF"
             type="rectangle" x="193" y="284" width="46" height="17"/>
    </entry>
    <entry id="56" name="mmu:18795 mmu:18796 mmu:18797 mmu:18798" type="gene"
        link="http://www.kegg.jp/dbget-bin/www_bget?mmu:18795+mmu:18796+mmu:18797+mmu:18798">
        <graphics name="Plcb1, 3110043I21Rik, AI132408, Plcb, mKIAA0581..." fgcolor="#000000" bgcolor="#BFFFBF"
             type="rectangle" x="138" y="284" width="46" height="17"/>
    </entry>
    <entry id="57" name="cpd:C00575" type="compound"
        link="http://www.kegg.jp/dbget-bin/www_bget?C00575">
        <graphics name="C00575" fgcolor="#000000" bgcolor="#FFFFFF"
             type="circle" x="193" y="320" width="8" height="8"/>
    </entry>
    <entry id="58" name="cpd:C01245" type="compound"
        link="http://www.kegg.jp/dbget-bin/www_bget?C01245">
        <graphics name="C01245" fgcolor="#000000" bgcolor="#FFFFFF"
             type="circle" x="138" y="320" width="8" height="8"/>
    </entry>
    <entry id="59" name="cpd:C00076" type="compound"
        link="http://www.kegg.jp/dbget-bin/www_bget?C00076">
        <graphics name="C00076" fgcolor="#000000" bgcolor="#FFFFFF"
             type="circle" x="138" y="352" width="8" height="8"/>
    </entry>
    <entry id="60" name="mmu:18747 mmu:18749" type="gene"
        link="http://www.kegg.jp/dbget-bin/www_bget?mmu:18747+mmu:18749">
        <graphics name="Prkaca, PKCD, Pkaca..." fgcolor="#000000" bgcolor="#BFFFBF"
             type="rectangle" x="193" y="357" width="46" height="17"/>
    </entry>
    <entry id="61" name="ko:K13974" type="ortholog"
        link="http://www.kegg.jp/dbget-bin/www_bget?K13974">
        <graphics name="K13974" fgcolor="#000000" bgcolor="#FFFFFF"
             type="rectangle" x="138" y="388" width="46" height="17"/>
    </entry>
    <entry id="62" name="mmu:16153" type="gene"
        link="http://www.kegg.jp/dbget-bin/www_bget?mmu:16153">
        <graphics name="Il10, CSIF, Il-10" fgcolor="#000000" bgcolor="#BFFFBF"
             type="rectangle" x="1409" y="1018" width="46" height="17"/>
    </entry>
    <entry id="63" name="mmu:21803 mmu:21808 mmu:21809" type="gene"
        link="http://www.kegg.jp/dbget-bin/www_bget?mmu:21803+mmu:21808+mmu:21809">
        <graphics name="Tgfb1, TGF-beta1, TGFbeta1, Tgfb, Tgfb-1..." fgcolor="#000000" bgcolor="#BFFFBF"
             type="rectangle" x="1409" y="1080" width="46" height="17"/>
    </entry>
    <entry id="64" name="path:mmu00590" type="map"
        link="http://www.kegg.jp/dbget-bin/www_bget?mmu00590">
        <graphics name="Arachidonic acid metabolism" fgcolor="#000000" bgcolor="#FFFFFF"
             type="roundrectangle" x="749" y="1024" width="92" height="34"/>
    </entry>
    <entry id="65" name="mmu:12826 mmu:12827 mmu:12828 mmu:12829 mmu:12830 mmu:12842 mmu:12843 mmu:94216" type="gene"
        link="http://www.kegg.jp/dbget-bin/www_bget?mmu:12826+mmu:12827+mmu:12828+mmu:12829+mmu:12830+mmu:12842+mmu:12843+mmu:94216">
        <graphics name="Col4a1, Bru, Col4a-1, Del(8)44H, Raw, Svc..." fgcolor="#000000" bgcolor="#BFFFBF"
             type="rectangle" x="397" y="269" width="46" height="17"/>
    </entry>
    <entry id="68" name="cpd:C02737" type="compound"
        link="http://www.kegg.jp/dbget-bin/www_bget?C02737">
        <graphics name="C02737" fgcolor="#000000" bgcolor="#FFFFFF"
             type="circle" x="495" y="529" width="8" height="8"/>
    </entry>
    <entry id="69" name="path:mmu04810" type="map"
        link="http://www.kegg.jp/dbget-bin/www_bget?mmu04810">
        <graphics name="Regulation of actin cytoskeleton" fgcolor="#000000" bgcolor="#FFFFFF"
             type="roundrectangle" x="653" y="849" width="103" height="34"/>
    </entry>
    <entry id="70" name="mmu:22330" type="gene"
        link="http://www.kegg.jp/dbget-bin/www_bget?mmu:22330">
        <graphics name="Vcl, 9430097D22, AA571387, AI462105, AW545629" fgcolor="#000000" bgcolor="#BFFFBF"
             type="rectangle" x="634" y="807" width="46" height="17"/>
    </entry>
    <entry id="71" name="mmu:109711 mmu:11472 mmu:11474 mmu:60595" type="gene"
        link="http://www.kegg.jp/dbget-bin/www_bget?mmu:109711+mmu:11472+mmu:11474+mmu:60595">
        <graphics name="Actn1, 3110023F10Rik, Actn1a..." fgcolor="#000000" bgcolor="#BFFFBF"
             type="rectangle" x="683" y="807" width="46" height="17"/>
    </entry>
    <entry id="72" name="mmu:14268" type="gene"
        link="http://www.kegg.jp/dbget-bin/www_bget?mmu:14268">
        <graphics name="Fn1, E330027I09, Fn, Fn-1" fgcolor="#000000" bgcolor="#BFFFBF"
             type="rectangle" x="634" y="623" width="46" height="17"/>
    </entry>
    <entry id="73" name="mmu:12825 mmu:12826 mmu:12827 mmu:12828 mmu:12829 mmu:12830 mmu:12842 mmu:12843 mmu:94216" type="gene"
        link="http://www.kegg.jp/dbget-bin/www_bget?mmu:12825+mmu:12826+mmu:12827+mmu:12828+mmu:12829+mmu:12830+mmu:12842+mmu:12843+mmu:94216">
        <graphics name="Col3a1, AW550625, Col3a-1, MMS10-W, Ms10w, mKIAA4231..." fgcolor="#000000" bgcolor="#BFFFBF"
             type="rectangle" x="683" y="623" width="46" height="17"/>
    </entry>
    <entry id="74" name="mmu:14083" type="gene"
        link="http://www.kegg.jp/dbget-bin/www_bget?mmu:14083">
        <graphics name="Ptk2, FAK, FRNK, Fadk, mKIAA4203, p125FAK" fgcolor="#000000" bgcolor="#BFFFBF"
             type="rectangle" x="628" y="704" width="46" height="17"/>
    </entry>
    <entry id="75" name="cpd:C01074" type="compound"
        link="http://www.kegg.jp/dbget-bin/www_bget?C01074">
        <graphics name="C01074" fgcolor="#000000" bgcolor="#FFFFFF"
             type="circle" x="451" y="435" width="8" height="8"/>
    </entry>
    <entry id="76" name="cpd:C01498" type="compound"
        link="http://www.kegg.jp/dbget-bin/www_bget?C01498">
        <graphics name="C01498" fgcolor="#000000" bgcolor="#FFFFFF"
             type="circle" x="380" y="326" width="8" height="8"/>
    </entry>
    <entry id="77" name="cpd:C00533" type="compound"
        link="http://www.kegg.jp/dbget-bin/www_bget?C00533">
        <graphics name="C00533" fgcolor="#000000" bgcolor="#FFFFFF"
             type="circle" x="1347" y="771" width="8" height="8"/>
    </entry>
    <entry id="78" name="cpd:C00062" type="compound"
        link="http://www.kegg.jp/dbget-bin/www_bget?C00062">
        <graphics name="C00062" fgcolor="#000000" bgcolor="#FFFFFF"
             type="circle" x="1222" y="772" width="8" height="8"/>
    </entry>
    <entry id="80" name="mmu:13035" type="gene"
        link="http://www.kegg.jp/dbget-bin/www_bget?mmu:13035">
        <graphics name="Ctsg" fgcolor="#000000" bgcolor="#BFFFBF"
             type="rectangle" x="1409" y="954" width="46" height="17"/>
    </entry>
    <entry id="81" name="mmu:20248 mmu:20706 mmu:20707 mmu:20708 mmu:20709 mmu:20710 mmu:20719 mmu:20723 mmu:20726 mmu:241196 mmu:241197 mmu:282663 mmu:380839 mmu:381286 mmu:383548 mmu:394252 mmu:544923 mmu:66222 mmu:93806 mmu:97848" type="gene"
        link="http://www.kegg.jp/dbget-bin/www_bget?mmu:20248+mmu:20706+mmu:20707+mmu:20708+mmu:20709+mmu:20710+mmu:20719+mmu:20723+mmu:20726+mmu:241196+mmu:241197+mmu:282663+mmu:380839+mmu:381286+mmu:383548+mmu:394252+mmu:544923+mmu:66222+mmu:93806+mmu:97848">
        <graphics name="Serpinb3a, 1110001H02Rik, 1110013A16Rik, Scca2, Serpinb4, Sqn5..." fgcolor="#000000" bgcolor="#BFFFBF"
             type="rectangle" x="821" y="954" width="46" height="17"/>
    </entry>
    <entry id="82" name="cpd:C00165" type="compound"
        link="http://www.kegg.jp/dbget-bin/www_bget?C00165">
        <graphics name="C00165" fgcolor="#000000" bgcolor="#FFFFFF"
             type="circle" x="88" y="321" width="8" height="8"/>
    </entry>
    <entry id="83" name="ko:K13977" type="ortholog"
        link="http://www.kegg.jp/dbget-bin/www_bget?K13977">
        <graphics name="K13977" fgcolor="#000000" bgcolor="#FFFFFF"
             type="rectangle" x="690" y="763" width="46" height="17"/>
    </entry>
    <entry id="84" name="ko:K13976" type="ortholog"
        link="http://www.kegg.jp/dbget-bin/www_bget?K13976">
        <graphics name="K13976" fgcolor="#000000" bgcolor="#FFFFFF"
             type="rectangle" x="628" y="723" width="46" height="17"/>
    </entry>
    <entry id="85" name="path:mmu04510" type="map"
        link="http://www.kegg.jp/dbget-bin/www_bget?mmu04510">
        <graphics name="Focal adhesion" fgcolor="#000000" bgcolor="#FFFFFF"
             type="roundrectangle" x="582" y="748" width="92" height="25"/>
    </entry>
    <entry id="86" name="path:mmu00330" type="map"
        link="http://www.kegg.jp/dbget-bin/www_bget?mmu00330">
        <graphics name="Arginine and proline metabolism" fgcolor="#000000" bgcolor="#FFFFFF"
             type="roundrectangle" x="1129" y="778" width="109" height="34"/>
    </entry>
    <entry id="87" name="path:mmu04210" type="map"
        link="http://www.kegg.jp/dbget-bin/www_bget?mmu04210">
        <graphics name="Apoptosis" fgcolor="#000000" bgcolor="#FFFFFF"
             type="roundrectangle" x="1559" y="836" width="67" height="25"/>
    </entry>
    <entry id="88" name="path:mmu05146" type="map"
        link="http://www.kegg.jp/dbget-bin/www_bget?mmu05146">
        <graphics name="TITLE:Amoebiasis" fgcolor="#000000" bgcolor="#FFFFFF"
             type="roundrectangle" x="93" y="58" width="106" height="25"/>
    </entry>
    <entry id="89" name="cpd:C18287" type="compound"
        link="http://www.kegg.jp/dbget-bin/www_bget?C18287">
        <graphics name="C18287" fgcolor="#000000" bgcolor="#FFFFFF"
             type="circle" x="893" y="811" width="8" height="8"/>
    </entry>
    <entry id="90" name="undefined" type="group">
        <graphics fgcolor="#000000" bgcolor="#FFFFFF"
             type="rectangle" x="902" y="521" width="46" height="34"/>
        <component id="18"/>
        <component id="31"/>
    </entry>
    <relation entry1="56" entry2="54" type="PPrel">
        <subtype name="compound" value="82"/>
        <subtype name="activation" value="--&gt;"/>
    </relation>
    <relation entry1="55" entry2="60" type="ECrel">
        <subtype name="compound" value="57"/>
        <subtype name="activation" value="--&gt;"/>
        <subtype name="indirect effect" value="..&gt;"/>
    </relation>
    <relation entry1="2" entry2="14" type="PPrel">
        <subtype name="activation" value="--&gt;"/>
    </relation>
    <relation entry1="14" entry2="7" type="PPrel">
        <subtype name="activation" value="--&gt;"/>
        <subtype name="indirect effect" value="..&gt;"/>
    </relation>
    <relation entry1="75" entry2="11" type="PCrel">
        <subtype name="activation" value="--&gt;"/>
        <subtype name="indirect effect" value="..&gt;"/>
    </relation>
    <relation entry1="90" entry2="33" type="PPrel">
        <subtype name="activation" value="--&gt;"/>
        <subtype name="indirect effect" value="..&gt;"/>
    </relation>
    <relation entry1="36" entry2="32" type="PPrel">
        <subtype name="activation" value="--&gt;"/>
    </relation>
    <relation entry1="32" entry2="37" type="PCrel">
        <subtype name="activation" value="--&gt;"/>
        <subtype name="indirect effect" value="..&gt;"/>
    </relation>
    <relation entry1="81" entry2="80" type="PPrel">
        <subtype name="inhibition" value="--|"/>
    </relation>
    <relation entry1="53" entry2="56" type="PPrel">
        <subtype name="activation" value="--&gt;"/>
        <subtype name="indirect effect" value="..&gt;"/>
    </relation>
    <relation entry1="52" entry2="55" type="PPrel">
        <subtype name="activation" value="--&gt;"/>
        <subtype name="indirect effect" value="..&gt;"/>
    </relation>
    <relation entry1="28" entry2="7" type="PPrel">
        <subtype name="inhibition" value="--|"/>
        <subtype name="indirect effect" value="..&gt;"/>
    </relation>
</pathway>
