<?xml version="1.0"?>
<!DOCTYPE pathway SYSTEM "http://www.kegg.jp/kegg/xml/KGML_v0.7.1_.dtd">
<!-- Creation date: Nov 20, 2012 11:18:55 +0900 (GMT+09:00) -->
<pathway name="path:mmu00514" org="mmu" number="00514"
         title="Other types of O-glycan biosynthesis"
         image="http://www.kegg.jp/kegg/pathway/mmu/mmu00514.png"
         link="http://www.kegg.jp/kegg-bin/show_pathway?mmu00514">
    <entry id="1" name="path:mmu00514" type="map"
        link="http://www.kegg.jp/dbget-bin/www_bget?mmu00514">
        <graphics name="TITLE:Other types of O-glycan biosynthesis" fgcolor="#000000" bgcolor="#FFFFFF"
             type="roundrectangle" x="207" y="58" width="333" height="25"/>
    </entry>
    <entry id="2" name="mmu:234407 mmu:26433 mmu:269132" type="gene" reaction="rn:R03380"
        link="http://www.kegg.jp/dbget-bin/www_bget?mmu:234407+mmu:26433+mmu:269132">
        <graphics name="Glt25d1, 2810024B22Rik, Colgalt1..." fgcolor="#66CC66" bgcolor="#FFFFFF"
             type="line" coords="627,464,657,464"/>
    </entry>
    <entry id="3" name="mmu:381694" type="gene" reaction="rn:R09316"
        link="http://www.kegg.jp/dbget-bin/www_bget?mmu:381694">
        <graphics name="B3glct, B3galtl, Gm1057" fgcolor="#66CC66" bgcolor="#FFFFFF"
             type="line" coords="754,287,769,272"/>
    </entry>
    <entry id="4" name="mmu:26433" type="gene" reaction="rn:R04491"
        link="http://www.kegg.jp/dbget-bin/www_bget?mmu:26433">
        <graphics name="Plod3, AI414586, LH3" fgcolor="#66CC66" bgcolor="#FFFFFF"
             type="line" coords="554,464,584,464"/>
    </entry>
    <entry id="5" name="mmu:20440 mmu:20441 mmu:240119" type="gene" reaction="rn:R09297 rn:R09298"
        link="http://www.kegg.jp/dbget-bin/www_bget?mmu:20440+mmu:20441+mmu:240119">
        <graphics name="St6gal1, AW742324, Siat1, St6Gal-I, St6gal, St6galI..." fgcolor="#66CC66" bgcolor="#FFFFFF"
             type="line" coords="577,243,607,243"/>
    </entry>
    <entry id="6" name="mmu:16848 mmu:17305 mmu:19719" type="gene" reaction="rn:R09296"
        link="http://www.kegg.jp/dbget-bin/www_bget?mmu:16848+mmu:17305+mmu:19719">
        <graphics name="Lfng, AW061165..." fgcolor="#66CC66" bgcolor="#FFFFFF"
             type="line" coords="756,243,771,258"/>
    </entry>
    <entry id="7" name="mmu:14595 mmu:53418 mmu:57370" type="gene" reaction="rn:R09299"
        link="http://www.kegg.jp/dbget-bin/www_bget?mmu:14595+mmu:53418+mmu:57370">
        <graphics name="B4galt1, B-1,4-GalT, B-1,4-GalT1, GalT, Ggtb, Ggtb2, b4Gal-T1, beta-1,4-GalT, beta-1,4-GalT1, beta4Gal-T1..." fgcolor="#66CC66" bgcolor="#FFFFFF"
             type="line" coords="664,243,694,243"/>
    </entry>
    <entry id="8" name="mmu:140484 mmu:80294" type="gene" reaction="rn:R09295"
        link="http://www.kegg.jp/dbget-bin/www_bget?mmu:140484+mmu:80294">
        <graphics name="Pofut1, O-FucT-1, mKIAA0180..." fgcolor="#66CC66" bgcolor="#FFFFFF"
             type="line" coords="819,266,849,266"/>
    </entry>
    <entry id="10" name="mmu:224143" type="gene" reaction="rn:R09315"
        link="http://www.kegg.jp/dbget-bin/www_bget?mmu:224143">
        <graphics name="Poglut1, 9630046K23Rik, Clp46, Ktelc1, Rumi" fgcolor="#66CC66" bgcolor="#FFFFFF"
             type="line" coords="700,367,730,367"/>
    </entry>
    <entry id="11" name="mmu:223827 mmu:232313" type="gene" reaction="rn:R09290"
        link="http://www.kegg.jp/dbget-bin/www_bget?mmu:223827+mmu:232313">
        <graphics name="Gxylt1, Glt8d3, Gm1228, Gm87..." fgcolor="#66CC66" bgcolor="#FFFFFF"
             type="line" coords="628,367,658,367"/>
    </entry>
    <entry id="12" name="mmu:101351 mmu:108155" type="gene" reaction="rn:R09304"
        link="http://www.kegg.jp/dbget-bin/www_bget?mmu:101351+mmu:108155">
        <graphics name="Eogt, A130022J15Rik, AI447490, AW214473, AW259391, Aer61..." fgcolor="#66CC66" bgcolor="#FFFFFF"
             type="line" coords="576,147,606,147"/>
    </entry>
    <entry id="13" name="ko:K05538 ko:K10968 ko:K10969" type="ortholog" reaction="rn:R09303"
        link="http://www.kegg.jp/dbget-bin/www_bget?K05538+K10968+K10969">
        <graphics name="K05538..." fgcolor="#000000" bgcolor="#FFFFFF"
             type="line" coords="96,471,126,471"/>
    </entry>
    <entry id="14" name="ko:K05538 ko:K10968 ko:K10969" type="ortholog" reaction="rn:R09302"
        link="http://www.kegg.jp/dbget-bin/www_bget?K05538+K10968+K10969">
        <graphics name="K05538..." fgcolor="#000000" bgcolor="#FFFFFF"
             type="line" coords="169,471,199,471"/>
    </entry>
    <entry id="15" name="ko:K10967" type="ortholog" reaction="rn:R09301"
        link="http://www.kegg.jp/dbget-bin/www_bget?K10967">
        <graphics name="K10967" fgcolor="#000000" bgcolor="#FFFFFF"
             type="line" coords="241,471,271,471"/>
    </entry>
    <entry id="16" name="ko:K10967" type="ortholog" reaction="rn:R09300"
        link="http://www.kegg.jp/dbget-bin/www_bget?K10967">
        <graphics name="K10967" fgcolor="#000000" bgcolor="#FFFFFF"
             type="line" coords="316,471,346,471"/>
    </entry>
    <entry id="17" name="mmu:217734 mmu:99011" type="gene" reaction="rn:R07620"
        link="http://www.kegg.jp/dbget-bin/www_bget?mmu:217734+mmu:99011">
        <graphics name="Pomt2, A830009D15Rik, AW046274..." fgcolor="#66CC66" bgcolor="#FFFFFF"
             type="line" coords="388,471,418,471"/>
    </entry>
    <entry id="18" name="ko:K10970" type="ortholog"
        link="http://www.kegg.jp/dbget-bin/www_bget?K10970">
        <graphics name="K10970" fgcolor="#000000" bgcolor="#FFFFFF"
             type="line" coords="96,495,126,495"/>
    </entry>
    <entry id="19" name="ko:K10970" type="ortholog"
        link="http://www.kegg.jp/dbget-bin/www_bget?K10970">
        <graphics name="K10970" fgcolor="#000000" bgcolor="#FFFFFF"
             type="line" coords="169,495,199,495"/>
    </entry>
    <entry id="20" name="ko:K10967" type="ortholog" reaction="rn:R09301"
        link="http://www.kegg.jp/dbget-bin/www_bget?K10967">
        <graphics name="K10967" fgcolor="#000000" bgcolor="#FFFFFF"
             type="line" coords="241,495,271,495"/>
    </entry>
    <entry id="21" name="ko:K10967" type="ortholog" reaction="rn:R09300"
        link="http://www.kegg.jp/dbget-bin/www_bget?K10967">
        <graphics name="K10967" fgcolor="#000000" bgcolor="#FFFFFF"
             type="line" coords="316,495,346,495"/>
    </entry>
    <entry id="22" name="mmu:217734 mmu:99011" type="gene" reaction="rn:R07620"
        link="http://www.kegg.jp/dbget-bin/www_bget?mmu:217734+mmu:99011">
        <graphics name="Pomt2, A830009D15Rik, AW046274..." fgcolor="#66CC66" bgcolor="#FFFFFF"
             type="line" coords="388,495,418,495"/>
    </entry>
    <entry id="25" name="ko:K10967" type="ortholog" reaction="rn:R09301"
        link="http://www.kegg.jp/dbget-bin/www_bget?K10967">
        <graphics name="K10967" fgcolor="#000000" bgcolor="#FFFFFF"
             type="line" coords="241,520,271,520"/>
    </entry>
    <entry id="26" name="ko:K10967" type="ortholog" reaction="rn:R09300"
        link="http://www.kegg.jp/dbget-bin/www_bget?K10967">
        <graphics name="K10967" fgcolor="#000000" bgcolor="#FFFFFF"
             type="line" coords="316,520,346,520"/>
    </entry>
    <entry id="27" name="mmu:217734 mmu:99011" type="gene" reaction="rn:R07620"
        link="http://www.kegg.jp/dbget-bin/www_bget?mmu:217734+mmu:99011">
        <graphics name="Pomt2, A830009D15Rik, AW046274..." fgcolor="#66CC66" bgcolor="#FFFFFF"
             type="line" coords="388,520,418,520"/>
    </entry>
    <entry id="29" name="ko:K10971" type="ortholog"
        link="http://www.kegg.jp/dbget-bin/www_bget?K10971">
        <graphics name="K10971" fgcolor="#000000" bgcolor="#FFFFFF"
             type="line" coords="94,594,110,578"/>
    </entry>
    <entry id="30" name="ko:K10967" type="ortholog" reaction="rn:R09301"
        link="http://www.kegg.jp/dbget-bin/www_bget?K10967">
        <graphics name="K10967" fgcolor="#000000" bgcolor="#FFFFFF"
             type="line" coords="155,573,185,573"/>
    </entry>
    <entry id="31" name="ko:K10967" type="ortholog" reaction="rn:R09300"
        link="http://www.kegg.jp/dbget-bin/www_bget?K10967">
        <graphics name="K10967" fgcolor="#000000" bgcolor="#FFFFFF"
             type="line" coords="228,573,258,573"/>
    </entry>
    <entry id="32" name="mmu:217734 mmu:99011" type="gene" reaction="rn:R07620"
        link="http://www.kegg.jp/dbget-bin/www_bget?mmu:217734+mmu:99011">
        <graphics name="Pomt2, A830009D15Rik, AW046274..." fgcolor="#66CC66" bgcolor="#FFFFFF"
             type="line" coords="300,573,330,573"/>
    </entry>
    <entry id="33" name="mmu:20441" type="gene"
        link="http://www.kegg.jp/dbget-bin/www_bget?mmu:20441">
        <graphics name="St3gal3, ST3GalIII, ST3N, Siat3, Siat6" fgcolor="#66CC66" bgcolor="#FFFFFF"
             type="line" coords="114,150,144,150"/>
    </entry>
    <entry id="34" name="mmu:14595 mmu:53418 mmu:57370" type="gene"
        link="http://www.kegg.jp/dbget-bin/www_bget?mmu:14595+mmu:53418+mmu:57370">
        <graphics name="B4galt1, B-1,4-GalT, B-1,4-GalT1, GalT, Ggtb, Ggtb2, b4Gal-T1, beta-1,4-GalT, beta-1,4-GalT1, beta4Gal-T1..." fgcolor="#66CC66" bgcolor="#FFFFFF"
             type="line" coords="184,150,214,150"/>
    </entry>
    <entry id="35" name="mmu:68273" type="gene" reaction="rn:R07619"
        link="http://www.kegg.jp/dbget-bin/www_bget?mmu:68273">
        <graphics name="Pomgnt1, 0610016I07Rik, 4930467B06Rik" fgcolor="#66CC66" bgcolor="#FFFFFF"
             type="line" coords="272,150,302,150"/>
    </entry>
    <entry id="36" name="mmu:217734 mmu:99011" type="gene" reaction="rn:R07620"
        link="http://www.kegg.jp/dbget-bin/www_bget?mmu:217734+mmu:99011">
        <graphics name="Pomt2, A830009D15Rik, AW046274..." fgcolor="#66CC66" bgcolor="#FFFFFF"
             type="line" coords="346,150,376,150"/>
    </entry>
    <entry id="37" name="mmu:14595 mmu:53418 mmu:57370" type="gene"
        link="http://www.kegg.jp/dbget-bin/www_bget?mmu:14595+mmu:53418+mmu:57370">
        <graphics name="B4galt1, B-1,4-GalT, B-1,4-GalT1, GalT, Ggtb, Ggtb2, b4Gal-T1, beta-1,4-GalT, beta-1,4-GalT1, beta4Gal-T1..." fgcolor="#66CC66" bgcolor="#FFFFFF"
             type="line" coords="113,215,94,196"/>
    </entry>
    <entry id="38" name="mmu:14345 mmu:14347 mmu:14348" type="gene"
        link="http://www.kegg.jp/dbget-bin/www_bget?mmu:14345+mmu:14347+mmu:14348">
        <graphics name="Fut4, AI451562, CD15, FAL, FucT-IV, LeX, SSEA-1, Ssea1..." fgcolor="#66CC66" bgcolor="#FFFFFF"
             type="line" coords="94,249,113,230"/>
    </entry>
    <entry id="39" name="mmu:68273" type="gene" reaction="rn:R07619"
        link="http://www.kegg.jp/dbget-bin/www_bget?mmu:68273">
        <graphics name="Pomgnt1, 0610016I07Rik, 4930467B06Rik" fgcolor="#66CC66" bgcolor="#FFFFFF"
             type="line" coords="171,224,201,224"/>
    </entry>
    <entry id="40" name="mmu:217734 mmu:99011" type="gene" reaction="rn:R07620"
        link="http://www.kegg.jp/dbget-bin/www_bget?mmu:217734+mmu:99011">
        <graphics name="Pomt2, A830009D15Rik, AW046274..." fgcolor="#66CC66" bgcolor="#FFFFFF"
             type="line" coords="245,224,275,224"/>
    </entry>
    <entry id="41" name="mmu:20441" type="gene"
        link="http://www.kegg.jp/dbget-bin/www_bget?mmu:20441">
        <graphics name="St3gal3, ST3GalIII, ST3N, Siat3, Siat6" fgcolor="#66CC66" bgcolor="#FFFFFF"
             type="line" coords="113,291,143,291"/>
    </entry>
    <entry id="42" name="mmu:14595 mmu:53418 mmu:57370" type="gene"
        link="http://www.kegg.jp/dbget-bin/www_bget?mmu:14595+mmu:53418+mmu:57370">
        <graphics name="B4galt1, B-1,4-GalT, B-1,4-GalT1, GalT, Ggtb, Ggtb2, b4Gal-T1, beta-1,4-GalT, beta-1,4-GalT1, beta4Gal-T1..." fgcolor="#66CC66" bgcolor="#FFFFFF"
             type="line" coords="183,290,213,290"/>
    </entry>
    <entry id="43" name="mmu:268510" type="gene" reaction="rn:R07621"
        link="http://www.kegg.jp/dbget-bin/www_bget?mmu:268510">
        <graphics name="Mgat5b, C330018B01, GnT-IX, mGnTVB" fgcolor="#66CC66" bgcolor="#FFFFFF"
             type="line" coords="289,310,271,292"/>
    </entry>
    <entry id="44" name="mmu:68273" type="gene" reaction="rn:R07619"
        link="http://www.kegg.jp/dbget-bin/www_bget?mmu:68273">
        <graphics name="Pomgnt1, 0610016I07Rik, 4930467B06Rik" fgcolor="#66CC66" bgcolor="#FFFFFF"
             type="line" coords="272,341,289,324"/>
    </entry>
    <entry id="45" name="mmu:217734 mmu:99011" type="gene" reaction="rn:R07620"
        link="http://www.kegg.jp/dbget-bin/www_bget?mmu:217734+mmu:99011">
        <graphics name="Pomt2, A830009D15Rik, AW046274..." fgcolor="#66CC66" bgcolor="#FFFFFF"
             type="line" coords="335,318,365,318"/>
    </entry>
    <entry id="46" name="mmu:20441" type="gene"
        link="http://www.kegg.jp/dbget-bin/www_bget?mmu:20441">
        <graphics name="St3gal3, ST3GalIII, ST3N, Siat3, Siat6" fgcolor="#66CC66" bgcolor="#FFFFFF"
             type="line" coords="113,343,143,343"/>
    </entry>
    <entry id="47" name="mmu:14595 mmu:53418 mmu:57370" type="gene"
        link="http://www.kegg.jp/dbget-bin/www_bget?mmu:14595+mmu:53418+mmu:57370">
        <graphics name="B4galt1, B-1,4-GalT, B-1,4-GalT1, GalT, Ggtb, Ggtb2, b4Gal-T1, beta-1,4-GalT, beta-1,4-GalT1, beta4Gal-T1..." fgcolor="#66CC66" bgcolor="#FFFFFF"
             type="line" coords="183,342,213,342"/>
    </entry>
    <entry id="48" name="mmu:98388" type="gene"
        link="http://www.kegg.jp/dbget-bin/www_bget?mmu:98388">
        <graphics name="Chst10, AI507003, AU041319, Hnk-1st, ST" fgcolor="#66CC66" bgcolor="#FFFFFF"
             type="line" coords="69,386,99,386"/>
    </entry>
    <entry id="49" name="mmu:280645 mmu:76898" type="gene"
        link="http://www.kegg.jp/dbget-bin/www_bget?mmu:280645+mmu:76898">
        <graphics name="B3gat2, GlcAT-S, Glcats..." fgcolor="#66CC66" bgcolor="#FFFFFF"
             type="line" coords="144,386,174,386"/>
    </entry>
    <entry id="50" name="mmu:54218" type="gene"
        link="http://www.kegg.jp/dbget-bin/www_bget?mmu:54218">
        <graphics name="B3galt4, Gal-T2, Galt2" fgcolor="#66CC66" bgcolor="#FFFFFF"
             type="line" coords="213,386,243,386"/>
    </entry>
    <entry id="51" name="mmu:217734 mmu:99011" type="gene" reaction="rn:R07620"
        link="http://www.kegg.jp/dbget-bin/www_bget?mmu:217734+mmu:99011">
        <graphics name="Pomt2, A830009D15Rik, AW046274..." fgcolor="#66CC66" bgcolor="#FFFFFF"
             type="line" coords="372,386,402,386"/>
    </entry>
    <entry id="52" name="mmu:68273" type="gene" reaction="rn:R07619"
        link="http://www.kegg.jp/dbget-bin/www_bget?mmu:68273">
        <graphics name="Pomgnt1, 0610016I07Rik, 4930467B06Rik" fgcolor="#66CC66" bgcolor="#FFFFFF"
             type="line" coords="298,386,328,386"/>
    </entry>
</pathway>
