<?xml version="1.0"?>
<!DOCTYPE pathway SYSTEM "http://www.kegg.jp/kegg/xml/KGML_v0.7.1_.dtd">
<!-- Creation date: Jan 22, 2014 15:08:02 +0900 (GMT+09:00) -->
<pathway name="path:mmu04140" org="mmu" number="04140"
         title="Regulation of autophagy"
         image="http://www.kegg.jp/kegg/pathway/mmu/mmu04140.png"
         link="http://www.kegg.jp/kegg-bin/show_pathway?mmu04140">
    <entry id="1" name="mmu:74244" type="gene"
        link="http://www.kegg.jp/dbget-bin/www_bget?mmu:74244">
        <graphics name="Atg7, 1810013K23Rik, Agp7, Apg7l, Atg7l, Gm21553" fgcolor="#000000" bgcolor="#BFFFBF"
             type="rectangle" x="424" y="512" width="46" height="17"/>
    </entry>
    <entry id="2" name="cpd:C00350" type="compound"
        link="http://www.kegg.jp/dbget-bin/www_bget?C00350">
        <graphics name="C00350" fgcolor="#000000" bgcolor="#FFFFFF"
             type="circle" x="566" y="512" width="8" height="8"/>
    </entry>
    <entry id="3" name="cpd:C04549" type="compound"
        link="http://www.kegg.jp/dbget-bin/www_bget?C04549">
        <graphics name="C04549" fgcolor="#000000" bgcolor="#FFFFFF"
             type="circle" x="567" y="373" width="8" height="8"/>
    </entry>
    <entry id="4" name="cpd:C01194" type="compound"
        link="http://www.kegg.jp/dbget-bin/www_bget?C01194">
        <graphics name="C01194" fgcolor="#000000" bgcolor="#FFFFFF"
             type="circle" x="503" y="373" width="8" height="8"/>
    </entry>
    <entry id="5" name="mmu:67841" type="gene"
        link="http://www.kegg.jp/dbget-bin/www_bget?mmu:67841">
        <graphics name="Atg3, 2610016C12Rik, APG3, Apg3l, Atg3l, PC3-96" fgcolor="#000000" bgcolor="#BFFFBF"
             type="rectangle" x="503" y="512" width="46" height="17"/>
    </entry>
    <entry id="6" name="mmu:235040 mmu:242557 mmu:66615 mmu:666468" type="gene"
        link="http://www.kegg.jp/dbget-bin/www_bget?mmu:235040+mmu:242557+mmu:66615+mmu:666468">
        <graphics name="Atg4d, 9830134P12Rik, APG4-D, Apg4d, Atg4dl, Autl4..." fgcolor="#000000" bgcolor="#BFFFBF"
             type="rectangle" x="345" y="512" width="46" height="17"/>
    </entry>
    <entry id="7" name="mmu:56486 mmu:57436 mmu:93739" type="gene"
        link="http://www.kegg.jp/dbget-bin/www_bget?mmu:56486+mmu:57436+mmu:93739">
        <graphics name="Gabarap..." fgcolor="#000000" bgcolor="#BFFFBF"
             type="rectangle" x="266" y="512" width="46" height="17"/>
    </entry>
    <entry id="8" name="mmu:73683 mmu:77040" type="gene"
        link="http://www.kegg.jp/dbget-bin/www_bget?mmu:73683+mmu:77040">
        <graphics name="Atg16l2, 2410118P20Rik..." fgcolor="#000000" bgcolor="#BFFFBF"
             type="rectangle" x="661" y="452" width="46" height="17"/>
    </entry>
    <entry id="9" name="mmu:11793" type="gene"
        link="http://www.kegg.jp/dbget-bin/www_bget?mmu:11793">
        <graphics name="Atg5, 2010107M05Rik, 3110067M24Rik, AW319544, Apg5l, Atg5l, C88337, Paddy" fgcolor="#000000" bgcolor="#BFFFBF"
             type="rectangle" x="582" y="452" width="46" height="17"/>
    </entry>
    <entry id="10" name="mmu:66795" type="gene"
        link="http://www.kegg.jp/dbget-bin/www_bget?mmu:66795">
        <graphics name="Atg10, 5330424L23Rik, 5430428K15Rik, AI852123, APG10, Agp10, Apg10l, Apg10p, Atg10l" fgcolor="#000000" bgcolor="#BFFFBF"
             type="rectangle" x="503" y="452" width="46" height="17"/>
    </entry>
    <entry id="11" name="mmu:74244" type="gene"
        link="http://www.kegg.jp/dbget-bin/www_bget?mmu:74244">
        <graphics name="Atg7, 1810013K23Rik, Agp7, Apg7l, Atg7l, Gm21553" fgcolor="#000000" bgcolor="#BFFFBF"
             type="rectangle" x="424" y="452" width="46" height="17"/>
    </entry>
    <entry id="12" name="mmu:67526" type="gene"
        link="http://www.kegg.jp/dbget-bin/www_bget?mmu:67526">
        <graphics name="Atg12, 4931423H11Rik, A330058M13Rik, Apg12l, Atg12l" fgcolor="#000000" bgcolor="#BFFFBF"
             type="rectangle" x="345" y="452" width="46" height="17"/>
    </entry>
    <entry id="13" name="mmu:100504663" type="gene"
        link="http://www.kegg.jp/dbget-bin/www_bget?mmu:100504663">
        <graphics name="Atg14, 4832427M01, Atg14L, D14Ertd114e, D14Ertd436e" fgcolor="#000000" bgcolor="#BFFFBF"
             type="rectangle" x="503" y="311" width="46" height="17"/>
    </entry>
    <entry id="14" name="mmu:75669" type="gene"
        link="http://www.kegg.jp/dbget-bin/www_bget?mmu:75669">
        <graphics name="Pik3r4, 2210010O15Rik, C730038E05Rik, C85833, D9Ertd418e" fgcolor="#000000" bgcolor="#BFFFBF"
             type="rectangle" x="448" y="338" width="46" height="17"/>
    </entry>
    <entry id="15" name="ko:K08332" type="ortholog"
        link="http://www.kegg.jp/dbget-bin/www_bget?K08332">
        <graphics name="K08332" fgcolor="#000000" bgcolor="#FFFFFF"
             type="rectangle" x="538" y="220" width="46" height="17"/>
    </entry>
    <entry id="16" name="mmu:51897" type="gene"
        link="http://www.kegg.jp/dbget-bin/www_bget?mmu:51897">
        <graphics name="Atg13, 1110053A20Rik, D2Ertd391e, Harbi1" fgcolor="#000000" bgcolor="#BFFFBF"
             type="rectangle" x="538" y="193" width="46" height="17"/>
    </entry>
    <entry id="17" name="mmu:22241 mmu:29869 mmu:71742" type="gene"
        link="http://www.kegg.jp/dbget-bin/www_bget?mmu:22241+mmu:29869+mmu:71742">
        <graphics name="Ulk1, AU041434, Unc51.1, mKIAA0722..." fgcolor="#000000" bgcolor="#BFFFBF"
             type="rectangle" x="468" y="193" width="46" height="17"/>
    </entry>
    <entry id="18" name="ko:K08329" type="ortholog"
        link="http://www.kegg.jp/dbget-bin/www_bget?K08329">
        <graphics name="K08329" fgcolor="#000000" bgcolor="#FFFFFF"
             type="rectangle" x="468" y="166" width="46" height="17"/>
    </entry>
    <entry id="19" name="ko:K08330" type="ortholog"
        link="http://www.kegg.jp/dbget-bin/www_bget?K08330">
        <graphics name="K08330" fgcolor="#000000" bgcolor="#FFFFFF"
             type="rectangle" x="468" y="220" width="46" height="17"/>
    </entry>
    <entry id="20" name="path:mmu04130" type="map"
        link="http://www.kegg.jp/dbget-bin/www_bget?mmu04130">
        <graphics name="SNARE interactions in vesicular transport" fgcolor="#000000" bgcolor="#FFFFFF"
             type="roundrectangle" x="504" y="598" width="109" height="40"/>
    </entry>
    <entry id="21" name="cpd:C00913" type="compound"
        link="http://www.kegg.jp/dbget-bin/www_bget?C00913">
        <graphics name="C00913" fgcolor="#000000" bgcolor="#FFFFFF"
             type="circle" x="581" y="345" width="8" height="8"/>
    </entry>
    <entry id="23" name="cpd:C15181" type="compound"
        link="http://www.kegg.jp/dbget-bin/www_bget?C15181">
        <graphics name="C15181" fgcolor="#000000" bgcolor="#FFFFFF"
             type="circle" x="581" y="330" width="8" height="8"/>
    </entry>
    <entry id="24" name="mmu:15978" type="gene"
        link="http://www.kegg.jp/dbget-bin/www_bget?mmu:15978">
        <graphics name="Ifng, IFN-g, Ifg" fgcolor="#000000" bgcolor="#BFFFBF"
             type="rectangle" x="765" y="247" width="46" height="17"/>
    </entry>
    <entry id="25" name="mmu:15962 mmu:15964 mmu:15965 mmu:15967 mmu:15968 mmu:15969 mmu:15970 mmu:15972 mmu:15974 mmu:230396 mmu:242517 mmu:242519 mmu:404549" type="gene"
        link="http://www.kegg.jp/dbget-bin/www_bget?mmu:15962+mmu:15964+mmu:15965+mmu:15967+mmu:15968+mmu:15969+mmu:15970+mmu:15972+mmu:15974+mmu:230396+mmu:242517+mmu:242519+mmu:404549">
        <graphics name="Ifna1, Ifa1..." fgcolor="#000000" bgcolor="#BFFFBF"
             type="rectangle" x="765" y="225" width="46" height="17"/>
    </entry>
    <entry id="26" name="mmu:56208" type="gene"
        link="http://www.kegg.jp/dbget-bin/www_bget?mmu:56208">
        <graphics name="Becn1, 4921513J16Rik, 5430417M23Rik, Atg6" fgcolor="#000000" bgcolor="#BFFFBF"
             type="rectangle" x="503" y="284" width="46" height="17"/>
    </entry>
    <entry id="27" name="mmu:225326" type="gene"
        link="http://www.kegg.jp/dbget-bin/www_bget?mmu:225326">
        <graphics name="Pik3c3, 5330434F23Rik, Vps34" fgcolor="#000000" bgcolor="#BFFFBF"
             type="rectangle" x="503" y="338" width="46" height="17"/>
    </entry>
    <entry id="28" name="mmu:16333 mmu:16334" type="gene"
        link="http://www.kegg.jp/dbget-bin/www_bget?mmu:16333+mmu:16334">
        <graphics name="Ins1, Ins-1, Ins2-rs1..." fgcolor="#000000" bgcolor="#BFFFBF"
             type="rectangle" x="55" y="193" width="46" height="17"/>
    </entry>
    <entry id="29" name="mmu:105787 mmu:108079" type="gene"
        link="http://www.kegg.jp/dbget-bin/www_bget?mmu:105787+mmu:108079">
        <graphics name="Prkaa1, AI194361, AI450832, AL024255, AMPKalpha1, C130083N04Rik..." fgcolor="#000000" bgcolor="#BFFFBF"
             type="rectangle" x="238" y="249" width="46" height="17"/>
    </entry>
    <entry id="30" name="path:mmu04140" type="map"
        link="http://www.kegg.jp/dbget-bin/www_bget?mmu04140">
        <graphics name="TITLE:Regulation of autophagy" fgcolor="#000000" bgcolor="#FFFFFF"
             type="roundrectangle" x="158" y="58" width="235" height="25"/>
    </entry>
    <entry id="31" name="path:mmu04210" type="map"
        link="http://www.kegg.jp/dbget-bin/www_bget?mmu04210">
        <graphics name="Apoptosis" fgcolor="#000000" bgcolor="#FFFFFF"
             type="roundrectangle" x="849" y="567" width="93" height="40"/>
    </entry>
    <entry id="32" name="path:mmu04612" type="map"
        link="http://www.kegg.jp/dbget-bin/www_bget?mmu04612">
        <graphics name="Antigen processing and presentation" fgcolor="#000000" bgcolor="#FFFFFF"
             type="roundrectangle" x="709" y="598" width="109" height="40"/>
    </entry>
    <entry id="33" name="path:mmu04010" type="map"
        link="http://www.kegg.jp/dbget-bin/www_bget?mmu04010">
        <graphics name="MAPK signaling pathway" fgcolor="#000000" bgcolor="#FFFFFF"
             type="roundrectangle" x="331" y="118" width="109" height="40"/>
    </entry>
    <entry id="34" name="path:mmu04150" type="map"
        link="http://www.kegg.jp/dbget-bin/www_bget?mmu04150">
        <graphics name="mTOR signaling pathway" fgcolor="#000000" bgcolor="#FFFFFF"
             type="roundrectangle" x="331" y="192" width="109" height="40"/>
    </entry>
    <entry id="35" name="path:mmu04910" type="map"
        link="http://www.kegg.jp/dbget-bin/www_bget?mmu04910">
        <graphics name="Insulin signaling pathway" fgcolor="#000000" bgcolor="#FFFFFF"
             type="roundrectangle" x="163" y="192" width="109" height="40"/>
    </entry>
    <relation entry1="16" entry2="17" type="PPrel">
        <subtype name="binding/association" value="---"/>
    </relation>
    <relation entry1="13" entry2="26" type="PPrel">
        <subtype name="binding/association" value="---"/>
    </relation>
    <relation entry1="13" entry2="27" type="PPrel">
        <subtype name="binding/association" value="---"/>
    </relation>
    <relation entry1="14" entry2="27" type="PPrel">
        <subtype name="binding/association" value="---"/>
    </relation>
    <relation entry1="27" entry2="4" type="PCrel">
        <subtype name="binding/association" value="---"/>
    </relation>
    <relation entry1="23" entry2="27" type="PCrel">
        <subtype name="inhibition" value="--|"/>
    </relation>
    <relation entry1="21" entry2="27" type="PCrel">
        <subtype name="inhibition" value="--|"/>
    </relation>
    <relation entry1="12" entry2="11" type="PPrel">
        <subtype name="activation" value="--&gt;"/>
    </relation>
    <relation entry1="11" entry2="10" type="PPrel">
        <subtype name="activation" value="--&gt;"/>
    </relation>
    <relation entry1="10" entry2="9" type="PPrel">
        <subtype name="activation" value="--&gt;"/>
    </relation>
    <relation entry1="9" entry2="8" type="PPrel">
        <subtype name="activation" value="--&gt;"/>
    </relation>
    <relation entry1="7" entry2="1" type="PPrel">
        <subtype name="activation" value="--&gt;"/>
    </relation>
    <relation entry1="1" entry2="1" type="PPrel">
        <subtype name="activation" value="--&gt;"/>
    </relation>
    <relation entry1="1" entry2="5" type="PPrel">
        <subtype name="activation" value="--&gt;"/>
    </relation>
    <relation entry1="5" entry2="2" type="PCrel">
        <subtype name="activation" value="--&gt;"/>
    </relation>
</pathway>
