<?xml version="1.0"?>
<!DOCTYPE pathway SYSTEM "http://www.kegg.jp/kegg/xml/KGML_v0.7.1_.dtd">
<!-- Creation date: Sep 14, 2015 16:06:55 +0900 (GMT+9) -->
<pathway name="path:mmu04614" org="mmu" number="04614"
         title="Renin-angiotensin system"
         image="http://www.kegg.jp/kegg/pathway/mmu/mmu04614.png"
         link="http://www.kegg.jp/kegg-bin/show_pathway?mmu04614">
    <entry id="1" name="mmu:70008" type="gene"
        link="http://www.kegg.jp/dbget-bin/www_bget?mmu:70008">
        <graphics name="Ace2, 2010305L05Rik" fgcolor="#000000" bgcolor="#BFFFBF"
             type="rectangle" x="430" y="309" width="46" height="17"/>
    </entry>
    <entry id="2" name="mmu:70008" type="gene"
        link="http://www.kegg.jp/dbget-bin/www_bget?mmu:70008">
        <graphics name="Ace2, 2010305L05Rik" fgcolor="#000000" bgcolor="#BFFFBF"
             type="rectangle" x="292" y="238" width="46" height="17"/>
    </entry>
    <entry id="3" name="mmu:11421 mmu:217246" type="gene"
        link="http://www.kegg.jp/dbget-bin/www_bget?mmu:11421+mmu:217246">
        <graphics name="Ace, AW208573, CD143..." fgcolor="#000000" bgcolor="#BFFFBF"
             type="rectangle" x="430" y="124" width="46" height="17"/>
    </entry>
    <entry id="4" name="mmu:11421 mmu:217246" type="gene"
        link="http://www.kegg.jp/dbget-bin/www_bget?mmu:11421+mmu:217246">
        <graphics name="Ace, AW208573, CD143..." fgcolor="#000000" bgcolor="#BFFFBF"
             type="rectangle" x="392" y="157" width="46" height="17"/>
    </entry>
    <entry id="5" name="mmu:11421 mmu:217246" type="gene"
        link="http://www.kegg.jp/dbget-bin/www_bget?mmu:11421+mmu:217246">
        <graphics name="Ace, AW208573, CD143..." fgcolor="#000000" bgcolor="#BFFFBF"
             type="rectangle" x="302" y="437" width="46" height="17"/>
    </entry>
    <entry id="6" name="cpd:C02135" type="compound"
        link="http://www.kegg.jp/dbget-bin/www_bget?C02135">
        <graphics name="C02135" fgcolor="#000000" bgcolor="#FFFFFF"
             type="circle" x="458" y="378" width="8" height="8"/>
    </entry>
    <entry id="7" name="cpd:C15849" type="compound"
        link="http://www.kegg.jp/dbget-bin/www_bget?C15849">
        <graphics name="C15849" fgcolor="#000000" bgcolor="#FFFFFF"
             type="circle" x="458" y="544" width="8" height="8"/>
    </entry>
    <entry id="8" name="cpd:C15848" type="compound"
        link="http://www.kegg.jp/dbget-bin/www_bget?C15848">
        <graphics name="C15848" fgcolor="#000000" bgcolor="#FFFFFF"
             type="circle" x="458" y="461" width="8" height="8"/>
    </entry>
    <entry id="9" name="cpd:C15850" type="compound"
        link="http://www.kegg.jp/dbget-bin/www_bget?C15850">
        <graphics name="C15850" fgcolor="#000000" bgcolor="#FFFFFF"
             type="circle" x="458" y="188" width="8" height="8"/>
    </entry>
    <entry id="10" name="cpd:C15852" type="compound"
        link="http://www.kegg.jp/dbget-bin/www_bget?C15852">
        <graphics name="C15852" fgcolor="#000000" bgcolor="#FFFFFF"
             type="circle" x="458" y="85" width="8" height="8"/>
    </entry>
    <entry id="11" name="cpd:C15851" type="compound"
        link="http://www.kegg.jp/dbget-bin/www_bget?C15851">
        <graphics name="C15851" fgcolor="#000000" bgcolor="#FFFFFF"
             type="circle" x="335" y="188" width="8" height="8"/>
    </entry>
    <entry id="12" name="cpd:C00873" type="compound"
        link="http://www.kegg.jp/dbget-bin/www_bget?C00873">
        <graphics name="C00873" fgcolor="#000000" bgcolor="#FFFFFF"
             type="circle" x="233" y="378" width="8" height="8"/>
    </entry>
    <entry id="13" name="mmu:11607 mmu:11608" type="gene"
        link="http://www.kegg.jp/dbget-bin/www_bget?mmu:11607+mmu:11608">
        <graphics name="Agtr1a, 1810074K20Rik, AG2S, AI551199, AT1, AT1a, AT2R1, AT2R1A, Agtr-1a, Agtr1, Angtr-1a..." fgcolor="#000000" bgcolor="#BFFFBF"
             type="rectangle" x="603" y="402" width="46" height="17"/>
    </entry>
    <entry id="14" name="mmu:11609" type="gene"
        link="http://www.kegg.jp/dbget-bin/www_bget?mmu:11609">
        <graphics name="Agtr2, AI316812, AW107640" fgcolor="#000000" bgcolor="#BFFFBF"
             type="rectangle" x="603" y="317" width="46" height="17"/>
    </entry>
    <entry id="15" name="mmu:75805" type="gene"
        link="http://www.kegg.jp/dbget-bin/www_bget?mmu:75805">
        <graphics name="Nln, 4930472G13Rik, C79345" fgcolor="#000000" bgcolor="#BFFFBF"
             type="rectangle" x="368" y="267" width="46" height="17"/>
    </entry>
    <entry id="16" name="mmu:50492" type="gene"
        link="http://www.kegg.jp/dbget-bin/www_bget?mmu:50492">
        <graphics name="Thop1, AI131655, AI327041, EP24.15" fgcolor="#000000" bgcolor="#BFFFBF"
             type="rectangle" x="368" y="247" width="46" height="17"/>
    </entry>
    <entry id="17" name="mmu:17380" type="gene"
        link="http://www.kegg.jp/dbget-bin/www_bget?mmu:17380">
        <graphics name="Mme, 6030454K05Rik, C85356, CALLA, CD10, NEP, SFE" fgcolor="#000000" bgcolor="#BFFFBF"
             type="rectangle" x="368" y="287" width="46" height="17"/>
    </entry>
    <entry id="18" name="mmu:16790" type="gene"
        link="http://www.kegg.jp/dbget-bin/www_bget?mmu:16790">
        <graphics name="Anpep, AP-M, AP-N, Apn, Cd13, P150" fgcolor="#000000" bgcolor="#BFFFBF"
             type="rectangle" x="430" y="499" width="46" height="17"/>
    </entry>
    <entry id="19" name="mmu:13809" type="gene"
        link="http://www.kegg.jp/dbget-bin/www_bget?mmu:13809">
        <graphics name="Enpep, 6030431M22Rik, APA, Bp-1/6C3, Ly-51, Ly51" fgcolor="#000000" bgcolor="#BFFFBF"
             type="rectangle" x="430" y="423" width="46" height="17"/>
    </entry>
    <entry id="20" name="mmu:19025" type="gene"
        link="http://www.kegg.jp/dbget-bin/www_bget?mmu:19025">
        <graphics name="Ctsa, AU019505, PPCA, Ppgb" fgcolor="#000000" bgcolor="#BFFFBF"
             type="rectangle" x="292" y="258" width="46" height="17"/>
    </entry>
    <entry id="21" name="mmu:12873" type="gene"
        link="http://www.kegg.jp/dbget-bin/www_bget?mmu:12873">
        <graphics name="Cpa3, MC-CPA, mMC-CPA" fgcolor="#000000" bgcolor="#BFFFBF"
             type="rectangle" x="292" y="278" width="46" height="17"/>
    </entry>
    <entry id="22" name="mmu:17171" type="gene"
        link="http://www.kegg.jp/dbget-bin/www_bget?mmu:17171">
        <graphics name="Mas1, Mas-1, Mgra" fgcolor="#000000" bgcolor="#BFFFBF"
             type="rectangle" x="603" y="189" width="46" height="17"/>
    </entry>
    <entry id="23" name="mmu:17380" type="gene"
        link="http://www.kegg.jp/dbget-bin/www_bget?mmu:17380">
        <graphics name="Mme, 6030454K05Rik, C85356, CALLA, CD10, NEP, SFE" fgcolor="#000000" bgcolor="#BFFFBF"
             type="rectangle" x="392" y="177" width="46" height="17"/>
    </entry>
    <entry id="24" name="mmu:240028" type="gene"
        link="http://www.kegg.jp/dbget-bin/www_bget?mmu:240028">
        <graphics name="Lnpep, 2010309L07Rik, 4732490P18Rik, CAP, IRAP, PLAP, gp160, vp165" fgcolor="#000000" bgcolor="#BFFFBF"
             type="rectangle" x="603" y="544" width="46" height="17"/>
    </entry>
    <entry id="25" name="mmu:17228" type="gene"
        link="http://www.kegg.jp/dbget-bin/www_bget?mmu:17228">
        <graphics name="Cma1, MMCP-5, Mcp-5, Mcp5, Mcpt5" fgcolor="#000000" bgcolor="#BFFFBF"
             type="rectangle" x="303" y="391" width="46" height="17"/>
    </entry>
    <entry id="26" name="mmu:13035" type="gene"
        link="http://www.kegg.jp/dbget-bin/www_bget?mmu:13035">
        <graphics name="Ctsg" fgcolor="#000000" bgcolor="#BFFFBF"
             type="rectangle" x="303" y="411" width="46" height="17"/>
    </entry>
    <entry id="27" name="mmu:11606" type="gene"
        link="http://www.kegg.jp/dbget-bin/www_bget?mmu:11606">
        <graphics name="Agt, AI265500, AngI, AngII, Aogen, Serpina8" fgcolor="#000000" bgcolor="#BFFFBF"
             type="rectangle" x="96" y="378" width="46" height="17"/>
    </entry>
    <entry id="28" name="mmu:19701 mmu:19702" type="gene"
        link="http://www.kegg.jp/dbget-bin/www_bget?mmu:19701+mmu:19702">
        <graphics name="Ren1, D19352, Ren, Ren-1, Ren-A, Ren1c, Ren1d, Rn-1, Rnr..." fgcolor="#000000" bgcolor="#BFFFBF"
             type="rectangle" x="171" y="390" width="46" height="17"/>
    </entry>
    <entry id="29" name="path:mmu04614" type="map"
        link="http://www.kegg.jp/dbget-bin/www_bget?mmu04614">
        <graphics name="TITLE:Renin-angiotensin system" fgcolor="#000000" bgcolor="#FFFFFF"
             type="roundrectangle" x="159" y="58" width="237" height="25"/>
    </entry>
    <entry id="30" name="path:mmu04610" type="map"
        link="http://www.kegg.jp/dbget-bin/www_bget?mmu04610">
        <graphics name="Complement and coagulation cascades" fgcolor="#000000" bgcolor="#FFFFFF"
             type="roundrectangle" x="293" y="605" width="126" height="35"/>
    </entry>
    <entry id="31" name="mmu:70495" type="gene"
        link="http://www.kegg.jp/dbget-bin/www_bget?mmu:70495">
        <graphics name="Atp6ap2, (P)RR, 5730403E06Rik, APT6M8-9, ATP6M8-9, Atp6ip2, M8-9" fgcolor="#000000" bgcolor="#BFFFBF"
             type="rectangle" x="603" y="680" width="46" height="17"/>
    </entry>
    <entry id="32" name="mmu:13646 mmu:13648 mmu:16612 mmu:16613 mmu:16616 mmu:16617 mmu:16618 mmu:16622 mmu:16623 mmu:16624 mmu:18050" type="gene"
        link="http://www.kegg.jp/dbget-bin/www_bget?mmu:13646+mmu:13648+mmu:16612+mmu:16613+mmu:16616+mmu:16617+mmu:16618+mmu:16622+mmu:16623+mmu:16624+mmu:18050">
        <graphics name="Klk1b22, Egfbp-1, Egfbp1, Klk22, mGk-22..." fgcolor="#000000" bgcolor="#BFFFBF"
             type="rectangle" x="225" y="487" width="46" height="17"/>
    </entry>
    <entry id="33" name="mmu:13035" type="gene"
        link="http://www.kegg.jp/dbget-bin/www_bget?mmu:13035">
        <graphics name="Ctsg" fgcolor="#000000" bgcolor="#BFFFBF"
             type="rectangle" x="225" y="509" width="46" height="17"/>
    </entry>
    <entry id="34" name="path:mmu04270" type="map"
        link="http://www.kegg.jp/dbget-bin/www_bget?mmu04270">
        <graphics name="Vascular smooth muscle contraction" fgcolor="#000000" bgcolor="#FFFFFF"
             type="roundrectangle" x="741" y="435" width="126" height="35"/>
    </entry>
    <entry id="35" name="path:mmu04924" type="map"
        link="http://www.kegg.jp/dbget-bin/www_bget?mmu04924">
        <graphics name="Renin secretion" fgcolor="#000000" bgcolor="#FFFFFF"
             type="roundrectangle" x="136" y="295" width="112" height="25"/>
    </entry>
    <entry id="36" name="cpd:C20972" type="compound"
        link="http://www.kegg.jp/dbget-bin/www_bget?C20972">
        <graphics name="C20972" fgcolor="#000000" bgcolor="#FFFFFF"
             type="circle" x="458" y="593" width="8" height="8"/>
    </entry>
    <entry id="37" name="cpd:C20973" type="compound"
        link="http://www.kegg.jp/dbget-bin/www_bget?C20973">
        <graphics name="C20973" fgcolor="#000000" bgcolor="#FFFFFF"
             type="circle" x="458" y="642" width="8" height="8"/>
    </entry>
    <entry id="38" name="mmu:211578" type="gene"
        link="http://www.kegg.jp/dbget-bin/www_bget?mmu:211578">
        <graphics name="Mrgprd, Gm499, Mgrd, MrgD, TGR7" fgcolor="#000000" bgcolor="#BFFFBF"
             type="rectangle" x="603" y="244" width="46" height="17"/>
    </entry>
    <entry id="39" name="cpd:C20971" type="compound"
        link="http://www.kegg.jp/dbget-bin/www_bget?C20971">
        <graphics name="C20971" fgcolor="#000000" bgcolor="#FFFFFF"
             type="circle" x="525" y="244" width="8" height="8"/>
    </entry>
    <entry id="40" name="cpd:C20970" type="compound"
        link="http://www.kegg.jp/dbget-bin/www_bget?C20970">
        <graphics name="C20970" fgcolor="#000000" bgcolor="#FFFFFF"
             type="circle" x="493" y="315" width="8" height="8"/>
    </entry>
    <entry id="41" name="mmu:70008" type="gene"
        link="http://www.kegg.jp/dbget-bin/www_bget?mmu:70008">
        <graphics name="Ace2, 2010305L05Rik" fgcolor="#000000" bgcolor="#BFFFBF"
             type="rectangle" x="540" y="285" width="46" height="17"/>
    </entry>
    <entry id="42" name="path:mmu04925" type="map"
        link="http://www.kegg.jp/dbget-bin/www_bget?mmu04925">
        <graphics name="Aldosterone synthesis and secretion" fgcolor="#000000" bgcolor="#FFFFFF"
             type="roundrectangle" x="741" y="475" width="126" height="35"/>
    </entry>
    <entry id="43" name="mmu:16790" type="gene"
        link="http://www.kegg.jp/dbget-bin/www_bget?mmu:16790">
        <graphics name="Anpep, AP-M, AP-N, Apn, Cd13, P150" fgcolor="#000000" bgcolor="#BFFFBF"
             type="rectangle" x="430" y="565" width="46" height="17"/>
    </entry>
    <entry id="44" name="mmu:19072" type="gene"
        link="http://www.kegg.jp/dbget-bin/www_bget?mmu:19072">
        <graphics name="Prep, AI047692, AI450383, D10Wsu136e, PEP, Pop" fgcolor="#000000" bgcolor="#BFFFBF"
             type="rectangle" x="430" y="614" width="46" height="17"/>
    </entry>
    <entry id="45" name="mmu:72461" type="gene"
        link="http://www.kegg.jp/dbget-bin/www_bget?mmu:72461">
        <graphics name="Prcp, 2510048K03Rik, 2610104A14Rik, AI451719, HUMPCP, PCP" fgcolor="#000000" bgcolor="#BFFFBF"
             type="rectangle" x="430" y="332" width="46" height="17"/>
    </entry>
    <relation entry1="9" entry2="22" type="PCrel">
        <subtype name="activation" value="--&gt;"/>
    </relation>
    <relation entry1="39" entry2="38" type="PCrel">
        <subtype name="activation" value="--&gt;"/>
    </relation>
    <relation entry1="40" entry2="14" type="PCrel">
        <subtype name="activation" value="--&gt;"/>
    </relation>
    <relation entry1="6" entry2="14" type="PCrel">
        <subtype name="activation" value="--&gt;"/>
    </relation>
    <relation entry1="40" entry2="13" type="PCrel">
        <subtype name="activation" value="--&gt;"/>
    </relation>
    <relation entry1="6" entry2="13" type="PCrel">
        <subtype name="activation" value="--&gt;"/>
    </relation>
    <relation entry1="7" entry2="24" type="PCrel">
        <subtype name="activation" value="--&gt;"/>
    </relation>
    <relation entry1="28" entry2="31" type="PPrel">
        <subtype name="activation" value="--&gt;"/>
    </relation>
    <relation entry1="8" entry2="14" type="PCrel">
        <subtype name="activation" value="--&gt;"/>
    </relation>
    <relation entry1="8" entry2="13" type="PCrel">
        <subtype name="activation" value="--&gt;"/>
    </relation>
</pathway>
