<?xml version="1.0"?>
<!DOCTYPE pathway SYSTEM "http://www.kegg.jp/kegg/xml/KGML_v0.7.1_.dtd">
<!-- Creation date: Mar 8, 2016 16:55:13 +0900 (GMT+9) -->
<pathway name="path:mmu00500" org="mmu" number="00500"
         title="Starch and sucrose metabolism"
         image="http://www.kegg.jp/kegg/pathway/mmu/mmu00500.png"
         link="http://www.kegg.jp/kegg-bin/show_pathway?mmu00500">
    <entry id="85" name="cpd:C00092" type="compound"
        link="http://www.kegg.jp/dbget-bin/www_bget?C00092">
        <graphics name="C00092" fgcolor="#000000" bgcolor="#FFFFFF"
             type="circle" x="955" y="314" width="8" height="8"/>
    </entry>
    <entry id="86" name="ko:K01188 ko:K05349 ko:K05350" type="ortholog" reaction="rn:R02887"
        link="http://www.kegg.jp/dbget-bin/www_bget?K01188+K05349+K05350">
        <graphics name="K01188..." fgcolor="#000000" bgcolor="#FFFFFF"
             type="rectangle" x="217" y="542" width="46" height="17"/>
    </entry>
    <entry id="87" name="ko:K01188 ko:K05349 ko:K05350" type="ortholog" reaction="rn:R00026"
        link="http://www.kegg.jp/dbget-bin/www_bget?K01188+K05349+K05350">
        <graphics name="K01188..." fgcolor="#000000" bgcolor="#FFFFFF"
             type="rectangle" x="217" y="515" width="46" height="17"/>
    </entry>
    <entry id="88" name="mmu:15275 mmu:15277 mmu:212032 mmu:216019" type="gene" reaction="rn:R03920"
        link="http://www.kegg.jp/dbget-bin/www_bget?mmu:15275+mmu:15277+mmu:212032+mmu:216019">
        <graphics name="Hk1, BB404130, Hk-1, Hk1-s, dea, mHk1-s..." fgcolor="#000000" bgcolor="#BFFFBF"
             type="rectangle" x="88" y="499" width="46" height="17"/>
    </entry>
    <entry id="89" name="ko:K01232" type="ortholog" reaction="rn:R00837"
        link="http://www.kegg.jp/dbget-bin/www_bget?K01232">
        <graphics name="K01232" fgcolor="#000000" bgcolor="#FFFFFF"
             type="rectangle" x="903" y="304" width="46" height="17"/>
    </entry>
    <entry id="90" name="path:mmu00500" type="map"
        link="http://www.kegg.jp/dbget-bin/www_bget?mmu00500">
        <graphics name="TITLE:Starch and sucrose metabolism" fgcolor="#000000" bgcolor="#FFFFFF"
             type="roundrectangle" x="183" y="58" width="286" height="25"/>
    </entry>
    <entry id="91" name="ko:K01198 ko:K15920" type="ortholog" reaction="rn:R01433"
        link="http://www.kegg.jp/dbget-bin/www_bget?K01198+K15920">
        <graphics name="K01198..." fgcolor="#000000" bgcolor="#FFFFFF"
             type="rectangle" x="302" y="161" width="46" height="17"/>
    </entry>
    <entry id="92" name="ko:K01193" type="ortholog" reaction="rn:R03921"
        link="http://www.kegg.jp/dbget-bin/www_bget?K01193">
        <graphics name="K01193" fgcolor="#000000" bgcolor="#FFFFFF"
             type="rectangle" x="112" y="275" width="46" height="17"/>
    </entry>
    <entry id="93" name="ko:K00847" type="ortholog" reaction="rn:R03920"
        link="http://www.kegg.jp/dbget-bin/www_bget?K00847">
        <graphics name="K00847" fgcolor="#000000" bgcolor="#FFFFFF"
             type="rectangle" x="138" y="499" width="46" height="17"/>
    </entry>
    <entry id="95" name="mmu:14387 mmu:232714 mmu:76051" type="gene" reaction="rn:R00802"
        link="http://www.kegg.jp/dbget-bin/www_bget?mmu:14387+mmu:232714+mmu:76051">
        <graphics name="Gaa, E430018M07Rik..." fgcolor="#000000" bgcolor="#BFFFBF"
             type="rectangle" x="225" y="324" width="46" height="17"/>
    </entry>
    <entry id="96" name="ko:K01193" type="ortholog" reaction="rn:R00802"
        link="http://www.kegg.jp/dbget-bin/www_bget?K01193">
        <graphics name="K01193" fgcolor="#000000" bgcolor="#FFFFFF"
             type="rectangle" x="225" y="343" width="46" height="17"/>
    </entry>
    <entry id="97" name="mmu:69983" type="gene" reaction="rn:R00802"
        link="http://www.kegg.jp/dbget-bin/www_bget?mmu:69983">
        <graphics name="Sis, 2010204N08Rik, SI, Si-s" fgcolor="#000000" bgcolor="#BFFFBF"
             type="rectangle" x="225" y="362" width="46" height="17"/>
    </entry>
    <entry id="98" name="ko:K01188 ko:K05349 ko:K05350" type="ortholog" reaction="rn:R03527"
        link="http://www.kegg.jp/dbget-bin/www_bget?K01188+K05349+K05350">
        <graphics name="K01188..." fgcolor="#000000" bgcolor="#FFFFFF"
             type="rectangle" x="278" y="462" width="47" height="18"/>
    </entry>
    <entry id="99" name="ko:K01199 ko:K19891 ko:K19892 ko:K19893" type="ortholog" reaction="rn:R00308"
        link="http://www.kegg.jp/dbget-bin/www_bget?K01199+K19891+K19892+K19893">
        <graphics name="K01199..." fgcolor="#000000" bgcolor="#FFFFFF"
             type="rectangle" x="336" y="418" width="46" height="17"/>
    </entry>
    <entry id="100" name="ko:K01179 ko:K19356 ko:K19357" type="ortholog" reaction="rn:R02886"
        link="http://www.kegg.jp/dbget-bin/www_bget?K01179+K19356+K19357">
        <graphics name="K01179..." fgcolor="#000000" bgcolor="#FFFFFF"
             type="rectangle" x="326" y="517" width="46" height="17"/>
    </entry>
    <entry id="101" name="ko:K00770" type="ortholog" reaction="rn:R03928"
        link="http://www.kegg.jp/dbget-bin/www_bget?K00770">
        <graphics name="K00770" fgcolor="#000000" bgcolor="#FFFFFF"
             type="rectangle" x="414" y="161" width="46" height="17"/>
    </entry>
    <entry id="104" name="mmu:67883" type="gene" reaction="rn:R01384"
        link="http://www.kegg.jp/dbget-bin/www_bget?mmu:67883">
        <graphics name="Uxs1, 1600025I13Rik, AI451869, AI649125, AW550562" fgcolor="#000000" bgcolor="#BFFFBF"
             type="rectangle" x="520" y="161" width="46" height="17"/>
    </entry>
    <entry id="105" name="ko:K02808 ko:K02809 ko:K02810" type="ortholog" reaction="rn:R00811"
        link="http://www.kegg.jp/dbget-bin/www_bget?K02808+K02809+K02810">
        <graphics name="K02808..." fgcolor="#000000" bgcolor="#FFFFFF"
             type="rectangle" x="169" y="231" width="46" height="17"/>
    </entry>
    <entry id="106" name="ko:K00695" type="ortholog" reaction="rn:R00806"
        link="http://www.kegg.jp/dbget-bin/www_bget?K00695">
        <graphics name="K00695" fgcolor="#000000" bgcolor="#FFFFFF"
             type="rectangle" x="456" y="343" width="46" height="17"/>
    </entry>
    <entry id="108" name="ko:K00706" type="ortholog" reaction="rn:R03118"
        link="http://www.kegg.jp/dbget-bin/www_bget?K00706">
        <graphics name="K00706" fgcolor="#000000" bgcolor="#FFFFFF"
             type="rectangle" x="456" y="418" width="46" height="17"/>
    </entry>
    <entry id="109" name="ko:K00694" type="ortholog" reaction="rn:R02889"
        link="http://www.kegg.jp/dbget-bin/www_bget?K00694">
        <graphics name="K00694" fgcolor="#000000" bgcolor="#FFFFFF"
             type="rectangle" x="457" y="484" width="46" height="17"/>
    </entry>
    <entry id="110" name="ko:K00696" type="ortholog" reaction="rn:R00766"
        link="http://www.kegg.jp/dbget-bin/www_bget?K00696">
        <graphics name="K00696" fgcolor="#000000" bgcolor="#FFFFFF"
             type="rectangle" x="456" y="252" width="46" height="17"/>
    </entry>
    <entry id="111" name="mmu:18605 mmu:209558" type="gene" reaction="rn:R00287"
        link="http://www.kegg.jp/dbget-bin/www_bget?mmu:18605+mmu:209558">
        <graphics name="Enpp1, 4833416E15Rik, AI428932, C76301, CD203c, E-NPP_1, E-NPP1, Ly-41, M6S1, NPP1, Npps, PC-1, Pca, Pca-1, Pdnp1, ttw, twy..." fgcolor="#000000" bgcolor="#BFFFBF"
             type="rectangle" x="519" y="501" width="46" height="17"/>
    </entry>
    <entry id="113" name="ko:K00978" type="ortholog" reaction="rn:R00956"
        link="http://www.kegg.jp/dbget-bin/www_bget?K00978">
        <graphics name="K00978" fgcolor="#000000" bgcolor="#FFFFFF"
             type="rectangle" x="530" y="603" width="46" height="17"/>
    </entry>
    <entry id="114" name="ko:K05344" type="ortholog" reaction="rn:R00960"
        link="http://www.kegg.jp/dbget-bin/www_bget?K05344">
        <graphics name="K05344" fgcolor="#000000" bgcolor="#FFFFFF"
             type="rectangle" x="433" y="641" width="46" height="17"/>
    </entry>
    <entry id="116" name="mmu:70974" type="gene" reaction="rn:R01660"
        link="http://www.kegg.jp/dbget-bin/www_bget?mmu:70974">
        <graphics name="Pgm2l1, 4931406N15Rik, AI553438, BM32A" fgcolor="#000000" bgcolor="#BFFFBF"
             type="rectangle" x="486" y="692" width="46" height="17"/>
    </entry>
    <entry id="117" name="ko:K13648" type="ortholog" reaction="rn:R05191"
        link="http://www.kegg.jp/dbget-bin/www_bget?K13648">
        <graphics name="K13648" fgcolor="#000000" bgcolor="#FFFFFF"
             type="rectangle" x="623" y="95" width="46" height="17"/>
    </entry>
    <entry id="118" name="ko:K08679" type="ortholog" reaction="rn:R01385"
        link="http://www.kegg.jp/dbget-bin/www_bget?K08679">
        <graphics name="K08679" fgcolor="#000000" bgcolor="#FFFFFF"
             type="rectangle" x="566" y="128" width="46" height="17"/>
    </entry>
    <entry id="119" name="mmu:22235" type="gene" reaction="rn:R00286"
        link="http://www.kegg.jp/dbget-bin/www_bget?mmu:22235">
        <graphics name="Ugdh, Udpgdh" fgcolor="#000000" bgcolor="#BFFFBF"
             type="rectangle" x="567" y="243" width="46" height="17"/>
    </entry>
    <entry id="120" name="mmu:216558" type="gene" reaction="rn:R00289"
        link="http://www.kegg.jp/dbget-bin/www_bget?mmu:216558">
        <graphics name="Ugp2, UDPGP, UGPase" fgcolor="#000000" bgcolor="#BFFFBF"
             type="rectangle" x="567" y="385" width="46" height="17"/>
    </entry>
    <entry id="121" name="ko:K01051" type="ortholog" reaction="rn:R02362"
        link="http://www.kegg.jp/dbget-bin/www_bget?K01051">
        <graphics name="K01051" fgcolor="#000000" bgcolor="#FFFFFF"
             type="rectangle" x="733" y="96" width="46" height="17"/>
    </entry>
    <entry id="122" name="mmu:100559 mmu:100727 mmu:112417 mmu:22236 mmu:22238 mmu:231396 mmu:243085 mmu:394430 mmu:394432 mmu:394433 mmu:394434 mmu:394435 mmu:394436 mmu:552899 mmu:71773 mmu:72094 mmu:94215 mmu:94284" type="gene" reaction="rn:R01383"
        link="http://www.kegg.jp/dbget-bin/www_bget?mmu:100559+mmu:100727+mmu:112417+mmu:22236+mmu:22238+mmu:231396+mmu:243085+mmu:394430+mmu:394432+mmu:394433+mmu:394434+mmu:394435+mmu:394436+mmu:552899+mmu:71773+mmu:72094+mmu:94215+mmu:94284">
        <graphics name="Ugt2b38, 9430041C03Rik, AA986709..." fgcolor="#000000" bgcolor="#BFFFBF"
             type="rectangle" x="619" y="161" width="46" height="17"/>
    </entry>
    <entry id="123" name="mmu:110006 mmu:16591" type="gene" reaction="rn:R01478"
        link="http://www.kegg.jp/dbget-bin/www_bget?mmu:110006+mmu:16591">
        <graphics name="Gusb, AI747421, Gur, Gus, Gus-r, Gus-s, Gus-t, Gus-u, Gut, asd, g..." fgcolor="#000000" bgcolor="#BFFFBF"
             type="rectangle" x="731" y="161" width="46" height="17"/>
    </entry>
    <entry id="124" name="ko:K00697 ko:K16055" type="ortholog" reaction="rn:R02737"
        link="http://www.kegg.jp/dbget-bin/www_bget?K00697+K16055">
        <graphics name="K00697..." fgcolor="#000000" bgcolor="#FFFFFF"
             type="rectangle" x="665" y="314" width="46" height="17"/>
    </entry>
    <entry id="125" name="mmu:14936 mmu:232493" type="gene" reaction="rn:R00292"
        link="http://www.kegg.jp/dbget-bin/www_bget?mmu:14936+mmu:232493">
        <graphics name="Gys1, Gys3, MGS..." fgcolor="#000000" bgcolor="#BFFFBF"
             type="rectangle" x="665" y="343" width="46" height="17"/>
    </entry>
    <entry id="126" name="ko:K00975" type="ortholog" reaction="rn:R00948"
        link="http://www.kegg.jp/dbget-bin/www_bget?K00975">
        <graphics name="K00975" fgcolor="#000000" bgcolor="#FFFFFF"
             type="rectangle" x="611" y="468" width="46" height="17"/>
    </entry>
    <entry id="127" name="mmu:66681 mmu:72157" type="gene" reaction="rn:R00959"
        link="http://www.kegg.jp/dbget-bin/www_bget?mmu:66681+mmu:72157">
        <graphics name="Pgm1, 3230402E02Rik, Pgm-1, Pgm2..." fgcolor="#000000" bgcolor="#BFFFBF"
             type="rectangle" x="578" y="696" width="46" height="17"/>
    </entry>
    <entry id="128" name="path:mmu00010" type="map"
        link="http://www.kegg.jp/dbget-bin/www_bget?mmu00010">
        <graphics name="Glycolysis / Gluconeogenesis" fgcolor="#000000" bgcolor="#FFFFFF"
             type="roundrectangle" x="666" y="689" width="100" height="34"/>
    </entry>
    <entry id="129" name="mmu:14377 mmu:14378 mmu:68401" type="gene" reaction="rn:R01788"
        link="http://www.kegg.jp/dbget-bin/www_bget?mmu:14377+mmu:14378+mmu:68401">
        <graphics name="G6pc, AW107337, G6Pase, G6pt, Glc-6-Pase..." fgcolor="#000000" bgcolor="#BFFFBF"
             type="rectangle" x="437" y="731" width="46" height="17"/>
    </entry>
    <entry id="130" name="mmu:15275 mmu:15277 mmu:212032 mmu:216019" type="gene" reaction="rn:R01786"
        link="http://www.kegg.jp/dbget-bin/www_bget?mmu:15275+mmu:15277+mmu:212032+mmu:216019">
        <graphics name="Hk1, BB404130, Hk-1, Hk1-s, dea, mHk1-s..." fgcolor="#000000" bgcolor="#BFFFBF"
             type="rectangle" x="437" y="754" width="46" height="17"/>
    </entry>
    <entry id="131" name="mmu:103988" type="gene" reaction="rn:R01786"
        link="http://www.kegg.jp/dbget-bin/www_bget?mmu:103988">
        <graphics name="Gck, GLK, Gk, Gls006, HK4, HKIV, HXKP, Hlb62, MODY2" fgcolor="#000000" bgcolor="#BFFFBF"
             type="rectangle" x="437" y="775" width="46" height="17"/>
    </entry>
    <entry id="132" name="mmu:14751" type="gene" reaction="rn:R02740"
        link="http://www.kegg.jp/dbget-bin/www_bget?mmu:14751">
        <graphics name="Gpi1, Amf, Gpi, Gpi-1, Gpi-1r, Gpi-1s, Gpi-1t, Gpi1-r, Gpi1-s, Gpi1-t, Gpi1s, MF, NK, NK/GPI, Nlk, Org, Pgi, Phi" fgcolor="#000000" bgcolor="#BFFFBF"
             type="rectangle" x="580" y="777" width="46" height="17"/>
    </entry>
    <entry id="133" name="mmu:77559" type="gene" reaction="rn:R02109"
        link="http://www.kegg.jp/dbget-bin/www_bget?mmu:77559">
        <graphics name="Agl, 1110061O17Rik, 9430004C13Rik, 9630046L06Rik, AI850929, C77197" fgcolor="#000000" bgcolor="#BFFFBF"
             type="rectangle" x="787" y="633" width="46" height="17"/>
    </entry>
    <entry id="134" name="mmu:74185" type="gene" reaction="rn:R02110"
        link="http://www.kegg.jp/dbget-bin/www_bget?mmu:74185">
        <graphics name="Gbe1, 2310045H19Rik, 2810426P10Rik, D16Ertd536e" fgcolor="#000000" bgcolor="#BFFFBF"
             type="rectangle" x="787" y="604" width="46" height="17"/>
    </entry>
    <entry id="135" name="ko:K01087 ko:K16055" type="ortholog" reaction="rn:R02778"
        link="http://www.kegg.jp/dbget-bin/www_bget?K01087+K16055">
        <graphics name="K01087..." fgcolor="#000000" bgcolor="#FFFFFF"
             type="rectangle" x="855" y="281" width="46" height="17"/>
    </entry>
    <entry id="136" name="ko:K01208" type="ortholog" reaction="rn:R03122"
        link="http://www.kegg.jp/dbget-bin/www_bget?K01208">
        <graphics name="K01208" fgcolor="#000000" bgcolor="#FFFFFF"
             type="rectangle" x="880" y="460" width="46" height="17"/>
    </entry>
    <entry id="137" name="mmu:58866" type="gene" reaction="rn:R00010"
        link="http://www.kegg.jp/dbget-bin/www_bget?mmu:58866">
        <graphics name="Treh, 2210412M19Rik" fgcolor="#000000" bgcolor="#BFFFBF"
             type="rectangle" x="960" y="202" width="46" height="17"/>
    </entry>
    <entry id="138" name="ko:K05342" type="ortholog" reaction="rn:R02727"
        link="http://www.kegg.jp/dbget-bin/www_bget?K05342">
        <graphics name="K05342" fgcolor="#000000" bgcolor="#FFFFFF"
             type="rectangle" x="960" y="227" width="46" height="17"/>
    </entry>
    <entry id="139" name="ko:K01226" type="ortholog" reaction="rn:R00837"
        link="http://www.kegg.jp/dbget-bin/www_bget?K01226">
        <graphics name="K01226" fgcolor="#000000" bgcolor="#FFFFFF"
             type="rectangle" x="903" y="325" width="46" height="17"/>
    </entry>
    <entry id="140" name="ko:K01838" type="ortholog" reaction="rn:R02728"
        link="http://www.kegg.jp/dbget-bin/www_bget?K01838">
        <graphics name="K01838" fgcolor="#000000" bgcolor="#FFFFFF"
             type="rectangle" x="960" y="264" width="46" height="17"/>
    </entry>
    <entry id="141" name="ko:K01232" type="ortholog" reaction="rn:R00838"
        link="http://www.kegg.jp/dbget-bin/www_bget?K01232">
        <graphics name="K01232" fgcolor="#000000" bgcolor="#FFFFFF"
             type="rectangle" x="956" y="347" width="46" height="17"/>
    </entry>
    <entry id="142" name="ko:K00691" type="ortholog" reaction="rn:R01555"
        link="http://www.kegg.jp/dbget-bin/www_bget?K00691">
        <graphics name="K00691" fgcolor="#000000" bgcolor="#FFFFFF"
             type="rectangle" x="1052" y="347" width="46" height="17"/>
    </entry>
    <entry id="143" name="ko:K01177" type="ortholog" reaction="rn:R02112"
        link="http://www.kegg.jp/dbget-bin/www_bget?K01177">
        <graphics name="K01177" fgcolor="#000000" bgcolor="#FFFFFF"
             type="rectangle" x="919" y="520" width="46" height="17"/>
    </entry>
    <entry id="144" name="mmu:100043684 mmu:100043686 mmu:100043688 mmu:109959 mmu:11722" type="gene" reaction="rn:R02108"
        link="http://www.kegg.jp/dbget-bin/www_bget?mmu:100043684+mmu:100043686+mmu:100043688+mmu:109959+mmu:11722">
        <graphics name="Amy2a4, OTTMUSG00000022433, mAmy2-3..." fgcolor="#000000" bgcolor="#BFFFBF"
             type="rectangle" x="919" y="546" width="46" height="17"/>
    </entry>
    <entry id="145" name="mmu:232714" type="gene" reaction="rn:R01790"
        link="http://www.kegg.jp/dbget-bin/www_bget?mmu:232714">
        <graphics name="Mgam, 6030407P20Rik, MGA" fgcolor="#000000" bgcolor="#BFFFBF"
             type="rectangle" x="919" y="604" width="46" height="17"/>
    </entry>
    <entry id="146" name="mmu:14387 mmu:232714 mmu:76051" type="gene" reaction="rn:R00028"
        link="http://www.kegg.jp/dbget-bin/www_bget?mmu:14387+mmu:232714+mmu:76051">
        <graphics name="Gaa, E430018M07Rik..." fgcolor="#000000" bgcolor="#BFFFBF"
             type="rectangle" x="1077" y="553" width="46" height="17"/>
    </entry>
    <entry id="147" name="path:mmu00053" type="map"
        link="http://www.kegg.jp/dbget-bin/www_bget?mmu00053">
        <graphics name="Ascorbate and aldarate metabolism" fgcolor="#000000" bgcolor="#FFFFFF"
             type="roundrectangle" x="910" y="160" width="132" height="25"/>
    </entry>
    <entry id="148" name="path:mmu00040" type="map"
        link="http://www.kegg.jp/dbget-bin/www_bget?mmu00040">
        <graphics name="Pentose and glucuronate interconversions" fgcolor="#000000" bgcolor="#FFFFFF"
             type="roundrectangle" x="106" y="158" width="135" height="34"/>
    </entry>
    <entry id="149" name="path:mmu00830" type="map"
        link="http://www.kegg.jp/dbget-bin/www_bget?mmu00830">
        <graphics name="Retinol metabolism" fgcolor="#000000" bgcolor="#FFFFFF"
             type="roundrectangle" x="682" y="221" width="75" height="34"/>
    </entry>
    <entry id="150" name="ko:K01213" type="ortholog" reaction="rn:R01982"
        link="http://www.kegg.jp/dbget-bin/www_bget?K01213">
        <graphics name="K01213" fgcolor="#000000" bgcolor="#FFFFFF"
             type="rectangle" x="846" y="106" width="46" height="17"/>
    </entry>
    <entry id="151" name="ko:K01184" type="ortholog" reaction="rn:R01982"
        link="http://www.kegg.jp/dbget-bin/www_bget?K01184">
        <graphics name="K01184" fgcolor="#000000" bgcolor="#FFFFFF"
             type="rectangle" x="846" y="85" width="46" height="17"/>
    </entry>
    <entry id="152" name="mmu:110078 mmu:110095 mmu:19309" type="gene" reaction="rn:R02111"
        link="http://www.kegg.jp/dbget-bin/www_bget?mmu:110078+mmu:110095+mmu:19309">
        <graphics name="Pygb..." fgcolor="#000000" bgcolor="#BFFFBF"
             type="rectangle" x="801" y="522" width="46" height="17"/>
    </entry>
    <entry id="153" name="mmu:77559" type="gene" reaction="rn:R05196"
        link="http://www.kegg.jp/dbget-bin/www_bget?mmu:77559">
        <graphics name="Agl, 1110061O17Rik, 9430004C13Rik, 9630046L06Rik, AI850929, C77197" fgcolor="#000000" bgcolor="#BFFFBF"
             type="rectangle" x="1027" y="553" width="46" height="17"/>
    </entry>
    <entry id="154" name="ko:K05341" type="ortholog" reaction="rn:R01823"
        link="http://www.kegg.jp/dbget-bin/www_bget?K05341">
        <graphics name="K05341" fgcolor="#000000" bgcolor="#FFFFFF"
             type="rectangle" x="340" y="370" width="46" height="17"/>
    </entry>
    <entry id="155" name="ko:K00689" type="ortholog" reaction="rn:R02120"
        link="http://www.kegg.jp/dbget-bin/www_bget?K00689">
        <graphics name="K00689" fgcolor="#000000" bgcolor="#FFFFFF"
             type="rectangle" x="390" y="370" width="46" height="17"/>
    </entry>
    <entry id="156" name="ko:K00692" type="ortholog" reaction="rn:R05140"
        link="http://www.kegg.jp/dbget-bin/www_bget?K00692">
        <graphics name="K00692" fgcolor="#000000" bgcolor="#FFFFFF"
             type="rectangle" x="273" y="379" width="46" height="17"/>
    </entry>
    <entry id="157" name="ko:K00703 ko:K16148" type="ortholog" reaction="rn:R02421"
        link="http://www.kegg.jp/dbget-bin/www_bget?K00703+K16148">
        <graphics name="K00703..." fgcolor="#000000" bgcolor="#FFFFFF"
             type="rectangle" x="697" y="468" width="46" height="17"/>
    </entry>
    <entry id="158" name="ko:K00702" type="ortholog" reaction="rn:R00952"
        link="http://www.kegg.jp/dbget-bin/www_bget?K00702">
        <graphics name="K00702" fgcolor="#000000" bgcolor="#FFFFFF"
             type="rectangle" x="1157" y="694" width="46" height="17"/>
    </entry>
    <entry id="159" name="ko:K01225 ko:K19668" type="ortholog" reaction="rn:R02886"
        link="http://www.kegg.jp/dbget-bin/www_bget?K01225+K19668">
        <graphics name="K01225..." fgcolor="#000000" bgcolor="#FFFFFF"
             type="rectangle" x="326" y="538" width="46" height="17"/>
    </entry>
    <entry id="160" name="ko:K01210" type="ortholog" reaction="rn:R03115"
        link="http://www.kegg.jp/dbget-bin/www_bget?K01210">
        <graphics name="K01210" fgcolor="#000000" bgcolor="#FFFFFF"
             type="rectangle" x="300" y="438" width="46" height="17"/>
    </entry>
    <entry id="161" name="ko:K00692" type="ortholog" reaction="rn:R05140"
        link="http://www.kegg.jp/dbget-bin/www_bget?K00692">
        <graphics name="K00692" fgcolor="#000000" bgcolor="#FFFFFF"
             type="rectangle" x="296" y="274" width="46" height="17"/>
    </entry>
    <entry id="162" name="ko:K01212" type="ortholog" reaction="rn:R05624"
        link="http://www.kegg.jp/dbget-bin/www_bget?K01212">
        <graphics name="K01212" fgcolor="#000000" bgcolor="#FFFFFF"
             type="rectangle" x="196" y="276" width="46" height="17"/>
    </entry>
    <entry id="169" name="ko:K00690" type="ortholog" reaction="rn:R00803"
        link="http://www.kegg.jp/dbget-bin/www_bget?K00690">
        <graphics name="K00690" fgcolor="#000000" bgcolor="#FFFFFF"
             type="rectangle" x="625" y="434" width="46" height="17"/>
    </entry>
    <entry id="170" name="ko:K18447" type="ortholog" reaction="rn:R00951"
        link="http://www.kegg.jp/dbget-bin/www_bget?K18447">
        <graphics name="K18447" fgcolor="#000000" bgcolor="#FFFFFF"
             type="rectangle" x="659" y="501" width="46" height="17"/>
    </entry>
    <entry id="171" name="mmu:69983" type="gene" reaction="rn:R01791"
        link="http://www.kegg.jp/dbget-bin/www_bget?mmu:69983">
        <graphics name="Sis, 2010204N08Rik, SI, Si-s" fgcolor="#000000" bgcolor="#BFFFBF"
             type="rectangle" x="995" y="573" width="46" height="17"/>
    </entry>
    <entry id="172" name="mmu:232714" type="gene" reaction="rn:R01791"
        link="http://www.kegg.jp/dbget-bin/www_bget?mmu:232714">
        <graphics name="Mgam, 6030407P20Rik, MGA" fgcolor="#000000" bgcolor="#BFFFBF"
             type="rectangle" x="945" y="573" width="46" height="17"/>
    </entry>
    <entry id="173" name="mmu:69983" type="gene" reaction="rn:R01718"
        link="http://www.kegg.jp/dbget-bin/www_bget?mmu:69983">
        <graphics name="Sis, 2010204N08Rik, SI, Si-s" fgcolor="#000000" bgcolor="#BFFFBF"
             type="rectangle" x="974" y="683" width="46" height="17"/>
    </entry>
    <entry id="174" name="ko:K02777 ko:K02817 ko:K02818 ko:K02819" type="ortholog" reaction="rn:R02780"
        link="http://www.kegg.jp/dbget-bin/www_bget?K02777+K02817+K02818+K02819">
        <graphics name="K02777..." fgcolor="#000000" bgcolor="#FFFFFF"
             type="rectangle" x="856" y="349" width="46" height="17"/>
    </entry>
    <entry id="175" name="ko:K02777 ko:K02790 ko:K02791" type="ortholog" reaction="rn:R04111"
        link="http://www.kegg.jp/dbget-bin/www_bget?K02777+K02790+K02791">
        <graphics name="K02777..." fgcolor="#000000" bgcolor="#FFFFFF"
             type="rectangle" x="956" y="414" width="46" height="17"/>
    </entry>
    <entry id="176" name="ko:K05343" type="ortholog" reaction="rn:R01557"
        link="http://www.kegg.jp/dbget-bin/www_bget?K05343">
        <graphics name="K05343" fgcolor="#000000" bgcolor="#FFFFFF"
             type="rectangle" x="1024" y="382" width="46" height="17"/>
    </entry>
    <entry id="177" name="cpd:C00668" type="compound"
        link="http://www.kegg.jp/dbget-bin/www_bget?C00668">
        <graphics name="C00668" fgcolor="#000000" bgcolor="#FFFFFF"
             type="circle" x="67" y="299" width="8" height="8"/>
    </entry>
    <entry id="178" name="cpd:C02336" type="compound"
        link="http://www.kegg.jp/dbget-bin/www_bget?C02336">
        <graphics name="C02336" fgcolor="#000000" bgcolor="#FFFFFF"
             type="circle" x="113" y="342" width="8" height="8"/>
    </entry>
    <entry id="179" name="cpd:C00181" type="compound"
        link="http://www.kegg.jp/dbget-bin/www_bget?C00181">
        <graphics name="C00181" fgcolor="#000000" bgcolor="#FFFFFF"
             type="circle" x="241" y="160" width="8" height="8"/>
    </entry>
    <entry id="180" name="cpd:C02352" type="compound"
        link="http://www.kegg.jp/dbget-bin/www_bget?C02352">
        <graphics name="C02352" fgcolor="#000000" bgcolor="#FFFFFF"
             type="circle" x="358" y="160" width="8" height="8"/>
    </entry>
    <entry id="181" name="cpd:C00190" type="compound"
        link="http://www.kegg.jp/dbget-bin/www_bget?C00190">
        <graphics name="C00190" fgcolor="#000000" bgcolor="#FFFFFF"
             type="circle" x="464" y="160" width="8" height="8"/>
    </entry>
    <entry id="182" name="cpd:C00714" type="compound"
        link="http://www.kegg.jp/dbget-bin/www_bget?C00714">
        <graphics name="C00714" fgcolor="#000000" bgcolor="#FFFFFF"
             type="circle" x="680" y="95" width="8" height="8"/>
    </entry>
    <entry id="183" name="cpd:C00470" type="compound"
        link="http://www.kegg.jp/dbget-bin/www_bget?C00470">
        <graphics name="C00470" fgcolor="#000000" bgcolor="#FFFFFF"
             type="circle" x="794" y="95" width="8" height="8"/>
    </entry>
    <entry id="184" name="cpd:C00333" type="compound"
        link="http://www.kegg.jp/dbget-bin/www_bget?C00333">
        <graphics name="C00333" fgcolor="#000000" bgcolor="#FFFFFF"
             type="circle" x="908" y="95" width="8" height="8"/>
    </entry>
    <entry id="185" name="cpd:C00617" type="compound"
        link="http://www.kegg.jp/dbget-bin/www_bget?C00617">
        <graphics name="C00617" fgcolor="#000000" bgcolor="#FFFFFF"
             type="circle" x="566" y="95" width="8" height="8"/>
    </entry>
    <entry id="186" name="cpd:C05731" type="compound"
        link="http://www.kegg.jp/dbget-bin/www_bget?C05731">
        <graphics name="C05731" fgcolor="#000000" bgcolor="#FFFFFF"
             type="circle" x="490" y="306" width="8" height="8"/>
    </entry>
    <entry id="187" name="cpd:C02591" type="compound"
        link="http://www.kegg.jp/dbget-bin/www_bget?C02591">
        <graphics name="C02591" fgcolor="#000000" bgcolor="#FFFFFF"
             type="circle" x="365" y="251" width="8" height="8"/>
    </entry>
    <entry id="188" name="cpd:C00089" type="compound"
        link="http://www.kegg.jp/dbget-bin/www_bget?C00089">
        <graphics name="C00089" fgcolor="#000000" bgcolor="#FFFFFF"
             type="circle" x="365" y="342" width="8" height="8"/>
    </entry>
    <entry id="189" name="cpd:C00167" type="compound"
        link="http://www.kegg.jp/dbget-bin/www_bget?C00167">
        <graphics name="C00167" fgcolor="#000000" bgcolor="#FFFFFF"
             type="circle" x="566" y="160" width="8" height="8"/>
    </entry>
    <entry id="190" name="cpd:C03033" type="compound"
        link="http://www.kegg.jp/dbget-bin/www_bget?C03033">
        <graphics name="C03033" fgcolor="#000000" bgcolor="#FFFFFF"
             type="circle" x="680" y="160" width="8" height="8"/>
    </entry>
    <entry id="191" name="cpd:C00191" type="compound"
        link="http://www.kegg.jp/dbget-bin/www_bget?C00191">
        <graphics name="C00191" fgcolor="#000000" bgcolor="#FFFFFF"
             type="circle" x="794" y="160" width="8" height="8"/>
    </entry>
    <entry id="192" name="cpd:C00029" type="compound"
        link="http://www.kegg.jp/dbget-bin/www_bget?C00029">
        <graphics name="C00029" fgcolor="#000000" bgcolor="#FFFFFF"
             type="circle" x="566" y="342" width="8" height="8"/>
    </entry>
    <entry id="193" name="cpd:C00267" type="compound"
        link="http://www.kegg.jp/dbget-bin/www_bget?C00267">
        <graphics name="C00267" fgcolor="#000000" bgcolor="#FFFFFF"
             type="circle" x="191" y="462" width="8" height="8"/>
    </entry>
    <entry id="194" name="cpd:C00031" type="compound"
        link="http://www.kegg.jp/dbget-bin/www_bget?C00031">
        <graphics name="C00031" fgcolor="#000000" bgcolor="#FFFFFF"
             type="circle" x="273" y="417" width="8" height="8"/>
    </entry>
    <entry id="195" name="cpd:C00221" type="compound"
        link="http://www.kegg.jp/dbget-bin/www_bget?C00221">
        <graphics name="C00221" fgcolor="#000000" bgcolor="#FFFFFF"
             type="circle" x="166" y="541" width="8" height="8"/>
    </entry>
    <entry id="196" name="cpd:C05345" type="compound"
        link="http://www.kegg.jp/dbget-bin/www_bget?C05345">
        <graphics name="C05345" fgcolor="#000000" bgcolor="#FFFFFF"
             type="circle" x="581" y="807" width="8" height="8"/>
    </entry>
    <entry id="197" name="cpd:C00668" type="compound"
        link="http://www.kegg.jp/dbget-bin/www_bget?C00668">
        <graphics name="C00668" fgcolor="#000000" bgcolor="#FFFFFF"
             type="circle" x="578" y="730" width="8" height="8"/>
    </entry>
    <entry id="198" name="cpd:C00267" type="compound"
        link="http://www.kegg.jp/dbget-bin/www_bget?C00267">
        <graphics name="C00267" fgcolor="#000000" bgcolor="#FFFFFF"
             type="circle" x="306" y="764" width="8" height="8"/>
    </entry>
    <entry id="199" name="cpd:C01231" type="compound"
        link="http://www.kegg.jp/dbget-bin/www_bget?C01231">
        <graphics name="C01231" fgcolor="#000000" bgcolor="#FFFFFF"
             type="circle" x="388" y="681" width="8" height="8"/>
    </entry>
    <entry id="200" name="cpd:C00501" type="compound"
        link="http://www.kegg.jp/dbget-bin/www_bget?C00501">
        <graphics name="C00501" fgcolor="#000000" bgcolor="#FFFFFF"
             type="circle" x="472" y="603" width="8" height="8"/>
    </entry>
    <entry id="201" name="cpd:C00103" type="compound"
        link="http://www.kegg.jp/dbget-bin/www_bget?C00103">
        <graphics name="C00103" fgcolor="#000000" bgcolor="#FFFFFF"
             type="circle" x="571" y="526" width="8" height="8"/>
    </entry>
    <entry id="202" name="cpd:C00394" type="compound"
        link="http://www.kegg.jp/dbget-bin/www_bget?C00394">
        <graphics name="C00394" fgcolor="#000000" bgcolor="#FFFFFF"
             type="circle" x="448" y="527" width="8" height="8"/>
    </entry>
    <entry id="203" name="cpd:C00965" type="compound"
        link="http://www.kegg.jp/dbget-bin/www_bget?C00965">
        <graphics name="C00965" fgcolor="#000000" bgcolor="#FFFFFF"
             type="circle" x="390" y="417" width="8" height="8"/>
    </entry>
    <entry id="204" name="cpd:C00498" type="compound"
        link="http://www.kegg.jp/dbget-bin/www_bget?C00498">
        <graphics name="C00498" fgcolor="#000000" bgcolor="#FFFFFF"
             type="circle" x="659" y="467" width="8" height="8"/>
    </entry>
    <entry id="205" name="cpd:C00208" type="compound"
        link="http://www.kegg.jp/dbget-bin/www_bget?C00208">
        <graphics name="C00208" fgcolor="#000000" bgcolor="#FFFFFF"
             type="circle" x="1052" y="519" width="8" height="8"/>
    </entry>
    <entry id="206" name="cpd:C00721" type="compound"
        link="http://www.kegg.jp/dbget-bin/www_bget?C00721">
        <graphics name="C00721" fgcolor="#000000" bgcolor="#FFFFFF"
             type="circle" x="970" y="545" width="8" height="8"/>
    </entry>
    <entry id="207" name="cpd:C01935" type="compound"
        link="http://www.kegg.jp/dbget-bin/www_bget?C01935">
        <graphics name="C01935" fgcolor="#000000" bgcolor="#FFFFFF"
             type="circle" x="879" y="493" width="8" height="8"/>
    </entry>
    <entry id="208" name="cpd:C00973" type="compound"
        link="http://www.kegg.jp/dbget-bin/www_bget?C00973">
        <graphics name="C00973" fgcolor="#000000" bgcolor="#FFFFFF"
             type="circle" x="879" y="435" width="8" height="8"/>
    </entry>
    <entry id="209" name="cpd:C01172" type="compound"
        link="http://www.kegg.jp/dbget-bin/www_bget?C01172">
        <graphics name="C01172" fgcolor="#000000" bgcolor="#FFFFFF"
             type="circle" x="915" y="263" width="8" height="8"/>
    </entry>
    <entry id="210" name="cpd:C00689" type="compound"
        link="http://www.kegg.jp/dbget-bin/www_bget?C00689">
        <graphics name="C00689" fgcolor="#000000" bgcolor="#FFFFFF"
             type="circle" x="855" y="314" width="8" height="8"/>
    </entry>
    <entry id="211" name="cpd:C01083" type="compound"
        link="http://www.kegg.jp/dbget-bin/www_bget?C01083">
        <graphics name="C01083" fgcolor="#000000" bgcolor="#FFFFFF"
             type="circle" x="855" y="226" width="8" height="8"/>
    </entry>
    <entry id="212" name="cpd:C00663" type="compound"
        link="http://www.kegg.jp/dbget-bin/www_bget?C00663">
        <graphics name="C00663" fgcolor="#000000" bgcolor="#FFFFFF"
             type="circle" x="1006" y="263" width="8" height="8"/>
    </entry>
    <entry id="213" name="cpd:C00031" type="compound"
        link="http://www.kegg.jp/dbget-bin/www_bget?C00031">
        <graphics name="C00031" fgcolor="#000000" bgcolor="#FFFFFF"
             type="circle" x="1052" y="226" width="8" height="8"/>
    </entry>
    <entry id="214" name="cpd:C02995" type="compound"
        link="http://www.kegg.jp/dbget-bin/www_bget?C02995">
        <graphics name="C02995" fgcolor="#000000" bgcolor="#FFFFFF"
             type="circle" x="955" y="379" width="8" height="8"/>
    </entry>
    <entry id="215" name="cpd:C00089" type="compound"
        link="http://www.kegg.jp/dbget-bin/www_bget?C00089">
        <graphics name="C00089" fgcolor="#000000" bgcolor="#FFFFFF"
             type="circle" x="211" y="230" width="8" height="8"/>
    </entry>
    <entry id="216" name="cpd:C01083" type="compound"
        link="http://www.kegg.jp/dbget-bin/www_bget?C01083">
        <graphics name="C01083" fgcolor="#000000" bgcolor="#FFFFFF"
             type="circle" x="855" y="376" width="8" height="8"/>
    </entry>
    <entry id="217" name="cpd:C01798" type="compound"
        link="http://www.kegg.jp/dbget-bin/www_bget?C01798">
        <graphics name="C01798" fgcolor="#000000" bgcolor="#FFFFFF"
             type="circle" x="348" y="462" width="8" height="8"/>
    </entry>
    <entry id="218" name="cpd:C00718" type="compound"
        link="http://www.kegg.jp/dbget-bin/www_bget?C00718">
        <graphics name="C00718" fgcolor="#000000" bgcolor="#FFFFFF"
             type="circle" x="736" y="563" width="8" height="8"/>
    </entry>
    <entry id="219" name="cpd:C00267" type="compound"
        link="http://www.kegg.jp/dbget-bin/www_bget?C00267">
        <graphics name="C00267" fgcolor="#000000" bgcolor="#FFFFFF"
             type="circle" x="970" y="603" width="8" height="8"/>
    </entry>
    <entry id="220" name="cpd:C00185" type="compound"
        link="http://www.kegg.jp/dbget-bin/www_bget?C00185">
        <graphics name="C00185" fgcolor="#000000" bgcolor="#FFFFFF"
             type="circle" x="1157" y="755" width="8" height="8"/>
    </entry>
    <entry id="221" name="cpd:C00095" type="compound"
        link="http://www.kegg.jp/dbget-bin/www_bget?C00095">
        <graphics name="C00095" fgcolor="#000000" bgcolor="#FFFFFF"
             type="circle" x="582" y="404" width="8" height="8"/>
    </entry>
    <entry id="222" name="cpd:C00089" type="compound"
        link="http://www.kegg.jp/dbget-bin/www_bget?C00089">
        <graphics name="C00089" fgcolor="#000000" bgcolor="#FFFFFF"
             type="circle" x="678" y="433" width="8" height="8"/>
    </entry>
    <entry id="223" name="cpd:C00095" type="compound"
        link="http://www.kegg.jp/dbget-bin/www_bget?C00095">
        <graphics name="C00095" fgcolor="#000000" bgcolor="#FFFFFF"
             type="circle" x="365" y="398" width="8" height="8"/>
    </entry>
    <entry id="224" name="cpd:C00185" type="compound"
        link="http://www.kegg.jp/dbget-bin/www_bget?C00185">
        <graphics name="C00185" fgcolor="#000000" bgcolor="#FFFFFF"
             type="circle" x="259" y="514" width="8" height="8"/>
    </entry>
    <entry id="225" name="cpd:C06215" type="compound"
        link="http://www.kegg.jp/dbget-bin/www_bget?C06215">
        <graphics name="C06215" fgcolor="#000000" bgcolor="#FFFFFF"
             type="circle" x="147" y="273" width="8" height="8"/>
    </entry>
    <entry id="226" name="cpd:C06215" type="compound"
        link="http://www.kegg.jp/dbget-bin/www_bget?C06215">
        <graphics name="C06215" fgcolor="#000000" bgcolor="#FFFFFF"
             type="circle" x="248" y="273" width="8" height="8"/>
    </entry>
    <entry id="227" name="cpd:C02013" type="compound"
        link="http://www.kegg.jp/dbget-bin/www_bget?C02013">
        <graphics name="C02013" fgcolor="#000000" bgcolor="#FFFFFF"
             type="circle" x="977" y="755" width="8" height="8"/>
    </entry>
    <entry id="228" name="cpd:C06219" type="compound"
        link="http://www.kegg.jp/dbget-bin/www_bget?C06219">
        <graphics name="C06219" fgcolor="#000000" bgcolor="#FFFFFF"
             type="circle" x="1067" y="755" width="8" height="8"/>
    </entry>
    <entry id="229" name="cpd:C06218" type="compound"
        link="http://www.kegg.jp/dbget-bin/www_bget?C06218">
        <graphics name="C06218" fgcolor="#000000" bgcolor="#FFFFFF"
             type="circle" x="887" y="755" width="8" height="8"/>
    </entry>
    <entry id="230" name="cpd:C06217" type="compound"
        link="http://www.kegg.jp/dbget-bin/www_bget?C06217">
        <graphics name="C06217" fgcolor="#000000" bgcolor="#FFFFFF"
             type="circle" x="797" y="755" width="8" height="8"/>
    </entry>
    <entry id="231" name="cpd:C06216" type="compound"
        link="http://www.kegg.jp/dbget-bin/www_bget?C06216">
        <graphics name="C06216" fgcolor="#000000" bgcolor="#FFFFFF"
             type="circle" x="707" y="755" width="8" height="8"/>
    </entry>
    <entry id="232" name="cpd:C00208" type="compound"
        link="http://www.kegg.jp/dbget-bin/www_bget?C00208">
        <graphics name="C00208" fgcolor="#000000" bgcolor="#FFFFFF"
             type="circle" x="955" y="441" width="8" height="8"/>
    </entry>
    <entry id="233" name="cpd:C00252" type="compound"
        link="http://www.kegg.jp/dbget-bin/www_bget?C00252">
        <graphics name="C00252" fgcolor="#000000" bgcolor="#FFFFFF"
             type="circle" x="974" y="711" width="8" height="8"/>
    </entry>
    <entry id="240" name="cpd:C16688" type="compound"
        link="http://www.kegg.jp/dbget-bin/www_bget?C16688">
        <graphics name="C16688" fgcolor="#000000" bgcolor="#FFFFFF"
             type="circle" x="113" y="230" width="8" height="8"/>
    </entry>
    <entry id="241" name="path:mmu00520" type="map"
        link="http://www.kegg.jp/dbget-bin/www_bget?mmu00520">
        <graphics name="Amino sugar and nucleotide sugar metabolism" fgcolor="#000000" bgcolor="#FFFFFF"
             type="roundrectangle" x="334" y="600" width="153" height="34"/>
    </entry>
    <entry id="242" name="path:mmu00520" type="map"
        link="http://www.kegg.jp/dbget-bin/www_bget?mmu00520">
        <graphics name="Amino sugar and nucleotide sugar metabolism" fgcolor="#000000" bgcolor="#FFFFFF"
             type="roundrectangle" x="435" y="95" width="153" height="34"/>
    </entry>
    <entry id="243" name="cpd:C00760" type="compound"
        link="http://www.kegg.jp/dbget-bin/www_bget?C00760">
        <graphics name="C00760" fgcolor="#000000" bgcolor="#FFFFFF"
             type="circle" x="259" y="541" width="8" height="8"/>
    </entry>
    <entry id="244" name="cpd:C00760" type="compound"
        link="http://www.kegg.jp/dbget-bin/www_bget?C00760">
        <graphics name="C00760" fgcolor="#000000" bgcolor="#FFFFFF"
             type="circle" x="363" y="527" width="8" height="8"/>
    </entry>
    <entry id="246" name="cpd:C20237" type="compound"
        link="http://www.kegg.jp/dbget-bin/www_bget?C20237">
        <graphics name="C20237" fgcolor="#000000" bgcolor="#FFFFFF"
             type="circle" x="1122" y="644" width="8" height="8"/>
    </entry>
    <entry id="248" name="ko:K16146" type="ortholog" reaction="rn:R09945"
        link="http://www.kegg.jp/dbget-bin/www_bget?K16146">
        <graphics name="K16146" fgcolor="#000000" bgcolor="#FFFFFF"
             type="rectangle" x="1123" y="580" width="46" height="17"/>
    </entry>
    <entry id="249" name="ko:K16147" type="ortholog" reaction="rn:R09994"
        link="http://www.kegg.jp/dbget-bin/www_bget?K16147">
        <graphics name="K16147" fgcolor="#000000" bgcolor="#FFFFFF"
             type="rectangle" x="1043" y="644" width="46" height="17"/>
    </entry>
    <entry id="251" name="cpd:C00369" type="compound"
        link="http://www.kegg.jp/dbget-bin/www_bget?C00369">
        <graphics name="C00369" fgcolor="#000000" bgcolor="#FFFFFF"
             type="circle" x="839" y="521" width="8" height="8"/>
    </entry>
    <entry id="252" name="ko:K02438 ko:K06044 ko:K01236" type="ortholog" reaction="rn:R09995"
        link="http://www.kegg.jp/dbget-bin/www_bget?K02438+K06044+K01236">
        <graphics name="K02438..." fgcolor="#000000" bgcolor="#FFFFFF"
             type="rectangle" x="782" y="358" width="46" height="17"/>
    </entry>
    <entry id="255" name="ko:K13057" type="ortholog" reaction="rn:R08946"
        link="http://www.kegg.jp/dbget-bin/www_bget?K13057">
        <graphics name="K13057" fgcolor="#000000" bgcolor="#FFFFFF"
             type="rectangle" x="801" y="227" width="46" height="17"/>
    </entry>
    <entry id="256" name="ko:K06896" type="ortholog" reaction="rn:R10486"
        link="http://www.kegg.jp/dbget-bin/www_bget?K06896">
        <graphics name="K06896" fgcolor="#000000" bgcolor="#FFFFFF"
             type="rectangle" x="991" y="440" width="46" height="17"/>
    </entry>
    <entry id="257" name="ko:K18775" type="ortholog" reaction="rn:R10784"
        link="http://www.kegg.jp/dbget-bin/www_bget?K18775">
        <graphics name="K18775" fgcolor="#000000" bgcolor="#FFFFFF"
             type="rectangle" x="196" y="300" width="46" height="17"/>
    </entry>
    <relation entry1="133" entry2="173" type="ECrel">
        <subtype name="compound" value="219"/>
    </relation>
    <relation entry1="145" entry2="173" type="ECrel">
        <subtype name="compound" value="219"/>
    </relation>
    <relation entry1="172" entry2="173" type="ECrel">
        <subtype name="compound" value="219"/>
    </relation>
    <relation entry1="171" entry2="173" type="ECrel">
        <subtype name="compound" value="219"/>
    </relation>
    <relation entry1="153" entry2="173" type="ECrel">
        <subtype name="compound" value="219"/>
    </relation>
    <relation entry1="146" entry2="173" type="ECrel">
        <subtype name="compound" value="219"/>
    </relation>
    <relation entry1="133" entry2="145" type="ECrel">
        <subtype name="compound" value="219"/>
    </relation>
    <relation entry1="133" entry2="172" type="ECrel">
        <subtype name="compound" value="219"/>
    </relation>
    <relation entry1="133" entry2="171" type="ECrel">
        <subtype name="compound" value="219"/>
    </relation>
    <relation entry1="133" entry2="153" type="ECrel">
        <subtype name="compound" value="219"/>
    </relation>
    <relation entry1="133" entry2="146" type="ECrel">
        <subtype name="compound" value="219"/>
    </relation>
    <relation entry1="145" entry2="171" type="ECrel">
        <subtype name="compound" value="219"/>
    </relation>
    <relation entry1="145" entry2="153" type="ECrel">
        <subtype name="compound" value="219"/>
    </relation>
    <relation entry1="145" entry2="146" type="ECrel">
        <subtype name="compound" value="219"/>
    </relation>
    <relation entry1="153" entry2="172" type="ECrel">
        <subtype name="compound" value="219"/>
    </relation>
    <relation entry1="146" entry2="172" type="ECrel">
        <subtype name="compound" value="219"/>
    </relation>
    <relation entry1="153" entry2="171" type="ECrel">
        <subtype name="compound" value="219"/>
    </relation>
    <relation entry1="146" entry2="171" type="ECrel">
        <subtype name="compound" value="219"/>
    </relation>
    <relation entry1="144" entry2="172" type="ECrel">
        <subtype name="compound" value="206"/>
    </relation>
    <relation entry1="144" entry2="171" type="ECrel">
        <subtype name="compound" value="206"/>
    </relation>
    <relation entry1="134" entry2="152" type="ECrel">
        <subtype name="compound" value="218"/>
    </relation>
    <relation entry1="134" entry2="152" type="ECrel">
        <subtype name="compound" value="251"/>
    </relation>
    <relation entry1="133" entry2="152" type="ECrel">
        <subtype name="compound" value="218"/>
    </relation>
    <relation entry1="133" entry2="152" type="ECrel">
        <subtype name="compound" value="251"/>
    </relation>
    <relation entry1="144" entry2="152" type="ECrel">
        <subtype name="compound" value="251"/>
    </relation>
    <relation entry1="133" entry2="134" type="ECrel">
        <subtype name="compound" value="218"/>
    </relation>
    <relation entry1="133" entry2="134" type="ECrel">
        <subtype name="compound" value="251"/>
    </relation>
    <relation entry1="134" entry2="144" type="ECrel">
        <subtype name="compound" value="251"/>
    </relation>
    <relation entry1="133" entry2="144" type="ECrel">
        <subtype name="compound" value="251"/>
    </relation>
    <relation entry1="125" entry2="152" type="ECrel">
        <subtype name="compound" value="218"/>
    </relation>
    <relation entry1="125" entry2="134" type="ECrel">
        <subtype name="compound" value="218"/>
    </relation>
    <relation entry1="125" entry2="133" type="ECrel">
        <subtype name="compound" value="218"/>
    </relation>
    <relation entry1="88" entry2="132" type="ECrel">
        <subtype name="compound" value="196"/>
    </relation>
    <relation entry1="127" entry2="132" type="ECrel">
        <subtype name="compound" value="197"/>
    </relation>
    <relation entry1="127" entry2="131" type="ECrel">
        <subtype name="compound" value="197"/>
    </relation>
    <relation entry1="127" entry2="130" type="ECrel">
        <subtype name="compound" value="197"/>
    </relation>
    <relation entry1="127" entry2="129" type="ECrel">
        <subtype name="compound" value="197"/>
    </relation>
    <relation entry1="131" entry2="132" type="ECrel">
        <subtype name="compound" value="197"/>
    </relation>
    <relation entry1="130" entry2="132" type="ECrel">
        <subtype name="compound" value="197"/>
    </relation>
    <relation entry1="129" entry2="132" type="ECrel">
        <subtype name="compound" value="197"/>
    </relation>
    <relation entry1="104" entry2="122" type="ECrel">
        <subtype name="compound" value="189"/>
    </relation>
    <relation entry1="104" entry2="119" type="ECrel">
        <subtype name="compound" value="189"/>
    </relation>
    <relation entry1="119" entry2="122" type="ECrel">
        <subtype name="compound" value="189"/>
    </relation>
    <relation entry1="122" entry2="123" type="ECrel">
        <subtype name="compound" value="190"/>
    </relation>
    <relation entry1="119" entry2="125" type="ECrel">
        <subtype name="compound" value="192"/>
    </relation>
    <relation entry1="119" entry2="120" type="ECrel">
        <subtype name="compound" value="192"/>
    </relation>
    <relation entry1="111" entry2="119" type="ECrel">
        <subtype name="compound" value="192"/>
    </relation>
    <relation entry1="120" entry2="125" type="ECrel">
        <subtype name="compound" value="192"/>
    </relation>
    <relation entry1="111" entry2="125" type="ECrel">
        <subtype name="compound" value="192"/>
    </relation>
    <relation entry1="120" entry2="152" type="ECrel">
        <subtype name="compound" value="201"/>
    </relation>
    <relation entry1="120" entry2="127" type="ECrel">
        <subtype name="compound" value="201"/>
    </relation>
    <relation entry1="116" entry2="120" type="ECrel">
        <subtype name="compound" value="201"/>
    </relation>
    <relation entry1="127" entry2="152" type="ECrel">
        <subtype name="compound" value="201"/>
    </relation>
    <relation entry1="116" entry2="152" type="ECrel">
        <subtype name="compound" value="201"/>
    </relation>
    <relation entry1="111" entry2="152" type="ECrel">
        <subtype name="compound" value="201"/>
    </relation>
    <relation entry1="116" entry2="127" type="ECrel">
        <subtype name="compound" value="201"/>
    </relation>
    <relation entry1="111" entry2="127" type="ECrel">
        <subtype name="compound" value="201"/>
    </relation>
    <relation entry1="111" entry2="116" type="ECrel">
        <subtype name="compound" value="201"/>
    </relation>
    <relation entry1="123" entry2="147" type="maplink">
        <subtype name="compound" value="191"/>
    </relation>
    <relation entry1="122" entry2="149" type="maplink">
        <subtype name="compound" value="190"/>
    </relation>
    <relation entry1="123" entry2="149" type="maplink">
        <subtype name="compound" value="190"/>
    </relation>
    <relation entry1="120" entry2="128" type="maplink">
        <subtype name="compound" value="201"/>
    </relation>
    <relation entry1="152" entry2="128" type="maplink">
        <subtype name="compound" value="201"/>
    </relation>
    <relation entry1="127" entry2="128" type="maplink">
        <subtype name="compound" value="201"/>
    </relation>
    <relation entry1="116" entry2="128" type="maplink">
        <subtype name="compound" value="201"/>
    </relation>
    <relation entry1="111" entry2="128" type="maplink">
        <subtype name="compound" value="201"/>
    </relation>
    <relation entry1="95" entry2="88" type="ECrel">
        <subtype name="compound" value="178"/>
    </relation>
    <relation entry1="97" entry2="88" type="ECrel">
        <subtype name="compound" value="178"/>
    </relation>
    <reaction id="88" name="rn:R03920" type="reversible">
        <substrate id="178" name="cpd:C02336"/>
        <product id="196" name="cpd:C05345"/>
    </reaction>
    <reaction id="95" name="rn:R00802" type="irreversible">
        <substrate id="188" name="cpd:C00089"/>
        <product id="193" name="cpd:C00267"/>
        <product id="178" name="cpd:C02336"/>
    </reaction>
    <reaction id="97" name="rn:R00802" type="irreversible">
        <substrate id="188" name="cpd:C00089"/>
        <product id="193" name="cpd:C00267"/>
        <product id="178" name="cpd:C02336"/>
    </reaction>
    <reaction id="104" name="rn:R01384" type="irreversible">
        <substrate id="189" name="cpd:C00167"/>
        <product id="181" name="cpd:C00190"/>
    </reaction>
    <reaction id="111" name="rn:R00287" type="irreversible">
        <substrate id="192" name="cpd:C00029"/>
        <product id="201" name="cpd:C00103"/>
    </reaction>
    <reaction id="116" name="rn:R01660" type="irreversible">
        <substrate id="201" name="cpd:C00103"/>
        <product id="199" name="cpd:C01231"/>
    </reaction>
    <reaction id="119" name="rn:R00286" type="irreversible">
        <substrate id="192" name="cpd:C00029"/>
        <product id="189" name="cpd:C00167"/>
    </reaction>
    <reaction id="120" name="rn:R00289" type="irreversible">
        <substrate id="201" name="cpd:C00103"/>
        <product id="192" name="cpd:C00029"/>
    </reaction>
    <reaction id="122" name="rn:R01383" type="irreversible">
        <substrate id="189" name="cpd:C00167"/>
        <product id="190" name="cpd:C03033"/>
    </reaction>
    <reaction id="123" name="rn:R01478" type="irreversible">
        <substrate id="190" name="cpd:C03033"/>
        <product id="191" name="cpd:C00191"/>
    </reaction>
    <reaction id="125" name="rn:R00292" type="irreversible">
        <substrate id="192" name="cpd:C00029"/>
        <product id="218" name="cpd:C00718"/>
    </reaction>
    <reaction id="127" name="rn:R00959" type="reversible">
        <substrate id="201" name="cpd:C00103"/>
        <product id="197" name="cpd:C00668"/>
    </reaction>
    <reaction id="129" name="rn:R01788" type="reversible">
        <substrate id="197" name="cpd:C00668"/>
        <product id="198" name="cpd:C00267"/>
    </reaction>
    <reaction id="130" name="rn:R01786" type="reversible">
        <substrate id="198" name="cpd:C00267"/>
        <product id="197" name="cpd:C00668"/>
    </reaction>
    <reaction id="131" name="rn:R01786" type="irreversible">
        <substrate id="198" name="cpd:C00267"/>
        <product id="197" name="cpd:C00668"/>
    </reaction>
    <reaction id="132" name="rn:R02740" type="reversible">
        <substrate id="197" name="cpd:C00668"/>
        <product id="196" name="cpd:C05345"/>
    </reaction>
    <reaction id="133" name="rn:R02109" type="reversible">
        <substrate id="251" name="cpd:C00369"/>
        <product id="219" name="cpd:C00267"/>
        <product id="218" name="cpd:C00718"/>
    </reaction>
    <reaction id="134" name="rn:R02110" type="irreversible">
        <substrate id="218" name="cpd:C00718"/>
        <product id="251" name="cpd:C00369"/>
    </reaction>
    <reaction id="137" name="rn:R00010" type="irreversible">
        <substrate id="211" name="cpd:C01083"/>
        <product id="213" name="cpd:C00031"/>
    </reaction>
    <reaction id="144" name="rn:R02108" type="irreversible">
        <substrate id="251" name="cpd:C00369"/>
        <product id="206" name="cpd:C00721"/>
    </reaction>
    <reaction id="145" name="rn:R01790" type="irreversible">
        <substrate id="251" name="cpd:C00369"/>
        <product id="219" name="cpd:C00267"/>
    </reaction>
    <reaction id="146" name="rn:R00028" type="irreversible">
        <substrate id="205" name="cpd:C00208"/>
        <product id="219" name="cpd:C00267"/>
    </reaction>
    <reaction id="152" name="rn:R02111" type="irreversible">
        <substrate id="251" name="cpd:C00369"/>
        <product id="201" name="cpd:C00103"/>
        <product id="218" name="cpd:C00718"/>
    </reaction>
    <reaction id="153" name="rn:R05196" type="irreversible">
        <substrate id="219" name="cpd:C00267"/>
        <product id="205" name="cpd:C00208"/>
    </reaction>
    <reaction id="171" name="rn:R01791" type="irreversible">
        <substrate id="206" name="cpd:C00721"/>
        <product id="219" name="cpd:C00267"/>
    </reaction>
    <reaction id="172" name="rn:R01791" type="irreversible">
        <substrate id="206" name="cpd:C00721"/>
        <product id="219" name="cpd:C00267"/>
    </reaction>
    <reaction id="173" name="rn:R01718" type="irreversible">
        <substrate id="233" name="cpd:C00252"/>
        <product id="219" name="cpd:C00267"/>
    </reaction>
</pathway>
