<?xml version="1.0"?>
<!DOCTYPE pathway SYSTEM "http://www.kegg.jp/kegg/xml/KGML_v0.7.1_.dtd">
<!-- Creation date: Apr 7, 2011 09:25:09 +0900 (GMT+09:00) -->
<pathway name="path:mmu05332" org="mmu" number="05332"
         title="Graft-versus-host disease"
         image="http://www.kegg.jp/kegg/pathway/mmu/mmu05332.png"
         link="http://www.kegg.jp/kegg-bin/show_pathway?mmu05332">
    <entry id="1" name="path:mmu04060" type="map"
        link="http://www.kegg.jp/dbget-bin/www_bget?mmu04060">
        <graphics name="Cytokine-cytokine receptor interaction" fgcolor="#000000" bgcolor="#FFFFFF"
             type="roundrectangle" x="572" y="434" width="113" height="34"/>
    </entry>
    <entry id="2" name="path:mmu04660" type="map"
        link="http://www.kegg.jp/dbget-bin/www_bget?mmu04660">
        <graphics name="T cell receptor signaling pathway" fgcolor="#000000" bgcolor="#FFFFFF"
             type="roundrectangle" x="569" y="123" width="113" height="34"/>
    </entry>
    <entry id="3" name="mmu:100504404 mmu:14960 mmu:14961 mmu:14969 mmu:14998 mmu:14999 mmu:15000 mmu:15001 mmu:15002" type="gene"
        link="http://www.kegg.jp/dbget-bin/www_bget?mmu:100504404+mmu:14960+mmu:14961+mmu:14969+mmu:14998+mmu:14999+mmu:15000+mmu:15001+mmu:15002">
        <graphics name="H2-Ea-ps, AI323765, E-alpha-f, H-2Ea, H2-Ea, I-Ealpha, Ia-3, Ia3..." fgcolor="#000000" bgcolor="#BFFFBF"
             type="rectangle" x="441" y="193" width="46" height="17"/>
    </entry>
    <entry id="4" name="ko:K10784 ko:K10785" type="ortholog"
        link="http://www.kegg.jp/dbget-bin/www_bget?K10784+K10785">
        <graphics name="K10784..." fgcolor="#000000" bgcolor="#FFFFFF"
             type="rectangle" x="521" y="193" width="46" height="17"/>
    </entry>
    <entry id="5" name="path:mmu04612" type="map"
        link="http://www.kegg.jp/dbget-bin/www_bget?mmu04612">
        <graphics name="Antigen processing and presentation" fgcolor="#000000" bgcolor="#FFFFFF"
             type="roundrectangle" x="393" y="123" width="112" height="34"/>
    </entry>
    <entry id="6" name="path:mmu04514" type="map"
        link="http://www.kegg.jp/dbget-bin/www_bget?mmu04514">
        <graphics name="Cell adhesion molecules (CAMs)" fgcolor="#000000" bgcolor="#FFFFFF"
             type="roundrectangle" x="477" y="305" width="113" height="34"/>
    </entry>
    <entry id="7" name="path:mmu05332" type="map"
        link="http://www.kegg.jp/dbget-bin/www_bget?mmu05332">
        <graphics name="TITLE:Graft-versus-host disease" fgcolor="#000000" bgcolor="#FFFFFF"
             type="roundrectangle" x="157" y="58" width="233" height="25"/>
    </entry>
    <entry id="8" name="mmu:14102" type="gene"
        link="http://www.kegg.jp/dbget-bin/www_bget?mmu:14102">
        <graphics name="Fas, AI196731, APO1, APT1, CD95, TNFR6, Tnfrsf6, lpr" fgcolor="#000000" bgcolor="#BFFFBF"
             type="rectangle" x="1023" y="123" width="46" height="17"/>
    </entry>
    <entry id="9" name="mmu:14103" type="gene"
        link="http://www.kegg.jp/dbget-bin/www_bget?mmu:14103">
        <graphics name="Fasl, APT1LG1, CD178, CD95-L, CD95L, Fas-L, Faslg, Tnfsf6, gld" fgcolor="#000000" bgcolor="#BFFFBF"
             type="rectangle" x="946" y="123" width="46" height="17"/>
    </entry>
    <entry id="10" name="ko:K10784 ko:K10785" type="ortholog"
        link="http://www.kegg.jp/dbget-bin/www_bget?K10784+K10785">
        <graphics name="K10784..." fgcolor="#000000" bgcolor="#FFFFFF"
             type="rectangle" x="946" y="95" width="46" height="17"/>
    </entry>
    <entry id="11" name="mmu:100529082 mmu:100862431 mmu:101056305 mmu:102641613 mmu:102641657 mmu:102642035 mmu:102642086 mmu:105242487 mmu:110557 mmu:110558 mmu:110696 mmu:14963 mmu:14964 mmu:14972 mmu:14980 mmu:14985 mmu:14990 mmu:14991 mmu:14997 mmu:15006 mmu:15007 mmu:15013 mmu:15015 mmu:15018 mmu:15019 mmu:15024 mmu:15033 mmu:15039 mmu:15040 mmu:15042 mmu:15043 mmu:15051 mmu:224753 mmu:224754 mmu:224756 mmu:224761 mmu:240095 mmu:333715 mmu:399549 mmu:547349 mmu:630294 mmu:667803 mmu:667977 mmu:69717" type="gene"
        link="http://www.kegg.jp/dbget-bin/www_bget?mmu:100529082+mmu:100862431+mmu:101056305+mmu:102641613+mmu:102641657+mmu:102642035+mmu:102642086+mmu:105242487+mmu:110557+mmu:110558+mmu:110696+mmu:14963+mmu:14964+mmu:14972+mmu:14980+mmu:14985+mmu:14990+mmu:14991+mmu:14997+mmu:15006+mmu:15007+mmu:15013+mmu:15015+mmu:15018+mmu:15019+mmu:15024+mmu:15033+mmu:15039+mmu:15040+mmu:15042+mmu:15043+mmu:15051+mmu:224753+mmu:224754+mmu:224756+mmu:224761+mmu:240095+mmu:333715+mmu:399549+mmu:547349+mmu:630294+mmu:667803+mmu:667977+mmu:69717">
        <graphics name="Gm11127..." fgcolor="#000000" bgcolor="#BFFFBF"
             type="rectangle" x="1023" y="95" width="46" height="17"/>
    </entry>
    <entry id="12" name="mmu:14939" type="gene"
        link="http://www.kegg.jp/dbget-bin/www_bget?mmu:14939">
        <graphics name="Gzmb, AI553453, CCP-1/C11, CCP1, Ctla-1, Ctla1, GZB" fgcolor="#000000" bgcolor="#BFFFBF"
             type="rectangle" x="983" y="190" width="46" height="17"/>
    </entry>
    <entry id="13" name="mmu:18646" type="gene"
        link="http://www.kegg.jp/dbget-bin/www_bget?mmu:18646">
        <graphics name="Prf1, Pfn, Pfp, Prf-1" fgcolor="#000000" bgcolor="#BFFFBF"
             type="rectangle" x="983" y="165" width="46" height="17"/>
    </entry>
    <entry id="14" name="path:mmu04210" type="map"
        link="http://www.kegg.jp/dbget-bin/www_bget?mmu04210">
        <graphics name="Apoptosis" fgcolor="#000000" bgcolor="#FFFFFF"
             type="roundrectangle" x="1076" y="200" width="112" height="25"/>
    </entry>
    <entry id="15" name="path:mmu04650" type="map"
        link="http://www.kegg.jp/dbget-bin/www_bget?mmu04650">
        <graphics name="Natural killer cell mediated cytotoxicity" fgcolor="#000000" bgcolor="#FFFFFF"
             type="roundrectangle" x="892" y="367" width="112" height="34"/>
    </entry>
    <entry id="16" name="mmu:12487" type="gene"
        link="http://www.kegg.jp/dbget-bin/www_bget?mmu:12487">
        <graphics name="Cd28" fgcolor="#000000" bgcolor="#BFFFBF"
             type="rectangle" x="521" y="216" width="46" height="17"/>
    </entry>
    <entry id="17" name="mmu:15978" type="gene"
        link="http://www.kegg.jp/dbget-bin/www_bget?mmu:15978">
        <graphics name="Ifng, IFN-g, Ifg" fgcolor="#000000" bgcolor="#BFFFBF"
             type="rectangle" x="794" y="265" width="46" height="17"/>
    </entry>
    <entry id="18" name="mmu:21926" type="gene"
        link="http://www.kegg.jp/dbget-bin/www_bget?mmu:21926">
        <graphics name="Tnf, DIF, TNF-a, TNF-alpha, TNFSF2, TNFalpha, Tnfa, Tnfsf1a" fgcolor="#000000" bgcolor="#BFFFBF"
             type="rectangle" x="979" y="471" width="46" height="17"/>
    </entry>
    <entry id="19" name="cpd:C00533" type="compound"
        link="http://www.kegg.jp/dbget-bin/www_bget?C00533">
        <graphics name="C00533" fgcolor="#000000" bgcolor="#FFFFFF"
             type="circle" x="978" y="517" width="8" height="8"/>
    </entry>
    <entry id="20" name="mmu:12519 mmu:12524" type="gene"
        link="http://www.kegg.jp/dbget-bin/www_bget?mmu:12519+mmu:12524">
        <graphics name="Cd80, B71, Cd28l, Ly-53, Ly53, MIC17, TSA1..." fgcolor="#000000" bgcolor="#BFFFBF"
             type="rectangle" x="440" y="216" width="46" height="17"/>
    </entry>
    <entry id="21" name="mmu:14102" type="gene"
        link="http://www.kegg.jp/dbget-bin/www_bget?mmu:14102">
        <graphics name="Fas, AI196731, APO1, APT1, CD95, TNFR6, Tnfrsf6, lpr" fgcolor="#000000" bgcolor="#BFFFBF"
             type="rectangle" x="1023" y="287" width="46" height="17"/>
    </entry>
    <entry id="22" name="mmu:14103" type="gene"
        link="http://www.kegg.jp/dbget-bin/www_bget?mmu:14103">
        <graphics name="Fasl, APT1LG1, CD178, CD95-L, CD95L, Fas-L, Faslg, Tnfsf6, gld" fgcolor="#000000" bgcolor="#BFFFBF"
             type="rectangle" x="946" y="287" width="46" height="17"/>
    </entry>
    <entry id="23" name="mmu:14939" type="gene"
        link="http://www.kegg.jp/dbget-bin/www_bget?mmu:14939">
        <graphics name="Gzmb, AI553453, CCP-1/C11, CCP1, Ctla-1, Ctla1, GZB" fgcolor="#000000" bgcolor="#BFFFBF"
             type="rectangle" x="983" y="352" width="46" height="17"/>
    </entry>
    <entry id="24" name="mmu:18646" type="gene"
        link="http://www.kegg.jp/dbget-bin/www_bget?mmu:18646">
        <graphics name="Prf1, Pfn, Pfp, Prf-1" fgcolor="#000000" bgcolor="#BFFFBF"
             type="rectangle" x="983" y="325" width="46" height="17"/>
    </entry>
    <entry id="25" name="mmu:16183" type="gene"
        link="http://www.kegg.jp/dbget-bin/www_bget?mmu:16183">
        <graphics name="Il2, Il-2" fgcolor="#000000" bgcolor="#BFFFBF"
             type="rectangle" x="793" y="144" width="46" height="17"/>
    </entry>
    <entry id="26" name="mmu:15978" type="gene"
        link="http://www.kegg.jp/dbget-bin/www_bget?mmu:15978">
        <graphics name="Ifng, IFN-g, Ifg" fgcolor="#000000" bgcolor="#BFFFBF"
             type="rectangle" x="758" y="398" width="46" height="17"/>
    </entry>
    <entry id="27" name="mmu:16193" type="gene"
        link="http://www.kegg.jp/dbget-bin/www_bget?mmu:16193">
        <graphics name="Il6, Il-6" fgcolor="#000000" bgcolor="#BFFFBF"
             type="rectangle" x="349" y="313" width="46" height="17"/>
    </entry>
    <entry id="28" name="mmu:16175 mmu:16176" type="gene"
        link="http://www.kegg.jp/dbget-bin/www_bget?mmu:16175+mmu:16176">
        <graphics name="Il1a, Il-1a..." fgcolor="#000000" bgcolor="#BFFFBF"
             type="rectangle" x="349" y="334" width="46" height="17"/>
    </entry>
    <entry id="29" name="mmu:16175 mmu:16176" type="gene"
        link="http://www.kegg.jp/dbget-bin/www_bget?mmu:16175+mmu:16176">
        <graphics name="Il1a, Il-1a..." fgcolor="#000000" bgcolor="#BFFFBF"
             type="rectangle" x="979" y="494" width="46" height="17"/>
    </entry>
    <entry id="30" name="mmu:21926" type="gene"
        link="http://www.kegg.jp/dbget-bin/www_bget?mmu:21926">
        <graphics name="Tnf, DIF, TNF-a, TNF-alpha, TNFSF2, TNFalpha, Tnfa, Tnfsf1a" fgcolor="#000000" bgcolor="#BFFFBF"
             type="rectangle" x="349" y="357" width="46" height="17"/>
    </entry>
    <entry id="31" name="path:mmu04620" type="map"
        link="http://www.kegg.jp/dbget-bin/www_bget?mmu04620">
        <graphics name="Toll-like receptor signaling pathway" fgcolor="#000000" bgcolor="#FFFFFF"
             type="roundrectangle" x="769" y="558" width="113" height="34"/>
    </entry>
    <entry id="32" name="mmu:100529082 mmu:100862431 mmu:101056305 mmu:102641613 mmu:102641657 mmu:102642035 mmu:102642086 mmu:105242487 mmu:110557 mmu:110558 mmu:110696 mmu:14963 mmu:14964 mmu:14972 mmu:14980 mmu:14985 mmu:14990 mmu:14991 mmu:14997 mmu:15006 mmu:15007 mmu:15013 mmu:15015 mmu:15018 mmu:15019 mmu:15024 mmu:15033 mmu:15039 mmu:15040 mmu:15042 mmu:15043 mmu:15051 mmu:224753 mmu:224754 mmu:224756 mmu:224761 mmu:240095 mmu:333715 mmu:399549 mmu:547349 mmu:630294 mmu:667803 mmu:667977 mmu:69717" type="gene"
        link="http://www.kegg.jp/dbget-bin/www_bget?mmu:100529082+mmu:100862431+mmu:101056305+mmu:102641613+mmu:102641657+mmu:102642035+mmu:102642086+mmu:105242487+mmu:110557+mmu:110558+mmu:110696+mmu:14963+mmu:14964+mmu:14972+mmu:14980+mmu:14985+mmu:14990+mmu:14991+mmu:14997+mmu:15006+mmu:15007+mmu:15013+mmu:15015+mmu:15018+mmu:15019+mmu:15024+mmu:15033+mmu:15039+mmu:15040+mmu:15042+mmu:15043+mmu:15051+mmu:224753+mmu:224754+mmu:224756+mmu:224761+mmu:240095+mmu:333715+mmu:399549+mmu:547349+mmu:630294+mmu:667803+mmu:667977+mmu:69717">
        <graphics name="Gm11127..." fgcolor="#000000" bgcolor="#BFFFBF"
             type="rectangle" x="1023" y="258" width="46" height="17"/>
    </entry>
    <entry id="33" name="mmu:16627 mmu:16634 mmu:16638 mmu:16640 mmu:16641 mmu:16643" type="gene"
        link="http://www.kegg.jp/dbget-bin/www_bget?mmu:16627+mmu:16634+mmu:16638+mmu:16640+mmu:16641+mmu:16643">
        <graphics name="Klra1, A1, CH29-493D4.3, Klra22, Ly49a, Ly49o&lt;129&gt;, Ly49v..." fgcolor="#000000" bgcolor="#BFFFBF"
             type="rectangle" x="946" y="258" width="46" height="17"/>
    </entry>
    <entry id="34" name="cpd:C00338" type="compound"
        link="http://www.kegg.jp/dbget-bin/www_bget?C00338">
        <graphics name="C00338" fgcolor="#000000" bgcolor="#FFFFFF"
             type="circle" x="558" y="538" width="8" height="8"/>
    </entry>
    <relation entry1="9" entry2="8" type="PPrel">
        <subtype name="activation" value="--&gt;"/>
    </relation>
    <relation entry1="20" entry2="16" type="PPrel">
        <subtype name="activation" value="--&gt;"/>
    </relation>
    <relation entry1="22" entry2="21" type="PPrel">
        <subtype name="activation" value="--&gt;"/>
    </relation>
    <relation entry1="32" entry2="33" type="PPrel">
        <subtype name="missing interaction" value="-/-"/>
    </relation>
</pathway>
