<?xml version="1.0"?>
<!DOCTYPE pathway SYSTEM "http://www.kegg.jp/kegg/xml/KGML_v0.7.1_.dtd">
<!-- Creation date: Jun 3, 2013 16:49:56 +0900 (GMT+09:00) -->
<pathway name="path:mmu00511" org="mmu" number="00511"
         title="Other glycan degradation"
         image="http://www.kegg.jp/kegg/pathway/mmu/mmu00511.png"
         link="http://www.kegg.jp/kegg-bin/show_pathway?mmu00511">
    <entry id="1" name="path:mmu00511" type="map"
        link="http://www.kegg.jp/dbget-bin/www_bget?mmu00511">
        <graphics name="TITLE:Other glycan degradation" fgcolor="#000000" bgcolor="#FFFFFF"
             type="roundrectangle" x="158" y="58" width="236" height="25"/>
    </entry>
    <entry id="2" name="mmu:18010 mmu:23956 mmu:241159 mmu:50877" type="gene"
        link="http://www.kegg.jp/dbget-bin/www_bget?mmu:18010+mmu:23956+mmu:241159+mmu:50877">
        <graphics name="Neu1, AA407268, AA407316, Aglp, Apl, Bat-7, Bat7, G9, Map-2, Neu, Neu-1..." fgcolor="#66CC66" bgcolor="#FFFFFF"
             type="line" coords="96,149,126,149"/>
    </entry>
    <entry id="3" name="mmu:12091" type="gene"
        link="http://www.kegg.jp/dbget-bin/www_bget?mmu:12091">
        <graphics name="Glb1, AW125515, Bge, Bgl, Bgl-e, Bgl-s, Bgl-t, Bgs, Bgt, C130097A14Rik" fgcolor="#66CC66" bgcolor="#FFFFFF"
             type="line" coords="168,149,198,149"/>
    </entry>
    <entry id="4" name="mmu:17159 mmu:17160 mmu:73744" type="gene"
        link="http://www.kegg.jp/dbget-bin/www_bget?mmu:17159+mmu:17160+mmu:73744">
        <graphics name="Man2b1, AW107687, LAMAN..." fgcolor="#66CC66" bgcolor="#FFFFFF"
             type="line" coords="335,152,365,182"/>
    </entry>
    <entry id="5" name="mmu:17159 mmu:73744" type="gene"
        link="http://www.kegg.jp/dbget-bin/www_bget?mmu:17159+mmu:73744">
        <graphics name="Man2b1, AW107687, LAMAN..." fgcolor="#66CC66" bgcolor="#FFFFFF"
             type="line" coords="334,238,364,208"/>
    </entry>
    <entry id="6" name="mmu:66848 mmu:71665" type="gene"
        link="http://www.kegg.jp/dbget-bin/www_bget?mmu:66848+mmu:71665">
        <graphics name="Fuca2, 0610025O11Rik, 5530401P20Rik..." fgcolor="#66CC66" bgcolor="#FFFFFF"
             type="line" coords="500,153,530,183"/>
    </entry>
    <entry id="8" name="mmu:11593" type="gene"
        link="http://www.kegg.jp/dbget-bin/www_bget?mmu:11593">
        <graphics name="Aga, AW060726" fgcolor="#66CC66" bgcolor="#FFFFFF"
             type="line" coords="591,196,621,196"/>
    </entry>
    <entry id="9" name="mmu:15211 mmu:15212" type="gene"
        link="http://www.kegg.jp/dbget-bin/www_bget?mmu:15211+mmu:15212">
        <graphics name="Hexa, Hex-1..." fgcolor="#66CC66" bgcolor="#FFFFFF"
             type="line" coords="259,149,289,149"/>
    </entry>
    <entry id="10" name="mmu:18010 mmu:23956 mmu:241159 mmu:50877" type="gene"
        link="http://www.kegg.jp/dbget-bin/www_bget?mmu:18010+mmu:23956+mmu:241159+mmu:50877">
        <graphics name="Neu1, AA407268, AA407316, Aglp, Apl, Bat-7, Bat7, G9, Map-2, Neu, Neu-1..." fgcolor="#66CC66" bgcolor="#FFFFFF"
             type="line" coords="96,240,126,240"/>
    </entry>
    <entry id="11" name="mmu:12091" type="gene"
        link="http://www.kegg.jp/dbget-bin/www_bget?mmu:12091">
        <graphics name="Glb1, AW125515, Bge, Bgl, Bgl-e, Bgl-s, Bgl-t, Bgs, Bgt, C130097A14Rik" fgcolor="#66CC66" bgcolor="#FFFFFF"
             type="line" coords="168,240,198,240"/>
    </entry>
    <entry id="12" name="mmu:15211 mmu:15212 mmu:238023" type="gene"
        link="http://www.kegg.jp/dbget-bin/www_bget?mmu:15211+mmu:15212+mmu:238023">
        <graphics name="Hexa, Hex-1..." fgcolor="#66CC66" bgcolor="#FFFFFF"
             type="line" coords="259,240,289,240"/>
    </entry>
    <entry id="13" name="mmu:15211 mmu:15212" type="gene"
        link="http://www.kegg.jp/dbget-bin/www_bget?mmu:15211+mmu:15212">
        <graphics name="Hexa, Hex-1..." fgcolor="#66CC66" bgcolor="#FFFFFF"
             type="line" coords="333,196,363,196"/>
    </entry>
    <entry id="14" name="mmu:110173" type="gene"
        link="http://www.kegg.jp/dbget-bin/www_bget?mmu:110173">
        <graphics name="Manba, 2410030O07Rik, B930014J03Rik, Bmn" fgcolor="#66CC66" bgcolor="#FFFFFF"
             type="line" coords="410,196,440,196"/>
    </entry>
    <entry id="15" name="mmu:217364" type="gene"
        link="http://www.kegg.jp/dbget-bin/www_bget?mmu:217364">
        <graphics name="Engase, C130099A03, D230014K01Rik" fgcolor="#66CC66" bgcolor="#FFFFFF"
             type="line" coords="500,196,530,196"/>
    </entry>
    <entry id="16" name="mmu:18010 mmu:23956 mmu:241159 mmu:50877" type="gene"
        link="http://www.kegg.jp/dbget-bin/www_bget?mmu:18010+mmu:23956+mmu:241159+mmu:50877">
        <graphics name="Neu1, AA407268, AA407316, Aglp, Apl, Bat-7, Bat7, G9, Map-2, Neu, Neu-1..." fgcolor="#66CC66" bgcolor="#FFFFFF"
             type="line" coords="262,344,292,374"/>
    </entry>
    <entry id="17" name="mmu:18010 mmu:23956 mmu:241159 mmu:50877" type="gene"
        link="http://www.kegg.jp/dbget-bin/www_bget?mmu:18010+mmu:23956+mmu:241159+mmu:50877">
        <graphics name="Neu1, AA407268, AA407316, Aglp, Apl, Bat-7, Bat7, G9, Map-2, Neu, Neu-1..." fgcolor="#66CC66" bgcolor="#FFFFFF"
             type="line" coords="97,420,127,420"/>
    </entry>
    <entry id="18" name="mmu:18010 mmu:23956 mmu:241159 mmu:50877" type="gene"
        link="http://www.kegg.jp/dbget-bin/www_bget?mmu:18010+mmu:23956+mmu:241159+mmu:50877">
        <graphics name="Neu1, AA407268, AA407316, Aglp, Apl, Bat-7, Bat7, G9, Map-2, Neu, Neu-1..." fgcolor="#66CC66" bgcolor="#FFFFFF"
             type="line" coords="192,420,222,420"/>
    </entry>
    <entry id="19" name="mmu:12091" type="gene"
        link="http://www.kegg.jp/dbget-bin/www_bget?mmu:12091">
        <graphics name="Glb1, AW125515, Bge, Bgl, Bgl-e, Bgl-s, Bgl-t, Bgs, Bgt, C130097A14Rik" fgcolor="#66CC66" bgcolor="#FFFFFF"
             type="line" coords="261,419,291,389"/>
    </entry>
    <entry id="20" name="mmu:15211 mmu:15212" type="gene"
        link="http://www.kegg.jp/dbget-bin/www_bget?mmu:15211+mmu:15212">
        <graphics name="Hexa, Hex-1..." fgcolor="#66CC66" bgcolor="#FFFFFF"
             type="line" coords="351,385,381,415"/>
    </entry>
    <entry id="21" name="mmu:18010 mmu:23956 mmu:241159 mmu:50877" type="gene"
        link="http://www.kegg.jp/dbget-bin/www_bget?mmu:18010+mmu:23956+mmu:241159+mmu:50877">
        <graphics name="Neu1, AA407268, AA407316, Aglp, Apl, Bat-7, Bat7, G9, Map-2, Neu, Neu-1..." fgcolor="#66CC66" bgcolor="#FFFFFF"
             type="line" coords="349,464,379,434"/>
    </entry>
    <entry id="22" name="mmu:18010 mmu:23956 mmu:241159 mmu:50877" type="gene"
        link="http://www.kegg.jp/dbget-bin/www_bget?mmu:18010+mmu:23956+mmu:241159+mmu:50877">
        <graphics name="Neu1, AA407268, AA407316, Aglp, Apl, Bat-7, Bat7, G9, Map-2, Neu, Neu-1..." fgcolor="#66CC66" bgcolor="#FFFFFF"
             type="line" coords="254,466,284,466"/>
    </entry>
    <entry id="23" name="mmu:18010 mmu:23956 mmu:241159 mmu:50877" type="gene"
        link="http://www.kegg.jp/dbget-bin/www_bget?mmu:18010+mmu:23956+mmu:241159+mmu:50877">
        <graphics name="Neu1, AA407268, AA407316, Aglp, Apl, Bat-7, Bat7, G9, Map-2, Neu, Neu-1..." fgcolor="#66CC66" bgcolor="#FFFFFF"
             type="line" coords="160,466,190,466"/>
    </entry>
    <entry id="24" name="mmu:18010 mmu:23956 mmu:241159 mmu:50877" type="gene"
        link="http://www.kegg.jp/dbget-bin/www_bget?mmu:18010+mmu:23956+mmu:241159+mmu:50877">
        <graphics name="Neu1, AA407268, AA407316, Aglp, Apl, Bat-7, Bat7, G9, Map-2, Neu, Neu-1..." fgcolor="#66CC66" bgcolor="#FFFFFF"
             type="line" coords="167,343,197,343"/>
    </entry>
    <entry id="25" name="mmu:12091" type="gene"
        link="http://www.kegg.jp/dbget-bin/www_bget?mmu:12091">
        <graphics name="Glb1, AW125515, Bge, Bgl, Bgl-e, Bgl-s, Bgl-t, Bgs, Bgt, C130097A14Rik" fgcolor="#66CC66" bgcolor="#FFFFFF"
             type="line" coords="422,426,452,426"/>
    </entry>
    <entry id="26" name="mmu:14466 mmu:230101" type="gene"
        link="http://www.kegg.jp/dbget-bin/www_bget?mmu:14466+mmu:230101">
        <graphics name="Gba, GBA1, GC, GCase, GLUC, betaGC..." fgcolor="#66CC66" bgcolor="#FFFFFF"
             type="line" coords="492,426,522,426"/>
    </entry>
    <entry id="27" name="path:mmu00510" type="map"
        link="http://www.kegg.jp/dbget-bin/www_bget?mmu00510">
        <graphics name="N-Glycan biosynthesis" fgcolor="#000000" bgcolor="#FFFFFF"
             type="roundrectangle" x="662" y="131" width="123" height="25"/>
    </entry>
    <entry id="28" name="path:mmu00604" type="map"
        link="http://www.kegg.jp/dbget-bin/www_bget?mmu00604">
        <graphics name="Glycosphingolipid biosynthesis - ganglio series" fgcolor="#000000" bgcolor="#FFFFFF"
             type="roundrectangle" x="682" y="338" width="164" height="34"/>
    </entry>
</pathway>
