<?xml version="1.0"?>
<!DOCTYPE pathway SYSTEM "http://www.kegg.jp/kegg/xml/KGML_v0.7.1_.dtd">
<!-- Creation date: May 13, 2014 11:30:29 +0900 (GMT+09:00) -->
<pathway name="path:hsa05130" org="hsa" number="05130"
         title="Pathogenic Escherichia coli infection"
         image="http://www.kegg.jp/kegg/pathway/hsa/hsa05130.png"
         link="http://www.kegg.jp/kegg-bin/show_pathway?hsa05130">
    <entry id="1" name="path:hsa04810" type="map"
        link="http://www.kegg.jp/dbget-bin/www_bget?hsa04810">
        <graphics name="Regulation of actin cytoskeleton" fgcolor="#000000" bgcolor="#FFFFFF"
             type="roundrectangle" x="805" y="460" width="119" height="34"/>
    </entry>
    <entry id="2" name="hsa:929" type="gene"
        link="http://www.kegg.jp/dbget-bin/www_bget?hsa:929">
        <graphics name="CD14" fgcolor="#000000" bgcolor="#BFFFBF"
             type="rectangle" x="414" y="315" width="46" height="17"/>
    </entry>
    <entry id="3" name="hsa:23643" type="gene"
        link="http://www.kegg.jp/dbget-bin/www_bget?hsa:23643">
        <graphics name="LY96, ESOP-1, MD-2, MD2, ly-96" fgcolor="#000000" bgcolor="#BFFFBF"
             type="rectangle" x="368" y="284" width="46" height="17"/>
    </entry>
    <entry id="4" name="path:map02040" type="map"
        link="http://www.kegg.jp/dbget-bin/www_bget?map02040">
        <graphics name="Flagellar assembly" fgcolor="#000000" bgcolor="#FFFFFF"
             type="roundrectangle" x="126" y="253" width="113" height="25"/>
    </entry>
    <entry id="5" name="path:hsa04520" type="map"
        link="http://www.kegg.jp/dbget-bin/www_bget?hsa04520">
        <graphics name="Adherens junction" fgcolor="#000000" bgcolor="#FFFFFF"
             type="roundrectangle" x="761" y="975" width="120" height="25"/>
    </entry>
    <entry id="6" name="path:hsa04530" type="map"
        link="http://www.kegg.jp/dbget-bin/www_bget?hsa04530">
        <graphics name="Tight junction" fgcolor="#000000" bgcolor="#FFFFFF"
             type="roundrectangle" x="631" y="975" width="98" height="25"/>
    </entry>
    <entry id="7" name="path:hsa04620" type="map"
        link="http://www.kegg.jp/dbget-bin/www_bget?hsa04620">
        <graphics name="Toll-like receptor signaling pathway" fgcolor="#000000" bgcolor="#FFFFFF"
             type="roundrectangle" x="584" y="264" width="132" height="34"/>
    </entry>
    <entry id="8" name="path:map03070" type="map"
        link="http://www.kegg.jp/dbget-bin/www_bget?map03070">
        <graphics name="Bacterial secretion system" fgcolor="#000000" bgcolor="#FFFFFF"
             type="roundrectangle" x="271" y="361" width="185" height="34"/>
    </entry>
    <entry id="9" name="hsa:7099" type="gene"
        link="http://www.kegg.jp/dbget-bin/www_bget?hsa:7099">
        <graphics name="TLR4, ARMD10, CD284, TLR-4, TOLL" fgcolor="#000000" bgcolor="#BFFFBF"
             type="rectangle" x="414" y="275" width="46" height="17"/>
    </entry>
    <entry id="10" name="hsa:7100" type="gene"
        link="http://www.kegg.jp/dbget-bin/www_bget?hsa:7100">
        <graphics name="TLR5, MELIOS, SLEB1, TIL3" fgcolor="#000000" bgcolor="#BFFFBF"
             type="rectangle" x="414" y="255" width="46" height="17"/>
    </entry>
    <entry id="11" name="ko:K12787" type="ortholog"
        link="http://www.kegg.jp/dbget-bin/www_bget?K12787">
        <graphics name="K12787" fgcolor="#000000" bgcolor="#FFFFFF"
             type="rectangle" x="134" y="413" width="46" height="17"/>
    </entry>
    <entry id="12" name="ko:K12784" type="ortholog"
        link="http://www.kegg.jp/dbget-bin/www_bget?K12784">
        <graphics name="K12784" fgcolor="#000000" bgcolor="#FFFFFF"
             type="rectangle" x="360" y="523" width="46" height="17"/>
    </entry>
    <entry id="13" name="ko:K12790" type="ortholog"
        link="http://www.kegg.jp/dbget-bin/www_bget?K12790">
        <graphics name="K12790" fgcolor="#000000" bgcolor="#FFFFFF"
             type="rectangle" x="222" y="561" width="46" height="17"/>
    </entry>
    <entry id="14" name="ko:K12785" type="ortholog"
        link="http://www.kegg.jp/dbget-bin/www_bget?K12785">
        <graphics name="K12785" fgcolor="#000000" bgcolor="#FFFFFF"
             type="rectangle" x="448" y="351" width="46" height="17"/>
    </entry>
    <entry id="15" name="hsa:10376 hsa:112714 hsa:113457 hsa:51807 hsa:7277 hsa:7278 hsa:7846 hsa:79861 hsa:84790" type="gene"
        link="http://www.kegg.jp/dbget-bin/www_bget?hsa:10376+hsa:112714+hsa:113457+hsa:51807+hsa:7277+hsa:7278+hsa:7846+hsa:79861+hsa:84790">
        <graphics name="TUBA1B, K-ALPHA-1..." fgcolor="#000000" bgcolor="#BFFFBF"
             type="rectangle" x="536" y="351" width="46" height="17"/>
    </entry>
    <entry id="16" name="ko:K12789" type="ortholog"
        link="http://www.kegg.jp/dbget-bin/www_bget?K12789">
        <graphics name="K12789" fgcolor="#000000" bgcolor="#FFFFFF"
             type="rectangle" x="449" y="879" width="46" height="17"/>
    </entry>
    <entry id="17" name="hsa:999" type="gene"
        link="http://www.kegg.jp/dbget-bin/www_bget?hsa:999">
        <graphics name="CDH1, Arc-1, CD324, CDHE, ECAD, LCAM, UVO" fgcolor="#000000" bgcolor="#BFFFBF"
             type="rectangle" x="549" y="935" width="46" height="17"/>
    </entry>
    <entry id="18" name="hsa:10971" type="gene"
        link="http://www.kegg.jp/dbget-bin/www_bget?hsa:10971">
        <graphics name="YWHAQ, 14-3-3, 1C5, HS1" fgcolor="#000000" bgcolor="#BFFFBF"
             type="rectangle" x="542" y="742" width="46" height="17"/>
    </entry>
    <entry id="19" name="path:hsa04210" type="map"
        link="http://www.kegg.jp/dbget-bin/www_bget?hsa04210">
        <graphics name="Apoptosis" fgcolor="#000000" bgcolor="#FFFFFF"
             type="roundrectangle" x="773" y="814" width="73" height="25"/>
    </entry>
    <entry id="20" name="path:hsa04810" type="map"
        link="http://www.kegg.jp/dbget-bin/www_bget?hsa04810">
        <graphics name="Regulation of actin cytoskeleton" fgcolor="#000000" bgcolor="#FFFFFF"
             type="roundrectangle" x="671" y="689" width="119" height="34"/>
    </entry>
    <entry id="21" name="ko:K12785" type="ortholog"
        link="http://www.kegg.jp/dbget-bin/www_bget?K12785">
        <graphics name="K12785" fgcolor="#000000" bgcolor="#FFFFFF"
             type="rectangle" x="134" y="373" width="46" height="17"/>
    </entry>
    <entry id="22" name="cpd:C00350" type="compound"
        link="http://www.kegg.jp/dbget-bin/www_bget?C00350">
        <graphics name="C00350" fgcolor="#000000" bgcolor="#FFFFFF"
             type="circle" x="414" y="219" width="8" height="8"/>
    </entry>
    <entry id="23" name="hsa:7534" type="gene"
        link="http://www.kegg.jp/dbget-bin/www_bget?hsa:7534">
        <graphics name="YWHAZ, 14-3-3-zeta, HEL-S-3, HEL4, KCIP-1, YWHAD" fgcolor="#000000" bgcolor="#BFFFBF"
             type="rectangle" x="542" y="787" width="46" height="17"/>
    </entry>
    <entry id="24" name="ko:K12787" type="ortholog"
        link="http://www.kegg.jp/dbget-bin/www_bget?K12787">
        <graphics name="K12787" fgcolor="#000000" bgcolor="#FFFFFF"
             type="rectangle" x="448" y="753" width="46" height="17"/>
    </entry>
    <entry id="25" name="hsa:3875" type="gene"
        link="http://www.kegg.jp/dbget-bin/www_bget?hsa:3875">
        <graphics name="KRT18, CYK18, K18" fgcolor="#000000" bgcolor="#BFFFBF"
             type="rectangle" x="542" y="765" width="46" height="17"/>
    </entry>
    <entry id="26" name="hsa:1499" type="gene"
        link="http://www.kegg.jp/dbget-bin/www_bget?hsa:1499">
        <graphics name="CTNNB1, CTNNB, MRD19, armadillo" fgcolor="#000000" bgcolor="#BFFFBF"
             type="rectangle" x="638" y="935" width="46" height="17"/>
    </entry>
    <entry id="27" name="hsa:2017 hsa:3059" type="gene"
        link="http://www.kegg.jp/dbget-bin/www_bget?hsa:2017+hsa:3059">
        <graphics name="CTTN, EMS1..." fgcolor="#000000" bgcolor="#BFFFBF"
             type="rectangle" x="626" y="563" width="46" height="17"/>
    </entry>
    <entry id="28" name="hsa:6093 hsa:9475" type="gene"
        link="http://www.kegg.jp/dbget-bin/www_bget?hsa:6093+hsa:9475">
        <graphics name="ROCK1, P160ROCK, ROCK-I..." fgcolor="#000000" bgcolor="#BFFFBF"
             type="rectangle" x="801" y="396" width="46" height="17"/>
    </entry>
    <entry id="29" name="ko:K12788" type="ortholog"
        link="http://www.kegg.jp/dbget-bin/www_bget?K12788">
        <graphics name="K12788" fgcolor="#000000" bgcolor="#FFFFFF"
             type="rectangle" x="494" y="622" width="46" height="17"/>
    </entry>
    <entry id="30" name="hsa:100506658" type="gene"
        link="http://www.kegg.jp/dbget-bin/www_bget?hsa:100506658">
        <graphics name="OCLN, BLCPMG, PPP1R115" fgcolor="#000000" bgcolor="#BFFFBF"
             type="rectangle" x="549" y="870" width="46" height="17"/>
    </entry>
    <entry id="31" name="hsa:7430" type="gene"
        link="http://www.kegg.jp/dbget-bin/www_bget?hsa:7430">
        <graphics name="EZR, CVIL, CVL, HEL-S-105, VIL2" fgcolor="#000000" bgcolor="#BFFFBF"
             type="rectangle" x="549" y="890" width="46" height="17"/>
    </entry>
    <entry id="32" name="hsa:998" type="gene"
        link="http://www.kegg.jp/dbget-bin/www_bget?hsa:998">
        <graphics name="CDC42, CDC42Hs, G25K" fgcolor="#000000" bgcolor="#BFFFBF"
             type="rectangle" x="543" y="692" width="46" height="17"/>
    </entry>
    <entry id="33" name="ko:K12786" type="ortholog"
        link="http://www.kegg.jp/dbget-bin/www_bget?K12786">
        <graphics name="K12786" fgcolor="#000000" bgcolor="#FFFFFF"
             type="rectangle" x="448" y="776" width="46" height="17"/>
    </entry>
    <entry id="34" name="ko:K12786" type="ortholog"
        link="http://www.kegg.jp/dbget-bin/www_bget?K12786">
        <graphics name="K12786" fgcolor="#000000" bgcolor="#FFFFFF"
             type="rectangle" x="134" y="393" width="46" height="17"/>
    </entry>
    <entry id="35" name="hsa:25 hsa:2534" type="gene"
        link="http://www.kegg.jp/dbget-bin/www_bget?hsa:25+hsa:2534">
        <graphics name="ABL1, ABL, JTK7, bcr/abl, c-ABL, c-ABL1, p150, v-abl..." fgcolor="#000000" bgcolor="#BFFFBF"
             type="rectangle" x="448" y="561" width="46" height="17"/>
    </entry>
    <entry id="36" name="hsa:5578" type="gene"
        link="http://www.kegg.jp/dbget-bin/www_bget?hsa:5578">
        <graphics name="PRKCA, AAG6, PKC-alpha, PKCA, PRKACA" fgcolor="#000000" bgcolor="#BFFFBF"
             type="rectangle" x="449" y="935" width="46" height="17"/>
    </entry>
    <entry id="37" name="hsa:7454 hsa:8976" type="gene"
        link="http://www.kegg.jp/dbget-bin/www_bget?hsa:7454+hsa:8976">
        <graphics name="WAS, IMD2, SCNX, THC, THC1, WASP..." fgcolor="#000000" bgcolor="#BFFFBF"
             type="rectangle" x="625" y="523" width="46" height="17"/>
    </entry>
    <entry id="38" name="ko:K12789" type="ortholog"
        link="http://www.kegg.jp/dbget-bin/www_bget?K12789">
        <graphics name="K12789" fgcolor="#000000" bgcolor="#FFFFFF"
             type="rectangle" x="536" y="454" width="46" height="17"/>
    </entry>
    <entry id="39" name="hsa:9076" type="gene"
        link="http://www.kegg.jp/dbget-bin/www_bget?hsa:9076">
        <graphics name="CLDN1, CLD1, ILVASC, SEMP1" fgcolor="#000000" bgcolor="#BFFFBF"
             type="rectangle" x="549" y="910" width="46" height="17"/>
    </entry>
    <entry id="40" name="hsa:3688" type="gene"
        link="http://www.kegg.jp/dbget-bin/www_bget?hsa:3688">
        <graphics name="ITGB1, CD29, FNRB, GPIIA, MDF2, MSK12, VLA-BETA, VLAB" fgcolor="#000000" bgcolor="#BFFFBF"
             type="rectangle" x="360" y="604" width="46" height="17"/>
    </entry>
    <entry id="41" name="hsa:4690 hsa:8440" type="gene"
        link="http://www.kegg.jp/dbget-bin/www_bget?hsa:4690+hsa:8440">
        <graphics name="NCK1, NCK, NCKalpha, nck-1..." fgcolor="#000000" bgcolor="#BFFFBF"
             type="rectangle" x="536" y="556" width="46" height="17"/>
    </entry>
    <entry id="42" name="hsa:9181" type="gene"
        link="http://www.kegg.jp/dbget-bin/www_bget?hsa:9181">
        <graphics name="ARHGEF2, GEF, GEF-H1, GEFH1, LFP40, P40" fgcolor="#000000" bgcolor="#BFFFBF"
             type="rectangle" x="625" y="396" width="46" height="17"/>
    </entry>
    <entry id="43" name="ko:K12789" type="ortholog"
        link="http://www.kegg.jp/dbget-bin/www_bget?K12789">
        <graphics name="K12789" fgcolor="#000000" bgcolor="#FFFFFF"
             type="rectangle" x="134" y="550" width="46" height="17"/>
    </entry>
    <entry id="44" name="hsa:387" type="gene"
        link="http://www.kegg.jp/dbget-bin/www_bget?hsa:387">
        <graphics name="RHOA, ARH12, ARHA, RHO12, RHOH12" fgcolor="#000000" bgcolor="#BFFFBF"
             type="rectangle" x="713" y="396" width="46" height="17"/>
    </entry>
    <entry id="45" name="hsa:4691" type="gene"
        link="http://www.kegg.jp/dbget-bin/www_bget?hsa:4691">
        <graphics name="NCL, C23" fgcolor="#000000" bgcolor="#BFFFBF"
             type="rectangle" x="360" y="571" width="46" height="17"/>
    </entry>
    <entry id="46" name="ko:K12784" type="ortholog"
        link="http://www.kegg.jp/dbget-bin/www_bget?K12784">
        <graphics name="K12784" fgcolor="#000000" bgcolor="#FFFFFF"
             type="rectangle" x="134" y="353" width="46" height="17"/>
    </entry>
    <entry id="47" name="hsa:10381 hsa:10382 hsa:10383 hsa:203068 hsa:347688 hsa:347733 hsa:7280 hsa:81027 hsa:84617" type="gene"
        link="http://www.kegg.jp/dbget-bin/www_bget?hsa:10381+hsa:10382+hsa:10383+hsa:203068+hsa:347688+hsa:347733+hsa:7280+hsa:81027+hsa:84617">
        <graphics name="TUBB3, CDCBM, CDCBM1, CFEOM3, CFEOM3A, FEOM3, TUBB4, beta-4..." fgcolor="#000000" bgcolor="#BFFFBF"
             type="rectangle" x="536" y="371" width="46" height="17"/>
    </entry>
    <entry id="48" name="ko:K12788" type="ortholog"
        link="http://www.kegg.jp/dbget-bin/www_bget?K12788">
        <graphics name="K12788" fgcolor="#000000" bgcolor="#FFFFFF"
             type="rectangle" x="134" y="433" width="46" height="17"/>
    </entry>
    <entry id="49" name="ko:K11006" type="ortholog"
        link="http://www.kegg.jp/dbget-bin/www_bget?K11006">
        <graphics name="K11006" fgcolor="#000000" bgcolor="#FFFFFF"
             type="rectangle" x="134" y="148" width="46" height="17"/>
    </entry>
    <entry id="50" name="path:hsa05130" type="map"
        link="http://www.kegg.jp/dbget-bin/www_bget?hsa05130">
        <graphics name="TITLE:Pathogenic Escherichia coli infection" fgcolor="#000000" bgcolor="#FFFFFF"
             type="roundrectangle" x="210" y="58" width="339" height="25"/>
    </entry>
    <entry id="51" name="ko:K12809" type="ortholog"
        link="http://www.kegg.jp/dbget-bin/www_bget?K12809">
        <graphics name="K12809" fgcolor="#000000" bgcolor="#FFFFFF"
             type="rectangle" x="134" y="474" width="46" height="17"/>
    </entry>
    <entry id="52" name="ko:K12809" type="ortholog"
        link="http://www.kegg.jp/dbget-bin/www_bget?K12809">
        <graphics name="K12809" fgcolor="#000000" bgcolor="#FFFFFF"
             type="rectangle" x="448" y="372" width="46" height="17"/>
    </entry>
    <entry id="53" name="ko:K12810" type="ortholog"
        link="http://www.kegg.jp/dbget-bin/www_bget?K12810">
        <graphics name="K12810" fgcolor="#000000" bgcolor="#FFFFFF"
             type="rectangle" x="220" y="219" width="46" height="17"/>
    </entry>
    <entry id="54" name="hsa:10092 hsa:10093 hsa:10094 hsa:10095 hsa:10109 hsa:10552 hsa:81873" type="gene"
        link="http://www.kegg.jp/dbget-bin/www_bget?hsa:10092+hsa:10093+hsa:10094+hsa:10095+hsa:10109+hsa:10552+hsa:81873">
        <graphics name="ARPC5, ARC16, dJ127C7.3, p16-Arc..." fgcolor="#000000" bgcolor="#BFFFBF"
             type="rectangle" x="713" y="524" width="46" height="17"/>
    </entry>
    <entry id="55" name="hsa:60 hsa:71" type="gene"
        link="http://www.kegg.jp/dbget-bin/www_bget?hsa:60+hsa:71">
        <graphics name="ACTB, BRWS1, PS1TP5BP1..." fgcolor="#000000" bgcolor="#BFFFBF"
             type="rectangle" x="801" y="524" width="46" height="17"/>
    </entry>
    <entry id="56" name="ko:K11007" type="ortholog"
        link="http://www.kegg.jp/dbget-bin/www_bget?K11007">
        <graphics name="K11007" fgcolor="#000000" bgcolor="#FFFFFF"
             type="rectangle" x="134" y="165" width="46" height="17"/>
    </entry>
    <entry id="57" name="ko:K16041" type="ortholog"
        link="http://www.kegg.jp/dbget-bin/www_bget?K16041">
        <graphics name="K16041" fgcolor="#000000" bgcolor="#FFFFFF"
             type="rectangle" x="134" y="494" width="46" height="17"/>
    </entry>
    <entry id="58" name="ko:K16042" type="ortholog"
        link="http://www.kegg.jp/dbget-bin/www_bget?K16042">
        <graphics name="K16042" fgcolor="#000000" bgcolor="#FFFFFF"
             type="rectangle" x="134" y="514" width="46" height="17"/>
    </entry>
    <relation entry1="2" entry2="9" type="PPrel">
        <subtype name="activation" value="--&gt;"/>
    </relation>
    <relation entry1="37" entry2="54" type="PPrel">
        <subtype name="activation" value="--&gt;"/>
    </relation>
    <relation entry1="54" entry2="55" type="PPrel">
        <subtype name="activation" value="--&gt;"/>
    </relation>
    <relation entry1="47" entry2="42" type="PPrel">
        <subtype name="activation" value="--&gt;"/>
        <subtype name="indirect effect" value="..&gt;"/>
    </relation>
    <relation entry1="15" entry2="42" type="PPrel">
        <subtype name="activation" value="--&gt;"/>
        <subtype name="indirect effect" value="..&gt;"/>
    </relation>
    <relation entry1="42" entry2="44" type="PPrel">
        <subtype name="activation" value="--&gt;"/>
    </relation>
    <relation entry1="44" entry2="28" type="PPrel">
        <subtype name="activation" value="--&gt;"/>
    </relation>
    <relation entry1="41" entry2="37" type="PPrel">
        <subtype name="activation" value="--&gt;"/>
    </relation>
    <relation entry1="36" entry2="17" type="PPrel">
        <subtype name="binding/association" value="---"/>
    </relation>
    <relation entry1="17" entry2="26" type="PPrel">
        <subtype name="dissociation" value="-+-"/>
    </relation>
</pathway>
