<?xml version="1.0"?>
<!DOCTYPE pathway SYSTEM "http://www.kegg.jp/kegg/xml/KGML_v0.7.1_.dtd">
<!-- Creation date: Mar 7, 2013 10:40:35 +0900 (GMT+09:00) -->
<pathway name="path:hsa04115" org="hsa" number="04115"
         title="p53 signaling pathway"
         image="http://www.kegg.jp/kegg/pathway/hsa/hsa04115.png"
         link="http://www.kegg.jp/kegg-bin/show_pathway?hsa04115">
    <entry id="1" name="hsa:6477" type="gene"
        link="http://www.kegg.jp/dbget-bin/www_bget?hsa:6477">
        <graphics name="SIAH1, SIAH1A" fgcolor="#000000" bgcolor="#BFFFBF"
             type="rectangle" x="774" y="629" width="46" height="17"/>
    </entry>
    <entry id="2" name="hsa:3486" type="gene"
        link="http://www.kegg.jp/dbget-bin/www_bget?hsa:3486">
        <graphics name="IGFBP3, BP-53, IBP3" fgcolor="#000000" bgcolor="#BFFFBF"
             type="rectangle" x="669" y="550" width="46" height="17"/>
    </entry>
    <entry id="3" name="hsa:10912 hsa:1647 hsa:4616" type="gene"
        link="http://www.kegg.jp/dbget-bin/www_bget?hsa:10912+hsa:1647+hsa:4616">
        <graphics name="GADD45G, CR6, DDIT2, GADD45gamma, GRP17..." fgcolor="#000000" bgcolor="#BFFFBF"
             type="rectangle" x="669" y="509" width="46" height="17"/>
    </entry>
    <entry id="4" name="hsa:4194" type="gene"
        link="http://www.kegg.jp/dbget-bin/www_bget?hsa:4194">
        <graphics name="MDM4, HDMX, MDMX, MRP1" fgcolor="#000000" bgcolor="#BFFFBF"
             type="rectangle" x="307" y="452" width="46" height="17"/>
    </entry>
    <entry id="5" name="hsa:1111" type="gene"
        link="http://www.kegg.jp/dbget-bin/www_bget?hsa:1111">
        <graphics name="CHEK1, CHK1" fgcolor="#000000" bgcolor="#BFFFBF"
             type="rectangle" x="412" y="228" width="46" height="17"/>
    </entry>
    <entry id="6" name="hsa:545" type="gene"
        link="http://www.kegg.jp/dbget-bin/www_bget?hsa:545">
        <graphics name="ATR, FCTCS, FRP1, MEC1, SCKL, SCKL1" fgcolor="#000000" bgcolor="#BFFFBF"
             type="rectangle" x="333" y="228" width="46" height="17"/>
    </entry>
    <entry id="7" name="hsa:11200" type="gene"
        link="http://www.kegg.jp/dbget-bin/www_bget?hsa:11200">
        <graphics name="CHEK2, CDS1, CHK2, HuCds1, LFS2, PP1425, RAD53, hCds1" fgcolor="#000000" bgcolor="#BFFFBF"
             type="rectangle" x="456" y="201" width="46" height="17"/>
    </entry>
    <entry id="8" name="hsa:472" type="gene"
        link="http://www.kegg.jp/dbget-bin/www_bget?hsa:472">
        <graphics name="ATM, AT1, ATA, ATC, ATD, ATDC, ATE, TEL1, TELO1" fgcolor="#000000" bgcolor="#BFFFBF"
             type="rectangle" x="333" y="201" width="46" height="17"/>
    </entry>
    <entry id="9" name="hsa:56475" type="gene"
        link="http://www.kegg.jp/dbget-bin/www_bget?hsa:56475">
        <graphics name="RPRM, REPRIMO" fgcolor="#000000" bgcolor="#BFFFBF"
             type="rectangle" x="564" y="176" width="46" height="17"/>
    </entry>
    <entry id="10" name="hsa:2810" type="gene"
        link="http://www.kegg.jp/dbget-bin/www_bget?hsa:2810">
        <graphics name="SFN, YWHAS" fgcolor="#000000" bgcolor="#BFFFBF"
             type="rectangle" x="564" y="152" width="46" height="17"/>
    </entry>
    <entry id="11" name="hsa:1017" type="gene"
        link="http://www.kegg.jp/dbget-bin/www_bget?hsa:1017">
        <graphics name="CDK2, CDKN2, p33(CDK2)" fgcolor="#000000" bgcolor="#BFFFBF"
             type="rectangle" x="693" y="141" width="46" height="17"/>
    </entry>
    <entry id="12" name="hsa:898 hsa:9134" type="gene"
        link="http://www.kegg.jp/dbget-bin/www_bget?hsa:898+hsa:9134">
        <graphics name="CCNE1, CCNE..." fgcolor="#000000" bgcolor="#BFFFBF"
             type="rectangle" x="693" y="124" width="46" height="17"/>
    </entry>
    <entry id="13" name="path:hsa04110" type="map"
        link="http://www.kegg.jp/dbget-bin/www_bget?hsa04110">
        <graphics name="Cell cycle" fgcolor="#000000" bgcolor="#FFFFFF"
             type="roundrectangle" x="307" y="500" width="103" height="34"/>
    </entry>
    <entry id="14" name="path:hsa04210" type="map"
        link="http://www.kegg.jp/dbget-bin/www_bget?hsa04210">
        <graphics name="Apoptosis" fgcolor="#000000" bgcolor="#FFFFFF"
             type="roundrectangle" x="1077" y="294" width="103" height="34"/>
    </entry>
    <entry id="15" name="hsa:7249" type="gene"
        link="http://www.kegg.jp/dbget-bin/www_bget?hsa:7249">
        <graphics name="TSC2, LAM, PPP1R160, TSC4" fgcolor="#000000" bgcolor="#BFFFBF"
             type="rectangle" x="617" y="550" width="46" height="17"/>
    </entry>
    <entry id="16" name="hsa:8493" type="gene"
        link="http://www.kegg.jp/dbget-bin/www_bget?hsa:8493">
        <graphics name="PPM1D, PP2C-DELTA, WIP1" fgcolor="#000000" bgcolor="#BFFFBF"
             type="rectangle" x="827" y="629" width="46" height="17"/>
    </entry>
    <entry id="17" name="hsa:7161" type="gene"
        link="http://www.kegg.jp/dbget-bin/www_bget?hsa:7161">
        <graphics name="TP73, P73" fgcolor="#000000" bgcolor="#BFFFBF"
             type="rectangle" x="879" y="629" width="46" height="17"/>
    </entry>
    <entry id="18" name="hsa:900 hsa:901" type="gene"
        link="http://www.kegg.jp/dbget-bin/www_bget?hsa:900+hsa:901">
        <graphics name="CCNG1, CCNG..." fgcolor="#000000" bgcolor="#BFFFBF"
             type="rectangle" x="721" y="629" width="46" height="17"/>
    </entry>
    <entry id="19" name="hsa:64326" type="gene"
        link="http://www.kegg.jp/dbget-bin/www_bget?hsa:64326">
        <graphics name="RFWD2, COP1, RNF200" fgcolor="#000000" bgcolor="#BFFFBF"
             type="rectangle" x="617" y="629" width="46" height="17"/>
    </entry>
    <entry id="20" name="hsa:50484 hsa:6241" type="gene"
        link="http://www.kegg.jp/dbget-bin/www_bget?hsa:50484+hsa:6241">
        <graphics name="RRM2B, MTDPS8A, MTDPS8B, P53R2..." fgcolor="#000000" bgcolor="#BFFFBF"
             type="rectangle" x="617" y="509" width="46" height="17"/>
    </entry>
    <entry id="21" name="hsa:1643" type="gene"
        link="http://www.kegg.jp/dbget-bin/www_bget?hsa:1643">
        <graphics name="DDB2, DDBB, UV-DDB2" fgcolor="#000000" bgcolor="#BFFFBF"
             type="rectangle" x="564" y="509" width="46" height="17"/>
    </entry>
    <entry id="22" name="hsa:55240" type="gene"
        link="http://www.kegg.jp/dbget-bin/www_bget?hsa:55240">
        <graphics name="STEAP3, AHMIO2, STMP3, TSAP6, dudlin-2" fgcolor="#000000" bgcolor="#BFFFBF"
             type="rectangle" x="564" y="589" width="46" height="17"/>
    </entry>
    <entry id="23" name="hsa:5728" type="gene"
        link="http://www.kegg.jp/dbget-bin/www_bget?hsa:5728">
        <graphics name="PTEN, 10q23del, BZS, CWS1, DEC, GLM2, MHAM, MMAC1, PTEN1, TEP1" fgcolor="#000000" bgcolor="#BFFFBF"
             type="rectangle" x="564" y="550" width="46" height="17"/>
    </entry>
    <entry id="24" name="hsa:5268" type="gene"
        link="http://www.kegg.jp/dbget-bin/www_bget?hsa:5268">
        <graphics name="SERPINB5, PI5, maspin" fgcolor="#000000" bgcolor="#BFFFBF"
             type="rectangle" x="827" y="468" width="46" height="17"/>
    </entry>
    <entry id="25" name="hsa:3732" type="gene"
        link="http://www.kegg.jp/dbget-bin/www_bget?hsa:3732">
        <graphics name="CD82, 4F9, C33, GR15, IA4, KAI1, R2, SAR2, ST6, TSPAN27" fgcolor="#000000" bgcolor="#BFFFBF"
             type="rectangle" x="669" y="468" width="46" height="17"/>
    </entry>
    <entry id="27" name="hsa:7057" type="gene"
        link="http://www.kegg.jp/dbget-bin/www_bget?hsa:7057">
        <graphics name="THBS1, THBS, THBS-1, TSP, TSP-1, TSP1" fgcolor="#000000" bgcolor="#BFFFBF"
             type="rectangle" x="774" y="468" width="46" height="17"/>
    </entry>
    <entry id="28" name="hsa:3486" type="gene"
        link="http://www.kegg.jp/dbget-bin/www_bget?hsa:3486">
        <graphics name="IGFBP3, BP-53, IBP3" fgcolor="#000000" bgcolor="#BFFFBF"
             type="rectangle" x="564" y="427" width="46" height="17"/>
    </entry>
    <entry id="29" name="hsa:3479" type="gene"
        link="http://www.kegg.jp/dbget-bin/www_bget?hsa:3479">
        <graphics name="IGF1, IGF-I, IGF1A, IGFI" fgcolor="#000000" bgcolor="#BFFFBF"
             type="rectangle" x="674" y="427" width="46" height="17"/>
    </entry>
    <entry id="30" name="hsa:5054" type="gene"
        link="http://www.kegg.jp/dbget-bin/www_bget?hsa:5054">
        <graphics name="SERPINE1, PAI, PAI-1, PAI1, PLANH1" fgcolor="#000000" bgcolor="#BFFFBF"
             type="rectangle" x="564" y="468" width="46" height="17"/>
    </entry>
    <entry id="31" name="hsa:575" type="gene"
        link="http://www.kegg.jp/dbget-bin/www_bget?hsa:575">
        <graphics name="BAI1, GDAIF" fgcolor="#000000" bgcolor="#BFFFBF"
             type="rectangle" x="617" y="468" width="46" height="17"/>
    </entry>
    <entry id="32" name="hsa:1029" type="gene"
        link="http://www.kegg.jp/dbget-bin/www_bget?hsa:1029">
        <graphics name="CDKN2A, ARF, CDK4I, CDKN2, CMM2, INK4, INK4A, MLM, MTS-1, MTS1, P14, P14ARF, P16, P16-INK4A, P16INK4, P16INK4A, P19, P19ARF, TP16" fgcolor="#000000" bgcolor="#BFFFBF"
             type="rectangle" x="239" y="388" width="46" height="17"/>
    </entry>
    <entry id="33" name="hsa:1026" type="gene"
        link="http://www.kegg.jp/dbget-bin/www_bget?hsa:1026">
        <graphics name="CDKN1A, CAP20, CDKN1, CIP1, MDA-6, P21, SDI1, WAF1, p21CIP1" fgcolor="#000000" bgcolor="#BFFFBF"
             type="rectangle" x="564" y="117" width="46" height="17"/>
    </entry>
    <entry id="34" name="hsa:64393" type="gene"
        link="http://www.kegg.jp/dbget-bin/www_bget?hsa:64393">
        <graphics name="ZMAT3, PAG608, WIG-1, WIG1" fgcolor="#000000" bgcolor="#BFFFBF"
             type="rectangle" x="669" y="388" width="46" height="17"/>
    </entry>
    <entry id="35" name="hsa:637" type="gene"
        link="http://www.kegg.jp/dbget-bin/www_bget?hsa:637">
        <graphics name="BID, FP497" fgcolor="#000000" bgcolor="#BFFFBF"
             type="rectangle" x="777" y="300" width="46" height="17"/>
    </entry>
    <entry id="36" name="hsa:9538 hsa:9540" type="gene"
        link="http://www.kegg.jp/dbget-bin/www_bget?hsa:9538+hsa:9540">
        <graphics name="EI24, EPG4, PIG8, TP53I8..." fgcolor="#000000" bgcolor="#BFFFBF"
             type="rectangle" x="564" y="357" width="46" height="17"/>
    </entry>
    <entry id="37" name="hsa:355" type="gene"
        link="http://www.kegg.jp/dbget-bin/www_bget?hsa:355">
        <graphics name="FAS, ALPS1A, APO-1, APT1, CD95, FAS1, FASTM, TNFRSF6" fgcolor="#000000" bgcolor="#BFFFBF"
             type="rectangle" x="564" y="266" width="46" height="17"/>
    </entry>
    <entry id="38" name="hsa:51512" type="gene"
        link="http://www.kegg.jp/dbget-bin/www_bget?hsa:51512">
        <graphics name="GTSE1, B99" fgcolor="#000000" bgcolor="#BFFFBF"
             type="rectangle" x="564" y="232" width="46" height="17"/>
    </entry>
    <entry id="39" name="hsa:581" type="gene"
        link="http://www.kegg.jp/dbget-bin/www_bget?hsa:581">
        <graphics name="BAX, BCL2L4" fgcolor="#000000" bgcolor="#BFFFBF"
             type="rectangle" x="564" y="322" width="46" height="17"/>
    </entry>
    <entry id="40" name="hsa:55367" type="gene"
        link="http://www.kegg.jp/dbget-bin/www_bget?hsa:55367">
        <graphics name="PIDD1, LRDD, PIDD" fgcolor="#000000" bgcolor="#BFFFBF"
             type="rectangle" x="564" y="288" width="46" height="17"/>
    </entry>
    <entry id="41" name="hsa:8795" type="gene"
        link="http://www.kegg.jp/dbget-bin/www_bget?hsa:8795">
        <graphics name="TNFRSF10B, CD262, DR5, KILLER, KILLER/DR5, TRAIL-R2, TRAILR2, TRICK2, TRICK2A, TRICK2B, TRICKB, ZTNFR9" fgcolor="#000000" bgcolor="#BFFFBF"
             type="rectangle" x="617" y="276" width="46" height="17"/>
    </entry>
    <entry id="42" name="hsa:841" type="gene"
        link="http://www.kegg.jp/dbget-bin/www_bget?hsa:841">
        <graphics name="CASP8, ALPS2B, CAP4, Casp-8, FLICE, MACH, MCH5" fgcolor="#000000" bgcolor="#BFFFBF"
             type="rectangle" x="701" y="276" width="46" height="17"/>
    </entry>
    <entry id="43" name="hsa:983" type="gene"
        link="http://www.kegg.jp/dbget-bin/www_bget?hsa:983">
        <graphics name="CDK1, CDC2, CDC28A, P34CDC2" fgcolor="#000000" bgcolor="#BFFFBF"
             type="rectangle" x="693" y="209" width="46" height="17"/>
    </entry>
    <entry id="44" name="hsa:317" type="gene"
        link="http://www.kegg.jp/dbget-bin/www_bget?hsa:317">
        <graphics name="APAF1, APAF-1, CED4" fgcolor="#000000" bgcolor="#BFFFBF"
             type="rectangle" x="907" y="374" width="46" height="17"/>
    </entry>
    <entry id="45" name="hsa:54205" type="gene"
        link="http://www.kegg.jp/dbget-bin/www_bget?hsa:54205">
        <graphics name="CYCS, CYC, HCS, THC4" fgcolor="#000000" bgcolor="#BFFFBF"
             type="rectangle" x="907" y="342" width="46" height="17"/>
    </entry>
    <entry id="46" name="hsa:842" type="gene"
        link="http://www.kegg.jp/dbget-bin/www_bget?hsa:842">
        <graphics name="CASP9, APAF-3, APAF3, ICE-LAP6, MCH6, PPP1R56" fgcolor="#000000" bgcolor="#BFFFBF"
             type="rectangle" x="1010" y="358" width="46" height="17"/>
    </entry>
    <entry id="47" name="hsa:4193" type="gene"
        link="http://www.kegg.jp/dbget-bin/www_bget?hsa:4193">
        <graphics name="MDM2, ACTFS, HDMX, hdm2" fgcolor="#000000" bgcolor="#BFFFBF"
             type="rectangle" x="307" y="388" width="46" height="17"/>
    </entry>
    <entry id="48" name="hsa:7157" type="gene"
        link="http://www.kegg.jp/dbget-bin/www_bget?hsa:7157">
        <graphics name="TP53, BCC7, LFS1, P53, TRP53" fgcolor="#000000" bgcolor="#BFFFBF"
             type="rectangle" x="397" y="388" width="46" height="17"/>
    </entry>
    <entry id="49" name="hsa:4193" type="gene"
        link="http://www.kegg.jp/dbget-bin/www_bget?hsa:4193">
        <graphics name="MDM2, ACTFS, HDMX, hdm2" fgcolor="#000000" bgcolor="#BFFFBF"
             type="rectangle" x="564" y="629" width="46" height="17"/>
    </entry>
    <entry id="50" name="hsa:25898" type="gene"
        link="http://www.kegg.jp/dbget-bin/www_bget?hsa:25898">
        <graphics name="RCHY1, ARNIP, CHIMP, PIRH2, PRO1996, RNF199, ZCHY, ZNF363" fgcolor="#000000" bgcolor="#BFFFBF"
             type="rectangle" x="669" y="629" width="46" height="17"/>
    </entry>
    <entry id="51" name="hsa:10912 hsa:1647 hsa:4616" type="gene"
        link="http://www.kegg.jp/dbget-bin/www_bget?hsa:10912+hsa:1647+hsa:4616">
        <graphics name="GADD45G, CR6, DDIT2, GADD45gamma, GRP17..." fgcolor="#000000" bgcolor="#BFFFBF"
             type="rectangle" x="564" y="208" width="46" height="17"/>
    </entry>
    <entry id="52" name="hsa:1019 hsa:1021" type="gene"
        link="http://www.kegg.jp/dbget-bin/www_bget?hsa:1019+hsa:1021">
        <graphics name="CDK4, CMM3, PSK-J3..." fgcolor="#000000" bgcolor="#BFFFBF"
             type="rectangle" x="693" y="96" width="46" height="17"/>
    </entry>
    <entry id="53" name="hsa:595 hsa:894 hsa:896" type="gene"
        link="http://www.kegg.jp/dbget-bin/www_bget?hsa:595+hsa:894+hsa:896">
        <graphics name="CCND1, BCL1, D11S287E, PRAD1, U21B31..." fgcolor="#000000" bgcolor="#BFFFBF"
             type="rectangle" x="693" y="79" width="46" height="17"/>
    </entry>
    <entry id="54" name="hsa:64065" type="gene"
        link="http://www.kegg.jp/dbget-bin/www_bget?hsa:64065">
        <graphics name="PERP, KCP1, KRTCAP1, PIGPC1, THW, dJ496H19.1" fgcolor="#000000" bgcolor="#BFFFBF"
             type="rectangle" x="617" y="388" width="46" height="17"/>
    </entry>
    <entry id="55" name="hsa:51246" type="gene"
        link="http://www.kegg.jp/dbget-bin/www_bget?hsa:51246">
        <graphics name="SHISA5, SCOTIN" fgcolor="#000000" bgcolor="#BFFFBF"
             type="rectangle" x="564" y="388" width="46" height="17"/>
    </entry>
    <entry id="56" name="hsa:143686 hsa:27244 hsa:83667" type="gene"
        link="http://www.kegg.jp/dbget-bin/www_bget?hsa:143686+hsa:27244+hsa:83667">
        <graphics name="SESN3, SEST3..." fgcolor="#000000" bgcolor="#BFFFBF"
             type="rectangle" x="721" y="509" width="46" height="17"/>
    </entry>
    <entry id="57" name="hsa:85417 hsa:891 hsa:9133" type="gene"
        link="http://www.kegg.jp/dbget-bin/www_bget?hsa:85417+hsa:891+hsa:9133">
        <graphics name="CCNB3..." fgcolor="#000000" bgcolor="#BFFFBF"
             type="rectangle" x="693" y="192" width="46" height="17"/>
    </entry>
    <entry id="58" name="hsa:836" type="gene"
        link="http://www.kegg.jp/dbget-bin/www_bget?hsa:836">
        <graphics name="CASP3, CPP32, CPP32B, SCA-1" fgcolor="#000000" bgcolor="#BFFFBF"
             type="rectangle" x="1086" y="357" width="46" height="17"/>
    </entry>
    <entry id="59" name="path:hsa04115" type="map"
        link="http://www.kegg.jp/dbget-bin/www_bget?hsa04115">
        <graphics name="TITLE:p53 signaling pathway" fgcolor="#000000" bgcolor="#FFFFFF"
             type="roundrectangle" x="139" y="58" width="198" height="25"/>
    </entry>
    <entry id="60" name="path:hsa04110" type="map"
        link="http://www.kegg.jp/dbget-bin/www_bget?hsa04110">
        <graphics name="Cell cycle" fgcolor="#000000" bgcolor="#FFFFFF"
             type="roundrectangle" x="1075" y="193" width="103" height="34"/>
    </entry>
    <entry id="61" name="hsa:6477" type="gene"
        link="http://www.kegg.jp/dbget-bin/www_bget?hsa:6477">
        <graphics name="SIAH1, SIAH1A" fgcolor="#000000" bgcolor="#BFFFBF"
             type="rectangle" x="721" y="388" width="46" height="17"/>
    </entry>
    <entry id="62" name="hsa:63970" type="gene"
        link="http://www.kegg.jp/dbget-bin/www_bget?hsa:63970">
        <graphics name="TP53AIP1, P53AIP1" fgcolor="#000000" bgcolor="#BFFFBF"
             type="rectangle" x="721" y="322" width="46" height="17"/>
    </entry>
    <entry id="63" name="hsa:27113" type="gene"
        link="http://www.kegg.jp/dbget-bin/www_bget?hsa:27113">
        <graphics name="BBC3, JFY-1, JFY1, PUMA" fgcolor="#000000" bgcolor="#BFFFBF"
             type="rectangle" x="669" y="322" width="46" height="17"/>
    </entry>
    <entry id="64" name="hsa:5366" type="gene"
        link="http://www.kegg.jp/dbget-bin/www_bget?hsa:5366">
        <graphics name="PMAIP1, APR, NOXA" fgcolor="#000000" bgcolor="#BFFFBF"
             type="rectangle" x="617" y="322" width="46" height="17"/>
    </entry>
    <entry id="65" name="undefined" type="group">
        <graphics fgcolor="#000000" bgcolor="#FFFFFF"
             type="rectangle" x="693" y="87" width="46" height="34"/>
        <component id="52"/>
        <component id="53"/>
    </entry>
    <entry id="66" name="undefined" type="group">
        <graphics fgcolor="#000000" bgcolor="#FFFFFF"
             type="rectangle" x="693" y="132" width="46" height="34"/>
        <component id="11"/>
        <component id="12"/>
    </entry>
    <entry id="67" name="undefined" type="group">
        <graphics fgcolor="#000000" bgcolor="#FFFFFF"
             type="rectangle" x="693" y="200" width="46" height="34"/>
        <component id="43"/>
        <component id="57"/>
    </entry>
    <relation entry1="8" entry2="7" type="PPrel">
        <subtype name="activation" value="--&gt;"/>
        <subtype name="phosphorylation" value="+p"/>
    </relation>
    <relation entry1="6" entry2="5" type="PPrel">
        <subtype name="activation" value="--&gt;"/>
        <subtype name="phosphorylation" value="+p"/>
    </relation>
    <relation entry1="6" entry2="48" type="PPrel">
        <subtype name="activation" value="--&gt;"/>
        <subtype name="phosphorylation" value="+p"/>
    </relation>
    <relation entry1="5" entry2="48" type="PPrel">
        <subtype name="activation" value="--&gt;"/>
        <subtype name="phosphorylation" value="+p"/>
    </relation>
    <relation entry1="7" entry2="48" type="PPrel">
        <subtype name="activation" value="--&gt;"/>
        <subtype name="phosphorylation" value="+p"/>
    </relation>
    <relation entry1="8" entry2="48" type="PPrel">
        <subtype name="activation" value="--&gt;"/>
        <subtype name="phosphorylation" value="+p"/>
    </relation>
    <relation entry1="32" entry2="47" type="PPrel">
        <subtype name="inhibition" value="--|"/>
    </relation>
    <relation entry1="4" entry2="47" type="PPrel">
        <subtype name="activation" value="--&gt;"/>
    </relation>
    <relation entry1="48" entry2="47" type="PPrel">
        <subtype name="activation" value="--&gt;"/>
    </relation>
    <relation entry1="4" entry2="48" type="PPrel">
        <subtype name="inhibition" value="--|"/>
    </relation>
    <relation entry1="33" entry2="65" type="PPrel">
        <subtype name="inhibition" value="--|"/>
    </relation>
    <relation entry1="33" entry2="66" type="PPrel">
        <subtype name="inhibition" value="--|"/>
    </relation>
    <relation entry1="10" entry2="67" type="PPrel">
        <subtype name="inhibition" value="--|"/>
    </relation>
    <relation entry1="51" entry2="67" type="PPrel">
        <subtype name="inhibition" value="--|"/>
    </relation>
    <relation entry1="28" entry2="29" type="PPrel">
        <subtype name="inhibition" value="--|"/>
    </relation>
    <relation entry1="48" entry2="33" type="GErel">
        <subtype name="expression" value="--&gt;"/>
    </relation>
    <relation entry1="48" entry2="10" type="GErel">
        <subtype name="expression" value="--&gt;"/>
    </relation>
    <relation entry1="48" entry2="9" type="GErel">
        <subtype name="expression" value="--&gt;"/>
    </relation>
    <relation entry1="48" entry2="51" type="GErel">
        <subtype name="expression" value="--&gt;"/>
    </relation>
    <relation entry1="48" entry2="38" type="GErel">
        <subtype name="expression" value="--&gt;"/>
    </relation>
    <relation entry1="48" entry2="37" type="GErel">
        <subtype name="expression" value="--&gt;"/>
    </relation>
    <relation entry1="48" entry2="40" type="GErel">
        <subtype name="expression" value="--&gt;"/>
    </relation>
    <relation entry1="48" entry2="41" type="GErel">
        <subtype name="expression" value="--&gt;"/>
    </relation>
    <relation entry1="48" entry2="39" type="GErel">
        <subtype name="expression" value="--&gt;"/>
    </relation>
    <relation entry1="48" entry2="64" type="GErel">
        <subtype name="expression" value="--&gt;"/>
    </relation>
    <relation entry1="63" entry2="48" type="GErel">
        <subtype name="expression" value="--&gt;"/>
    </relation>
    <relation entry1="63" entry2="62" type="GErel">
        <subtype name="expression" value="--&gt;"/>
    </relation>
    <relation entry1="48" entry2="36" type="GErel">
        <subtype name="expression" value="--&gt;"/>
    </relation>
    <relation entry1="48" entry2="55" type="GErel">
        <subtype name="expression" value="--&gt;"/>
    </relation>
    <relation entry1="48" entry2="54" type="GErel">
        <subtype name="expression" value="--&gt;"/>
    </relation>
    <relation entry1="48" entry2="34" type="GErel">
        <subtype name="expression" value="--&gt;"/>
    </relation>
    <relation entry1="48" entry2="61" type="GErel">
        <subtype name="expression" value="--&gt;"/>
    </relation>
    <relation entry1="48" entry2="28" type="GErel">
        <subtype name="expression" value="--&gt;"/>
    </relation>
    <relation entry1="48" entry2="30" type="GErel">
        <subtype name="expression" value="--&gt;"/>
    </relation>
    <relation entry1="48" entry2="31" type="GErel">
        <subtype name="expression" value="--&gt;"/>
    </relation>
    <relation entry1="48" entry2="25" type="GErel">
        <subtype name="expression" value="--&gt;"/>
    </relation>
    <relation entry1="48" entry2="27" type="GErel">
        <subtype name="expression" value="--&gt;"/>
    </relation>
    <relation entry1="48" entry2="24" type="GErel">
        <subtype name="expression" value="--&gt;"/>
    </relation>
    <relation entry1="48" entry2="21" type="GErel">
        <subtype name="expression" value="--&gt;"/>
    </relation>
    <relation entry1="48" entry2="20" type="GErel">
        <subtype name="expression" value="--&gt;"/>
    </relation>
    <relation entry1="48" entry2="3" type="GErel">
        <subtype name="expression" value="--&gt;"/>
    </relation>
    <relation entry1="48" entry2="56" type="GErel">
        <subtype name="expression" value="--&gt;"/>
    </relation>
    <relation entry1="48" entry2="23" type="GErel">
        <subtype name="expression" value="--&gt;"/>
    </relation>
    <relation entry1="48" entry2="15" type="GErel">
        <subtype name="expression" value="--&gt;"/>
    </relation>
    <relation entry1="48" entry2="2" type="GErel">
        <subtype name="expression" value="--&gt;"/>
    </relation>
    <relation entry1="48" entry2="22" type="GErel">
        <subtype name="expression" value="--&gt;"/>
    </relation>
    <relation entry1="48" entry2="49" type="GErel">
        <subtype name="expression" value="--&gt;"/>
    </relation>
    <relation entry1="48" entry2="19" type="GErel">
        <subtype name="expression" value="--&gt;"/>
    </relation>
    <relation entry1="48" entry2="50" type="GErel">
        <subtype name="expression" value="--&gt;"/>
    </relation>
    <relation entry1="48" entry2="18" type="GErel">
        <subtype name="expression" value="--&gt;"/>
    </relation>
    <relation entry1="48" entry2="1" type="GErel">
        <subtype name="expression" value="--&gt;"/>
    </relation>
    <relation entry1="48" entry2="16" type="GErel">
        <subtype name="expression" value="--&gt;"/>
    </relation>
    <relation entry1="48" entry2="17" type="GErel">
        <subtype name="expression" value="--&gt;"/>
    </relation>
    <relation entry1="35" entry2="45" type="PPrel">
        <subtype name="indirect effect" value="..&gt;"/>
    </relation>
    <relation entry1="62" entry2="45" type="PPrel">
        <subtype name="indirect effect" value="..&gt;"/>
    </relation>
    <relation entry1="61" entry2="45" type="PPrel">
        <subtype name="indirect effect" value="..&gt;"/>
    </relation>
    <relation entry1="45" entry2="46" type="PPrel">
        <subtype name="activation" value="--&gt;"/>
    </relation>
    <relation entry1="44" entry2="46" type="PPrel">
        <subtype name="activation" value="--&gt;"/>
    </relation>
    <relation entry1="46" entry2="58" type="PPrel">
        <subtype name="activation" value="--&gt;"/>
    </relation>
    <relation entry1="42" entry2="58" type="PPrel">
        <subtype name="activation" value="--&gt;"/>
    </relation>
    <relation entry1="41" entry2="42" type="PPrel">
        <subtype name="indirect effect" value="..&gt;"/>
    </relation>
</pathway>
