<?xml version="1.0"?>
<!DOCTYPE pathway SYSTEM "http://www.kegg.jp/kegg/xml/KGML_v0.7.1_.dtd">
<!-- Creation date: Jul 21, 2015 17:37:34 +0900 (GMT+9) -->
<pathway name="path:hsa04740" org="hsa" number="04740"
         title="Olfactory transduction"
         image="http://www.kegg.jp/kegg/pathway/hsa/hsa04740.png"
         link="http://www.kegg.jp/kegg-bin/show_pathway?hsa04740">
    <entry id="1" name="cpd:C00942" type="compound"
        link="http://www.kegg.jp/dbget-bin/www_bget?C00942">
        <graphics name="C00942" fgcolor="#000000" bgcolor="#FFFFFF"
             type="circle" x="401" y="323" width="8" height="8"/>
    </entry>
    <entry id="2" name="cpd:C00575" type="compound"
        link="http://www.kegg.jp/dbget-bin/www_bget?C00575">
        <graphics name="C00575" fgcolor="#000000" bgcolor="#FFFFFF"
             type="circle" x="290" y="402" width="8" height="8"/>
    </entry>
    <entry id="3" name="cpd:C00076" type="compound"
        link="http://www.kegg.jp/dbget-bin/www_bget?C00076">
        <graphics name="C00076" fgcolor="#000000" bgcolor="#FFFFFF"
             type="circle" x="275" y="529" width="8" height="8"/>
    </entry>
    <entry id="4" name="cpd:C00698" type="compound"
        link="http://www.kegg.jp/dbget-bin/www_bget?C00698">
        <graphics name="C00698" fgcolor="#000000" bgcolor="#FFFFFF"
             type="circle" x="614" y="443" width="8" height="8"/>
    </entry>
    <entry id="5" name="cpd:C01330" type="compound"
        link="http://www.kegg.jp/dbget-bin/www_bget?C01330">
        <graphics name="C01330" fgcolor="#000000" bgcolor="#FFFFFF"
             type="circle" x="275" y="590" width="8" height="8"/>
    </entry>
    <entry id="6" name="hsa:815 hsa:816 hsa:817 hsa:818" type="gene"
        link="http://www.kegg.jp/dbget-bin/www_bget?hsa:815+hsa:816+hsa:817+hsa:818">
        <graphics name="CAMK2A, CAMKA..." fgcolor="#000000" bgcolor="#BFFFBF"
             type="rectangle" x="188" y="441" width="46" height="17"/>
    </entry>
    <entry id="7" name="hsa:2774" type="gene"
        link="http://www.kegg.jp/dbget-bin/www_bget?hsa:2774">
        <graphics name="GNAL, DYT25" fgcolor="#000000" bgcolor="#BFFFBF"
             type="rectangle" x="208" y="307" width="46" height="17"/>
    </entry>
    <entry id="8" name="hsa:163688 hsa:51806 hsa:801 hsa:805 hsa:808 hsa:810" type="gene"
        link="http://www.kegg.jp/dbget-bin/www_bget?hsa:163688+hsa:51806+hsa:801+hsa:805+hsa:808+hsa:810">
        <graphics name="CALML6, CAGLP..." fgcolor="#000000" bgcolor="#BFFFBF"
             type="rectangle" x="297" y="477" width="46" height="17"/>
    </entry>
    <entry id="9" name="hsa:5137" type="gene"
        link="http://www.kegg.jp/dbget-bin/www_bget?hsa:5137">
        <graphics name="PDE1C, Hcam3, cam-PDE_1C, hCam-3" fgcolor="#000000" bgcolor="#BFFFBF"
             type="rectangle" x="368" y="416" width="46" height="17"/>
    </entry>
    <entry id="10" name="hsa:5566 hsa:5567 hsa:5568" type="gene"
        link="http://www.kegg.jp/dbget-bin/www_bget?hsa:5566+hsa:5567+hsa:5568">
        <graphics name="PRKACA, PKACA, PPNAD4..." fgcolor="#000000" bgcolor="#BFFFBF"
             type="rectangle" x="451" y="214" width="46" height="17"/>
    </entry>
    <entry id="11" name="hsa:109" type="gene"
        link="http://www.kegg.jp/dbget-bin/www_bget?hsa:109">
        <graphics name="ADCY3, AC3" fgcolor="#000000" bgcolor="#BFFFBF"
             type="rectangle" x="132" y="404" width="46" height="17"/>
    </entry>
    <entry id="12" name="hsa:3000" type="gene"
        link="http://www.kegg.jp/dbget-bin/www_bget?hsa:3000">
        <graphics name="GUCY2D, CORD5, CORD6, CYGD, GUC1A4, GUC2D, LCA, LCA1, RCD2, RETGC-1, ROS-GC1, ROSGC, retGC" fgcolor="#000000" bgcolor="#BFFFBF"
             type="rectangle" x="554" y="323" width="46" height="17"/>
    </entry>
    <entry id="13" name="hsa:5132" type="gene"
        link="http://www.kegg.jp/dbget-bin/www_bget?hsa:5132">
        <graphics name="PDC, MEKA, PHD, PhLOP, PhLP" fgcolor="#000000" bgcolor="#BFFFBF"
             type="rectangle" x="243" y="252" width="46" height="17"/>
    </entry>
    <entry id="14" name="hsa:102723532 hsa:10798 hsa:119678 hsa:119679 hsa:119682 hsa:119687 hsa:119692 hsa:119694 hsa:119695 hsa:119749 hsa:119764 hsa:119765 hsa:119772 hsa:119774 hsa:120065 hsa:120066 hsa:120586 hsa:120775 hsa:120776 hsa:120787 hsa:120793 hsa:120796 hsa:121129 hsa:121130 hsa:121275 hsa:121364 hsa:122740 hsa:122742 hsa:122748 hsa:124538 hsa:125958 hsa:125962 hsa:125963 hsa:126370 hsa:126541 hsa:127059 hsa:127062 hsa:127064 hsa:127066 hsa:127068 hsa:127069 hsa:127074 hsa:127077 hsa:127385 hsa:127623 hsa:128360 hsa:128366 hsa:128367 hsa:128368 hsa:128371 hsa:128372 hsa:130075 hsa:134083 hsa:135924 hsa:135941 hsa:135946 hsa:135948 hsa:138799 hsa:138802 hsa:138803 hsa:138804 hsa:138805 hsa:138881 hsa:138882 hsa:138883 hsa:143496 hsa:143502 hsa:143503 hsa:144124 hsa:144125 hsa:150681 hsa:158131 hsa:162998 hsa:196335 hsa:219417 hsa:219428 hsa:219429 hsa:219431 hsa:219432 hsa:219436 hsa:219437 hsa:219438 hsa:219447 hsa:219453 hsa:219464 hsa:219469 hsa:219473 hsa:219477 hsa:219479 hsa:219482 hsa:219484 hsa:219487 hsa:219493 hsa:219858 hsa:219865 hsa:219869 hsa:219870 hsa:219873 hsa:219874 hsa:219875 hsa:219952 hsa:219954 hsa:219956 hsa:219957 hsa:219958 hsa:219959 hsa:219960 hsa:219965 hsa:219968 hsa:219981 hsa:219982 hsa:219983 hsa:219986 hsa:23538 hsa:254783 hsa:254786 hsa:254879 hsa:254973 hsa:255725 hsa:256144 hsa:256148 hsa:256892 hsa:26188 hsa:26189 hsa:26211 hsa:26212 hsa:26219 hsa:26245 hsa:26246 hsa:26248 hsa:26333 hsa:26338 hsa:26339 hsa:26341 hsa:26476 hsa:26492 hsa:26493 hsa:26494 hsa:26496 hsa:26529 hsa:26531 hsa:26532 hsa:26533 hsa:26534 hsa:26538 hsa:26539 hsa:26595 hsa:26648 hsa:26658 hsa:26659 hsa:26664 hsa:26682 hsa:26683 hsa:26686 hsa:26689 hsa:26692 hsa:26693 hsa:26696 hsa:26707 hsa:26716 hsa:26735 hsa:26737 hsa:26740 hsa:282763 hsa:282770 hsa:282775 hsa:283092 hsa:283093 hsa:283111 hsa:283159 hsa:283160 hsa:283162 hsa:283189 hsa:283297 hsa:283365 hsa:283694 hsa:284383 hsa:284433 hsa:284521 hsa:284532 hsa:285659 hsa:286362 hsa:286365 hsa:338662 hsa:338674 hsa:338675 hsa:338751 hsa:338755 hsa:340980 hsa:341152 hsa:341276 hsa:341416 hsa:341418 hsa:341568 hsa:341799 hsa:343169 hsa:343171 hsa:343172 hsa:343173 hsa:343406 hsa:343563 hsa:346517 hsa:346525 hsa:346528 hsa:347168 hsa:347169 hsa:347468 hsa:387748 hsa:389090 hsa:390036 hsa:390037 hsa:390038 hsa:390054 hsa:390058 hsa:390059 hsa:390061 hsa:390063 hsa:390064 hsa:390066 hsa:390067 hsa:390072 hsa:390075 hsa:390077 hsa:390078 hsa:390079 hsa:390081 hsa:390083 hsa:390084 hsa:390093 hsa:390113 hsa:390142 hsa:390144 hsa:390148 hsa:390151 hsa:390152 hsa:390154 hsa:390155 hsa:390157 hsa:390162 hsa:390167 hsa:390168 hsa:390174 hsa:390181 hsa:390190 hsa:390191 hsa:390195 hsa:390197 hsa:390199 hsa:390201 hsa:390260 hsa:390261 hsa:390264 hsa:390265 hsa:390271 hsa:390275 hsa:390321 hsa:390323 hsa:390326 hsa:390327 hsa:390429 hsa:390431 hsa:390433 hsa:390436 hsa:390437 hsa:390439 hsa:390442 hsa:390445 hsa:390538 hsa:390648 hsa:390649 hsa:390882 hsa:390883 hsa:390892 hsa:391107 hsa:391109 hsa:391112 hsa:391114 hsa:391189 hsa:391190 hsa:391191 hsa:391192 hsa:391194 hsa:391195 hsa:391196 hsa:391211 hsa:392138 hsa:392309 hsa:392376 hsa:392390 hsa:392391 hsa:392392 hsa:393046 hsa:401427 hsa:401665 hsa:401666 hsa:401667 hsa:401992 hsa:401993 hsa:401994 hsa:402135 hsa:402317 hsa:403239 hsa:403253 hsa:403257 hsa:403273 hsa:403277 hsa:403278 hsa:403282 hsa:403284 hsa:440153 hsa:441308 hsa:441608 hsa:441639 hsa:441669 hsa:441670 hsa:441911 hsa:441933 hsa:442184 hsa:442186 hsa:442191 hsa:442194 hsa:442361 hsa:4991 hsa:4992 hsa:4993 hsa:4994 hsa:4995 hsa:504189 hsa:504190 hsa:504191 hsa:56656 hsa:729759 hsa:79290 hsa:79295 hsa:79310 hsa:79317 hsa:7932 hsa:79324 hsa:79339 hsa:79345 hsa:79473 hsa:79501 hsa:79541 hsa:79544 hsa:81050 hsa:81061 hsa:81099 hsa:81127 hsa:81168 hsa:81282 hsa:81285 hsa:81300 hsa:81309 hsa:81318 hsa:81327 hsa:81328 hsa:81341 hsa:81392 hsa:81399 hsa:81442 hsa:81448 hsa:81466 hsa:81469 hsa:81470 hsa:81472 hsa:81696 hsa:81697 hsa:81797 hsa:8383 hsa:8386 hsa:8387 hsa:8388 hsa:8390 hsa:8392 hsa:8590" type="gene"
        link="http://www.kegg.jp/dbget-bin/www_bget?hsa:102723532+hsa:10798+hsa:119678+hsa:119679+hsa:119682+hsa:119687+hsa:119692+hsa:119694+hsa:119695+hsa:119749+hsa:119764+hsa:119765+hsa:119772+hsa:119774+hsa:120065+hsa:120066+hsa:120586+hsa:120775+hsa:120776+hsa:120787+hsa:120793+hsa:120796+hsa:121129+hsa:121130+hsa:121275+hsa:121364+hsa:122740+hsa:122742+hsa:122748+hsa:124538+hsa:125958+hsa:125962+hsa:125963+hsa:126370+hsa:126541+hsa:127059+hsa:127062+hsa:127064+hsa:127066+hsa:127068+hsa:127069+hsa:127074+hsa:127077+hsa:127385+hsa:127623+hsa:128360+hsa:128366+hsa:128367+hsa:128368+hsa:128371+hsa:128372+hsa:130075+hsa:134083+hsa:135924+hsa:135941+hsa:135946+hsa:135948+hsa:138799+hsa:138802+hsa:138803+hsa:138804+hsa:138805+hsa:138881+hsa:138882+hsa:138883+hsa:143496+hsa:143502+hsa:143503+hsa:144124+hsa:144125+hsa:150681+hsa:158131+hsa:162998+hsa:196335+hsa:219417+hsa:219428+hsa:219429+hsa:219431+hsa:219432+hsa:219436+hsa:219437+hsa:219438+hsa:219447+hsa:219453+hsa:219464+hsa:219469+hsa:219473+hsa:219477+hsa:219479+hsa:219482+hsa:219484+hsa:219487+hsa:219493+hsa:219858+hsa:219865+hsa:219869+hsa:219870+hsa:219873+hsa:219874+hsa:219875+hsa:219952+hsa:219954+hsa:219956+hsa:219957+hsa:219958+hsa:219959+hsa:219960+hsa:219965+hsa:219968+hsa:219981+hsa:219982+hsa:219983+hsa:219986+hsa:23538+hsa:254783+hsa:254786+hsa:254879+hsa:254973+hsa:255725+hsa:256144+hsa:256148+hsa:256892+hsa:26188+hsa:26189+hsa:26211+hsa:26212+hsa:26219+hsa:26245+hsa:26246+hsa:26248+hsa:26333+hsa:26338+hsa:26339+hsa:26341+hsa:26476+hsa:26492+hsa:26493+hsa:26494+hsa:26496+hsa:26529+hsa:26531+hsa:26532+hsa:26533+hsa:26534+hsa:26538+hsa:26539+hsa:26595+hsa:26648+hsa:26658+hsa:26659+hsa:26664+hsa:26682+hsa:26683+hsa:26686+hsa:26689+hsa:26692+hsa:26693+hsa:26696+hsa:26707+hsa:26716+hsa:26735+hsa:26737+hsa:26740+hsa:282763+hsa:282770+hsa:282775+hsa:283092+hsa:283093+hsa:283111+hsa:283159+hsa:283160+hsa:283162+hsa:283189+hsa:283297+hsa:283365+hsa:283694+hsa:284383+hsa:284433+hsa:284521+hsa:284532+hsa:285659+hsa:286362+hsa:286365+hsa:338662+hsa:338674+hsa:338675+hsa:338751+hsa:338755+hsa:340980+hsa:341152+hsa:341276+hsa:341416+hsa:341418+hsa:341568+hsa:341799+hsa:343169+hsa:343171+hsa:343172+hsa:343173+hsa:343406+hsa:343563+hsa:346517+hsa:346525+hsa:346528+hsa:347168+hsa:347169+hsa:347468+hsa:387748+hsa:389090+hsa:390036+hsa:390037+hsa:390038+hsa:390054+hsa:390058+hsa:390059+hsa:390061+hsa:390063+hsa:390064+hsa:390066+hsa:390067+hsa:390072+hsa:390075+hsa:390077+hsa:390078+hsa:390079+hsa:390081+hsa:390083+hsa:390084+hsa:390093+hsa:390113+hsa:390142+hsa:390144+hsa:390148+hsa:390151+hsa:390152+hsa:390154+hsa:390155+hsa:390157+hsa:390162+hsa:390167+hsa:390168+hsa:390174+hsa:390181+hsa:390190+hsa:390191+hsa:390195+hsa:390197+hsa:390199+hsa:390201+hsa:390260+hsa:390261+hsa:390264+hsa:390265+hsa:390271+hsa:390275+hsa:390321+hsa:390323+hsa:390326+hsa:390327+hsa:390429+hsa:390431+hsa:390433+hsa:390436+hsa:390437+hsa:390439+hsa:390442+hsa:390445+hsa:390538+hsa:390648+hsa:390649+hsa:390882+hsa:390883+hsa:390892+hsa:391107+hsa:391109+hsa:391112+hsa:391114+hsa:391189+hsa:391190+hsa:391191+hsa:391192+hsa:391194+hsa:391195+hsa:391196+hsa:391211+hsa:392138+hsa:392309+hsa:392376+hsa:392390+hsa:392391+hsa:392392+hsa:393046+hsa:401427+hsa:401665+hsa:401666+hsa:401667+hsa:401992+hsa:401993+hsa:401994+hsa:402135+hsa:402317+hsa:403239+hsa:403253+hsa:403257+hsa:403273+hsa:403277+hsa:403278+hsa:403282+hsa:403284+hsa:440153+hsa:441308+hsa:441608+hsa:441639+hsa:441669+hsa:441670+hsa:441911+hsa:441933+hsa:442184+hsa:442186+hsa:442191+hsa:442194+hsa:442361+hsa:4991+hsa:4992+hsa:4993+hsa:4994+hsa:4995+hsa:504189+hsa:504190+hsa:504191+hsa:56656+hsa:729759+hsa:79290+hsa:79295+hsa:79310+hsa:79317+hsa:7932+hsa:79324+hsa:79339+hsa:79345+hsa:79473+hsa:79501+hsa:79541+hsa:79544+hsa:81050+hsa:81061+hsa:81099+hsa:81127+hsa:81168+hsa:81282+hsa:81285+hsa:81300+hsa:81309+hsa:81318+hsa:81327+hsa:81328+hsa:81341+hsa:81392+hsa:81399+hsa:81442+hsa:81448+hsa:81466+hsa:81469+hsa:81470+hsa:81472+hsa:81696+hsa:81697+hsa:81797+hsa:8383+hsa:8386+hsa:8387+hsa:8388+hsa:8390+hsa:8392+hsa:8590">
        <graphics name="102723532..." fgcolor="#000000" bgcolor="#BFFFBF"
             type="rectangle" x="132" y="258" width="46" height="17"/>
    </entry>
    <entry id="15" name="hsa:409" type="gene"
        link="http://www.kegg.jp/dbget-bin/www_bget?hsa:409">
        <graphics name="ARRB2, ARB2, ARR2, BARR2" fgcolor="#000000" bgcolor="#BFFFBF"
             type="rectangle" x="223" y="169" width="46" height="17"/>
    </entry>
    <entry id="16" name="hsa:1258 hsa:1261 hsa:1262" type="gene"
        link="http://www.kegg.jp/dbget-bin/www_bget?hsa:1258+hsa:1261+hsa:1262">
        <graphics name="CNGB1, CNCG2, CNCG3L, CNCG4, CNG4, CNGB1B, GAR1, GARP, GARP2, RCNC2, RCNCb, RCNCbeta, RP45..." fgcolor="#000000" bgcolor="#BFFFBF"
             type="rectangle" x="132" y="561" width="46" height="17"/>
    </entry>
    <entry id="17" name="hsa:5592 hsa:5593" type="gene"
        link="http://www.kegg.jp/dbget-bin/www_bget?hsa:5592+hsa:5593">
        <graphics name="PRKG1, AAT8, PKG, PRKG1B, PRKGR1B, cGK, cGK_1, cGK1, cGKI, cGKI-BETA, cGKI-alpha..." fgcolor="#000000" bgcolor="#BFFFBF"
             type="rectangle" x="285" y="338" width="46" height="17"/>
    </entry>
    <entry id="18" name="hsa:2978 hsa:2979 hsa:9626" type="gene"
        link="http://www.kegg.jp/dbget-bin/www_bget?hsa:2978+hsa:2979+hsa:9626">
        <graphics name="GUCA1A, C6orf131, COD3, CORD14, GCAP, GCAP1, GUCA, GUCA1, dJ139D8.6..." fgcolor="#000000" bgcolor="#BFFFBF"
             type="rectangle" x="471" y="397" width="46" height="17"/>
    </entry>
    <entry id="19" name="hsa:157" type="gene"
        link="http://www.kegg.jp/dbget-bin/www_bget?hsa:157">
        <graphics name="ADRBK2, BARK2, GRK3" fgcolor="#000000" bgcolor="#BFFFBF"
             type="rectangle" x="270" y="198" width="46" height="17"/>
    </entry>
    <entry id="20" name="hsa:1179 hsa:22802 hsa:9635" type="gene"
        link="http://www.kegg.jp/dbget-bin/www_bget?hsa:1179+hsa:22802+hsa:9635">
        <graphics name="CLCA1, CACC, CACC1, CLCRG1, CaCC-1, GOB5, hCLCA1, hCaCC-1..." fgcolor="#000000" bgcolor="#BFFFBF"
             type="rectangle" x="554" y="442" width="46" height="17"/>
    </entry>
    <entry id="21" name="path:hsa04740" type="map"
        link="http://www.kegg.jp/dbget-bin/www_bget?hsa04740">
        <graphics name="TITLE:Olfactory transduction" fgcolor="#000000" bgcolor="#FFFFFF"
             type="roundrectangle" x="150" y="58" width="220" height="25"/>
    </entry>
    <relation entry1="12" entry2="17" type="PPrel">
        <subtype name="compound" value="1"/>
    </relation>
    <relation entry1="11" entry2="16" type="PPrel">
        <subtype name="compound" value="2"/>
    </relation>
    <relation entry1="11" entry2="10" type="PPrel">
        <subtype name="compound" value="2"/>
    </relation>
    <relation entry1="16" entry2="8" type="PPrel">
        <subtype name="compound" value="3"/>
    </relation>
    <relation entry1="16" entry2="18" type="PPrel">
        <subtype name="compound" value="3"/>
    </relation>
    <relation entry1="16" entry2="20" type="PPrel">
        <subtype name="compound" value="3"/>
    </relation>
    <relation entry1="14" entry2="7" type="PPrel">
        <subtype name="activation" value="--&gt;"/>
    </relation>
    <relation entry1="7" entry2="11" type="PPrel">
        <subtype name="activation" value="--&gt;"/>
    </relation>
    <relation entry1="8" entry2="6" type="PPrel">
        <subtype name="activation" value="--&gt;"/>
    </relation>
    <relation entry1="8" entry2="9" type="PPrel">
        <subtype name="activation" value="--&gt;"/>
    </relation>
    <relation entry1="18" entry2="12" type="PPrel">
        <subtype name="activation" value="--&gt;"/>
    </relation>
    <relation entry1="10" entry2="13" type="PPrel">
        <subtype name="activation" value="--&gt;"/>
        <subtype name="phosphorylation" value="+p"/>
    </relation>
    <relation entry1="17" entry2="11" type="PPrel">
        <subtype name="activation" value="--&gt;"/>
        <subtype name="phosphorylation" value="+p"/>
    </relation>
    <relation entry1="19" entry2="14" type="PPrel">
        <subtype name="inhibition" value="--|"/>
        <subtype name="phosphorylation" value="+p"/>
    </relation>
    <relation entry1="10" entry2="12" type="PPrel">
        <subtype name="inhibition" value="--|"/>
        <subtype name="phosphorylation" value="+p"/>
    </relation>
    <relation entry1="6" entry2="11" type="PPrel">
        <subtype name="inhibition" value="--|"/>
        <subtype name="phosphorylation" value="+p"/>
    </relation>
    <relation entry1="15" entry2="14" type="PPrel">
        <subtype name="inhibition" value="--|"/>
    </relation>
    <relation entry1="7" entry2="13" type="PPrel">
        <subtype name="dissociation" value="-+-"/>
    </relation>
</pathway>
