<?xml version="1.0"?>
<!DOCTYPE pathway SYSTEM "http://www.kegg.jp/kegg/xml/KGML_v0.7.1_.dtd">
<!-- Creation date: Aug 7, 2015 16:44:51 +0900 (GMT+9) -->
<pathway name="path:hsa04950" org="hsa" number="04950"
         title="Maturity onset diabetes of the young"
         image="http://www.kegg.jp/kegg/pathway/hsa/hsa04950.png"
         link="http://www.kegg.jp/kegg-bin/show_pathway?hsa04950">
    <entry id="1" name="hsa:6928" type="gene"
        link="http://www.kegg.jp/dbget-bin/www_bget?hsa:6928">
        <graphics name="HNF1B, FJHN, HNF-1-beta, HNF-1B, HNF1beta, HNF2, HPC11, LF-B3, LFB3, MODY5, TCF-2, TCF2, VHNF1" fgcolor="#000000" bgcolor="#BFFFBF"
             type="rectangle" x="359" y="399" width="46" height="17"/>
    </entry>
    <entry id="2" name="hsa:3280" type="gene"
        link="http://www.kegg.jp/dbget-bin/www_bget?hsa:3280">
        <graphics name="HES1, HES-1, HHL, HRY, bHLHb39" fgcolor="#000000" bgcolor="#BFFFBF"
             type="rectangle" x="484" y="353" width="46" height="17"/>
    </entry>
    <entry id="3" name="hsa:168620" type="gene"
        link="http://www.kegg.jp/dbget-bin/www_bget?hsa:168620">
        <graphics name="BHLHA15, BHLHB8, MIST1" fgcolor="#000000" bgcolor="#BFFFBF"
             type="rectangle" x="102" y="400" width="46" height="17"/>
    </entry>
    <entry id="4" name="hsa:3175" type="gene"
        link="http://www.kegg.jp/dbget-bin/www_bget?hsa:3175">
        <graphics name="ONECUT1, HNF-6, HNF6, HNF6A" fgcolor="#000000" bgcolor="#BFFFBF"
             type="rectangle" x="400" y="353" width="46" height="17"/>
    </entry>
    <entry id="5" name="hsa:2645" type="gene"
        link="http://www.kegg.jp/dbget-bin/www_bget?hsa:2645">
        <graphics name="GCK, FGQTL3, GK, GLK, HHF3, HK4, HKIV, HXKP, LGLK, MODY2" fgcolor="#000000" bgcolor="#BFFFBF"
             type="rectangle" x="580" y="853" width="46" height="17"/>
    </entry>
    <entry id="6" name="hsa:3651" type="gene"
        link="http://www.kegg.jp/dbget-bin/www_bget?hsa:3651">
        <graphics name="PDX1, GSF, IDX-1, IPF1, IUF1, MODY4, PAGEN1, PDX-1, STF-1" fgcolor="#000000" bgcolor="#BFFFBF"
             type="rectangle" x="442" y="715" width="46" height="17"/>
    </entry>
    <entry id="7" name="hsa:3171" type="gene"
        link="http://www.kegg.jp/dbget-bin/www_bget?hsa:3171">
        <graphics name="FOXA3, FKHH3, HNF3G, TCF3G" fgcolor="#000000" bgcolor="#BFFFBF"
             type="rectangle" x="383" y="807" width="46" height="17"/>
    </entry>
    <entry id="8" name="hsa:4760" type="gene"
        link="http://www.kegg.jp/dbget-bin/www_bget?hsa:4760">
        <graphics name="NEUROD1, BETA2, BHF-1, MODY6, NEUROD, bHLHa3" fgcolor="#000000" bgcolor="#BFFFBF"
             type="rectangle" x="596" y="463" width="46" height="17"/>
    </entry>
    <entry id="9" name="hsa:3280" type="gene"
        link="http://www.kegg.jp/dbget-bin/www_bget?hsa:3280">
        <graphics name="HES1, HES-1, HHL, HRY, bHLHb39" fgcolor="#000000" bgcolor="#BFFFBF"
             type="rectangle" x="102" y="381" width="46" height="17"/>
    </entry>
    <entry id="10" name="hsa:389692" type="gene"
        link="http://www.kegg.jp/dbget-bin/www_bget?hsa:389692">
        <graphics name="MAFA, RIPE3b1, hMafA" fgcolor="#000000" bgcolor="#BFFFBF"
             type="rectangle" x="457" y="669" width="46" height="17"/>
    </entry>
    <entry id="11" name="hsa:3174" type="gene"
        link="http://www.kegg.jp/dbget-bin/www_bget?hsa:3174">
        <graphics name="HNF4G, NR2A2, NR2A3" fgcolor="#000000" bgcolor="#BFFFBF"
             type="rectangle" x="335" y="807" width="46" height="17"/>
    </entry>
    <entry id="12" name="hsa:4821" type="gene"
        link="http://www.kegg.jp/dbget-bin/www_bget?hsa:4821">
        <graphics name="NKX2-2, NKX2.2, NKX2B" fgcolor="#000000" bgcolor="#BFFFBF"
             type="rectangle" x="580" y="761" width="46" height="17"/>
    </entry>
    <entry id="13" name="hsa:3630" type="gene"
        link="http://www.kegg.jp/dbget-bin/www_bget?hsa:3630">
        <graphics name="INS, IDDM, IDDM1, IDDM2, ILPR, IRDN, MODY10" fgcolor="#000000" bgcolor="#BFFFBF"
             type="rectangle" x="524" y="853" width="46" height="17"/>
    </entry>
    <entry id="14" name="hsa:6927" type="gene"
        link="http://www.kegg.jp/dbget-bin/www_bget?hsa:6927">
        <graphics name="HNF1A, HNF-1A, HNF1, IDDM20, LFB1, MODY3, TCF-1, TCF1" fgcolor="#000000" bgcolor="#BFFFBF"
             type="rectangle" x="359" y="761" width="46" height="17"/>
    </entry>
    <entry id="15" name="hsa:3375" type="gene"
        link="http://www.kegg.jp/dbget-bin/www_bget?hsa:3375">
        <graphics name="IAPP, DAP, IAP" fgcolor="#000000" bgcolor="#BFFFBF"
             type="rectangle" x="629" y="853" width="46" height="17"/>
    </entry>
    <entry id="16" name="hsa:5078" type="gene"
        link="http://www.kegg.jp/dbget-bin/www_bget?hsa:5078">
        <graphics name="PAX4, KPD, MODY9" fgcolor="#000000" bgcolor="#BFFFBF"
             type="rectangle" x="548" y="463" width="46" height="17"/>
    </entry>
    <entry id="17" name="hsa:5080" type="gene"
        link="http://www.kegg.jp/dbget-bin/www_bget?hsa:5080">
        <graphics name="PAX6, AN, AN2, D11S812E, FVH1, MGDA, WAGR" fgcolor="#000000" bgcolor="#BFFFBF"
             type="rectangle" x="156" y="478" width="46" height="17"/>
    </entry>
    <entry id="18" name="hsa:6514" type="gene"
        link="http://www.kegg.jp/dbget-bin/www_bget?hsa:6514">
        <graphics name="SLC2A2, GLUT2" fgcolor="#000000" bgcolor="#BFFFBF"
             type="rectangle" x="465" y="853" width="46" height="17"/>
    </entry>
    <entry id="19" name="hsa:4760" type="gene"
        link="http://www.kegg.jp/dbget-bin/www_bget?hsa:4760">
        <graphics name="NEUROD1, BETA2, BHF-1, MODY6, NEUROD, bHLHa3" fgcolor="#000000" bgcolor="#BFFFBF"
             type="rectangle" x="629" y="761" width="46" height="17"/>
    </entry>
    <entry id="20" name="hsa:4825" type="gene"
        link="http://www.kegg.jp/dbget-bin/www_bget?hsa:4825">
        <graphics name="NKX6-1, NKX6.1, NKX6A" fgcolor="#000000" bgcolor="#BFFFBF"
             type="rectangle" x="276" y="761" width="46" height="17"/>
    </entry>
    <entry id="21" name="hsa:5313" type="gene"
        link="http://www.kegg.jp/dbget-bin/www_bget?hsa:5313">
        <graphics name="PKLR, PK1, PKL, PKR, PKRL, RPK" fgcolor="#000000" bgcolor="#BFFFBF"
             type="rectangle" x="417" y="853" width="46" height="17"/>
    </entry>
    <entry id="22" name="hsa:2494" type="gene"
        link="http://www.kegg.jp/dbget-bin/www_bget?hsa:2494">
        <graphics name="NR5A2, B1F, B1F2, CPF, FTF, FTZ-F1, FTZ-F1beta, LRH-1, LRH1, hB1F-2" fgcolor="#000000" bgcolor="#BFFFBF"
             type="rectangle" x="442" y="248" width="46" height="17"/>
    </entry>
    <entry id="23" name="hsa:50674" type="gene"
        link="http://www.kegg.jp/dbget-bin/www_bget?hsa:50674">
        <graphics name="NEUROG3, Atoh5, Math4B, NGN-3, bHLHa7, ngn3" fgcolor="#000000" bgcolor="#BFFFBF"
             type="rectangle" x="442" y="399" width="46" height="17"/>
    </entry>
    <entry id="24" name="hsa:5080" type="gene"
        link="http://www.kegg.jp/dbget-bin/www_bget?hsa:5080">
        <graphics name="PAX6, AN, AN2, D11S812E, FVH1, MGDA, WAGR" fgcolor="#000000" bgcolor="#BFFFBF"
             type="rectangle" x="506" y="669" width="46" height="17"/>
    </entry>
    <entry id="25" name="hsa:3172" type="gene"
        link="http://www.kegg.jp/dbget-bin/www_bget?hsa:3172">
        <graphics name="HNF4A, FRTS4, HNF4, HNF4a7, HNF4a8, HNF4a9, HNF4alpha, MODY, MODY1, NR2A1, NR2A21, TCF, TCF14" fgcolor="#000000" bgcolor="#BFFFBF"
             type="rectangle" x="442" y="761" width="46" height="17"/>
    </entry>
    <entry id="26" name="hsa:3651" type="gene"
        link="http://www.kegg.jp/dbget-bin/www_bget?hsa:3651">
        <graphics name="PDX1, GSF, IDX-1, IPF1, IUF1, MODY4, PAGEN1, PDX-1, STF-1" fgcolor="#000000" bgcolor="#BFFFBF"
             type="rectangle" x="442" y="202" width="46" height="17"/>
    </entry>
    <entry id="27" name="hsa:4821" type="gene"
        link="http://www.kegg.jp/dbget-bin/www_bget?hsa:4821">
        <graphics name="NKX2-2, NKX2.2, NKX2B" fgcolor="#000000" bgcolor="#BFFFBF"
             type="rectangle" x="442" y="463" width="46" height="17"/>
    </entry>
    <entry id="28" name="hsa:3087" type="gene"
        link="http://www.kegg.jp/dbget-bin/www_bget?hsa:3087">
        <graphics name="HHEX, HEX, HMPH, HOX11L-PEN, PRH, PRHX" fgcolor="#000000" bgcolor="#BFFFBF"
             type="rectangle" x="459" y="110" width="46" height="17"/>
    </entry>
    <entry id="29" name="hsa:3110" type="gene"
        link="http://www.kegg.jp/dbget-bin/www_bget?hsa:3110">
        <graphics name="MNX1, HB9, HLXB9, HOXHB9, SCRA1" fgcolor="#000000" bgcolor="#BFFFBF"
             type="rectangle" x="508" y="110" width="46" height="17"/>
    </entry>
    <entry id="30" name="hsa:5080" type="gene"
        link="http://www.kegg.jp/dbget-bin/www_bget?hsa:5080">
        <graphics name="PAX6, AN, AN2, D11S812E, FVH1, MGDA, WAGR" fgcolor="#000000" bgcolor="#BFFFBF"
             type="rectangle" x="500" y="463" width="46" height="17"/>
    </entry>
    <entry id="31" name="hsa:4825" type="gene"
        link="http://www.kegg.jp/dbget-bin/www_bget?hsa:4825">
        <graphics name="NKX6-1, NKX6.1, NKX6A" fgcolor="#000000" bgcolor="#BFFFBF"
             type="rectangle" x="442" y="555" width="46" height="17"/>
    </entry>
    <entry id="32" name="hsa:3170" type="gene"
        link="http://www.kegg.jp/dbget-bin/www_bget?hsa:3170">
        <graphics name="FOXA2, HNF3B, TCF3B" fgcolor="#000000" bgcolor="#BFFFBF"
             type="rectangle" x="400" y="669" width="46" height="17"/>
    </entry>
    <entry id="33" name="hsa:3651" type="gene"
        link="http://www.kegg.jp/dbget-bin/www_bget?hsa:3651">
        <graphics name="PDX1, GSF, IDX-1, IPF1, IUF1, MODY4, PAGEN1, PDX-1, STF-1" fgcolor="#000000" bgcolor="#BFFFBF"
             type="rectangle" x="212" y="478" width="46" height="17"/>
    </entry>
    <entry id="34" name="hsa:3175" type="gene"
        link="http://www.kegg.jp/dbget-bin/www_bget?hsa:3175">
        <graphics name="ONECUT1, HNF-6, HNF6, HNF6A" fgcolor="#000000" bgcolor="#BFFFBF"
             type="rectangle" x="400" y="156" width="46" height="17"/>
    </entry>
    <entry id="35" name="path:hsa04950" type="map"
        link="http://www.kegg.jp/dbget-bin/www_bget?hsa04950">
        <graphics name="TITLE:Maturity onset diabetes of the young" fgcolor="#000000" bgcolor="#FFFFFF"
             type="roundrectangle" x="214" y="58" width="347" height="25"/>
    </entry>
    <entry id="36" name="path:hsa04930" type="map"
        link="http://www.kegg.jp/dbget-bin/www_bget?hsa04930">
        <graphics name="Type II diabetes mellitus" fgcolor="#000000" bgcolor="#FFFFFF"
             type="roundrectangle" x="441" y="917" width="106" height="34"/>
    </entry>
    <entry id="37" name="path:hsa04910" type="map"
        link="http://www.kegg.jp/dbget-bin/www_bget?hsa04910">
        <graphics name="Insulin signaling pathway" fgcolor="#000000" bgcolor="#FFFFFF"
             type="roundrectangle" x="553" y="917" width="104" height="34"/>
    </entry>
    <entry id="46" name="hsa:222546" type="gene"
        link="http://www.kegg.jp/dbget-bin/www_bget?hsa:222546">
        <graphics name="RFX6, MTCHRS, MTFS, RFXDC1, dJ955L16.1" fgcolor="#000000" bgcolor="#BFFFBF"
             type="rectangle" x="644" y="463" width="46" height="17"/>
    </entry>
    <relation entry1="34" entry2="26" type="GErel">
        <subtype name="expression" value="--&gt;"/>
    </relation>
    <relation entry1="26" entry2="22" type="GErel">
        <subtype name="expression" value="--&gt;"/>
    </relation>
    <relation entry1="4" entry2="1" type="GErel">
        <subtype name="expression" value="--&gt;"/>
    </relation>
    <relation entry1="4" entry2="23" type="GErel">
        <subtype name="expression" value="--&gt;"/>
    </relation>
    <relation entry1="23" entry2="27" type="GErel">
        <subtype name="expression" value="--&gt;"/>
    </relation>
    <relation entry1="23" entry2="30" type="GErel">
        <subtype name="expression" value="--&gt;"/>
    </relation>
    <relation entry1="23" entry2="16" type="GErel">
        <subtype name="expression" value="--&gt;"/>
    </relation>
    <relation entry1="23" entry2="8" type="GErel">
        <subtype name="expression" value="--&gt;"/>
    </relation>
    <relation entry1="32" entry2="6" type="GErel">
        <subtype name="expression" value="--&gt;"/>
    </relation>
    <relation entry1="10" entry2="6" type="GErel">
        <subtype name="expression" value="--&gt;"/>
    </relation>
    <relation entry1="24" entry2="6" type="GErel">
        <subtype name="expression" value="--&gt;"/>
    </relation>
    <relation entry1="24" entry2="15" type="GErel">
        <subtype name="expression" value="--&gt;"/>
    </relation>
    <relation entry1="24" entry2="5" type="GErel">
        <subtype name="expression" value="--&gt;"/>
    </relation>
    <relation entry1="24" entry2="13" type="GErel">
        <subtype name="expression" value="--&gt;"/>
    </relation>
    <relation entry1="12" entry2="13" type="GErel">
        <subtype name="expression" value="--&gt;"/>
    </relation>
    <relation entry1="12" entry2="5" type="GErel">
        <subtype name="expression" value="--&gt;"/>
    </relation>
    <relation entry1="12" entry2="15" type="GErel">
        <subtype name="expression" value="--&gt;"/>
    </relation>
    <relation entry1="19" entry2="13" type="GErel">
        <subtype name="expression" value="--&gt;"/>
    </relation>
    <relation entry1="19" entry2="5" type="GErel">
        <subtype name="expression" value="--&gt;"/>
    </relation>
    <relation entry1="19" entry2="15" type="GErel">
        <subtype name="expression" value="--&gt;"/>
    </relation>
    <relation entry1="10" entry2="13" type="GErel">
        <subtype name="expression" value="--&gt;"/>
    </relation>
    <relation entry1="6" entry2="20" type="GErel">
        <subtype name="expression" value="--&gt;"/>
    </relation>
    <relation entry1="6" entry2="25" type="GErel">
        <subtype name="expression" value="--&gt;"/>
    </relation>
    <relation entry1="14" entry2="25" type="GErel">
        <subtype name="expression" value="--&gt;"/>
    </relation>
    <relation entry1="14" entry2="11" type="GErel">
        <subtype name="expression" value="--&gt;"/>
    </relation>
    <relation entry1="14" entry2="7" type="GErel">
        <subtype name="expression" value="--&gt;"/>
    </relation>
    <relation entry1="25" entry2="21" type="GErel">
        <subtype name="expression" value="--&gt;"/>
    </relation>
    <relation entry1="25" entry2="18" type="GErel">
        <subtype name="expression" value="--&gt;"/>
    </relation>
    <relation entry1="2" entry2="23" type="PPrel">
        <subtype name="inhibition" value="--|"/>
    </relation>
    <relation entry1="28" entry2="26" type="PPrel">
        <subtype name="indirect effect" value="..&gt;"/>
    </relation>
    <relation entry1="29" entry2="26" type="PPrel">
        <subtype name="indirect effect" value="..&gt;"/>
    </relation>
    <relation entry1="27" entry2="31" type="PPrel">
        <subtype name="indirect effect" value="..&gt;"/>
    </relation>
</pathway>
