<?xml version="1.0"?>
<!DOCTYPE pathway SYSTEM "http://www.kegg.jp/kegg/xml/KGML_v0.7.1_.dtd">
<!-- Creation date: Jan 20, 2015 18:02:51 +0900 (GMT+09:00) -->
<pathway name="path:hsa03430" org="hsa" number="03430"
         title="Mismatch repair"
         image="http://www.kegg.jp/kegg/pathway/hsa/hsa03430.png"
         link="http://www.kegg.jp/kegg-bin/show_pathway?hsa03430">
    <entry id="1" name="ko:K06223" type="ortholog"
        link="http://www.kegg.jp/dbget-bin/www_bget?K06223">
        <graphics name="K06223" fgcolor="#000000" bgcolor="#FFFFFF"
             type="rectangle" x="278" y="775" width="46" height="17"/>
    </entry>
    <entry id="2" name="ko:K03555 ko:K07456" type="ortholog"
        link="http://www.kegg.jp/dbget-bin/www_bget?K03555+K07456">
        <graphics name="K03555..." fgcolor="#000000" bgcolor="#FFFFFF"
             type="rectangle" x="146" y="216" width="46" height="17"/>
    </entry>
    <entry id="3" name="hsa:4436" type="gene"
        link="http://www.kegg.jp/dbget-bin/www_bget?hsa:4436">
        <graphics name="MSH2, COCA1, FCC1, HNPCC, HNPCC1, LCFS2" fgcolor="#000000" bgcolor="#BFFFBF"
             type="rectangle" x="578" y="363" width="46" height="17"/>
    </entry>
    <entry id="4" name="hsa:27030" type="gene"
        link="http://www.kegg.jp/dbget-bin/www_bget?hsa:27030">
        <graphics name="MLH3, HNPCC7" fgcolor="#000000" bgcolor="#BFFFBF"
             type="rectangle" x="624" y="346" width="46" height="17"/>
    </entry>
    <entry id="5" name="hsa:4292" type="gene"
        link="http://www.kegg.jp/dbget-bin/www_bget?hsa:4292">
        <graphics name="MLH1, COCA2, FCC2, HNPCC, HNPCC2, hMLH1" fgcolor="#000000" bgcolor="#BFFFBF"
             type="rectangle" x="578" y="346" width="46" height="17"/>
    </entry>
    <entry id="6" name="path:hsa05210" type="map"
        link="http://www.kegg.jp/dbget-bin/www_bget?hsa05210">
        <graphics name="Colorectal cancer" fgcolor="#000000" bgcolor="#FFFFFF"
             type="roundrectangle" x="770" y="353" width="98" height="24"/>
    </entry>
    <entry id="7" name="ko:K03573" type="ortholog"
        link="http://www.kegg.jp/dbget-bin/www_bget?K03573">
        <graphics name="K03573" fgcolor="#000000" bgcolor="#FFFFFF"
             type="rectangle" x="146" y="357" width="46" height="17"/>
    </entry>
    <entry id="8" name="ko:K03572" type="ortholog"
        link="http://www.kegg.jp/dbget-bin/www_bget?K03572">
        <graphics name="K03572" fgcolor="#000000" bgcolor="#FFFFFF"
             type="rectangle" x="146" y="233" width="46" height="17"/>
    </entry>
    <entry id="9" name="ko:K01972" type="ortholog"
        link="http://www.kegg.jp/dbget-bin/www_bget?K01972">
        <graphics name="K01972" fgcolor="#000000" bgcolor="#FFFFFF"
             type="rectangle" x="146" y="775" width="46" height="17"/>
    </entry>
    <entry id="10" name="ko:K03657" type="ortholog"
        link="http://www.kegg.jp/dbget-bin/www_bget?K03657">
        <graphics name="K03657" fgcolor="#000000" bgcolor="#FFFFFF"
             type="rectangle" x="146" y="494" width="46" height="17"/>
    </entry>
    <entry id="11" name="hsa:4292" type="gene"
        link="http://www.kegg.jp/dbget-bin/www_bget?hsa:4292">
        <graphics name="MLH1, COCA2, FCC2, HNPCC, HNPCC2, hMLH1" fgcolor="#000000" bgcolor="#BFFFBF"
             type="rectangle" x="624" y="233" width="46" height="17"/>
    </entry>
    <entry id="12" name="hsa:3978" type="gene"
        link="http://www.kegg.jp/dbget-bin/www_bget?hsa:3978">
        <graphics name="LIG1" fgcolor="#000000" bgcolor="#BFFFBF"
             type="rectangle" x="624" y="775" width="46" height="17"/>
    </entry>
    <entry id="13" name="hsa:5111" type="gene"
        link="http://www.kegg.jp/dbget-bin/www_bget?hsa:5111">
        <graphics name="PCNA, ATLD2" fgcolor="#000000" bgcolor="#BFFFBF"
             type="rectangle" x="755" y="261" width="46" height="17"/>
    </entry>
    <entry id="14" name="ko:K02337 ko:K03763 ko:K02342 ko:K14159 ko:K02345 ko:K02343 ko:K02341 ko:K02340 ko:K02339 ko:K02344 ko:K02338" type="ortholog"
        link="http://www.kegg.jp/dbget-bin/www_bget?K02337+K03763+K02342+K14159+K02345+K02343+K02341+K02340+K02339+K02344+K02338">
        <graphics name="K02337..." fgcolor="#000000" bgcolor="#FFFFFF"
             type="rectangle" x="278" y="643" width="46" height="17"/>
    </entry>
    <entry id="15" name="ko:K01141" type="ortholog"
        link="http://www.kegg.jp/dbget-bin/www_bget?K01141">
        <graphics name="K01141" fgcolor="#000000" bgcolor="#FFFFFF"
             type="rectangle" x="278" y="494" width="46" height="17"/>
    </entry>
    <entry id="16" name="hsa:10714 hsa:5424 hsa:5425 hsa:57804" type="gene"
        link="http://www.kegg.jp/dbget-bin/www_bget?hsa:10714+hsa:5424+hsa:5425+hsa:57804">
        <graphics name="POLD3, P66, P68, PPP1R128..." fgcolor="#000000" bgcolor="#BFFFBF"
             type="rectangle" x="755" y="643" width="46" height="17"/>
    </entry>
    <entry id="17" name="hsa:29935 hsa:6117 hsa:6118 hsa:6119" type="gene"
        link="http://www.kegg.jp/dbget-bin/www_bget?hsa:29935+hsa:6117+hsa:6118+hsa:6119">
        <graphics name="RPA4, HSU24186..." fgcolor="#000000" bgcolor="#BFFFBF"
             type="rectangle" x="624" y="643" width="46" height="17"/>
    </entry>
    <entry id="18" name="ko:K10857" type="ortholog"
        link="http://www.kegg.jp/dbget-bin/www_bget?K10857">
        <graphics name="K10857" fgcolor="#000000" bgcolor="#FFFFFF"
             type="rectangle" x="278" y="515" width="46" height="17"/>
    </entry>
    <entry id="19" name="ko:K07462" type="ortholog"
        link="http://www.kegg.jp/dbget-bin/www_bget?K07462">
        <graphics name="K07462" fgcolor="#000000" bgcolor="#FFFFFF"
             type="rectangle" x="330" y="515" width="46" height="17"/>
    </entry>
    <entry id="20" name="hsa:2956" type="gene"
        link="http://www.kegg.jp/dbget-bin/www_bget?hsa:2956">
        <graphics name="MSH6, GTBP, GTMBP, HNPCC5, HSAP, p160" fgcolor="#000000" bgcolor="#BFFFBF"
             type="rectangle" x="578" y="250" width="46" height="17"/>
    </entry>
    <entry id="21" name="hsa:9156" type="gene"
        link="http://www.kegg.jp/dbget-bin/www_bget?hsa:9156">
        <graphics name="EXO1, HEX1, hExoI" fgcolor="#000000" bgcolor="#BFFFBF"
             type="rectangle" x="755" y="499" width="46" height="17"/>
    </entry>
    <entry id="22" name="hsa:4436" type="gene"
        link="http://www.kegg.jp/dbget-bin/www_bget?hsa:4436">
        <graphics name="MSH2, COCA1, FCC1, HNPCC, HNPCC1, LCFS2" fgcolor="#000000" bgcolor="#BFFFBF"
             type="rectangle" x="578" y="306" width="46" height="17"/>
    </entry>
    <entry id="23" name="hsa:4437" type="gene"
        link="http://www.kegg.jp/dbget-bin/www_bget?hsa:4437">
        <graphics name="MSH3, DUP, MRP1" fgcolor="#000000" bgcolor="#BFFFBF"
             type="rectangle" x="624" y="306" width="46" height="17"/>
    </entry>
    <entry id="24" name="hsa:5395" type="gene"
        link="http://www.kegg.jp/dbget-bin/www_bget?hsa:5395">
        <graphics name="PMS2, HNPCC4, PMS2CL, PMSL2" fgcolor="#000000" bgcolor="#BFFFBF"
             type="rectangle" x="624" y="289" width="46" height="17"/>
    </entry>
    <entry id="25" name="hsa:5395" type="gene"
        link="http://www.kegg.jp/dbget-bin/www_bget?hsa:5395">
        <graphics name="PMS2, HNPCC4, PMS2CL, PMSL2" fgcolor="#000000" bgcolor="#BFFFBF"
             type="rectangle" x="578" y="233" width="46" height="17"/>
    </entry>
    <entry id="26" name="hsa:5981 hsa:5982 hsa:5983 hsa:5984 hsa:5985" type="gene"
        link="http://www.kegg.jp/dbget-bin/www_bget?hsa:5981+hsa:5982+hsa:5983+hsa:5984+hsa:5985">
        <graphics name="RFC1, A1, MHCBFB, PO-GA, RECC1, RFC, RFC140..." fgcolor="#000000" bgcolor="#BFFFBF"
             type="rectangle" x="755" y="233" width="46" height="17"/>
    </entry>
    <entry id="27" name="ko:K03601 ko:K03602" type="ortholog"
        link="http://www.kegg.jp/dbget-bin/www_bget?K03601+K03602">
        <graphics name="K03601..." fgcolor="#000000" bgcolor="#FFFFFF"
             type="rectangle" x="330" y="494" width="46" height="17"/>
    </entry>
    <entry id="28" name="hsa:4437" type="gene"
        link="http://www.kegg.jp/dbget-bin/www_bget?hsa:4437">
        <graphics name="MSH3, DUP, MRP1" fgcolor="#000000" bgcolor="#BFFFBF"
             type="rectangle" x="624" y="363" width="46" height="17"/>
    </entry>
    <entry id="29" name="hsa:4436" type="gene"
        link="http://www.kegg.jp/dbget-bin/www_bget?hsa:4436">
        <graphics name="MSH2, COCA1, FCC1, HNPCC, HNPCC1, LCFS2" fgcolor="#000000" bgcolor="#BFFFBF"
             type="rectangle" x="624" y="250" width="46" height="17"/>
    </entry>
    <entry id="30" name="hsa:4292" type="gene"
        link="http://www.kegg.jp/dbget-bin/www_bget?hsa:4292">
        <graphics name="MLH1, COCA2, FCC2, HNPCC, HNPCC2, hMLH1" fgcolor="#000000" bgcolor="#BFFFBF"
             type="rectangle" x="578" y="289" width="46" height="17"/>
    </entry>
    <entry id="31" name="hsa:6742" type="gene"
        link="http://www.kegg.jp/dbget-bin/www_bget?hsa:6742">
        <graphics name="SSBP1, Mt-SSB, SOSS-B1, SSBP, mtSSB" fgcolor="#000000" bgcolor="#BFFFBF"
             type="rectangle" x="146" y="643" width="46" height="17"/>
    </entry>
    <entry id="32" name="path:hsa03430" type="map"
        link="http://www.kegg.jp/dbget-bin/www_bget?hsa03430">
        <graphics name="TITLE:Mismatch repair" fgcolor="#000000" bgcolor="#FFFFFF"
             type="roundrectangle" x="116" y="57" width="151" height="25"/>
    </entry>
</pathway>
