<?xml version="1.0"?>
<!DOCTYPE pathway SYSTEM "http://www.kegg.jp/kegg/xml/KGML_v0.7.1_.dtd">
<!-- Creation date: Jul 15, 2015 16:24:03 +0900 (GMT+9) -->
<pathway name="path:hsa01210" org="hsa" number="01210"
         title="2-Oxocarboxylic acid metabolism"
         image="http://www.kegg.jp/kegg/pathway/hsa/hsa01210.png"
         link="http://www.kegg.jp/kegg-bin/show_pathway?hsa01210">
    <entry id="1" name="cpd:C17254" type="compound"
        link="http://www.kegg.jp/dbget-bin/www_bget?C17254">
        <graphics name="C17254" fgcolor="#000000" bgcolor="#FFFFFF"
             type="circle" x="1404" y="1307" width="8" height="8"/>
    </entry>
    <entry id="2" name="cpd:C17232" type="compound"
        link="http://www.kegg.jp/dbget-bin/www_bget?C17232">
        <graphics name="C17232" fgcolor="#000000" bgcolor="#FFFFFF"
             type="circle" x="1031" y="1307" width="8" height="8"/>
    </entry>
    <entry id="3" name="cpd:C17252" type="compound"
        link="http://www.kegg.jp/dbget-bin/www_bget?C17252">
        <graphics name="C17252" fgcolor="#000000" bgcolor="#FFFFFF"
             type="circle" x="1404" y="1184" width="8" height="8"/>
    </entry>
    <entry id="4" name="cpd:C17228" type="compound"
        link="http://www.kegg.jp/dbget-bin/www_bget?C17228">
        <graphics name="C17228" fgcolor="#000000" bgcolor="#FFFFFF"
             type="circle" x="1031" y="1184" width="8" height="8"/>
    </entry>
    <entry id="5" name="cpd:C17250" type="compound"
        link="http://www.kegg.jp/dbget-bin/www_bget?C17250">
        <graphics name="C17250" fgcolor="#000000" bgcolor="#FFFFFF"
             type="circle" x="1404" y="1061" width="8" height="8"/>
    </entry>
    <entry id="6" name="cpd:C17224" type="compound"
        link="http://www.kegg.jp/dbget-bin/www_bget?C17224">
        <graphics name="C17224" fgcolor="#000000" bgcolor="#FFFFFF"
             type="circle" x="1031" y="1061" width="8" height="8"/>
    </entry>
    <entry id="7" name="cpd:C08401" type="compound"
        link="http://www.kegg.jp/dbget-bin/www_bget?C08401">
        <graphics name="C08401" fgcolor="#000000" bgcolor="#FFFFFF"
             type="circle" x="1404" y="938" width="8" height="8"/>
    </entry>
    <entry id="8" name="cpd:C17220" type="compound"
        link="http://www.kegg.jp/dbget-bin/www_bget?C17220">
        <graphics name="C17220" fgcolor="#000000" bgcolor="#FFFFFF"
             type="circle" x="1031" y="938" width="8" height="8"/>
    </entry>
    <entry id="9" name="cpd:C08409" type="compound"
        link="http://www.kegg.jp/dbget-bin/www_bget?C08409">
        <graphics name="C08409" fgcolor="#000000" bgcolor="#FFFFFF"
             type="circle" x="1404" y="815" width="8" height="8"/>
    </entry>
    <entry id="10" name="cpd:C17216" type="compound"
        link="http://www.kegg.jp/dbget-bin/www_bget?C17216">
        <graphics name="C17216" fgcolor="#000000" bgcolor="#FFFFFF"
             type="circle" x="1031" y="815" width="8" height="8"/>
    </entry>
    <entry id="11" name="cpd:C08412" type="compound"
        link="http://www.kegg.jp/dbget-bin/www_bget?C08412">
        <graphics name="C08412" fgcolor="#000000" bgcolor="#FFFFFF"
             type="circle" x="1404" y="692" width="8" height="8"/>
    </entry>
    <entry id="12" name="cpd:C00036" type="compound"
        link="http://www.kegg.jp/dbget-bin/www_bget?C00036">
        <graphics name="C00036" fgcolor="#000000" bgcolor="#FFFFFF"
             type="circle" x="144" y="204" width="8" height="8"/>
    </entry>
    <entry id="13" name="cpd:C00049" type="compound"
        link="http://www.kegg.jp/dbget-bin/www_bget?C00049">
        <graphics name="C00049" fgcolor="#000000" bgcolor="#FFFFFF"
             type="circle" x="208" y="204" width="8" height="8"/>
    </entry>
    <entry id="14" name="cpd:C03283" type="compound"
        link="http://www.kegg.jp/dbget-bin/www_bget?C03283">
        <graphics name="C03283" fgcolor="#000000" bgcolor="#FFFFFF"
             type="circle" x="518" y="204" width="8" height="8"/>
    </entry>
    <entry id="15" name="cpd:C00026" type="compound"
        link="http://www.kegg.jp/dbget-bin/www_bget?C00026">
        <graphics name="C00026" fgcolor="#000000" bgcolor="#FFFFFF"
             type="circle" x="144" y="424" width="8" height="8"/>
    </entry>
    <entry id="16" name="cpd:C00322" type="compound"
        link="http://www.kegg.jp/dbget-bin/www_bget?C00322">
        <graphics name="C00322" fgcolor="#000000" bgcolor="#FFFFFF"
             type="circle" x="144" y="644" width="8" height="8"/>
    </entry>
    <entry id="17" name="cpd:C00025" type="compound"
        link="http://www.kegg.jp/dbget-bin/www_bget?C00025">
        <graphics name="C00025" fgcolor="#000000" bgcolor="#FFFFFF"
             type="circle" x="208" y="424" width="8" height="8"/>
    </entry>
    <entry id="18" name="cpd:C00077" type="compound"
        link="http://www.kegg.jp/dbget-bin/www_bget?C00077">
        <graphics name="C00077" fgcolor="#000000" bgcolor="#FFFFFF"
             type="circle" x="522" y="425" width="8" height="8"/>
    </entry>
    <entry id="19" name="cpd:C00956" type="compound"
        link="http://www.kegg.jp/dbget-bin/www_bget?C00956">
        <graphics name="C00956" fgcolor="#000000" bgcolor="#FFFFFF"
             type="circle" x="208" y="644" width="8" height="8"/>
    </entry>
    <entry id="20" name="cpd:C00047" type="compound"
        link="http://www.kegg.jp/dbget-bin/www_bget?C00047">
        <graphics name="C00047" fgcolor="#000000" bgcolor="#FFFFFF"
             type="circle" x="518" y="644" width="8" height="8"/>
    </entry>
    <entry id="21" name="hsa:2805 hsa:2806" type="gene" reaction="rn:R00355"
        link="http://www.kegg.jp/dbget-bin/www_bget?hsa:2805+hsa:2806">
        <graphics name="GOT1, ASTQTL1, GIG18, cAspAT, cCAT..." fgcolor="#66CC66" bgcolor="#FFFFFF"
             type="line" coords="151,204,201,204"/>
    </entry>
    <entry id="22" name="ko:K00928" type="ortholog" reaction="rn:R00480"
        link="http://www.kegg.jp/dbget-bin/www_bget?K00928">
        <graphics name="K00928" fgcolor="#000000" bgcolor="#FFFFFF"
             type="line" coords="213,204,325,204"/>
    </entry>
    <entry id="23" name="hsa:1431" type="gene" reaction="rn:R00351"
        link="http://www.kegg.jp/dbget-bin/www_bget?hsa:1431">
        <graphics name="CS" fgcolor="#66CC66" bgcolor="#FFFFFF"
             type="line" coords="144,211,144,241"/>
    </entry>
    <entry id="24" name="ko:K01655 ko:K10977" type="ortholog" reaction="rn:R00271"
        link="http://www.kegg.jp/dbget-bin/www_bget?K01655+K10977">
        <graphics name="K01655..." fgcolor="#000000" bgcolor="#FFFFFF"
             type="line" coords="144,432,144,462"/>
    </entry>
    <entry id="25" name="hsa:2805 hsa:2806 hsa:2875 hsa:84706" type="gene" reaction="rn:R00355 rn:R00258"
        link="http://www.kegg.jp/dbget-bin/www_bget?hsa:2805+hsa:2806+hsa:2875+hsa:84706">
        <graphics name="GOT1, ASTQTL1, GIG18, cAspAT, cCAT..." fgcolor="#66CC66" bgcolor="#FFFFFF"
             type="line" coords="151,424,201,424"/>
    </entry>
    <entry id="26" name="hsa:162417" type="gene" reaction="rn:R00259"
        link="http://www.kegg.jp/dbget-bin/www_bget?hsa:162417">
        <graphics name="NAGS, AGAS, ARGA" fgcolor="#66CC66" bgcolor="#FFFFFF"
             type="line" coords="215,418,265,418"/>
    </entry>
    <entry id="27" name="hsa:51166" type="gene" reaction="rn:R01939"
        link="http://www.kegg.jp/dbget-bin/www_bget?hsa:51166">
        <graphics name="AADAT, KAT2, KATII" fgcolor="#66CC66" bgcolor="#FFFFFF"
             type="line" coords="151,644,201,644"/>
    </entry>
    <entry id="28" name="ko:K05828" type="ortholog" reaction="rn:R09776"
        link="http://www.kegg.jp/dbget-bin/www_bget?K05828">
        <graphics name="K05828" fgcolor="#000000" bgcolor="#FFFFFF"
             type="line" coords="275,644,325,644"/>
    </entry>
    <entry id="29" name="hsa:48 hsa:50" type="gene" reaction="rn:R01325"
        link="http://www.kegg.jp/dbget-bin/www_bget?hsa:48+hsa:50">
        <graphics name="ACO1, ACONS, HEL60, IREB1, IREBP, IREBP1, IRP1..." fgcolor="#66CC66" bgcolor="#FFFFFF"
             type="line" coords="149,255,149,285"/>
    </entry>
    <entry id="30" name="hsa:48 hsa:50" type="gene" reaction="rn:R01900"
        link="http://www.kegg.jp/dbget-bin/www_bget?hsa:48+hsa:50">
        <graphics name="ACO1, ACONS, HEL60, IREB1, IREBP, IREBP1, IRP1..." fgcolor="#66CC66" bgcolor="#FFFFFF"
             type="line" coords="149,299,149,329"/>
    </entry>
    <entry id="31" name="hsa:3417 hsa:3418" type="gene" reaction="rn:R01899"
        link="http://www.kegg.jp/dbget-bin/www_bget?hsa:3417+hsa:3418">
        <graphics name="IDH1, HEL-216, HEL-S-26, IDCD, IDH, IDP, IDPC, PICD..." fgcolor="#66CC66" bgcolor="#FFFFFF"
             type="line" coords="149,343,149,373"/>
    </entry>
    <entry id="32" name="hsa:3417 hsa:3418" type="gene" reaction="rn:R00268"
        link="http://www.kegg.jp/dbget-bin/www_bget?hsa:3417+hsa:3418">
        <graphics name="IDH1, HEL-216, HEL-S-26, IDCD, IDH, IDP, IDPC, PICD..." fgcolor="#66CC66" bgcolor="#FFFFFF"
             type="line" coords="149,387,149,417"/>
    </entry>
    <entry id="33" name="hsa:48 hsa:50" type="gene" reaction="rn:R01324"
        link="http://www.kegg.jp/dbget-bin/www_bget?hsa:48+hsa:50">
        <graphics name="ACO1, ACONS, HEL60, IREB1, IREBP, IREBP1, IRP1..." fgcolor="#66CC66" bgcolor="#FFFFFF"
             type="line" coords="139,255,139,329"/>
    </entry>
    <entry id="34" name="hsa:3417 hsa:3418 hsa:3419 hsa:3420 hsa:3421" type="gene" reaction="rn:R00709 rn:R00267"
        link="http://www.kegg.jp/dbget-bin/www_bget?hsa:3417+hsa:3418+hsa:3419+hsa:3420+hsa:3421">
        <graphics name="IDH1, HEL-216, HEL-S-26, IDCD, IDH, IDP, IDPC, PICD..." fgcolor="#66CC66" bgcolor="#FFFFFF"
             type="line" coords="139,343,139,417"/>
    </entry>
    <entry id="35" name="ko:K00133" type="ortholog" reaction="rn:R02291"
        link="http://www.kegg.jp/dbget-bin/www_bget?K00133">
        <graphics name="K00133" fgcolor="#000000" bgcolor="#FFFFFF"
             type="line" coords="337,204,387,204"/>
    </entry>
    <entry id="36" name="ko:K00836" type="ortholog" reaction="rn:R06977"
        link="http://www.kegg.jp/dbget-bin/www_bget?K00836">
        <graphics name="K00836" fgcolor="#000000" bgcolor="#FFFFFF"
             type="line" coords="399,204,511,204"/>
    </entry>
    <entry id="37" name="ko:K00930 ko:K12659" type="ortholog" reaction="rn:R02649"
        link="http://www.kegg.jp/dbget-bin/www_bget?K00930+K12659">
        <graphics name="K00930..." fgcolor="#000000" bgcolor="#FFFFFF"
             type="line" coords="277,418,327,418"/>
    </entry>
    <entry id="38" name="ko:K00145 ko:K12659" type="ortholog" reaction="rn:R03443"
        link="http://www.kegg.jp/dbget-bin/www_bget?K00145+K12659">
        <graphics name="K00145..." fgcolor="#000000" bgcolor="#FFFFFF"
             type="line" coords="339,418,389,418"/>
    </entry>
    <entry id="39" name="ko:K00818 ko:K00821" type="ortholog" reaction="rn:R02283"
        link="http://www.kegg.jp/dbget-bin/www_bget?K00818+K00821">
        <graphics name="K00818..." fgcolor="#000000" bgcolor="#FFFFFF"
             type="line" coords="401,418,451,418"/>
    </entry>
    <entry id="40" name="hsa:95" type="gene" reaction="rn:R00669 rn:R02282"
        link="http://www.kegg.jp/dbget-bin/www_bget?hsa:95">
        <graphics name="ACY1, ACY-1, ACY1D, HEL-S-5" fgcolor="#66CC66" bgcolor="#FFFFFF"
             type="line" coords="463,418,513,418"/>
    </entry>
    <entry id="41" name="cpd:C00624" type="compound"
        link="http://www.kegg.jp/dbget-bin/www_bget?C00624">
        <graphics name="C00624" fgcolor="#000000" bgcolor="#FFFFFF"
             type="circle" x="272" y="418" width="8" height="8"/>
    </entry>
    <entry id="42" name="cpd:C00437" type="compound"
        link="http://www.kegg.jp/dbget-bin/www_bget?C00437">
        <graphics name="C00437" fgcolor="#000000" bgcolor="#FFFFFF"
             type="circle" x="458" y="418" width="8" height="8"/>
    </entry>
    <entry id="43" name="ko:K17450 ko:K16792 ko:K16793" type="ortholog" reaction="rn:R03444"
        link="http://www.kegg.jp/dbget-bin/www_bget?K17450+K16792+K16793">
        <graphics name="K17450..." fgcolor="#000000" bgcolor="#FFFFFF"
             type="line" coords="149,475,149,505"/>
    </entry>
    <entry id="44" name="ko:K01705 ko:K16792 ko:K16793" type="ortholog" reaction="rn:R04371"
        link="http://www.kegg.jp/dbget-bin/www_bget?K01705+K16792+K16793">
        <graphics name="K01705..." fgcolor="#000000" bgcolor="#FFFFFF"
             type="line" coords="149,519,149,549"/>
    </entry>
    <entry id="45" name="ko:K05824 ko:K10978 ko:K17753" type="ortholog" reaction="rn:R04862"
        link="http://www.kegg.jp/dbget-bin/www_bget?K05824+K10978+K17753">
        <graphics name="K05824..." fgcolor="#000000" bgcolor="#FFFFFF"
             type="line" coords="149,563,149,593"/>
    </entry>
    <entry id="46" name="ko:K05827" type="ortholog" reaction="rn:R09775"
        link="http://www.kegg.jp/dbget-bin/www_bget?K05827">
        <graphics name="K05827" fgcolor="#000000" bgcolor="#FFFFFF"
             type="line" coords="213,644,263,644"/>
    </entry>
    <entry id="47" name="cpd:C19886" type="compound"
        link="http://www.kegg.jp/dbget-bin/www_bget?C19886">
        <graphics name="C19886" fgcolor="#000000" bgcolor="#FFFFFF"
             type="circle" x="270" y="644" width="8" height="8"/>
    </entry>
    <entry id="48" name="ko:K05829" type="ortholog" reaction="rn:R09777"
        link="http://www.kegg.jp/dbget-bin/www_bget?K05829">
        <graphics name="K05829" fgcolor="#000000" bgcolor="#FFFFFF"
             type="line" coords="337,644,387,644"/>
    </entry>
    <entry id="49" name="ko:K05830" type="ortholog" reaction="rn:R09778"
        link="http://www.kegg.jp/dbget-bin/www_bget?K05830">
        <graphics name="K05830" fgcolor="#000000" bgcolor="#FFFFFF"
             type="line" coords="399,644,449,644"/>
    </entry>
    <entry id="50" name="ko:K05831" type="ortholog" reaction="rn:R09779"
        link="http://www.kegg.jp/dbget-bin/www_bget?K05831">
        <graphics name="K05831" fgcolor="#000000" bgcolor="#FFFFFF"
             type="line" coords="461,644,511,644"/>
    </entry>
    <entry id="51" name="cpd:C19889" type="compound"
        link="http://www.kegg.jp/dbget-bin/www_bget?C19889">
        <graphics name="C19889" fgcolor="#000000" bgcolor="#FFFFFF"
             type="circle" x="456" y="644" width="8" height="8"/>
    </entry>
    <entry id="52" name="cpd:C00022" type="compound"
        link="http://www.kegg.jp/dbget-bin/www_bget?C00022">
        <graphics name="C00022" fgcolor="#000000" bgcolor="#FFFFFF"
             type="circle" x="783" y="204" width="8" height="8"/>
    </entry>
    <entry id="53" name="cpd:C00141" type="compound"
        link="http://www.kegg.jp/dbget-bin/www_bget?C00141">
        <graphics name="C00141" fgcolor="#000000" bgcolor="#FFFFFF"
             type="circle" x="1031" y="204" width="8" height="8"/>
    </entry>
    <entry id="54" name="cpd:C00183" type="compound"
        link="http://www.kegg.jp/dbget-bin/www_bget?C00183">
        <graphics name="C00183" fgcolor="#000000" bgcolor="#FFFFFF"
             type="circle" x="1094" y="204" width="8" height="8"/>
    </entry>
    <entry id="55" name="cpd:C00233" type="compound"
        link="http://www.kegg.jp/dbget-bin/www_bget?C00233">
        <graphics name="C00233" fgcolor="#000000" bgcolor="#FFFFFF"
             type="circle" x="1031" y="424" width="8" height="8"/>
    </entry>
    <entry id="56" name="cpd:C00123" type="compound"
        link="http://www.kegg.jp/dbget-bin/www_bget?C00123">
        <graphics name="C00123" fgcolor="#000000" bgcolor="#FFFFFF"
             type="circle" x="1094" y="424" width="8" height="8"/>
    </entry>
    <entry id="57" name="cpd:C00109" type="compound"
        link="http://www.kegg.jp/dbget-bin/www_bget?C00109">
        <graphics name="C00109" fgcolor="#000000" bgcolor="#FFFFFF"
             type="circle" x="783" y="484" width="8" height="8"/>
    </entry>
    <entry id="58" name="cpd:C00671" type="compound"
        link="http://www.kegg.jp/dbget-bin/www_bget?C00671">
        <graphics name="C00671" fgcolor="#000000" bgcolor="#FFFFFF"
             type="circle" x="1031" y="484" width="8" height="8"/>
    </entry>
    <entry id="59" name="cpd:C00407" type="compound"
        link="http://www.kegg.jp/dbget-bin/www_bget?C00407">
        <graphics name="C00407" fgcolor="#000000" bgcolor="#FFFFFF"
             type="circle" x="1094" y="484" width="8" height="8"/>
    </entry>
    <entry id="60" name="ko:K05824 ko:K10978 ko:K17753" type="ortholog" reaction="rn:R01936"
        link="http://www.kegg.jp/dbget-bin/www_bget?K05824+K10978+K17753">
        <graphics name="K05824..." fgcolor="#000000" bgcolor="#FFFFFF"
             type="line" coords="149,607,149,637"/>
    </entry>
    <entry id="61" name="ko:K16792 ko:K16793" type="ortholog" reaction="rn:R09720"
        link="http://www.kegg.jp/dbget-bin/www_bget?K16792+K16793">
        <graphics name="K16792..." fgcolor="#000000" bgcolor="#FFFFFF"
             type="line" coords="139,475,139,549"/>
    </entry>
    <entry id="62" name="ko:K05824 ko:K10978 ko:K17753" type="ortholog" reaction="rn:R01934"
        link="http://www.kegg.jp/dbget-bin/www_bget?K05824+K10978+K17753">
        <graphics name="K05824..." fgcolor="#000000" bgcolor="#FFFFFF"
             type="line" coords="139,563,139,637"/>
    </entry>
    <entry id="63" name="ko:K09011" type="ortholog" reaction="rn:R07399"
        link="http://www.kegg.jp/dbget-bin/www_bget?K09011">
        <graphics name="K09011" fgcolor="#000000" bgcolor="#FFFFFF"
             type="line" coords="783,210,783,256"/>
    </entry>
    <entry id="64" name="ko:K01703 ko:K01704" type="ortholog" reaction="rn:R03896"
        link="http://www.kegg.jp/dbget-bin/www_bget?K01703+K01704">
        <graphics name="K01703..." fgcolor="#000000" bgcolor="#FFFFFF"
             type="line" coords="783,269,783,315"/>
    </entry>
    <entry id="65" name="ko:K01703 ko:K01704" type="ortholog" reaction="rn:R03898"
        link="http://www.kegg.jp/dbget-bin/www_bget?K01703+K01704">
        <graphics name="K01703..." fgcolor="#000000" bgcolor="#FFFFFF"
             type="line" coords="783,328,783,374"/>
    </entry>
    <entry id="66" name="ko:K00052" type="ortholog" reaction="rn:R00994"
        link="http://www.kegg.jp/dbget-bin/www_bget?K00052">
        <graphics name="K00052" fgcolor="#000000" bgcolor="#FFFFFF"
             type="line" coords="783,387,783,477"/>
    </entry>
    <entry id="67" name="ko:K01652 ko:K01653 ko:K11258" type="ortholog" reaction="rn:R00226"
        link="http://www.kegg.jp/dbget-bin/www_bget?K01652+K01653+K11258">
        <graphics name="K01652..." fgcolor="#000000" bgcolor="#FFFFFF"
             type="line" coords="788,204,838,204"/>
    </entry>
    <entry id="68" name="ko:K00053" type="ortholog" reaction="rn:R05071"
        link="http://www.kegg.jp/dbget-bin/www_bget?K00053">
        <graphics name="K00053" fgcolor="#000000" bgcolor="#FFFFFF"
             type="line" coords="850,204,900,204"/>
    </entry>
    <entry id="69" name="ko:K00053" type="ortholog" reaction="rn:R04440"
        link="http://www.kegg.jp/dbget-bin/www_bget?K00053">
        <graphics name="K00053" fgcolor="#000000" bgcolor="#FFFFFF"
             type="line" coords="912,204,962,204"/>
    </entry>
    <entry id="70" name="ko:K01687" type="ortholog" reaction="rn:R04441"
        link="http://www.kegg.jp/dbget-bin/www_bget?K01687">
        <graphics name="K01687" fgcolor="#000000" bgcolor="#FFFFFF"
             type="line" coords="974,204,1024,204"/>
    </entry>
    <entry id="71" name="hsa:586 hsa:587" type="gene" reaction="rn:R01214"
        link="http://www.kegg.jp/dbget-bin/www_bget?hsa:586+hsa:587">
        <graphics name="BCAT1, BCATC, BCT1, ECA39, MECA39, PNAS121, PP18..." fgcolor="#66CC66" bgcolor="#FFFFFF"
             type="line" coords="1037,204,1087,204"/>
    </entry>
    <entry id="72" name="ko:K01649" type="ortholog" reaction="rn:R01213"
        link="http://www.kegg.jp/dbget-bin/www_bget?K01649">
        <graphics name="K01649" fgcolor="#000000" bgcolor="#FFFFFF"
             type="line" coords="1031,211,1031,241"/>
    </entry>
    <entry id="73" name="ko:K01702 ko:K01703 ko:K01704" type="ortholog" reaction="rn:R03968"
        link="http://www.kegg.jp/dbget-bin/www_bget?K01702+K01703+K01704">
        <graphics name="K01702..." fgcolor="#000000" bgcolor="#FFFFFF"
             type="line" coords="1036,255,1036,285"/>
    </entry>
    <entry id="74" name="ko:K01702 ko:K01703 ko:K01704" type="ortholog" reaction="rn:R04001"
        link="http://www.kegg.jp/dbget-bin/www_bget?K01702+K01703+K01704">
        <graphics name="K01702..." fgcolor="#000000" bgcolor="#FFFFFF"
             type="line" coords="1036,299,1036,329"/>
    </entry>
    <entry id="75" name="ko:K00052" type="ortholog" reaction="rn:R10052"
        link="http://www.kegg.jp/dbget-bin/www_bget?K00052">
        <graphics name="K00052" fgcolor="#000000" bgcolor="#FFFFFF"
             type="line" coords="1026,343,1026,417"/>
    </entry>
    <entry id="76" name="hsa:586 hsa:587" type="gene" reaction="rn:R01090"
        link="http://www.kegg.jp/dbget-bin/www_bget?hsa:586+hsa:587">
        <graphics name="BCAT1, BCATC, BCT1, ECA39, MECA39, PNAS121, PP18..." fgcolor="#66CC66" bgcolor="#FFFFFF"
             type="line" coords="1037,424,1087,424"/>
    </entry>
    <entry id="77" name="hsa:586 hsa:587" type="gene" reaction="rn:R02199"
        link="http://www.kegg.jp/dbget-bin/www_bget?hsa:586+hsa:587">
        <graphics name="BCAT1, BCATC, BCT1, ECA39, MECA39, PNAS121, PP18..." fgcolor="#66CC66" bgcolor="#FFFFFF"
             type="line" coords="1037,484,1087,484"/>
    </entry>
    <entry id="78" name="ko:K01652 ko:K01653 ko:K11258" type="ortholog" reaction="rn:R08648"
        link="http://www.kegg.jp/dbget-bin/www_bget?K01652+K01653+K11258">
        <graphics name="K01652..." fgcolor="#000000" bgcolor="#FFFFFF"
             type="line" coords="788,484,838,484"/>
    </entry>
    <entry id="79" name="ko:K00053" type="ortholog" reaction="rn:R05069"
        link="http://www.kegg.jp/dbget-bin/www_bget?K00053">
        <graphics name="K00053" fgcolor="#000000" bgcolor="#FFFFFF"
             type="line" coords="850,484,900,484"/>
    </entry>
    <entry id="80" name="ko:K00053" type="ortholog" reaction="rn:R05068"
        link="http://www.kegg.jp/dbget-bin/www_bget?K00053">
        <graphics name="K00053" fgcolor="#000000" bgcolor="#FFFFFF"
             type="line" coords="912,484,962,484"/>
    </entry>
    <entry id="81" name="ko:K01687" type="ortholog" reaction="rn:R05070"
        link="http://www.kegg.jp/dbget-bin/www_bget?K01687">
        <graphics name="K01687" fgcolor="#000000" bgcolor="#FFFFFF"
             type="line" coords="974,484,1024,484"/>
    </entry>
    <entry id="82" name="cpd:C01180" type="compound"
        link="http://www.kegg.jp/dbget-bin/www_bget?C01180">
        <graphics name="C01180" fgcolor="#000000" bgcolor="#FFFFFF"
             type="circle" x="1031" y="569" width="8" height="8"/>
    </entry>
    <entry id="83" name="cpd:C00073" type="compound"
        link="http://www.kegg.jp/dbget-bin/www_bget?C00073">
        <graphics name="C00073" fgcolor="#000000" bgcolor="#FFFFFF"
             type="circle" x="1094" y="569" width="8" height="8"/>
    </entry>
    <entry id="84" name="ko:K15741" type="ortholog" reaction="rn:R08619"
        link="http://www.kegg.jp/dbget-bin/www_bget?K15741">
        <graphics name="K15741" fgcolor="#000000" bgcolor="#FFFFFF"
             type="line" coords="1031,574,1031,604"/>
    </entry>
    <entry id="87" name="ko:K15742" type="ortholog" reaction="rn:R08627"
        link="http://www.kegg.jp/dbget-bin/www_bget?K15742">
        <graphics name="K15742" fgcolor="#000000" bgcolor="#FFFFFF"
             type="line" coords="1031,820,1031,850"/>
    </entry>
    <entry id="90" name="ko:K15742" type="ortholog" reaction="rn:R08631"
        link="http://www.kegg.jp/dbget-bin/www_bget?K15742">
        <graphics name="K15742" fgcolor="#000000" bgcolor="#FFFFFF"
             type="line" coords="1031,943,1031,973"/>
    </entry>
    <entry id="93" name="ko:K15742" type="ortholog" reaction="rn:R08640"
        link="http://www.kegg.jp/dbget-bin/www_bget?K15742">
        <graphics name="K15742" fgcolor="#000000" bgcolor="#FFFFFF"
             type="line" coords="1031,1066,1031,1096"/>
    </entry>
    <entry id="96" name="ko:K15742" type="ortholog" reaction="rn:R08644"
        link="http://www.kegg.jp/dbget-bin/www_bget?K15742">
        <graphics name="K15742" fgcolor="#000000" bgcolor="#FFFFFF"
             type="line" coords="1031,1189,1031,1219"/>
    </entry>
    <entry id="100" name="cpd:C17213" type="compound"
        link="http://www.kegg.jp/dbget-bin/www_bget?C17213">
        <graphics name="C17213" fgcolor="#000000" bgcolor="#FFFFFF"
             type="circle" x="1094" y="692" width="8" height="8"/>
    </entry>
    <entry id="102" name="ko:K12154" type="ortholog" reaction="rn:R08665"
        link="http://www.kegg.jp/dbget-bin/www_bget?K12154">
        <graphics name="K12154" fgcolor="#000000" bgcolor="#FFFFFF"
             type="line" coords="1099,692,1149,692"/>
    </entry>
    <entry id="103" name="ko:K12156" type="ortholog" reaction="rn:R08666"
        link="http://www.kegg.jp/dbget-bin/www_bget?K12156">
        <graphics name="K12156" fgcolor="#000000" bgcolor="#FFFFFF"
             type="line" coords="1161,692,1211,692"/>
    </entry>
    <entry id="104" name="ko:K11819" type="ortholog" reaction="rn:R08667"
        link="http://www.kegg.jp/dbget-bin/www_bget?K11819">
        <graphics name="K11819" fgcolor="#000000" bgcolor="#FFFFFF"
             type="line" coords="1223,692,1273,692"/>
    </entry>
    <entry id="105" name="ko:K11820" type="ortholog" reaction="rn:R08668"
        link="http://www.kegg.jp/dbget-bin/www_bget?K11820">
        <graphics name="K11820" fgcolor="#000000" bgcolor="#FFFFFF"
             type="line" coords="1285,692,1335,692"/>
    </entry>
    <entry id="107" name="cpd:C17217" type="compound"
        link="http://www.kegg.jp/dbget-bin/www_bget?C17217">
        <graphics name="C17217" fgcolor="#000000" bgcolor="#FFFFFF"
             type="circle" x="1094" y="815" width="8" height="8"/>
    </entry>
    <entry id="109" name="ko:K12154" type="ortholog" reaction="rn:R08670"
        link="http://www.kegg.jp/dbget-bin/www_bget?K12154">
        <graphics name="K12154" fgcolor="#000000" bgcolor="#FFFFFF"
             type="line" coords="1099,815,1149,815"/>
    </entry>
    <entry id="110" name="cpd:C17221" type="compound"
        link="http://www.kegg.jp/dbget-bin/www_bget?C17221">
        <graphics name="C17221" fgcolor="#000000" bgcolor="#FFFFFF"
             type="circle" x="1094" y="938" width="8" height="8"/>
    </entry>
    <entry id="112" name="ko:K12154" type="ortholog" reaction="rn:R08672"
        link="http://www.kegg.jp/dbget-bin/www_bget?K12154">
        <graphics name="K12154" fgcolor="#000000" bgcolor="#FFFFFF"
             type="line" coords="1099,938,1149,938"/>
    </entry>
    <entry id="113" name="cpd:C17225" type="compound"
        link="http://www.kegg.jp/dbget-bin/www_bget?C17225">
        <graphics name="C17225" fgcolor="#000000" bgcolor="#FFFFFF"
             type="circle" x="1094" y="1061" width="8" height="8"/>
    </entry>
    <entry id="115" name="ko:K12154" type="ortholog" reaction="rn:R08673"
        link="http://www.kegg.jp/dbget-bin/www_bget?K12154">
        <graphics name="K12154" fgcolor="#000000" bgcolor="#FFFFFF"
             type="line" coords="1099,1061,1149,1061"/>
    </entry>
    <entry id="116" name="cpd:C17229" type="compound"
        link="http://www.kegg.jp/dbget-bin/www_bget?C17229">
        <graphics name="C17229" fgcolor="#000000" bgcolor="#FFFFFF"
             type="circle" x="1094" y="1184" width="8" height="8"/>
    </entry>
    <entry id="118" name="ko:K12154 ko:K12155" type="ortholog" reaction="rn:R08674"
        link="http://www.kegg.jp/dbget-bin/www_bget?K12154+K12155">
        <graphics name="K12154..." fgcolor="#000000" bgcolor="#FFFFFF"
             type="line" coords="1099,1184,1149,1184"/>
    </entry>
    <entry id="119" name="cpd:C17233" type="compound"
        link="http://www.kegg.jp/dbget-bin/www_bget?C17233">
        <graphics name="C17233" fgcolor="#000000" bgcolor="#FFFFFF"
             type="circle" x="1094" y="1307" width="8" height="8"/>
    </entry>
    <entry id="121" name="ko:K12154 ko:K12155" type="ortholog" reaction="rn:R08675"
        link="http://www.kegg.jp/dbget-bin/www_bget?K12154+K12155">
        <graphics name="K12154..." fgcolor="#000000" bgcolor="#FFFFFF"
             type="line" coords="1099,1307,1149,1307"/>
    </entry>
    <entry id="122" name="cpd:C00158" type="compound"
        link="http://www.kegg.jp/dbget-bin/www_bget?C00158">
        <graphics name="C00158" fgcolor="#000000" bgcolor="#FFFFFF"
             type="circle" x="144" y="248" width="8" height="8"/>
    </entry>
    <entry id="123" name="cpd:C00417" type="compound"
        link="http://www.kegg.jp/dbget-bin/www_bget?C00417">
        <graphics name="C00417" fgcolor="#000000" bgcolor="#FFFFFF"
             type="circle" x="149" y="292" width="8" height="8"/>
    </entry>
    <entry id="124" name="cpd:C00311" type="compound"
        link="http://www.kegg.jp/dbget-bin/www_bget?C00311">
        <graphics name="C00311" fgcolor="#000000" bgcolor="#FFFFFF"
             type="circle" x="144" y="336" width="8" height="8"/>
    </entry>
    <entry id="125" name="cpd:C05379" type="compound"
        link="http://www.kegg.jp/dbget-bin/www_bget?C05379">
        <graphics name="C05379" fgcolor="#000000" bgcolor="#FFFFFF"
             type="circle" x="149" y="380" width="8" height="8"/>
    </entry>
    <entry id="126" name="cpd:C01251" type="compound"
        link="http://www.kegg.jp/dbget-bin/www_bget?C01251">
        <graphics name="C01251" fgcolor="#000000" bgcolor="#FFFFFF"
             type="circle" x="144" y="468" width="8" height="8"/>
    </entry>
    <entry id="127" name="cpd:C04002" type="compound"
        link="http://www.kegg.jp/dbget-bin/www_bget?C04002">
        <graphics name="C04002" fgcolor="#000000" bgcolor="#FFFFFF"
             type="circle" x="149" y="512" width="8" height="8"/>
    </entry>
    <entry id="128" name="cpd:C05662" type="compound"
        link="http://www.kegg.jp/dbget-bin/www_bget?C05662">
        <graphics name="C05662" fgcolor="#000000" bgcolor="#FFFFFF"
             type="circle" x="144" y="556" width="8" height="8"/>
    </entry>
    <entry id="129" name="cpd:C05533" type="compound"
        link="http://www.kegg.jp/dbget-bin/www_bget?C05533">
        <graphics name="C05533" fgcolor="#000000" bgcolor="#FFFFFF"
             type="circle" x="149" y="600" width="8" height="8"/>
    </entry>
    <entry id="130" name="cpd:C03082" type="compound"
        link="http://www.kegg.jp/dbget-bin/www_bget?C03082">
        <graphics name="C03082" fgcolor="#000000" bgcolor="#FFFFFF"
             type="circle" x="332" y="204" width="8" height="8"/>
    </entry>
    <entry id="131" name="cpd:C00441" type="compound"
        link="http://www.kegg.jp/dbget-bin/www_bget?C00441">
        <graphics name="C00441" fgcolor="#000000" bgcolor="#FFFFFF"
             type="circle" x="394" y="204" width="8" height="8"/>
    </entry>
    <entry id="132" name="cpd:C04133" type="compound"
        link="http://www.kegg.jp/dbget-bin/www_bget?C04133">
        <graphics name="C04133" fgcolor="#000000" bgcolor="#FFFFFF"
             type="circle" x="334" y="418" width="8" height="8"/>
    </entry>
    <entry id="133" name="cpd:C01250" type="compound"
        link="http://www.kegg.jp/dbget-bin/www_bget?C01250">
        <graphics name="C01250" fgcolor="#000000" bgcolor="#FFFFFF"
             type="circle" x="396" y="418" width="8" height="8"/>
    </entry>
    <entry id="134" name="cpd:C19887" type="compound"
        link="http://www.kegg.jp/dbget-bin/www_bget?C19887">
        <graphics name="C19887" fgcolor="#000000" bgcolor="#FFFFFF"
             type="circle" x="332" y="644" width="8" height="8"/>
    </entry>
    <entry id="135" name="cpd:C19888" type="compound"
        link="http://www.kegg.jp/dbget-bin/www_bget?C19888">
        <graphics name="C19888" fgcolor="#000000" bgcolor="#FFFFFF"
             type="circle" x="394" y="644" width="8" height="8"/>
    </entry>
    <entry id="136" name="cpd:C06010" type="compound"
        link="http://www.kegg.jp/dbget-bin/www_bget?C06010">
        <graphics name="C06010" fgcolor="#000000" bgcolor="#FFFFFF"
             type="circle" x="845" y="204" width="8" height="8"/>
    </entry>
    <entry id="137" name="cpd:C04181" type="compound"
        link="http://www.kegg.jp/dbget-bin/www_bget?C04181">
        <graphics name="C04181" fgcolor="#000000" bgcolor="#FFFFFF"
             type="circle" x="907" y="204" width="8" height="8"/>
    </entry>
    <entry id="138" name="cpd:C04272" type="compound"
        link="http://www.kegg.jp/dbget-bin/www_bget?C04272">
        <graphics name="C04272" fgcolor="#000000" bgcolor="#FFFFFF"
             type="circle" x="969" y="204" width="8" height="8"/>
    </entry>
    <entry id="139" name="cpd:C02612" type="compound"
        link="http://www.kegg.jp/dbget-bin/www_bget?C02612">
        <graphics name="C02612" fgcolor="#000000" bgcolor="#FFFFFF"
             type="circle" x="783" y="263" width="8" height="8"/>
    </entry>
    <entry id="140" name="cpd:C02226" type="compound"
        link="http://www.kegg.jp/dbget-bin/www_bget?C02226">
        <graphics name="C02226" fgcolor="#000000" bgcolor="#FFFFFF"
             type="circle" x="783" y="322" width="8" height="8"/>
    </entry>
    <entry id="141" name="cpd:C06032" type="compound"
        link="http://www.kegg.jp/dbget-bin/www_bget?C06032">
        <graphics name="C06032" fgcolor="#000000" bgcolor="#FFFFFF"
             type="circle" x="783" y="381" width="8" height="8"/>
    </entry>
    <entry id="142" name="cpd:C06006" type="compound"
        link="http://www.kegg.jp/dbget-bin/www_bget?C06006">
        <graphics name="C06006" fgcolor="#000000" bgcolor="#FFFFFF"
             type="circle" x="845" y="484" width="8" height="8"/>
    </entry>
    <entry id="143" name="cpd:C14463" type="compound"
        link="http://www.kegg.jp/dbget-bin/www_bget?C14463">
        <graphics name="C14463" fgcolor="#000000" bgcolor="#FFFFFF"
             type="circle" x="907" y="484" width="8" height="8"/>
    </entry>
    <entry id="144" name="cpd:C06007" type="compound"
        link="http://www.kegg.jp/dbget-bin/www_bget?C06007">
        <graphics name="C06007" fgcolor="#000000" bgcolor="#FFFFFF"
             type="circle" x="969" y="484" width="8" height="8"/>
    </entry>
    <entry id="145" name="ko:K00052" type="ortholog" reaction="rn:R04426"
        link="http://www.kegg.jp/dbget-bin/www_bget?K00052">
        <graphics name="K00052" fgcolor="#000000" bgcolor="#FFFFFF"
             type="line" coords="1036,343,1036,373"/>
    </entry>
    <entry id="146" name="ko:K00052" type="ortholog" reaction="rn:R01652"
        link="http://www.kegg.jp/dbget-bin/www_bget?K00052">
        <graphics name="K00052" fgcolor="#000000" bgcolor="#FFFFFF"
             type="line" coords="1036,387,1036,417"/>
    </entry>
    <entry id="147" name="cpd:C17210" type="compound"
        link="http://www.kegg.jp/dbget-bin/www_bget?C17210">
        <graphics name="C17210" fgcolor="#000000" bgcolor="#FFFFFF"
             type="circle" x="1031" y="610" width="8" height="8"/>
    </entry>
    <entry id="148" name="cpd:C17212" type="compound"
        link="http://www.kegg.jp/dbget-bin/www_bget?C17212">
        <graphics name="C17212" fgcolor="#000000" bgcolor="#FFFFFF"
             type="circle" x="1031" y="651" width="8" height="8"/>
    </entry>
    <entry id="149" name="ko:K15741" type="ortholog" reaction="rn:R08623"
        link="http://www.kegg.jp/dbget-bin/www_bget?K15741">
        <graphics name="K15741" fgcolor="#000000" bgcolor="#FFFFFF"
             type="line" coords="1031,697,1031,727"/>
    </entry>
    <entry id="152" name="cpd:C17214" type="compound"
        link="http://www.kegg.jp/dbget-bin/www_bget?C17214">
        <graphics name="C17214" fgcolor="#000000" bgcolor="#FFFFFF"
             type="circle" x="1031" y="733" width="8" height="8"/>
    </entry>
    <entry id="153" name="cpd:C17215" type="compound"
        link="http://www.kegg.jp/dbget-bin/www_bget?C17215">
        <graphics name="C17215" fgcolor="#000000" bgcolor="#FFFFFF"
             type="circle" x="1031" y="774" width="8" height="8"/>
    </entry>
    <entry id="154" name="cpd:C17218" type="compound"
        link="http://www.kegg.jp/dbget-bin/www_bget?C17218">
        <graphics name="C17218" fgcolor="#000000" bgcolor="#FFFFFF"
             type="circle" x="1031" y="856" width="8" height="8"/>
    </entry>
    <entry id="155" name="cpd:C17219" type="compound"
        link="http://www.kegg.jp/dbget-bin/www_bget?C17219">
        <graphics name="C17219" fgcolor="#000000" bgcolor="#FFFFFF"
             type="circle" x="1031" y="897" width="8" height="8"/>
    </entry>
    <entry id="156" name="cpd:C17230" type="compound"
        link="http://www.kegg.jp/dbget-bin/www_bget?C17230">
        <graphics name="C17230" fgcolor="#000000" bgcolor="#FFFFFF"
             type="circle" x="1031" y="1225" width="8" height="8"/>
    </entry>
    <entry id="157" name="cpd:C17231" type="compound"
        link="http://www.kegg.jp/dbget-bin/www_bget?C17231">
        <graphics name="C17231" fgcolor="#000000" bgcolor="#FFFFFF"
             type="circle" x="1031" y="1266" width="8" height="8"/>
    </entry>
    <entry id="158" name="cpd:C17222" type="compound"
        link="http://www.kegg.jp/dbget-bin/www_bget?C17222">
        <graphics name="C17222" fgcolor="#000000" bgcolor="#FFFFFF"
             type="circle" x="1031" y="979" width="8" height="8"/>
    </entry>
    <entry id="159" name="cpd:C17223" type="compound"
        link="http://www.kegg.jp/dbget-bin/www_bget?C17223">
        <graphics name="C17223" fgcolor="#000000" bgcolor="#FFFFFF"
             type="circle" x="1031" y="1020" width="8" height="8"/>
    </entry>
    <entry id="160" name="cpd:C17226" type="compound"
        link="http://www.kegg.jp/dbget-bin/www_bget?C17226">
        <graphics name="C17226" fgcolor="#000000" bgcolor="#FFFFFF"
             type="circle" x="1031" y="1102" width="8" height="8"/>
    </entry>
    <entry id="161" name="cpd:C17227" type="compound"
        link="http://www.kegg.jp/dbget-bin/www_bget?C17227">
        <graphics name="C17227" fgcolor="#000000" bgcolor="#FFFFFF"
             type="circle" x="1031" y="1143" width="8" height="8"/>
    </entry>
    <entry id="162" name="ko:K13401" type="ortholog" reaction="rn:R08663"
        link="http://www.kegg.jp/dbget-bin/www_bget?K13401">
        <graphics name="K13401" fgcolor="#000000" bgcolor="#FFFFFF"
             type="line" coords="1099,204,1149,204"/>
    </entry>
    <entry id="167" name="cpd:C08418" type="compound"
        link="http://www.kegg.jp/dbget-bin/www_bget?C08418">
        <graphics name="C08418" fgcolor="#000000" bgcolor="#FFFFFF"
             type="circle" x="1404" y="204" width="8" height="8"/>
    </entry>
    <entry id="168" name="cpd:C03219" type="compound"
        link="http://www.kegg.jp/dbget-bin/www_bget?C03219">
        <graphics name="C03219" fgcolor="#000000" bgcolor="#FFFFFF"
             type="circle" x="1156" y="204" width="8" height="8"/>
    </entry>
    <entry id="177" name="cpd:C17256" type="compound"
        link="http://www.kegg.jp/dbget-bin/www_bget?C17256">
        <graphics name="C17256" fgcolor="#000000" bgcolor="#FFFFFF"
             type="circle" x="1404" y="424" width="8" height="8"/>
    </entry>
    <entry id="178" name="cpd:C17255" type="compound"
        link="http://www.kegg.jp/dbget-bin/www_bget?C17255">
        <graphics name="C17255" fgcolor="#000000" bgcolor="#FFFFFF"
             type="circle" x="1156" y="424" width="8" height="8"/>
    </entry>
    <entry id="182" name="ko:K14984" type="ortholog" reaction="rn:R09403"
        link="http://www.kegg.jp/dbget-bin/www_bget?K14984">
        <graphics name="K14984" fgcolor="#000000" bgcolor="#FFFFFF"
             type="line" coords="1099,484,1149,484"/>
    </entry>
    <entry id="187" name="cpd:C08407" type="compound"
        link="http://www.kegg.jp/dbget-bin/www_bget?C08407">
        <graphics name="C08407" fgcolor="#000000" bgcolor="#FFFFFF"
             type="circle" x="1404" y="484" width="8" height="8"/>
    </entry>
    <entry id="188" name="cpd:C19491" type="compound"
        link="http://www.kegg.jp/dbget-bin/www_bget?C19491">
        <graphics name="C19491" fgcolor="#000000" bgcolor="#FFFFFF"
             type="circle" x="1156" y="484" width="8" height="8"/>
    </entry>
    <entry id="192" name="cpd:C00079" type="compound"
        link="http://www.kegg.jp/dbget-bin/www_bget?C00079">
        <graphics name="C00079" fgcolor="#000000" bgcolor="#FFFFFF"
             type="circle" x="1094" y="1392" width="8" height="8"/>
    </entry>
    <entry id="193" name="ko:K12153" type="ortholog" reaction="rn:R09578"
        link="http://www.kegg.jp/dbget-bin/www_bget?K12153">
        <graphics name="K12153" fgcolor="#000000" bgcolor="#FFFFFF"
             type="line" coords="1099,1392,1149,1392"/>
    </entry>
    <entry id="194" name="ko:K11818" type="ortholog" reaction="rn:R10670"
        link="http://www.kegg.jp/dbget-bin/www_bget?K11818">
        <graphics name="K11818" fgcolor="#000000" bgcolor="#FFFFFF"
             type="line" coords="1161,1392,1211,1392"/>
    </entry>
    <entry id="195" name="ko:K11819" type="ortholog" reaction="rn:R08654"
        link="http://www.kegg.jp/dbget-bin/www_bget?K11819">
        <graphics name="K11819" fgcolor="#000000" bgcolor="#FFFFFF"
             type="line" coords="1223,1392,1273,1392"/>
    </entry>
    <entry id="196" name="ko:K11820" type="ortholog" reaction="rn:R03213"
        link="http://www.kegg.jp/dbget-bin/www_bget?K11820">
        <graphics name="K11820" fgcolor="#000000" bgcolor="#FFFFFF"
             type="line" coords="1285,1392,1335,1392"/>
    </entry>
    <entry id="198" name="cpd:C02153" type="compound"
        link="http://www.kegg.jp/dbget-bin/www_bget?C02153">
        <graphics name="C02153" fgcolor="#000000" bgcolor="#FFFFFF"
             type="circle" x="1404" y="1392" width="8" height="8"/>
    </entry>
    <entry id="199" name="cpd:C19714" type="compound"
        link="http://www.kegg.jp/dbget-bin/www_bget?C19714">
        <graphics name="C19714" fgcolor="#000000" bgcolor="#FFFFFF"
             type="circle" x="1156" y="1392" width="8" height="8"/>
    </entry>
    <entry id="200" name="cpd:C17237" type="compound"
        link="http://www.kegg.jp/dbget-bin/www_bget?C17237">
        <graphics name="C17237" fgcolor="#000000" bgcolor="#FFFFFF"
             type="circle" x="1218" y="1392" width="8" height="8"/>
    </entry>
    <entry id="201" name="cpd:C03719" type="compound"
        link="http://www.kegg.jp/dbget-bin/www_bget?C03719">
        <graphics name="C03719" fgcolor="#000000" bgcolor="#FFFFFF"
             type="circle" x="1280" y="1392" width="8" height="8"/>
    </entry>
    <entry id="202" name="cpd:C01069" type="compound"
        link="http://www.kegg.jp/dbget-bin/www_bget?C01069">
        <graphics name="C01069" fgcolor="#000000" bgcolor="#FFFFFF"
             type="circle" x="1342" y="1392" width="8" height="8"/>
    </entry>
    <entry id="203" name="cpd:C17235" type="compound"
        link="http://www.kegg.jp/dbget-bin/www_bget?C17235">
        <graphics name="C17235" fgcolor="#000000" bgcolor="#FFFFFF"
             type="circle" x="1094" y="1515" width="8" height="8"/>
    </entry>
    <entry id="209" name="cpd:C08417" type="compound"
        link="http://www.kegg.jp/dbget-bin/www_bget?C08417">
        <graphics name="C08417" fgcolor="#000000" bgcolor="#FFFFFF"
             type="circle" x="1404" y="1515" width="8" height="8"/>
    </entry>
    <entry id="210" name="cpd:C17236" type="compound"
        link="http://www.kegg.jp/dbget-bin/www_bget?C17236">
        <graphics name="C17236" fgcolor="#000000" bgcolor="#FFFFFF"
             type="circle" x="1156" y="1515" width="8" height="8"/>
    </entry>
    <entry id="214" name="cpd:C00078" type="compound"
        link="http://www.kegg.jp/dbget-bin/www_bget?C00078">
        <graphics name="C00078" fgcolor="#000000" bgcolor="#FFFFFF"
             type="circle" x="1094" y="1660" width="8" height="8"/>
    </entry>
    <entry id="215" name="ko:K11812 ko:K11813" type="ortholog" reaction="rn:R08160"
        link="http://www.kegg.jp/dbget-bin/www_bget?K11812+K11813">
        <graphics name="K11812..." fgcolor="#000000" bgcolor="#FFFFFF"
             type="line" coords="1099,1660,1149,1660"/>
    </entry>
    <entry id="216" name="ko:K11818" type="ortholog" reaction="rn:R08168"
        link="http://www.kegg.jp/dbget-bin/www_bget?K11818">
        <graphics name="K11818" fgcolor="#000000" bgcolor="#FFFFFF"
             type="line" coords="1161,1660,1211,1660"/>
    </entry>
    <entry id="217" name="ko:K11819" type="ortholog" reaction="rn:R08170"
        link="http://www.kegg.jp/dbget-bin/www_bget?K11819">
        <graphics name="K11819" fgcolor="#000000" bgcolor="#FFFFFF"
             type="line" coords="1223,1660,1273,1660"/>
    </entry>
    <entry id="218" name="ko:K11820" type="ortholog" reaction="rn:R08164"
        link="http://www.kegg.jp/dbget-bin/www_bget?K11820">
        <graphics name="K11820" fgcolor="#000000" bgcolor="#FFFFFF"
             type="line" coords="1285,1660,1335,1660"/>
    </entry>
    <entry id="219" name="ko:K11821" type="ortholog" reaction="rn:R08167"
        link="http://www.kegg.jp/dbget-bin/www_bget?K11821">
        <graphics name="K11821" fgcolor="#000000" bgcolor="#FFFFFF"
             type="line" coords="1347,1660,1397,1660"/>
    </entry>
    <entry id="220" name="cpd:C05837" type="compound"
        link="http://www.kegg.jp/dbget-bin/www_bget?C05837">
        <graphics name="C05837" fgcolor="#000000" bgcolor="#FFFFFF"
             type="circle" x="1404" y="1660" width="8" height="8"/>
    </entry>
    <entry id="221" name="cpd:C02937" type="compound"
        link="http://www.kegg.jp/dbget-bin/www_bget?C02937">
        <graphics name="C02937" fgcolor="#000000" bgcolor="#FFFFFF"
             type="circle" x="1156" y="1660" width="8" height="8"/>
    </entry>
    <entry id="222" name="cpd:C16518" type="compound"
        link="http://www.kegg.jp/dbget-bin/www_bget?C16518">
        <graphics name="C16518" fgcolor="#000000" bgcolor="#FFFFFF"
             type="circle" x="1218" y="1660" width="8" height="8"/>
    </entry>
    <entry id="223" name="cpd:C16516" type="compound"
        link="http://www.kegg.jp/dbget-bin/www_bget?C16516">
        <graphics name="C16516" fgcolor="#000000" bgcolor="#FFFFFF"
             type="circle" x="1280" y="1660" width="8" height="8"/>
    </entry>
    <entry id="224" name="cpd:C16517" type="compound"
        link="http://www.kegg.jp/dbget-bin/www_bget?C16517">
        <graphics name="C16517" fgcolor="#000000" bgcolor="#FFFFFF"
             type="circle" x="1342" y="1660" width="8" height="8"/>
    </entry>
    <entry id="225" name="cpd:C00082" type="compound"
        link="http://www.kegg.jp/dbget-bin/www_bget?C00082">
        <graphics name="C00082" fgcolor="#000000" bgcolor="#FFFFFF"
             type="circle" x="1094" y="1600" width="8" height="8"/>
    </entry>
    <entry id="226" name="ko:K13027" type="ortholog" reaction="rn:R10671"
        link="http://www.kegg.jp/dbget-bin/www_bget?K13027">
        <graphics name="K13027" fgcolor="#000000" bgcolor="#FFFFFF"
             type="line" coords="1099,1600,1149,1600"/>
    </entry>
    <entry id="227" name="ko:K11818" type="ortholog" reaction="rn:R10672"
        link="http://www.kegg.jp/dbget-bin/www_bget?K11818">
        <graphics name="K11818" fgcolor="#000000" bgcolor="#FFFFFF"
             type="line" coords="1161,1600,1211,1600"/>
    </entry>
    <entry id="228" name="ko:K11819" type="ortholog" reaction="rn:R08660"
        link="http://www.kegg.jp/dbget-bin/www_bget?K11819">
        <graphics name="K11819" fgcolor="#000000" bgcolor="#FFFFFF"
             type="line" coords="1223,1600,1273,1600"/>
    </entry>
    <entry id="230" name="ko:K11821" type="ortholog" reaction="rn:R08662"
        link="http://www.kegg.jp/dbget-bin/www_bget?K11821">
        <graphics name="K11821" fgcolor="#000000" bgcolor="#FFFFFF"
             type="line" coords="1347,1600,1397,1600"/>
    </entry>
    <entry id="231" name="cpd:C08426" type="compound"
        link="http://www.kegg.jp/dbget-bin/www_bget?C08426">
        <graphics name="C08426" fgcolor="#000000" bgcolor="#FFFFFF"
             type="circle" x="1404" y="1600" width="8" height="8"/>
    </entry>
    <entry id="232" name="cpd:C04350" type="compound"
        link="http://www.kegg.jp/dbget-bin/www_bget?C04350">
        <graphics name="C04350" fgcolor="#000000" bgcolor="#FFFFFF"
             type="circle" x="1156" y="1600" width="8" height="8"/>
    </entry>
    <entry id="233" name="cpd:C17238" type="compound"
        link="http://www.kegg.jp/dbget-bin/www_bget?C17238">
        <graphics name="C17238" fgcolor="#000000" bgcolor="#FFFFFF"
             type="circle" x="1218" y="1600" width="8" height="8"/>
    </entry>
    <entry id="234" name="cpd:C17239" type="compound"
        link="http://www.kegg.jp/dbget-bin/www_bget?C17239">
        <graphics name="C17239" fgcolor="#000000" bgcolor="#FFFFFF"
             type="circle" x="1280" y="1600" width="8" height="8"/>
    </entry>
    <entry id="235" name="cpd:C17240" type="compound"
        link="http://www.kegg.jp/dbget-bin/www_bget?C17240">
        <graphics name="C17240" fgcolor="#000000" bgcolor="#FFFFFF"
             type="circle" x="1342" y="1600" width="8" height="8"/>
    </entry>
    <entry id="240" name="cpd:C17253" type="compound"
        link="http://www.kegg.jp/dbget-bin/www_bget?C17253">
        <graphics name="C17253" fgcolor="#000000" bgcolor="#FFFFFF"
             type="circle" x="1156" y="1307" width="8" height="8"/>
    </entry>
    <entry id="248" name="cpd:C17251" type="compound"
        link="http://www.kegg.jp/dbget-bin/www_bget?C17251">
        <graphics name="C17251" fgcolor="#000000" bgcolor="#FFFFFF"
             type="circle" x="1156" y="1184" width="8" height="8"/>
    </entry>
    <entry id="256" name="cpd:C17249" type="compound"
        link="http://www.kegg.jp/dbget-bin/www_bget?C17249">
        <graphics name="C17249" fgcolor="#000000" bgcolor="#FFFFFF"
             type="circle" x="1156" y="1061" width="8" height="8"/>
    </entry>
    <entry id="264" name="cpd:C17246" type="compound"
        link="http://www.kegg.jp/dbget-bin/www_bget?C17246">
        <graphics name="C17246" fgcolor="#000000" bgcolor="#FFFFFF"
             type="circle" x="1156" y="938" width="8" height="8"/>
    </entry>
    <entry id="271" name="ko:K11821" type="ortholog" reaction="rn:R08671"
        link="http://www.kegg.jp/dbget-bin/www_bget?K11821">
        <graphics name="K11821" fgcolor="#000000" bgcolor="#FFFFFF"
             type="line" coords="1347,815,1397,815"/>
    </entry>
    <entry id="272" name="cpd:C17245" type="compound"
        link="http://www.kegg.jp/dbget-bin/www_bget?C17245">
        <graphics name="C17245" fgcolor="#000000" bgcolor="#FFFFFF"
             type="circle" x="1156" y="815" width="8" height="8"/>
    </entry>
    <entry id="275" name="cpd:C17248" type="compound"
        link="http://www.kegg.jp/dbget-bin/www_bget?C17248">
        <graphics name="C17248" fgcolor="#000000" bgcolor="#FFFFFF"
             type="circle" x="1342" y="815" width="8" height="8"/>
    </entry>
    <entry id="276" name="cpd:C17241" type="compound"
        link="http://www.kegg.jp/dbget-bin/www_bget?C17241">
        <graphics name="C17241" fgcolor="#000000" bgcolor="#FFFFFF"
             type="circle" x="1156" y="692" width="8" height="8"/>
    </entry>
    <entry id="277" name="cpd:C17242" type="compound"
        link="http://www.kegg.jp/dbget-bin/www_bget?C17242">
        <graphics name="C17242" fgcolor="#000000" bgcolor="#FFFFFF"
             type="circle" x="1218" y="692" width="8" height="8"/>
    </entry>
    <entry id="278" name="cpd:C17243" type="compound"
        link="http://www.kegg.jp/dbget-bin/www_bget?C17243">
        <graphics name="C17243" fgcolor="#000000" bgcolor="#FFFFFF"
             type="circle" x="1280" y="692" width="8" height="8"/>
    </entry>
    <entry id="279" name="cpd:C17244" type="compound"
        link="http://www.kegg.jp/dbget-bin/www_bget?C17244">
        <graphics name="C17244" fgcolor="#000000" bgcolor="#FFFFFF"
             type="circle" x="1342" y="692" width="8" height="8"/>
    </entry>
    <entry id="280" name="cpd:C00166" type="compound"
        link="http://www.kegg.jp/dbget-bin/www_bget?C00166">
        <graphics name="C00166" fgcolor="#000000" bgcolor="#FFFFFF"
             type="circle" x="1031" y="1392" width="8" height="8"/>
    </entry>
    <entry id="282" name="cpd:C20327" type="compound"
        link="http://www.kegg.jp/dbget-bin/www_bget?C20327">
        <graphics name="C20327" fgcolor="#000000" bgcolor="#FFFFFF"
             type="circle" x="1031" y="1515" width="8" height="8"/>
    </entry>
    <entry id="284" name="cpd:C02504" type="compound"
        link="http://www.kegg.jp/dbget-bin/www_bget?C02504">
        <graphics name="C02504" fgcolor="#000000" bgcolor="#FFFFFF"
             type="circle" x="1031" y="248" width="8" height="8"/>
    </entry>
    <entry id="285" name="cpd:C02631" type="compound"
        link="http://www.kegg.jp/dbget-bin/www_bget?C02631">
        <graphics name="C02631" fgcolor="#000000" bgcolor="#FFFFFF"
             type="circle" x="1036" y="292" width="8" height="8"/>
    </entry>
    <entry id="286" name="cpd:C04411" type="compound"
        link="http://www.kegg.jp/dbget-bin/www_bget?C04411">
        <graphics name="C04411" fgcolor="#000000" bgcolor="#FFFFFF"
             type="circle" x="1031" y="336" width="8" height="8"/>
    </entry>
    <entry id="287" name="cpd:C04236" type="compound"
        link="http://www.kegg.jp/dbget-bin/www_bget?C04236">
        <graphics name="C04236" fgcolor="#000000" bgcolor="#FFFFFF"
             type="circle" x="1036" y="380" width="8" height="8"/>
    </entry>
    <entry id="288" name="ko:K01702 ko:K01703 ko:K01704" type="ortholog" reaction="rn:R10170"
        link="http://www.kegg.jp/dbget-bin/www_bget?K01702+K01703+K01704">
        <graphics name="K01702..." fgcolor="#000000" bgcolor="#FFFFFF"
             type="line" coords="1026,255,1026,329"/>
    </entry>
    <entry id="289" name="path:hsa01210" type="map"
        link="http://www.kegg.jp/dbget-bin/www_bget?hsa01210">
        <graphics name="TITLE:2-Oxocarboxylic acid metabolism" fgcolor="#000000" bgcolor="#FFFFFF"
             type="roundrectangle" x="187" y="58" width="294" height="25"/>
    </entry>
    <entry id="290" name="ko:K10977" type="ortholog" reaction="rn:R08331"
        link="http://www.kegg.jp/dbget-bin/www_bget?K10977">
        <graphics name="K10977" fgcolor="#000000" bgcolor="#FFFFFF"
             type="line" coords="144,651,144,681"/>
    </entry>
    <entry id="291" name="cpd:C16583" type="compound"
        link="http://www.kegg.jp/dbget-bin/www_bget?C16583">
        <graphics name="C16583" fgcolor="#000000" bgcolor="#FFFFFF"
             type="circle" x="144" y="689" width="8" height="8"/>
    </entry>
    <entry id="292" name="ko:K16792 ko:K16793" type="ortholog" reaction="rn:R10391"
        link="http://www.kegg.jp/dbget-bin/www_bget?K16792+K16793">
        <graphics name="K16792..." fgcolor="#000000" bgcolor="#FFFFFF"
             type="line" coords="139,696,139,770"/>
    </entry>
    <entry id="293" name="ko:K16792 ko:K16793" type="ortholog" reaction="rn:R10392"
        link="http://www.kegg.jp/dbget-bin/www_bget?K16792+K16793">
        <graphics name="K16792..." fgcolor="#000000" bgcolor="#FFFFFF"
             type="line" coords="149,696,149,726"/>
    </entry>
    <entry id="294" name="ko:K16792 ko:K16793" type="ortholog" reaction="rn:R10393"
        link="http://www.kegg.jp/dbget-bin/www_bget?K16792+K16793">
        <graphics name="K16792..." fgcolor="#000000" bgcolor="#FFFFFF"
             type="line" coords="149,740,149,770"/>
    </entry>
    <entry id="295" name="cpd:C20581" type="compound"
        link="http://www.kegg.jp/dbget-bin/www_bget?C20581">
        <graphics name="C20581" fgcolor="#000000" bgcolor="#FFFFFF"
             type="circle" x="149" y="733" width="8" height="8"/>
    </entry>
    <entry id="296" name="cpd:C16597" type="compound"
        link="http://www.kegg.jp/dbget-bin/www_bget?C16597">
        <graphics name="C16597" fgcolor="#000000" bgcolor="#FFFFFF"
             type="circle" x="144" y="777" width="8" height="8"/>
    </entry>
    <entry id="297" name="ko:K10978" type="ortholog" reaction="rn:R08214"
        link="http://www.kegg.jp/dbget-bin/www_bget?K10978">
        <graphics name="K10978" fgcolor="#000000" bgcolor="#FFFFFF"
             type="line" coords="144,784,144,858"/>
    </entry>
    <entry id="298" name="cpd:C16588" type="compound"
        link="http://www.kegg.jp/dbget-bin/www_bget?C16588">
        <graphics name="C16588" fgcolor="#000000" bgcolor="#FFFFFF"
             type="circle" x="144" y="865" width="8" height="8"/>
    </entry>
    <entry id="299" name="ko:K10977" type="ortholog" reaction="rn:R08332"
        link="http://www.kegg.jp/dbget-bin/www_bget?K10977">
        <graphics name="K10977" fgcolor="#000000" bgcolor="#FFFFFF"
             type="line" coords="144,871,144,901"/>
    </entry>
    <entry id="300" name="cpd:C16598" type="compound"
        link="http://www.kegg.jp/dbget-bin/www_bget?C16598">
        <graphics name="C16598" fgcolor="#000000" bgcolor="#FFFFFF"
             type="circle" x="144" y="909" width="8" height="8"/>
    </entry>
    <entry id="301" name="ko:K16792 ko:K16793" type="ortholog" reaction="rn:R10394"
        link="http://www.kegg.jp/dbget-bin/www_bget?K16792+K16793">
        <graphics name="K16792..." fgcolor="#000000" bgcolor="#FFFFFF"
             type="line" coords="139,916,139,990"/>
    </entry>
    <entry id="302" name="ko:K16792 ko:K16793" type="ortholog" reaction="rn:R10395"
        link="http://www.kegg.jp/dbget-bin/www_bget?K16792+K16793">
        <graphics name="K16792..." fgcolor="#000000" bgcolor="#FFFFFF"
             type="line" coords="149,916,149,946"/>
    </entry>
    <entry id="303" name="ko:K16792 ko:K16793" type="ortholog" reaction="rn:R10396"
        link="http://www.kegg.jp/dbget-bin/www_bget?K16792+K16793">
        <graphics name="K16792..." fgcolor="#000000" bgcolor="#FFFFFF"
             type="line" coords="149,960,149,990"/>
    </entry>
    <entry id="304" name="cpd:C20582" type="compound"
        link="http://www.kegg.jp/dbget-bin/www_bget?C20582">
        <graphics name="C20582" fgcolor="#000000" bgcolor="#FFFFFF"
             type="circle" x="149" y="953" width="8" height="8"/>
    </entry>
    <entry id="305" name="cpd:C16600" type="compound"
        link="http://www.kegg.jp/dbget-bin/www_bget?C16600">
        <graphics name="C16600" fgcolor="#000000" bgcolor="#FFFFFF"
             type="circle" x="144" y="997" width="8" height="8"/>
    </entry>
    <entry id="306" name="ko:K10978" type="ortholog" reaction="rn:R08215"
        link="http://www.kegg.jp/dbget-bin/www_bget?K10978">
        <graphics name="K10978" fgcolor="#000000" bgcolor="#FFFFFF"
             type="line" coords="144,1004,144,1078"/>
    </entry>
    <entry id="307" name="cpd:C16589" type="compound"
        link="http://www.kegg.jp/dbget-bin/www_bget?C16589">
        <graphics name="C16589" fgcolor="#000000" bgcolor="#FFFFFF"
             type="circle" x="144" y="1085" width="8" height="8"/>
    </entry>
    <entry id="308" name="path:hsa00260" type="map"
        link="http://www.kegg.jp/dbget-bin/www_bget?hsa00260">
        <graphics name="Glycine, serine and threonine metabolism" fgcolor="#000000" bgcolor="#FFFFFF"
             type="roundrectangle" x="401" y="240" width="217" height="25"/>
    </entry>
    <entry id="309" name="path:hsa00220" type="map"
        link="http://www.kegg.jp/dbget-bin/www_bget?hsa00220">
        <graphics name="Arginine biosynthesis" fgcolor="#000000" bgcolor="#FFFFFF"
             type="roundrectangle" x="379" y="375" width="125" height="25"/>
    </entry>
    <entry id="310" name="path:hsa00300" type="map"
        link="http://www.kegg.jp/dbget-bin/www_bget?hsa00300">
        <graphics name="Lysine biosynthesis" fgcolor="#000000" bgcolor="#FFFFFF"
             type="roundrectangle" x="328" y="568" width="116" height="25"/>
    </entry>
    <entry id="311" name="path:map00680" type="map"
        link="http://www.kegg.jp/dbget-bin/www_bget?map00680">
        <graphics name="Methane metabolism" fgcolor="#000000" bgcolor="#FFFFFF"
             type="roundrectangle" x="229" y="837" width="85" height="34"/>
    </entry>
    <entry id="312" name="path:hsa00020" type="map"
        link="http://www.kegg.jp/dbget-bin/www_bget?hsa00020">
        <graphics name="Citrate cycle (TCA cycle)" fgcolor="#000000" bgcolor="#FFFFFF"
             type="roundrectangle" x="229" y="338" width="85" height="34"/>
    </entry>
    <entry id="313" name="path:hsa00290" type="map"
        link="http://www.kegg.jp/dbget-bin/www_bget?hsa00290">
        <graphics name="Valine, leucine and isoleucine biosynthesis" fgcolor="#000000" bgcolor="#FFFFFF"
             type="roundrectangle" x="827" y="526" width="134" height="34"/>
    </entry>
    <entry id="314" name="path:map00966" type="map"
        link="http://www.kegg.jp/dbget-bin/www_bget?map00966">
        <graphics name="Glucosinolate biosynthesis" fgcolor="#000000" bgcolor="#FFFFFF"
             type="roundrectangle" x="1279" y="647" width="154" height="25"/>
    </entry>
    <entry id="315" name="cpd:C17211" type="compound"
        link="http://www.kegg.jp/dbget-bin/www_bget?C17211">
        <graphics name="C17211" fgcolor="#000000" bgcolor="#FFFFFF"
             type="circle" x="1031" y="692" width="8" height="8"/>
    </entry>
    <entry id="316" name="cpd:C01179" type="compound"
        link="http://www.kegg.jp/dbget-bin/www_bget?C01179">
        <graphics name="C01179" fgcolor="#000000" bgcolor="#FFFFFF"
             type="circle" x="1031" y="1600" width="8" height="8"/>
    </entry>
    <entry id="321" name="cpd:C20653" type="compound"
        link="http://www.kegg.jp/dbget-bin/www_bget?C20653">
        <graphics name="C20653" fgcolor="#000000" bgcolor="#FFFFFF"
             type="circle" x="1031" y="1433" width="8" height="8"/>
    </entry>
    <entry id="322" name="cpd:C20654" type="compound"
        link="http://www.kegg.jp/dbget-bin/www_bget?C20654">
        <graphics name="C20654" fgcolor="#000000" bgcolor="#FFFFFF"
             type="circle" x="1031" y="1474" width="8" height="8"/>
    </entry>
    <entry id="323" name="ko:K05828" type="ortholog" reaction="rn:R10930"
        link="http://www.kegg.jp/dbget-bin/www_bget?K05828">
        <graphics name="K05828" fgcolor="#000000" bgcolor="#FFFFFF"
             type="line" coords="277,431,327,431"/>
    </entry>
    <entry id="324" name="ko:K19412" type="ortholog" reaction="rn:R10929"
        link="http://www.kegg.jp/dbget-bin/www_bget?K19412">
        <graphics name="K19412" fgcolor="#000000" bgcolor="#FFFFFF"
             type="line" coords="215,430,265,430"/>
    </entry>
    <entry id="325" name="cpd:C20948" type="compound"
        link="http://www.kegg.jp/dbget-bin/www_bget?C20948">
        <graphics name="C20948" fgcolor="#000000" bgcolor="#FFFFFF"
             type="circle" x="272" y="431" width="8" height="8"/>
    </entry>
    <entry id="326" name="ko:K05829" type="ortholog" reaction="rn:R10931"
        link="http://www.kegg.jp/dbget-bin/www_bget?K05829">
        <graphics name="K05829" fgcolor="#000000" bgcolor="#FFFFFF"
             type="line" coords="339,431,389,431"/>
    </entry>
    <entry id="327" name="ko:K05830" type="ortholog" reaction="rn:R10932"
        link="http://www.kegg.jp/dbget-bin/www_bget?K05830">
        <graphics name="K05830" fgcolor="#000000" bgcolor="#FFFFFF"
             type="line" coords="401,431,451,431"/>
    </entry>
    <entry id="328" name="ko:K05831" type="ortholog" reaction="rn:R10933"
        link="http://www.kegg.jp/dbget-bin/www_bget?K05831">
        <graphics name="K05831" fgcolor="#000000" bgcolor="#FFFFFF"
             type="line" coords="463,431,513,431"/>
    </entry>
    <entry id="329" name="cpd:C20951" type="compound"
        link="http://www.kegg.jp/dbget-bin/www_bget?C20951">
        <graphics name="C20951" fgcolor="#000000" bgcolor="#FFFFFF"
             type="circle" x="458" y="431" width="8" height="8"/>
    </entry>
    <entry id="330" name="cpd:C20949" type="compound"
        link="http://www.kegg.jp/dbget-bin/www_bget?C20949">
        <graphics name="C20949" fgcolor="#000000" bgcolor="#FFFFFF"
             type="circle" x="334" y="431" width="8" height="8"/>
    </entry>
    <entry id="331" name="cpd:C20950" type="compound"
        link="http://www.kegg.jp/dbget-bin/www_bget?C20950">
        <graphics name="C20950" fgcolor="#000000" bgcolor="#FFFFFF"
             type="circle" x="396" y="431" width="8" height="8"/>
    </entry>
    <reaction id="21" name="rn:R00355" type="reversible">
        <substrate id="12" name="cpd:C00036"/>
        <product id="13" name="cpd:C00049"/>
    </reaction>
    <reaction id="23" name="rn:R00351" type="irreversible">
        <substrate id="12" name="cpd:C00036"/>
        <product id="122" name="cpd:C00158"/>
    </reaction>
    <reaction id="25" name="rn:R00355 rn:R00258" type="reversible">
        <substrate id="15" name="cpd:C00026"/>
        <product id="17" name="cpd:C00025"/>
    </reaction>
    <reaction id="26" name="rn:R00259" type="irreversible">
        <substrate id="17" name="cpd:C00025"/>
        <product id="41" name="cpd:C00624"/>
    </reaction>
    <reaction id="27" name="rn:R01939" type="reversible">
        <substrate id="16" name="cpd:C00322"/>
        <product id="19" name="cpd:C00956"/>
    </reaction>
    <reaction id="29" name="rn:R01325" type="irreversible">
        <substrate id="122" name="cpd:C00158"/>
        <product id="123" name="cpd:C00417"/>
    </reaction>
    <reaction id="30" name="rn:R01900" type="irreversible">
        <substrate id="123" name="cpd:C00417"/>
        <product id="124" name="cpd:C00311"/>
    </reaction>
    <reaction id="31" name="rn:R01899" type="irreversible">
        <substrate id="124" name="cpd:C00311"/>
        <product id="125" name="cpd:C05379"/>
    </reaction>
    <reaction id="32" name="rn:R00268" type="irreversible">
        <substrate id="125" name="cpd:C05379"/>
        <product id="15" name="cpd:C00026"/>
    </reaction>
    <reaction id="33" name="rn:R01324" type="irreversible">
        <substrate id="122" name="cpd:C00158"/>
        <product id="124" name="cpd:C00311"/>
    </reaction>
    <reaction id="34" name="rn:R00709 rn:R00267" type="irreversible">
        <substrate id="124" name="cpd:C00311"/>
        <product id="15" name="cpd:C00026"/>
    </reaction>
    <reaction id="40" name="rn:R00669 rn:R02282" type="irreversible">
        <substrate id="42" name="cpd:C00437"/>
        <product id="18" name="cpd:C00077"/>
    </reaction>
    <reaction id="71" name="rn:R01214" type="reversible">
        <substrate id="53" name="cpd:C00141"/>
        <product id="54" name="cpd:C00183"/>
    </reaction>
    <reaction id="76" name="rn:R01090" type="reversible">
        <substrate id="55" name="cpd:C00233"/>
        <product id="56" name="cpd:C00123"/>
    </reaction>
    <reaction id="77" name="rn:R02199" type="reversible">
        <substrate id="58" name="cpd:C00671"/>
        <product id="59" name="cpd:C00407"/>
    </reaction>
</pathway>
