<?xml version="1.0"?>
<!DOCTYPE pathway SYSTEM "http://www.kegg.jp/kegg/xml/KGML_v0.7.1_.dtd">
<!-- Creation date: Jan 16, 2015 15:50:16 +0900 (GMT+09:00) -->
<pathway name="path:hsa05203" org="hsa" number="05203"
         title="Viral carcinogenesis"
         image="http://www.kegg.jp/kegg/pathway/hsa/hsa05203.png"
         link="http://www.kegg.jp/kegg-bin/show_pathway?hsa05203">
    <entry id="1" name="path:hsa05203" type="map"
        link="http://www.kegg.jp/dbget-bin/www_bget?hsa05203">
        <graphics name="TITLE:Viral carcinogenesis" fgcolor="#000000" bgcolor="#FFFFFF"
             type="roundrectangle" x="143" y="58" width="206" height="25"/>
    </entry>
    <entry id="2" name="path:hsa04115" type="map"
        link="http://www.kegg.jp/dbget-bin/www_bget?hsa04115">
        <graphics name="p53 signaling pathway" fgcolor="#000000" bgcolor="#FFFFFF"
             type="roundrectangle" x="1293" y="353" width="109" height="34"/>
    </entry>
    <entry id="12" name="hsa:7157" type="gene"
        link="http://www.kegg.jp/dbget-bin/www_bget?hsa:7157">
        <graphics name="TP53, BCC7, LFS1, P53, TRP53" fgcolor="#000000" bgcolor="#BFFFBF"
             type="rectangle" x="1194" y="304" width="46" height="17"/>
    </entry>
    <entry id="13" name="hsa:7337" type="gene"
        link="http://www.kegg.jp/dbget-bin/www_bget?hsa:7337">
        <graphics name="UBE3A, ANCR, AS, E6-AP, EPVE6AP, HPVE6A" fgcolor="#000000" bgcolor="#BFFFBF"
             type="rectangle" x="1194" y="287" width="46" height="17"/>
    </entry>
    <entry id="14" name="hsa:1739" type="gene"
        link="http://www.kegg.jp/dbget-bin/www_bget?hsa:1739">
        <graphics name="DLG1, DLGH1, SAP-97, SAP97, dJ1061C18.1.1, hdlg" fgcolor="#000000" bgcolor="#BFFFBF"
             type="rectangle" x="1194" y="386" width="46" height="17"/>
    </entry>
    <entry id="15" name="hsa:23513" type="gene"
        link="http://www.kegg.jp/dbget-bin/www_bget?hsa:23513">
        <graphics name="SCRIB, CRIB1, SCRB1, SCRIB1, Vartul" fgcolor="#000000" bgcolor="#BFFFBF"
             type="rectangle" x="1194" y="412" width="46" height="17"/>
    </entry>
    <entry id="16" name="hsa:5829" type="gene"
        link="http://www.kegg.jp/dbget-bin/www_bget?hsa:5829">
        <graphics name="PXN" fgcolor="#000000" bgcolor="#BFFFBF"
             type="rectangle" x="1194" y="442" width="46" height="17"/>
    </entry>
    <entry id="17" name="hsa:578" type="gene"
        link="http://www.kegg.jp/dbget-bin/www_bget?hsa:578">
        <graphics name="BAK1, BAK, BAK-LIKE, BCL2L7, CDN1" fgcolor="#000000" bgcolor="#BFFFBF"
             type="rectangle" x="1194" y="469" width="46" height="17"/>
    </entry>
    <entry id="18" name="hsa:3661" type="gene"
        link="http://www.kegg.jp/dbget-bin/www_bget?hsa:3661">
        <graphics name="IRF3" fgcolor="#000000" bgcolor="#BFFFBF"
             type="rectangle" x="1194" y="498" width="46" height="17"/>
    </entry>
    <entry id="19" name="hsa:5925" type="gene"
        link="http://www.kegg.jp/dbget-bin/www_bget?hsa:5925">
        <graphics name="RB1, OSRC, PPP1R130, RB, p105-Rb, pRb, pp110" fgcolor="#000000" bgcolor="#BFFFBF"
             type="rectangle" x="1194" y="568" width="46" height="17"/>
    </entry>
    <entry id="20" name="hsa:5933" type="gene"
        link="http://www.kegg.jp/dbget-bin/www_bget?hsa:5933">
        <graphics name="RBL1, CP107, PRB1, p107" fgcolor="#000000" bgcolor="#BFFFBF"
             type="rectangle" x="1194" y="597" width="46" height="17"/>
    </entry>
    <entry id="21" name="hsa:5934" type="gene"
        link="http://www.kegg.jp/dbget-bin/www_bget?hsa:5934">
        <graphics name="RBL2, P130, Rb2" fgcolor="#000000" bgcolor="#BFFFBF"
             type="rectangle" x="1194" y="624" width="46" height="17"/>
    </entry>
    <entry id="22" name="hsa:387332 hsa:6908 hsa:9519" type="gene"
        link="http://www.kegg.jp/dbget-bin/www_bget?hsa:387332+hsa:6908+hsa:9519">
        <graphics name="TBPL2, TBP2, TRF3..." fgcolor="#000000" bgcolor="#BFFFBF"
             type="rectangle" x="1194" y="838" width="46" height="17"/>
    </entry>
    <entry id="23" name="hsa:5700" type="gene"
        link="http://www.kegg.jp/dbget-bin/www_bget?hsa:5700">
        <graphics name="PSMC1, P26S4, S4, p56" fgcolor="#000000" bgcolor="#BFFFBF"
             type="rectangle" x="1194" y="528" width="46" height="17"/>
    </entry>
    <entry id="24" name="hsa:1108" type="gene"
        link="http://www.kegg.jp/dbget-bin/www_bget?hsa:1108">
        <graphics name="CHD4, CHD-4, Mi-2b, Mi2-BETA" fgcolor="#000000" bgcolor="#BFFFBF"
             type="rectangle" x="1194" y="897" width="46" height="17"/>
    </entry>
    <entry id="25" name="hsa:3725" type="gene"
        link="http://www.kegg.jp/dbget-bin/www_bget?hsa:3725">
        <graphics name="JUN, AP-1, AP1, c-Jun" fgcolor="#000000" bgcolor="#BFFFBF"
             type="rectangle" x="1194" y="867" width="46" height="17"/>
    </entry>
    <entry id="26" name="hsa:10379" type="gene"
        link="http://www.kegg.jp/dbget-bin/www_bget?hsa:10379">
        <graphics name="IRF9, IRF-9, ISGF3, ISGF3G, p48" fgcolor="#000000" bgcolor="#BFFFBF"
             type="rectangle" x="1194" y="971" width="46" height="17"/>
    </entry>
    <entry id="27" name="path:hsa04110" type="map"
        link="http://www.kegg.jp/dbget-bin/www_bget?hsa04110">
        <graphics name="Cell cycle" fgcolor="#000000" bgcolor="#FFFFFF"
             type="roundrectangle" x="1293" y="757" width="109" height="25"/>
    </entry>
    <entry id="50" name="hsa:7157" type="gene"
        link="http://www.kegg.jp/dbget-bin/www_bget?hsa:7157">
        <graphics name="TP53, BCC7, LFS1, P53, TRP53" fgcolor="#000000" bgcolor="#BFFFBF"
             type="rectangle" x="1859" y="269" width="46" height="17"/>
    </entry>
    <entry id="51" name="hsa:7157" type="gene"
        link="http://www.kegg.jp/dbget-bin/www_bget?hsa:7157">
        <graphics name="TP53, BCC7, LFS1, P53, TRP53" fgcolor="#000000" bgcolor="#BFFFBF"
             type="rectangle" x="1859" y="345" width="46" height="17"/>
    </entry>
    <entry id="52" name="hsa:836 hsa:841" type="gene"
        link="http://www.kegg.jp/dbget-bin/www_bget?hsa:836+hsa:841">
        <graphics name="CASP3, CPP32, CPP32B, SCA-1..." fgcolor="#000000" bgcolor="#BFFFBF"
             type="rectangle" x="1859" y="583" width="46" height="17"/>
    </entry>
    <entry id="53" name="hsa:8517" type="gene"
        link="http://www.kegg.jp/dbget-bin/www_bget?hsa:8517">
        <graphics name="IKBKG, AMCBX1, FIP-3, FIP3, Fip3p, IKK-gamma, IMD33, IP, IP1, IP2, IPD2, NEMO, ZC2HC9" fgcolor="#000000" bgcolor="#BFFFBF"
             type="rectangle" x="1859" y="556" width="46" height="17"/>
    </entry>
    <entry id="54" name="hsa:581" type="gene"
        link="http://www.kegg.jp/dbget-bin/www_bget?hsa:581">
        <graphics name="BAX, BCL2L4" fgcolor="#000000" bgcolor="#BFFFBF"
             type="rectangle" x="1859" y="697" width="46" height="17"/>
    </entry>
    <entry id="55" name="hsa:572" type="gene"
        link="http://www.kegg.jp/dbget-bin/www_bget?hsa:572">
        <graphics name="BAD, BBC2, BCL2L8" fgcolor="#000000" bgcolor="#BFFFBF"
             type="rectangle" x="1859" y="720" width="46" height="17"/>
    </entry>
    <entry id="56" name="hsa:5366" type="gene"
        link="http://www.kegg.jp/dbget-bin/www_bget?hsa:5366">
        <graphics name="PMAIP1, APR, NOXA" fgcolor="#000000" bgcolor="#BFFFBF"
             type="rectangle" x="1859" y="742" width="46" height="17"/>
    </entry>
    <entry id="57" name="path:hsa04210" type="map"
        link="http://www.kegg.jp/dbget-bin/www_bget?hsa04210">
        <graphics name="Apoptosis" fgcolor="#000000" bgcolor="#FFFFFF"
             type="roundrectangle" x="1957" y="745" width="109" height="25"/>
    </entry>
    <entry id="58" name="hsa:7157" type="gene"
        link="http://www.kegg.jp/dbget-bin/www_bget?hsa:7157">
        <graphics name="TP53, BCC7, LFS1, P53, TRP53" fgcolor="#000000" bgcolor="#BFFFBF"
             type="rectangle" x="1859" y="610" width="46" height="17"/>
    </entry>
    <entry id="59" name="hsa:5925" type="gene"
        link="http://www.kegg.jp/dbget-bin/www_bget?hsa:5925">
        <graphics name="RB1, OSRC, PPP1R130, RB, p105-Rb, pRb, pp110" fgcolor="#000000" bgcolor="#BFFFBF"
             type="rectangle" x="1859" y="640" width="46" height="17"/>
    </entry>
    <entry id="60" name="hsa:7185 hsa:7186 hsa:7187 hsa:7188" type="gene"
        link="http://www.kegg.jp/dbget-bin/www_bget?hsa:7185+hsa:7186+hsa:7187+hsa:7188">
        <graphics name="TRAF1, EBI6, MGC:10353..." fgcolor="#000000" bgcolor="#BFFFBF"
             type="rectangle" x="1859" y="901" width="46" height="17"/>
    </entry>
    <entry id="61" name="path:hsa04115" type="map"
        link="http://www.kegg.jp/dbget-bin/www_bget?hsa04115">
        <graphics name="p53 signaling pathway" fgcolor="#000000" bgcolor="#FFFFFF"
             type="roundrectangle" x="1957" y="292" width="109" height="34"/>
    </entry>
    <entry id="65" name="hsa:6714" type="gene"
        link="http://www.kegg.jp/dbget-bin/www_bget?hsa:6714">
        <graphics name="SRC, ASV, SRC1, c-SRC, p60-Src" fgcolor="#000000" bgcolor="#BFFFBF"
             type="rectangle" x="207" y="221" width="46" height="17"/>
    </entry>
    <entry id="66" name="hsa:1642" type="gene"
        link="http://www.kegg.jp/dbget-bin/www_bget?hsa:1642">
        <graphics name="DDB1, DDBA, UV-DDB1, XAP1, XPCE, XPE, XPE-BF" fgcolor="#000000" bgcolor="#BFFFBF"
             type="rectangle" x="207" y="352" width="46" height="17"/>
    </entry>
    <entry id="67" name="hsa:5594 hsa:5595" type="gene"
        link="http://www.kegg.jp/dbget-bin/www_bget?hsa:5594+hsa:5595">
        <graphics name="MAPK1, ERK, ERK-2, ERK2, ERT1, MAPK2, P42MAPK, PRKM1, PRKM2, p38, p40, p41, p41mapk, p42-MAPK..." fgcolor="#000000" bgcolor="#BFFFBF"
             type="rectangle" x="207" y="274" width="46" height="17"/>
    </entry>
    <entry id="68" name="hsa:10488 hsa:1385 hsa:1386 hsa:1388 hsa:148327 hsa:468 hsa:64764 hsa:84699 hsa:90993 hsa:9586" type="gene"
        link="http://www.kegg.jp/dbget-bin/www_bget?hsa:10488+hsa:1385+hsa:1386+hsa:1388+hsa:148327+hsa:468+hsa:64764+hsa:84699+hsa:90993+hsa:9586">
        <graphics name="CREB3, LUMAN, LZIP, sLZIP..." fgcolor="#000000" bgcolor="#BFFFBF"
             type="rectangle" x="207" y="303" width="46" height="17"/>
    </entry>
    <entry id="69" name="hsa:3716" type="gene"
        link="http://www.kegg.jp/dbget-bin/www_bget?hsa:3716">
        <graphics name="JAK1, JAK1A, JAK1B, JTK3" fgcolor="#000000" bgcolor="#BFFFBF"
             type="rectangle" x="207" y="426" width="46" height="17"/>
    </entry>
    <entry id="70" name="hsa:6774 hsa:6776 hsa:6777" type="gene"
        link="http://www.kegg.jp/dbget-bin/www_bget?hsa:6774+hsa:6776+hsa:6777">
        <graphics name="STAT3, ADMIO, APRF, HIES..." fgcolor="#000000" bgcolor="#BFFFBF"
             type="rectangle" x="207" y="462" width="46" height="17"/>
    </entry>
    <entry id="71" name="hsa:23533 hsa:5290 hsa:5291 hsa:5293 hsa:5294 hsa:5295 hsa:5296 hsa:8503" type="gene"
        link="http://www.kegg.jp/dbget-bin/www_bget?hsa:23533+hsa:5290+hsa:5291+hsa:5293+hsa:5294+hsa:5295+hsa:5296+hsa:8503">
        <graphics name="PIK3R5, F730038I15Rik, FOAP-2, P101-PI3K, p101..." fgcolor="#000000" bgcolor="#BFFFBF"
             type="rectangle" x="207" y="645" width="46" height="17"/>
    </entry>
    <entry id="72" name="hsa:4790 hsa:4791 hsa:5966 hsa:5970" type="gene"
        link="http://www.kegg.jp/dbget-bin/www_bget?hsa:4790+hsa:4791+hsa:5966+hsa:5970">
        <graphics name="NFKB1, EBP-1, KBF1, NF-kB1, NF-kappa-B, NF-kappaB, NFKB-p105, NFKB-p50, NFkappaB, p105, p50..." fgcolor="#000000" bgcolor="#BFFFBF"
             type="rectangle" x="207" y="685" width="46" height="17"/>
    </entry>
    <entry id="73" name="hsa:1959 hsa:1960" type="gene"
        link="http://www.kegg.jp/dbget-bin/www_bget?hsa:1959+hsa:1960">
        <graphics name="EGR2, AT591, CMT1D, CMT4E, KROX20..." fgcolor="#000000" bgcolor="#BFFFBF"
             type="rectangle" x="207" y="921" width="46" height="17"/>
    </entry>
    <entry id="76" name="hsa:7157" type="gene"
        link="http://www.kegg.jp/dbget-bin/www_bget?hsa:7157">
        <graphics name="TP53, BCC7, LFS1, P53, TRP53" fgcolor="#000000" bgcolor="#BFFFBF"
             type="rectangle" x="207" y="761" width="46" height="17"/>
    </entry>
    <entry id="78" name="hsa:1017" type="gene"
        link="http://www.kegg.jp/dbget-bin/www_bget?hsa:1017">
        <graphics name="CDK2, CDKN2, p33(CDK2)" fgcolor="#000000" bgcolor="#BFFFBF"
             type="rectangle" x="207" y="858" width="46" height="17"/>
    </entry>
    <entry id="83" name="hsa:1019 hsa:1021" type="gene"
        link="http://www.kegg.jp/dbget-bin/www_bget?hsa:1019+hsa:1021">
        <graphics name="CDK4, CMM3, PSK-J3..." fgcolor="#000000" bgcolor="#BFFFBF"
             type="rectangle" x="1532" y="677" width="46" height="17"/>
    </entry>
    <entry id="84" name="hsa:1029 hsa:1030" type="gene"
        link="http://www.kegg.jp/dbget-bin/www_bget?hsa:1029+hsa:1030">
        <graphics name="CDKN2A, ARF, CDK4I, CDKN2, CMM2, INK4, INK4A, MLM, MTS-1, MTS1, P14, P14ARF, P16, P16-INK4A, P16INK4, P16INK4A, P19, P19ARF, TP16..." fgcolor="#000000" bgcolor="#BFFFBF"
             type="rectangle" x="1532" y="721" width="46" height="17"/>
    </entry>
    <entry id="85" name="hsa:5925" type="gene"
        link="http://www.kegg.jp/dbget-bin/www_bget?hsa:5925">
        <graphics name="RB1, OSRC, PPP1R130, RB, p105-Rb, pRb, pp110" fgcolor="#000000" bgcolor="#BFFFBF"
             type="rectangle" x="1532" y="747" width="46" height="17"/>
    </entry>
    <entry id="86" name="hsa:1739" type="gene"
        link="http://www.kegg.jp/dbget-bin/www_bget?hsa:1739">
        <graphics name="DLG1, DLGH1, SAP-97, SAP97, dJ1061C18.1.1, hdlg" fgcolor="#000000" bgcolor="#BFFFBF"
             type="rectangle" x="1532" y="772" width="46" height="17"/>
    </entry>
    <entry id="87" name="hsa:5423" type="gene"
        link="http://www.kegg.jp/dbget-bin/www_bget?hsa:5423">
        <graphics name="POLB" fgcolor="#000000" bgcolor="#BFFFBF"
             type="rectangle" x="1532" y="939" width="46" height="17"/>
    </entry>
    <entry id="88" name="hsa:7157" type="gene"
        link="http://www.kegg.jp/dbget-bin/www_bget?hsa:7157">
        <graphics name="TP53, BCC7, LFS1, P53, TRP53" fgcolor="#000000" bgcolor="#BFFFBF"
             type="rectangle" x="1532" y="965" width="46" height="17"/>
    </entry>
    <entry id="89" name="hsa:8379" type="gene"
        link="http://www.kegg.jp/dbget-bin/www_bget?hsa:8379">
        <graphics name="MAD1L1, MAD1, PIG9, TP53I9, TXBP181" fgcolor="#000000" bgcolor="#BFFFBF"
             type="rectangle" x="1532" y="859" width="46" height="17"/>
    </entry>
    <entry id="90" name="hsa:55697" type="gene"
        link="http://www.kegg.jp/dbget-bin/www_bget?hsa:55697">
        <graphics name="VAC14, ArPIKfyve, TAX1BP2, TRX" fgcolor="#000000" bgcolor="#BFFFBF"
             type="rectangle" x="1532" y="884" width="46" height="17"/>
    </entry>
    <entry id="91" name="hsa:5902" type="gene"
        link="http://www.kegg.jp/dbget-bin/www_bget?hsa:5902">
        <graphics name="RANBP1, HTF9A" fgcolor="#000000" bgcolor="#BFFFBF"
             type="rectangle" x="1532" y="909" width="46" height="17"/>
    </entry>
    <entry id="92" name="hsa:2648 hsa:8850" type="gene"
        link="http://www.kegg.jp/dbget-bin/www_bget?hsa:2648+hsa:8850">
        <graphics name="KAT2A, GCN5, GCN5L2, PCAF-b, hGCN5..." fgcolor="#000000" bgcolor="#BFFFBF"
             type="rectangle" x="1532" y="212" width="46" height="17"/>
    </entry>
    <entry id="93" name="hsa:10488 hsa:1385 hsa:1386 hsa:1388 hsa:148327 hsa:468 hsa:64764 hsa:84699 hsa:90993 hsa:9586" type="gene"
        link="http://www.kegg.jp/dbget-bin/www_bget?hsa:10488+hsa:1385+hsa:1386+hsa:1388+hsa:148327+hsa:468+hsa:64764+hsa:84699+hsa:90993+hsa:9586">
        <graphics name="CREB3, LUMAN, LZIP, sLZIP..." fgcolor="#000000" bgcolor="#BFFFBF"
             type="rectangle" x="1532" y="305" width="46" height="17"/>
    </entry>
    <entry id="94" name="hsa:6722" type="gene"
        link="http://www.kegg.jp/dbget-bin/www_bget?hsa:6722">
        <graphics name="SRF, MCM1" fgcolor="#000000" bgcolor="#BFFFBF"
             type="rectangle" x="1532" y="328" width="46" height="17"/>
    </entry>
    <entry id="95" name="hsa:23533 hsa:5290 hsa:5291 hsa:5293 hsa:5294 hsa:5295 hsa:5296 hsa:8503" type="gene"
        link="http://www.kegg.jp/dbget-bin/www_bget?hsa:23533+hsa:5290+hsa:5291+hsa:5293+hsa:5294+hsa:5295+hsa:5296+hsa:8503">
        <graphics name="PIK3R5, F730038I15Rik, FOAP-2, P101-PI3K, p101..." fgcolor="#000000" bgcolor="#BFFFBF"
             type="rectangle" x="1532" y="616" width="46" height="17"/>
    </entry>
    <entry id="97" name="hsa:8517" type="gene"
        link="http://www.kegg.jp/dbget-bin/www_bget?hsa:8517">
        <graphics name="IKBKG, AMCBX1, FIP-3, FIP3, Fip3p, IKK-gamma, IMD33, IP, IP1, IP2, IPD2, NEMO, ZC2HC9" fgcolor="#000000" bgcolor="#BFFFBF"
             type="rectangle" x="1532" y="367" width="46" height="17"/>
    </entry>
    <entry id="98" name="path:hsa04110" type="map"
        link="http://www.kegg.jp/dbget-bin/www_bget?hsa04110">
        <graphics name="Cell cycle" fgcolor="#000000" bgcolor="#FFFFFF"
             type="roundrectangle" x="1632" y="761" width="109" height="25"/>
    </entry>
    <entry id="99" name="path:hsa04115" type="map"
        link="http://www.kegg.jp/dbget-bin/www_bget?hsa04115">
        <graphics name="p53 signaling pathway" fgcolor="#000000" bgcolor="#FFFFFF"
             type="roundrectangle" x="1633" y="979" width="109" height="34"/>
    </entry>
    <entry id="100" name="path:hsa05166" type="map"
        link="http://www.kegg.jp/dbget-bin/www_bget?hsa05166">
        <graphics name="HTLV-I infection" fgcolor="#000000" bgcolor="#FFFFFF"
             type="roundrectangle" x="1487" y="136" width="109" height="25"/>
    </entry>
    <entry id="101" name="path:hsa05169" type="map"
        link="http://www.kegg.jp/dbget-bin/www_bget?hsa05169">
        <graphics name="Epstein-Barr virus infection" fgcolor="#000000" bgcolor="#FFFFFF"
             type="roundrectangle" x="827" y="153" width="109" height="34"/>
    </entry>
    <entry id="102" name="hsa:8717" type="gene"
        link="http://www.kegg.jp/dbget-bin/www_bget?hsa:8717">
        <graphics name="TRADD, Hs.89862" fgcolor="#000000" bgcolor="#BFFFBF"
             type="rectangle" x="868" y="754" width="46" height="17"/>
    </entry>
    <entry id="103" name="hsa:7185 hsa:7186 hsa:7187 hsa:7188" type="gene"
        link="http://www.kegg.jp/dbget-bin/www_bget?hsa:7185+hsa:7186+hsa:7187+hsa:7188">
        <graphics name="TRAF1, EBI6, MGC:10353..." fgcolor="#000000" bgcolor="#BFFFBF"
             type="rectangle" x="868" y="782" width="46" height="17"/>
    </entry>
    <entry id="104" name="hsa:4067" type="gene"
        link="http://www.kegg.jp/dbget-bin/www_bget?hsa:4067">
        <graphics name="LYN, JTK8, p53Lyn, p56Lyn" fgcolor="#000000" bgcolor="#BFFFBF"
             type="rectangle" x="868" y="914" width="46" height="17"/>
    </entry>
    <entry id="105" name="hsa:6850" type="gene"
        link="http://www.kegg.jp/dbget-bin/www_bget?hsa:6850">
        <graphics name="SYK, p72-Syk" fgcolor="#000000" bgcolor="#BFFFBF"
             type="rectangle" x="868" y="942" width="46" height="17"/>
    </entry>
    <entry id="106" name="path:hsa04662" type="map"
        link="http://www.kegg.jp/dbget-bin/www_bget?hsa04662">
        <graphics name="B cell receptor signaling pathway" fgcolor="#000000" bgcolor="#FFFFFF"
             type="roundrectangle" x="973" y="958" width="109" height="34"/>
    </entry>
    <entry id="107" name="hsa:3718" type="gene"
        link="http://www.kegg.jp/dbget-bin/www_bget?hsa:3718">
        <graphics name="JAK3, JAK-3, JAK3_HUMAN, JAKL, L-JAK, LJAK" fgcolor="#000000" bgcolor="#BFFFBF"
             type="rectangle" x="868" y="848" width="46" height="17"/>
    </entry>
    <entry id="108" name="path:hsa04630" type="map"
        link="http://www.kegg.jp/dbget-bin/www_bget?hsa04630">
        <graphics name="Jak-STAT signaling pathway" fgcolor="#000000" bgcolor="#FFFFFF"
             type="roundrectangle" x="973" y="869" width="109" height="34"/>
    </entry>
    <entry id="109" name="path:hsa04064" type="map"
        link="http://www.kegg.jp/dbget-bin/www_bget?hsa04064">
        <graphics name="NF-kappa B signaling pathway" fgcolor="#000000" bgcolor="#FFFFFF"
             type="roundrectangle" x="973" y="813" width="109" height="34"/>
    </entry>
    <entry id="110" name="hsa:7874" type="gene"
        link="http://www.kegg.jp/dbget-bin/www_bget?hsa:7874">
        <graphics name="USP7, HAUSP, TEF1" fgcolor="#000000" bgcolor="#BFFFBF"
             type="rectangle" x="868" y="221" width="46" height="17"/>
    </entry>
    <entry id="111" name="hsa:11317 hsa:3516" type="gene"
        link="http://www.kegg.jp/dbget-bin/www_bget?hsa:11317+hsa:3516">
        <graphics name="RBPJL, RBPL, RBPSUHL, SUHL..." fgcolor="#000000" bgcolor="#BFFFBF"
             type="rectangle" x="868" y="491" width="46" height="17"/>
    </entry>
    <entry id="114" name="hsa:7157" type="gene"
        link="http://www.kegg.jp/dbget-bin/www_bget?hsa:7157">
        <graphics name="TP53, BCC7, LFS1, P53, TRP53" fgcolor="#000000" bgcolor="#BFFFBF"
             type="rectangle" x="868" y="538" width="46" height="17"/>
    </entry>
    <entry id="115" name="hsa:595 hsa:894 hsa:896" type="gene"
        link="http://www.kegg.jp/dbget-bin/www_bget?hsa:595+hsa:894+hsa:896">
        <graphics name="CCND1, BCL1, D11S287E, PRAD1, U21B31..." fgcolor="#000000" bgcolor="#BFFFBF"
             type="rectangle" x="868" y="578" width="46" height="17"/>
    </entry>
    <entry id="116" name="hsa:1021" type="gene"
        link="http://www.kegg.jp/dbget-bin/www_bget?hsa:1021">
        <graphics name="CDK6, MCPH12, PLSTIRE" fgcolor="#000000" bgcolor="#BFFFBF"
             type="rectangle" x="868" y="595" width="46" height="17"/>
    </entry>
    <entry id="117" name="hsa:890 hsa:8900" type="gene"
        link="http://www.kegg.jp/dbget-bin/www_bget?hsa:890+hsa:8900">
        <graphics name="CCNA2, CCN1, CCNA..." fgcolor="#000000" bgcolor="#BFFFBF"
             type="rectangle" x="868" y="624" width="46" height="17"/>
    </entry>
    <entry id="118" name="hsa:1017" type="gene"
        link="http://www.kegg.jp/dbget-bin/www_bget?hsa:1017">
        <graphics name="CDK2, CDKN2, p33(CDK2)" fgcolor="#000000" bgcolor="#BFFFBF"
             type="rectangle" x="868" y="641" width="46" height="17"/>
    </entry>
    <entry id="119" name="path:hsa04115" type="map"
        link="http://www.kegg.jp/dbget-bin/www_bget?hsa04115">
        <graphics name="p53 signaling pathway" fgcolor="#000000" bgcolor="#FFFFFF"
             type="roundrectangle" x="973" y="301" width="109" height="34"/>
    </entry>
    <entry id="120" name="hsa:4193" type="gene"
        link="http://www.kegg.jp/dbget-bin/www_bget?hsa:4193">
        <graphics name="MDM2, ACTFS, HDMX, hdm2" fgcolor="#000000" bgcolor="#BFFFBF"
             type="rectangle" x="868" y="288" width="46" height="17"/>
    </entry>
    <entry id="121" name="hsa:28973" type="gene"
        link="http://www.kegg.jp/dbget-bin/www_bget?hsa:28973">
        <graphics name="MRPS18B, C6orf14, HSPC183, HumanS18a, MRP-S18-2, MRPS18-2, PTD017, S18amt" fgcolor="#000000" bgcolor="#BFFFBF"
             type="rectangle" x="868" y="701" width="46" height="17"/>
    </entry>
    <entry id="122" name="path:hsa04110" type="map"
        link="http://www.kegg.jp/dbget-bin/www_bget?hsa04110">
        <graphics name="Cell cycle" fgcolor="#000000" bgcolor="#FFFFFF"
             type="roundrectangle" x="973" y="677" width="109" height="25"/>
    </entry>
    <entry id="123" name="hsa:898 hsa:9134" type="gene"
        link="http://www.kegg.jp/dbget-bin/www_bget?hsa:898+hsa:9134">
        <graphics name="CCNE1, CCNE, pCCNE1..." fgcolor="#000000" bgcolor="#BFFFBF"
             type="rectangle" x="1194" y="707" width="46" height="17"/>
    </entry>
    <entry id="124" name="hsa:1017" type="gene"
        link="http://www.kegg.jp/dbget-bin/www_bget?hsa:1017">
        <graphics name="CDK2, CDKN2, p33(CDK2)" fgcolor="#000000" bgcolor="#BFFFBF"
             type="rectangle" x="1194" y="724" width="46" height="17"/>
    </entry>
    <entry id="125" name="hsa:890 hsa:8900" type="gene"
        link="http://www.kegg.jp/dbget-bin/www_bget?hsa:890+hsa:8900">
        <graphics name="CCNA2, CCN1, CCNA..." fgcolor="#000000" bgcolor="#BFFFBF"
             type="rectangle" x="1194" y="750" width="46" height="17"/>
    </entry>
    <entry id="126" name="hsa:1017" type="gene"
        link="http://www.kegg.jp/dbget-bin/www_bget?hsa:1017">
        <graphics name="CDK2, CDKN2, p33(CDK2)" fgcolor="#000000" bgcolor="#BFFFBF"
             type="rectangle" x="1194" y="767" width="46" height="17"/>
    </entry>
    <entry id="127" name="hsa:23352" type="gene"
        link="http://www.kegg.jp/dbget-bin/www_bget?hsa:23352">
        <graphics name="UBR4, RBAF600, ZUBR1, p600" fgcolor="#000000" bgcolor="#BFFFBF"
             type="rectangle" x="1194" y="801" width="46" height="17"/>
    </entry>
    <entry id="128" name="hsa:3661" type="gene"
        link="http://www.kegg.jp/dbget-bin/www_bget?hsa:3661">
        <graphics name="IRF3" fgcolor="#000000" bgcolor="#BFFFBF"
             type="rectangle" x="1859" y="225" width="46" height="17"/>
    </entry>
    <entry id="129" name="hsa:1234" type="gene"
        link="http://www.kegg.jp/dbget-bin/www_bget?hsa:1234">
        <graphics name="CCR5, CC-CKR-5, CCCKR5, CCR-5, CD195, CKR-5, CKR5, CMKBR5, IDDM22" fgcolor="#000000" bgcolor="#BFFFBF"
             type="rectangle" x="1859" y="406" width="46" height="17"/>
    </entry>
    <entry id="130" name="hsa:1237" type="gene"
        link="http://www.kegg.jp/dbget-bin/www_bget?hsa:1237">
        <graphics name="CCR8, CC-CKR-8, CCR-8, CDw198, CKRL1, CMKBR8, CMKBRL2, CY6, GPRCY6, TER1" fgcolor="#000000" bgcolor="#BFFFBF"
             type="rectangle" x="1859" y="432" width="46" height="17"/>
    </entry>
    <entry id="131" name="hsa:1232" type="gene"
        link="http://www.kegg.jp/dbget-bin/www_bget?hsa:1232">
        <graphics name="CCR3, CC-CKR-3, CD193, CKR3, CMKBR3" fgcolor="#000000" bgcolor="#BFFFBF"
             type="rectangle" x="1859" y="458" width="46" height="17"/>
    </entry>
    <entry id="132" name="hsa:1233" type="gene"
        link="http://www.kegg.jp/dbget-bin/www_bget?hsa:1233">
        <graphics name="CCR4, CC-CKR-4, CD194, CKR4, CMKBR4, ChemR13, HGCN:14099, K5-5" fgcolor="#000000" bgcolor="#BFFFBF"
             type="rectangle" x="1859" y="480" width="46" height="17"/>
    </entry>
    <entry id="133" name="path:hsa04062" type="map"
        link="http://www.kegg.jp/dbget-bin/www_bget?hsa04062">
        <graphics name="Chemokine signaling pathway" fgcolor="#000000" bgcolor="#FFFFFF"
             type="roundrectangle" x="1957" y="480" width="109" height="34"/>
    </entry>
    <entry id="134" name="path:hsa04630" type="map"
        link="http://www.kegg.jp/dbget-bin/www_bget?hsa04630">
        <graphics name="Jak-STAT signaling pathway" fgcolor="#000000" bgcolor="#FFFFFF"
             type="roundrectangle" x="308" y="474" width="109" height="34"/>
    </entry>
    <entry id="135" name="hsa:3249" type="gene"
        link="http://www.kegg.jp/dbget-bin/www_bget?hsa:3249">
        <graphics name="HPN, TMPRSS1" fgcolor="#000000" bgcolor="#BFFFBF"
             type="rectangle" x="207" y="576" width="46" height="17"/>
    </entry>
    <entry id="136" name="path:hsa04210" type="map"
        link="http://www.kegg.jp/dbget-bin/www_bget?hsa04210">
        <graphics name="Apoptosis" fgcolor="#000000" bgcolor="#FFFFFF"
             type="roundrectangle" x="308" y="545" width="109" height="25"/>
    </entry>
    <entry id="137" name="path:hsa04115" type="map"
        link="http://www.kegg.jp/dbget-bin/www_bget?hsa04115">
        <graphics name="p53 signaling pathway" fgcolor="#000000" bgcolor="#FFFFFF"
             type="roundrectangle" x="309" y="806" width="109" height="34"/>
    </entry>
    <entry id="138" name="hsa:898 hsa:9134" type="gene"
        link="http://www.kegg.jp/dbget-bin/www_bget?hsa:898+hsa:9134">
        <graphics name="CCNE1, CCNE, pCCNE1..." fgcolor="#000000" bgcolor="#BFFFBF"
             type="rectangle" x="207" y="841" width="46" height="17"/>
    </entry>
    <entry id="139" name="path:hsa04110" type="map"
        link="http://www.kegg.jp/dbget-bin/www_bget?hsa04110">
        <graphics name="Cell cycle" fgcolor="#000000" bgcolor="#FFFFFF"
             type="roundrectangle" x="308" y="877" width="109" height="25"/>
    </entry>
    <entry id="140" name="hsa:836" type="gene"
        link="http://www.kegg.jp/dbget-bin/www_bget?hsa:836">
        <graphics name="CASP3, CPP32, CPP32B, SCA-1" fgcolor="#000000" bgcolor="#BFFFBF"
             type="rectangle" x="207" y="515" width="46" height="17"/>
    </entry>
    <entry id="141" name="path:hsa04064" type="map"
        link="http://www.kegg.jp/dbget-bin/www_bget?hsa04064">
        <graphics name="NF-kappa B signaling pathway" fgcolor="#000000" bgcolor="#FFFFFF"
             type="roundrectangle" x="1632" y="429" width="109" height="34"/>
    </entry>
    <entry id="142" name="path:hsa04064" type="map"
        link="http://www.kegg.jp/dbget-bin/www_bget?hsa04064">
        <graphics name="NF-kappa B signaling pathway" fgcolor="#000000" bgcolor="#FFFFFF"
             type="roundrectangle" x="308" y="697" width="109" height="34"/>
    </entry>
    <entry id="143" name="path:hsa04151" type="map"
        link="http://www.kegg.jp/dbget-bin/www_bget?hsa04151">
        <graphics name="PI3K-Akt signaling pathway" fgcolor="#000000" bgcolor="#FFFFFF"
             type="roundrectangle" x="308" y="632" width="109" height="34"/>
    </entry>
    <entry id="144" name="path:hsa04010" type="map"
        link="http://www.kegg.jp/dbget-bin/www_bget?hsa04010">
        <graphics name="MAPK signaling pathway" fgcolor="#000000" bgcolor="#FFFFFF"
             type="roundrectangle" x="308" y="291" width="109" height="34"/>
    </entry>
    <entry id="146" name="hsa:7419" type="gene"
        link="http://www.kegg.jp/dbget-bin/www_bget?hsa:7419">
        <graphics name="VDAC3, HD-VDAC3, VDAC-3" fgcolor="#000000" bgcolor="#BFFFBF"
             type="rectangle" x="207" y="949" width="46" height="17"/>
    </entry>
    <entry id="147" name="path:hsa04064" type="map"
        link="http://www.kegg.jp/dbget-bin/www_bget?hsa04064">
        <graphics name="NF-kappa B signaling pathway" fgcolor="#000000" bgcolor="#FFFFFF"
             type="roundrectangle" x="1957" y="555" width="109" height="34"/>
    </entry>
    <entry id="148" name="hsa:3265 hsa:3845 hsa:4893" type="gene"
        link="http://www.kegg.jp/dbget-bin/www_bget?hsa:3265+hsa:3845+hsa:4893">
        <graphics name="HRAS, C-BAS/HAS, C-H-RAS, C-HA-RAS1, CTLO, H-RASIDX, HAMSV, HRAS1, RASH1, p21ras..." fgcolor="#000000" bgcolor="#BFFFBF"
             type="rectangle" x="207" y="248" width="46" height="17"/>
    </entry>
    <entry id="150" name="hsa:10971 hsa:7529 hsa:7531 hsa:7532 hsa:7533 hsa:7534" type="gene"
        link="http://www.kegg.jp/dbget-bin/www_bget?hsa:10971+hsa:7529+hsa:7531+hsa:7532+hsa:7533+hsa:7534">
        <graphics name="YWHAQ, 14-3-3, 1C5, HS1..." fgcolor="#000000" bgcolor="#BFFFBF"
             type="rectangle" x="207" y="382" width="46" height="17"/>
    </entry>
    <entry id="152" name="hsa:6502" type="gene"
        link="http://www.kegg.jp/dbget-bin/www_bget?hsa:6502">
        <graphics name="SKP2, FBL1, FBXL1, FLB1, p45" fgcolor="#000000" bgcolor="#BFFFBF"
             type="rectangle" x="868" y="668" width="46" height="17"/>
    </entry>
    <entry id="153" name="hsa:11317 hsa:3516" type="gene"
        link="http://www.kegg.jp/dbget-bin/www_bget?hsa:11317+hsa:3516">
        <graphics name="RBPJL, RBPL, RBPSUHL, SUHL..." fgcolor="#000000" bgcolor="#BFFFBF"
             type="rectangle" x="868" y="337" width="46" height="17"/>
    </entry>
    <entry id="154" name="hsa:22938" type="gene"
        link="http://www.kegg.jp/dbget-bin/www_bget?hsa:22938">
        <graphics name="SNW1, Bx42, NCOA-62, PRPF45, Prp45, SKIIP, SKIP" fgcolor="#000000" bgcolor="#BFFFBF"
             type="rectangle" x="868" y="354" width="46" height="17"/>
    </entry>
    <entry id="155" name="hsa:2965 hsa:2966 hsa:2967 hsa:2968 hsa:728340 hsa:730394" type="gene"
        link="http://www.kegg.jp/dbget-bin/www_bget?hsa:2965+hsa:2966+hsa:2967+hsa:2968+hsa:728340+hsa:730394">
        <graphics name="GTF2H1, BTF2, P62, TFB1, TFIIH..." fgcolor="#000000" bgcolor="#BFFFBF"
             type="rectangle" x="868" y="379" width="46" height="17"/>
    </entry>
    <entry id="156" name="hsa:2960 hsa:2961" type="gene"
        link="http://www.kegg.jp/dbget-bin/www_bget?hsa:2960+hsa:2961">
        <graphics name="GTF2E1, FE, TF2E1, TFIIE-A..." fgcolor="#000000" bgcolor="#BFFFBF"
             type="rectangle" x="868" y="405" width="46" height="17"/>
    </entry>
    <entry id="157" name="hsa:27044" type="gene"
        link="http://www.kegg.jp/dbget-bin/www_bget?hsa:27044">
        <graphics name="SND1, TDRD11, p100" fgcolor="#000000" bgcolor="#BFFFBF"
             type="rectangle" x="868" y="422" width="46" height="17"/>
    </entry>
    <entry id="158" name="hsa:1387 hsa:2033" type="gene"
        link="http://www.kegg.jp/dbget-bin/www_bget?hsa:1387+hsa:2033">
        <graphics name="CREBBP, CBP, KAT3A, RSTS..." fgcolor="#000000" bgcolor="#BFFFBF"
             type="rectangle" x="868" y="444" width="46" height="17"/>
    </entry>
    <entry id="159" name="hsa:2959" type="gene"
        link="http://www.kegg.jp/dbget-bin/www_bget?hsa:2959">
        <graphics name="GTF2B, TF2B, TFIIB" fgcolor="#000000" bgcolor="#BFFFBF"
             type="rectangle" x="868" y="467" width="46" height="17"/>
    </entry>
    <entry id="160" name="hsa:7157" type="gene"
        link="http://www.kegg.jp/dbget-bin/www_bget?hsa:7157">
        <graphics name="TP53, BCC7, LFS1, P53, TRP53" fgcolor="#000000" bgcolor="#BFFFBF"
             type="rectangle" x="868" y="248" width="46" height="17"/>
    </entry>
    <entry id="161" name="path:hsa03022" type="map"
        link="http://www.kegg.jp/dbget-bin/www_bget?hsa03022">
        <graphics name="Basal transcription factors" fgcolor="#000000" bgcolor="#FFFFFF"
             type="roundrectangle" x="973" y="430" width="109" height="34"/>
    </entry>
    <entry id="163" name="path:hsa04151" type="map"
        link="http://www.kegg.jp/dbget-bin/www_bget?hsa04151">
        <graphics name="PI3K-Akt signaling pathway" fgcolor="#000000" bgcolor="#FFFFFF"
             type="roundrectangle" x="1632" y="657" width="109" height="34"/>
    </entry>
    <entry id="164" name="hsa:245972 hsa:9114" type="gene"
        link="http://www.kegg.jp/dbget-bin/www_bget?hsa:245972+hsa:9114">
        <graphics name="ATP6V0D2, ATP6D2, VMA6..." fgcolor="#000000" bgcolor="#BFFFBF"
             type="rectangle" x="1194" y="236" width="46" height="17"/>
    </entry>
    <entry id="166" name="path:hsa04142" type="map"
        link="http://www.kegg.jp/dbget-bin/www_bget?hsa04142">
        <graphics name="Lysosome" fgcolor="#000000" bgcolor="#FFFFFF"
             type="roundrectangle" x="1293" y="260" width="109" height="25"/>
    </entry>
    <entry id="167" name="hsa:9093" type="gene"
        link="http://www.kegg.jp/dbget-bin/www_bget?hsa:9093">
        <graphics name="DNAJA3, HCA57, TID1, hTID-1" fgcolor="#000000" bgcolor="#BFFFBF"
             type="rectangle" x="1194" y="996" width="46" height="17"/>
    </entry>
    <entry id="168" name="hsa:1026" type="gene"
        link="http://www.kegg.jp/dbget-bin/www_bget?hsa:1026">
        <graphics name="CDKN1A, CAP20, CDKN1, CIP1, MDA-6, P21, SDI1, WAF1, p21CIP1" fgcolor="#000000" bgcolor="#BFFFBF"
             type="rectangle" x="1194" y="648" width="46" height="17"/>
    </entry>
    <entry id="169" name="hsa:1027" type="gene"
        link="http://www.kegg.jp/dbget-bin/www_bget?hsa:1027">
        <graphics name="CDKN1B, CDKN4, KIP1, MEN1B, MEN4, P27KIP1" fgcolor="#000000" bgcolor="#BFFFBF"
             type="rectangle" x="1194" y="671" width="46" height="17"/>
    </entry>
    <entry id="170" name="hsa:1387 hsa:2033" type="gene"
        link="http://www.kegg.jp/dbget-bin/www_bget?hsa:1387+hsa:2033">
        <graphics name="CREBBP, CBP, KAT3A, RSTS..." fgcolor="#000000" bgcolor="#BFFFBF"
             type="rectangle" x="1194" y="343" width="46" height="17"/>
    </entry>
    <entry id="171" name="hsa:5315" type="gene"
        link="http://www.kegg.jp/dbget-bin/www_bget?hsa:5315">
        <graphics name="PKM, CTHBP, HEL-S-30, OIP3, PK3, PKM2, TCB, THBP1" fgcolor="#000000" bgcolor="#BFFFBF"
             type="rectangle" x="1194" y="943" width="46" height="17"/>
    </entry>
    <entry id="172" name="hsa:10013 hsa:10014 hsa:3065 hsa:3066 hsa:51564 hsa:55869 hsa:79885 hsa:83933 hsa:8841 hsa:9734 hsa:9759" type="gene"
        link="http://www.kegg.jp/dbget-bin/www_bget?hsa:10013+hsa:10014+hsa:3065+hsa:3066+hsa:51564+hsa:55869+hsa:79885+hsa:83933+hsa:8841+hsa:9734+hsa:9759">
        <graphics name="HDAC6, CPBHM, HD6, JM21, PPP1R90..." fgcolor="#000000" bgcolor="#BFFFBF"
             type="rectangle" x="1194" y="914" width="46" height="17"/>
    </entry>
    <entry id="173" name="hsa:1387 hsa:2033" type="gene"
        link="http://www.kegg.jp/dbget-bin/www_bget?hsa:1387+hsa:2033">
        <graphics name="CREBBP, CBP, KAT3A, RSTS..." fgcolor="#000000" bgcolor="#BFFFBF"
             type="rectangle" x="1532" y="236" width="46" height="17"/>
    </entry>
    <entry id="174" name="hsa:4790 hsa:4791 hsa:5966 hsa:5970" type="gene"
        link="http://www.kegg.jp/dbget-bin/www_bget?hsa:4790+hsa:4791+hsa:5966+hsa:5970">
        <graphics name="NFKB1, EBP-1, KBF1, NF-kB1, NF-kappa-B, NF-kappaB, NFKB-p105, NFKB-p50, NFkappaB, p105, p50..." fgcolor="#000000" bgcolor="#BFFFBF"
             type="rectangle" x="1532" y="424" width="46" height="17"/>
    </entry>
    <entry id="175" name="hsa:595 hsa:894 hsa:896" type="gene"
        link="http://www.kegg.jp/dbget-bin/www_bget?hsa:595+hsa:894+hsa:896">
        <graphics name="CCND1, BCL1, D11S287E, PRAD1, U21B31..." fgcolor="#000000" bgcolor="#BFFFBF"
             type="rectangle" x="1532" y="694" width="46" height="17"/>
    </entry>
    <entry id="176" name="hsa:5922" type="gene"
        link="http://www.kegg.jp/dbget-bin/www_bget?hsa:5922">
        <graphics name="RASA2, GAP1M" fgcolor="#000000" bgcolor="#BFFFBF"
             type="rectangle" x="1532" y="465" width="46" height="17"/>
    </entry>
    <entry id="177" name="hsa:998" type="gene"
        link="http://www.kegg.jp/dbget-bin/www_bget?hsa:998">
        <graphics name="CDC42, CDC42Hs, G25K" fgcolor="#000000" bgcolor="#BFFFBF"
             type="rectangle" x="1532" y="490" width="46" height="17"/>
    </entry>
    <entry id="178" name="hsa:5879" type="gene"
        link="http://www.kegg.jp/dbget-bin/www_bget?hsa:5879">
        <graphics name="RAC1, MIG5, Rac-1, TC-25, p21-Rac1" fgcolor="#000000" bgcolor="#BFFFBF"
             type="rectangle" x="1532" y="515" width="46" height="17"/>
    </entry>
    <entry id="179" name="hsa:387" type="gene"
        link="http://www.kegg.jp/dbget-bin/www_bget?hsa:387">
        <graphics name="RHOA, ARH12, ARHA, RHO12, RHOH12" fgcolor="#000000" bgcolor="#BFFFBF"
             type="rectangle" x="1532" y="540" width="46" height="17"/>
    </entry>
    <entry id="180" name="hsa:2934 hsa:85477" type="gene"
        link="http://www.kegg.jp/dbget-bin/www_bget?hsa:2934+hsa:85477">
        <graphics name="GSN, ADF, AGEL..." fgcolor="#000000" bgcolor="#BFFFBF"
             type="rectangle" x="1532" y="564" width="46" height="17"/>
    </entry>
    <entry id="181" name="hsa:81 hsa:87 hsa:88 hsa:89" type="gene"
        link="http://www.kegg.jp/dbget-bin/www_bget?hsa:81+hsa:87+hsa:88+hsa:89">
        <graphics name="ACTN4, ACTININ-4, FSGS, FSGS1..." fgcolor="#000000" bgcolor="#BFFFBF"
             type="rectangle" x="1532" y="588" width="46" height="17"/>
    </entry>
    <entry id="183" name="path:hsa04810" type="map"
        link="http://www.kegg.jp/dbget-bin/www_bget?hsa04810">
        <graphics name="Regulation of actin cytoskeleton" fgcolor="#000000" bgcolor="#FFFFFF"
             type="roundrectangle" x="1632" y="567" width="109" height="34"/>
    </entry>
    <entry id="184" name="hsa:4792" type="gene"
        link="http://www.kegg.jp/dbget-bin/www_bget?hsa:4792">
        <graphics name="NFKBIA, IKBA, MAD-3, NFKBI" fgcolor="#000000" bgcolor="#BFFFBF"
             type="rectangle" x="1532" y="394" width="46" height="17"/>
    </entry>
    <entry id="185" name="hsa:387332 hsa:6908 hsa:9519" type="gene"
        link="http://www.kegg.jp/dbget-bin/www_bget?hsa:387332+hsa:6908+hsa:9519">
        <graphics name="TBPL2, TBP2, TRF3..." fgcolor="#000000" bgcolor="#BFFFBF"
             type="rectangle" x="1532" y="259" width="46" height="17"/>
    </entry>
    <entry id="186" name="hsa:11036 hsa:2957 hsa:2958" type="gene"
        link="http://www.kegg.jp/dbget-bin/www_bget?hsa:11036+hsa:2957+hsa:2958">
        <graphics name="GTF2A1L, ALF..." fgcolor="#000000" bgcolor="#BFFFBF"
             type="rectangle" x="1532" y="281" width="46" height="17"/>
    </entry>
    <entry id="187" name="path:hsa03022" type="map"
        link="http://www.kegg.jp/dbget-bin/www_bget?hsa03022">
        <graphics name="Basal transcription factors" fgcolor="#000000" bgcolor="#FFFFFF"
             type="roundrectangle" x="1632" y="304" width="109" height="34"/>
    </entry>
    <entry id="188" name="hsa:991" type="gene"
        link="http://www.kegg.jp/dbget-bin/www_bget?hsa:991">
        <graphics name="CDC20, CDC20A, bA276H19.3, p55CDC" fgcolor="#000000" bgcolor="#BFFFBF"
             type="rectangle" x="1532" y="831" width="46" height="17"/>
    </entry>
    <entry id="189" name="hsa:1111" type="gene"
        link="http://www.kegg.jp/dbget-bin/www_bget?hsa:1111">
        <graphics name="CHEK1, CHK1" fgcolor="#000000" bgcolor="#BFFFBF"
             type="rectangle" x="1532" y="804" width="46" height="17"/>
    </entry>
    <entry id="190" name="hsa:1021" type="gene"
        link="http://www.kegg.jp/dbget-bin/www_bget?hsa:1021">
        <graphics name="CDK6, MCPH12, PLSTIRE" fgcolor="#000000" bgcolor="#BFFFBF"
             type="rectangle" x="1859" y="666" width="46" height="17"/>
    </entry>
    <entry id="192" name="path:hsa04110" type="map"
        link="http://www.kegg.jp/dbget-bin/www_bget?hsa04110">
        <graphics name="Cell cycle" fgcolor="#000000" bgcolor="#FFFFFF"
             type="roundrectangle" x="1957" y="673" width="109" height="25"/>
    </entry>
    <entry id="193" name="hsa:23533 hsa:5290 hsa:5291 hsa:5293 hsa:5294 hsa:5295 hsa:5296 hsa:8503" type="gene"
        link="http://www.kegg.jp/dbget-bin/www_bget?hsa:23533+hsa:5290+hsa:5291+hsa:5293+hsa:5294+hsa:5295+hsa:5296+hsa:8503">
        <graphics name="PIK3R5, F730038I15Rik, FOAP-2, P101-PI3K, p101..." fgcolor="#000000" bgcolor="#BFFFBF"
             type="rectangle" x="1859" y="864" width="46" height="17"/>
    </entry>
    <entry id="194" name="path:hsa04151" type="map"
        link="http://www.kegg.jp/dbget-bin/www_bget?hsa04151">
        <graphics name="PI3K-Akt signaling pathway" fgcolor="#000000" bgcolor="#FFFFFF"
             type="roundrectangle" x="1957" y="850" width="109" height="34"/>
    </entry>
    <entry id="195" name="hsa:1387 hsa:2033" type="gene"
        link="http://www.kegg.jp/dbget-bin/www_bget?hsa:1387+hsa:2033">
        <graphics name="CREBBP, CBP, KAT3A, RSTS..." fgcolor="#000000" bgcolor="#BFFFBF"
             type="rectangle" x="1859" y="201" width="46" height="17"/>
    </entry>
    <entry id="196" name="hsa:3665" type="gene"
        link="http://www.kegg.jp/dbget-bin/www_bget?hsa:3665">
        <graphics name="IRF7, IMD39, IRF-7H, IRF7A, IRF7B, IRF7C, IRF7H" fgcolor="#000000" bgcolor="#BFFFBF"
             type="rectangle" x="1859" y="314" width="46" height="17"/>
    </entry>
    <entry id="197" name="hsa:3572" type="gene"
        link="http://www.kegg.jp/dbget-bin/www_bget?hsa:3572">
        <graphics name="IL6ST, CD130, CDW130, GP130, IL-6RB" fgcolor="#000000" bgcolor="#BFFFBF"
             type="rectangle" x="1859" y="381" width="46" height="17"/>
    </entry>
    <entry id="198" name="hsa:9261" type="gene"
        link="http://www.kegg.jp/dbget-bin/www_bget?hsa:9261">
        <graphics name="MAPKAPK2, MAPKAP-K2, MK-2, MK2" fgcolor="#000000" bgcolor="#BFFFBF"
             type="rectangle" x="1859" y="518" width="46" height="17"/>
    </entry>
    <entry id="200" name="hsa:718" type="gene"
        link="http://www.kegg.jp/dbget-bin/www_bget?hsa:718">
        <graphics name="C3, AHUS5, ARMD9, ASP, C3a, C3b, CPAMD1, HEL-S-62p" fgcolor="#000000" bgcolor="#BFFFBF"
             type="rectangle" x="1859" y="771" width="46" height="17"/>
    </entry>
    <entry id="201" name="hsa:3105 hsa:3106 hsa:3107 hsa:3133 hsa:3134 hsa:3135" type="gene"
        link="http://www.kegg.jp/dbget-bin/www_bget?hsa:3105+hsa:3106+hsa:3107+hsa:3133+hsa:3134+hsa:3135">
        <graphics name="HLA-A, HLAA..." fgcolor="#000000" bgcolor="#BFFFBF"
             type="rectangle" x="1859" y="804" width="46" height="17"/>
    </entry>
    <entry id="203" name="hsa:1237" type="gene"
        link="http://www.kegg.jp/dbget-bin/www_bget?hsa:1237">
        <graphics name="CCR8, CC-CKR-8, CCR-8, CDw198, CKRL1, CMKBR8, CMKBRL2, CY6, GPRCY6, TER1" fgcolor="#000000" bgcolor="#BFFFBF"
             type="rectangle" x="1859" y="994" width="46" height="17"/>
    </entry>
    <entry id="206" name="hsa:4055" type="gene"
        link="http://www.kegg.jp/dbget-bin/www_bget?hsa:4055">
        <graphics name="LTBR, CD18, D12S370, LT-BETA-R, TNF-R-III, TNFCR, TNFR-RP, TNFR2-RP, TNFR3, TNFRSF3" fgcolor="#000000" bgcolor="#BFFFBF"
             type="rectangle" x="536" y="246" width="46" height="17"/>
    </entry>
    <entry id="207" name="hsa:3190" type="gene"
        link="http://www.kegg.jp/dbget-bin/www_bget?hsa:3190">
        <graphics name="HNRNPK, CSBP, HNRPK, TUNP" fgcolor="#000000" bgcolor="#BFFFBF"
             type="rectangle" x="536" y="388" width="46" height="17"/>
    </entry>
    <entry id="208" name="hsa:1654" type="gene"
        link="http://www.kegg.jp/dbget-bin/www_bget?hsa:1654">
        <graphics name="DDX3X, CAP-Rf, DBX, DDX14, DDX3, HLP2" fgcolor="#000000" bgcolor="#BFFFBF"
             type="rectangle" x="536" y="457" width="46" height="17"/>
    </entry>
    <entry id="209" name="hsa:7531" type="gene"
        link="http://www.kegg.jp/dbget-bin/www_bget?hsa:7531">
        <graphics name="YWHAE, 14-3-3E, HEL2, KCIP-1, MDCR, MDS" fgcolor="#000000" bgcolor="#BFFFBF"
             type="rectangle" x="536" y="503" width="46" height="17"/>
    </entry>
    <entry id="210" name="hsa:5610" type="gene"
        link="http://www.kegg.jp/dbget-bin/www_bget?hsa:5610">
        <graphics name="EIF2AK2, EIF2AK1, PKR, PPP1R83, PRKR" fgcolor="#000000" bgcolor="#BFFFBF"
             type="rectangle" x="536" y="534" width="46" height="17"/>
    </entry>
    <entry id="211" name="hsa:1026" type="gene"
        link="http://www.kegg.jp/dbget-bin/www_bget?hsa:1026">
        <graphics name="CDKN1A, CAP20, CDKN1, CIP1, MDA-6, P21, SDI1, WAF1, p21CIP1" fgcolor="#000000" bgcolor="#BFFFBF"
             type="rectangle" x="536" y="418" width="46" height="17"/>
    </entry>
    <entry id="212" name="hsa:5566 hsa:5567 hsa:5568" type="gene"
        link="http://www.kegg.jp/dbget-bin/www_bget?hsa:5566+hsa:5567+hsa:5568">
        <graphics name="PRKACA, PKACA, PPNAD4..." fgcolor="#000000" bgcolor="#BFFFBF"
             type="rectangle" x="536" y="564" width="46" height="17"/>
    </entry>
    <entry id="213" name="hsa:7157" type="gene"
        link="http://www.kegg.jp/dbget-bin/www_bget?hsa:7157">
        <graphics name="TP53, BCC7, LFS1, P53, TRP53" fgcolor="#000000" bgcolor="#BFFFBF"
             type="rectangle" x="536" y="659" width="46" height="17"/>
    </entry>
    <entry id="214" name="hsa:581" type="gene"
        link="http://www.kegg.jp/dbget-bin/www_bget?hsa:581">
        <graphics name="BAX, BCL2L4" fgcolor="#000000" bgcolor="#BFFFBF"
             type="rectangle" x="536" y="688" width="46" height="17"/>
    </entry>
    <entry id="215" name="hsa:5610" type="gene"
        link="http://www.kegg.jp/dbget-bin/www_bget?hsa:5610">
        <graphics name="EIF2AK2, EIF2AK1, PKR, PPP1R83, PRKR" fgcolor="#000000" bgcolor="#BFFFBF"
             type="rectangle" x="536" y="716" width="46" height="17"/>
    </entry>
    <entry id="216" name="hsa:2885" type="gene"
        link="http://www.kegg.jp/dbget-bin/www_bget?hsa:2885">
        <graphics name="GRB2, ASH, EGFRBP-GRB2, Grb3-3, MST084, MSTP084, NCKAP2" fgcolor="#000000" bgcolor="#BFFFBF"
             type="rectangle" x="536" y="787" width="46" height="17"/>
    </entry>
    <entry id="217" name="hsa:23533 hsa:5290 hsa:5291 hsa:5293 hsa:5294 hsa:5295 hsa:5296 hsa:8503" type="gene"
        link="http://www.kegg.jp/dbget-bin/www_bget?hsa:23533+hsa:5290+hsa:5291+hsa:5293+hsa:5294+hsa:5295+hsa:5296+hsa:8503">
        <graphics name="PIK3R5, F730038I15Rik, FOAP-2, P101-PI3K, p101..." fgcolor="#000000" bgcolor="#BFFFBF"
             type="rectangle" x="536" y="745" width="46" height="17"/>
    </entry>
    <entry id="218" name="hsa:8717" type="gene"
        link="http://www.kegg.jp/dbget-bin/www_bget?hsa:8717">
        <graphics name="TRADD, Hs.89862" fgcolor="#000000" bgcolor="#BFFFBF"
             type="rectangle" x="536" y="856" width="46" height="17"/>
    </entry>
    <entry id="219" name="hsa:983" type="gene"
        link="http://www.kegg.jp/dbget-bin/www_bget?hsa:983">
        <graphics name="CDK1, CDC2, CDC28A, P34CDC2" fgcolor="#000000" bgcolor="#BFFFBF"
             type="rectangle" x="536" y="915" width="46" height="17"/>
    </entry>
    <entry id="220" name="hsa:387332 hsa:6908 hsa:9519" type="gene"
        link="http://www.kegg.jp/dbget-bin/www_bget?hsa:387332+hsa:6908+hsa:9519">
        <graphics name="TBPL2, TBP2, TRF3..." fgcolor="#000000" bgcolor="#BFFFBF"
             type="rectangle" x="536" y="945" width="46" height="17"/>
    </entry>
    <entry id="223" name="path:hsa04151" type="map"
        link="http://www.kegg.jp/dbget-bin/www_bget?hsa04151">
        <graphics name="PI3K-Akt signaling pathway" fgcolor="#000000" bgcolor="#FFFFFF"
             type="roundrectangle" x="636" y="737" width="109" height="34"/>
    </entry>
    <entry id="224" name="path:hsa04115" type="map"
        link="http://www.kegg.jp/dbget-bin/www_bget?hsa04115">
        <graphics name="p53 signaling pathway" fgcolor="#000000" bgcolor="#FFFFFF"
             type="roundrectangle" x="636" y="664" width="109" height="34"/>
    </entry>
    <entry id="225" name="path:hsa04064" type="map"
        link="http://www.kegg.jp/dbget-bin/www_bget?hsa04064">
        <graphics name="NF-kappa B signaling pathway" fgcolor="#000000" bgcolor="#FFFFFF"
             type="roundrectangle" x="636" y="288" width="109" height="34"/>
    </entry>
    <entry id="226" name="hsa:6672" type="gene"
        link="http://www.kegg.jp/dbget-bin/www_bget?hsa:6672">
        <graphics name="SP100, lysp100b" fgcolor="#000000" bgcolor="#BFFFBF"
             type="rectangle" x="536" y="328" width="46" height="17"/>
    </entry>
    <entry id="227" name="path:hsa03320" type="map"
        link="http://www.kegg.jp/dbget-bin/www_bget?hsa03320">
        <graphics name="PPAR signaling pathway" fgcolor="#000000" bgcolor="#FFFFFF"
             type="roundrectangle" x="636" y="362" width="109" height="34"/>
    </entry>
    <entry id="230" name="hsa:4790 hsa:4791 hsa:5966 hsa:5970" type="gene"
        link="http://www.kegg.jp/dbget-bin/www_bget?hsa:4790+hsa:4791+hsa:5966+hsa:5970">
        <graphics name="NFKB1, EBP-1, KBF1, NF-kB1, NF-kappa-B, NF-kappaB, NFKB-p105, NFKB-p50, NFkappaB, p105, p50..." fgcolor="#000000" bgcolor="#BFFFBF"
             type="rectangle" x="536" y="274" width="46" height="17"/>
    </entry>
    <entry id="232" name="path:hsa04110" type="map"
        link="http://www.kegg.jp/dbget-bin/www_bget?hsa04110">
        <graphics name="Cell cycle" fgcolor="#000000" bgcolor="#FFFFFF"
             type="roundrectangle" x="636" y="432" width="109" height="25"/>
    </entry>
    <entry id="233" name="hsa:128312 hsa:158983 hsa:255626 hsa:286436 hsa:3017 hsa:3018 hsa:440689 hsa:8339 hsa:8340 hsa:8341 hsa:8342 hsa:8343 hsa:8344 hsa:8345 hsa:8346 hsa:8347 hsa:8348 hsa:8349 hsa:85236 hsa:8970" type="gene"
        link="http://www.kegg.jp/dbget-bin/www_bget?hsa:128312+hsa:158983+hsa:255626+hsa:286436+hsa:3017+hsa:3018+hsa:440689+hsa:8339+hsa:8340+hsa:8341+hsa:8342+hsa:8343+hsa:8344+hsa:8345+hsa:8346+hsa:8347+hsa:8348+hsa:8349+hsa:85236+hsa:8970">
        <graphics name="HIST3H2BB, H2Bb..." fgcolor="#000000" bgcolor="#BFFFBF"
             type="rectangle" x="536" y="610" width="46" height="17"/>
    </entry>
    <entry id="234" name="hsa:121504 hsa:554313 hsa:8294 hsa:8359 hsa:8360 hsa:8361 hsa:8362 hsa:8363 hsa:8364 hsa:8365 hsa:8366 hsa:8367 hsa:8368 hsa:8369 hsa:8370" type="gene"
        link="http://www.kegg.jp/dbget-bin/www_bget?hsa:121504+hsa:554313+hsa:8294+hsa:8359+hsa:8360+hsa:8361+hsa:8362+hsa:8363+hsa:8364+hsa:8365+hsa:8366+hsa:8367+hsa:8368+hsa:8369+hsa:8370">
        <graphics name="HIST4H4, H4/p..." fgcolor="#000000" bgcolor="#BFFFBF"
             type="rectangle" x="536" y="627" width="46" height="17"/>
    </entry>
    <entry id="235" name="path:hsa04010" type="map"
        link="http://www.kegg.jp/dbget-bin/www_bget?hsa04010">
        <graphics name="MAPK signaling pathway" fgcolor="#000000" bgcolor="#FFFFFF"
             type="roundrectangle" x="636" y="821" width="109" height="34"/>
    </entry>
    <entry id="236" name="path:hsa04210" type="map"
        link="http://www.kegg.jp/dbget-bin/www_bget?hsa04210">
        <graphics name="Apoptosis" fgcolor="#000000" bgcolor="#FFFFFF"
             type="roundrectangle" x="636" y="887" width="109" height="25"/>
    </entry>
    <entry id="237" name="path:hsa05160" type="map"
        link="http://www.kegg.jp/dbget-bin/www_bget?hsa05160">
        <graphics name="Hepatitis C" fgcolor="#000000" bgcolor="#FFFFFF"
             type="roundrectangle" x="488" y="122" width="109" height="25"/>
    </entry>
    <entry id="238" name="path:hsa05161" type="map"
        link="http://www.kegg.jp/dbget-bin/www_bget?hsa05161">
        <graphics name="Hepatitis B" fgcolor="#000000" bgcolor="#FFFFFF"
             type="roundrectangle" x="168" y="148" width="109" height="25"/>
    </entry>
    <relation entry1="120" entry2="160" type="PPrel">
        <subtype name="inhibition" value="--|"/>
    </relation>
    <relation entry1="170" entry2="12" type="PPrel">
        <subtype name="inhibition" value="--|"/>
    </relation>
    <relation entry1="23" entry2="19" type="PPrel">
        <subtype name="inhibition" value="--|"/>
    </relation>
</pathway>
