<?xml version="1.0"?>
<!DOCTYPE pathway SYSTEM "http://www.kegg.jp/kegg/xml/KGML_v0.7.1_.dtd">
<!-- Creation date: Jul 29, 2015 17:07:04 +0900 (GMT+9) -->
<pathway name="path:hsa04070" org="hsa" number="04070"
         title="Phosphatidylinositol signaling system"
         image="http://www.kegg.jp/kegg/pathway/hsa/hsa04070.png"
         link="http://www.kegg.jp/kegg-bin/show_pathway?hsa04070">
    <entry id="1" name="hsa:5728" type="gene" reaction="rn:R03363"
        link="http://www.kegg.jp/dbget-bin/www_bget?hsa:5728">
        <graphics name="PTEN, 10q23del, BZS, CWS1, DEC, GLM2, MHAM, MMAC1, PTEN1, TEP1" fgcolor="#000000" bgcolor="#BFFFBF"
             type="rectangle" x="185" y="637" width="46" height="17"/>
    </entry>
    <entry id="2" name="hsa:64768" type="gene" reaction="rn:R05202"
        link="http://www.kegg.jp/dbget-bin/www_bget?hsa:64768">
        <graphics name="IPPK, C9orf12, INSP5K2, IP5K, IPK1, bA476B13.1" fgcolor="#000000" bgcolor="#BFFFBF"
             type="rectangle" x="1046" y="342" width="46" height="17"/>
    </entry>
    <entry id="3" name="cpd:C11554" type="compound"
        link="http://www.kegg.jp/dbget-bin/www_bget?C11554">
        <graphics name="C11554" fgcolor="#000000" bgcolor="#FFFFFF"
             type="circle" x="467" y="647" width="8" height="8"/>
    </entry>
    <entry id="4" name="cpd:C11556" type="compound"
        link="http://www.kegg.jp/dbget-bin/www_bget?C11556">
        <graphics name="C11556" fgcolor="#000000" bgcolor="#FFFFFF"
             type="circle" x="467" y="371" width="8" height="8"/>
    </entry>
    <entry id="5" name="cpd:C11557" type="compound"
        link="http://www.kegg.jp/dbget-bin/www_bget?C11557">
        <graphics name="C11557" fgcolor="#000000" bgcolor="#FFFFFF"
             type="circle" x="239" y="144" width="8" height="8"/>
    </entry>
    <entry id="6" name="hsa:113026 hsa:23236 hsa:51196 hsa:5330 hsa:5331 hsa:5332 hsa:5333 hsa:5335 hsa:5336 hsa:84812 hsa:89869" type="gene" reaction="rn:R03332"
        link="http://www.kegg.jp/dbget-bin/www_bget?hsa:113026+hsa:23236+hsa:51196+hsa:5330+hsa:5331+hsa:5332+hsa:5333+hsa:5335+hsa:5336+hsa:84812+hsa:89869">
        <graphics name="PLCD3, PLC-delta-3..." fgcolor="#000000" bgcolor="#BFFFBF"
             type="rectangle" x="694" y="342" width="46" height="17"/>
    </entry>
    <entry id="7" name="hsa:113026 hsa:23236 hsa:51196 hsa:5330 hsa:5331 hsa:5332 hsa:5333 hsa:5335 hsa:5336 hsa:84812 hsa:89869" type="gene" reaction="rn:R03435"
        link="http://www.kegg.jp/dbget-bin/www_bget?hsa:113026+hsa:23236+hsa:51196+hsa:5330+hsa:5331+hsa:5332+hsa:5333+hsa:5335+hsa:5336+hsa:84812+hsa:89869">
        <graphics name="PLCD3, PLC-delta-3..." fgcolor="#000000" bgcolor="#BFFFBF"
             type="rectangle" x="644" y="342" width="46" height="17"/>
    </entry>
    <entry id="8" name="cpd:C11526" type="compound"
        link="http://www.kegg.jp/dbget-bin/www_bget?C11526">
        <graphics name="C11526" fgcolor="#000000" bgcolor="#FFFFFF"
             type="circle" x="1185" y="341" width="8" height="8"/>
    </entry>
    <entry id="9" name="cpd:C00076" type="compound"
        link="http://www.kegg.jp/dbget-bin/www_bget?C00076">
        <graphics name="C00076" fgcolor="#000000" bgcolor="#FFFFFF"
             type="circle" x="871" y="793" width="8" height="8"/>
    </entry>
    <entry id="10" name="path:hsa04510" type="map"
        link="http://www.kegg.jp/dbget-bin/www_bget?hsa04510">
        <graphics name="Focal adhesion" fgcolor="#000000" bgcolor="#FFFFFF"
             type="roundrectangle" x="535" y="234" width="94" height="25"/>
    </entry>
    <entry id="11" name="cpd:C01243" type="compound"
        link="http://www.kegg.jp/dbget-bin/www_bget?C01243">
        <graphics name="C01243" fgcolor="#000000" bgcolor="#FFFFFF"
             type="circle" x="785" y="459" width="8" height="8"/>
    </entry>
    <entry id="12" name="cpd:C01272" type="compound"
        link="http://www.kegg.jp/dbget-bin/www_bget?C01272">
        <graphics name="C01272" fgcolor="#000000" bgcolor="#FFFFFF"
             type="circle" x="680" y="459" width="8" height="8"/>
    </entry>
    <entry id="13" name="cpd:C03546" type="compound"
        link="http://www.kegg.jp/dbget-bin/www_bget?C03546">
        <graphics name="C03546" fgcolor="#000000" bgcolor="#FFFFFF"
             type="circle" x="1004" y="539" width="8" height="8"/>
    </entry>
    <entry id="14" name="cpd:C04006" type="compound"
        link="http://www.kegg.jp/dbget-bin/www_bget?C04006">
        <graphics name="C04006" fgcolor="#000000" bgcolor="#FFFFFF"
             type="circle" x="1004" y="489" width="8" height="8"/>
    </entry>
    <entry id="15" name="cpd:C01177" type="compound"
        link="http://www.kegg.jp/dbget-bin/www_bget?C01177">
        <graphics name="C01177" fgcolor="#000000" bgcolor="#FFFFFF"
             type="circle" x="1004" y="430" width="8" height="8"/>
    </entry>
    <entry id="16" name="cpd:C01284" type="compound"
        link="http://www.kegg.jp/dbget-bin/www_bget?C01284">
        <graphics name="C01284" fgcolor="#000000" bgcolor="#FFFFFF"
             type="circle" x="1004" y="341" width="8" height="8"/>
    </entry>
    <entry id="17" name="cpd:C01245" type="compound"
        link="http://www.kegg.jp/dbget-bin/www_bget?C01245">
        <graphics name="C01245" fgcolor="#000000" bgcolor="#FFFFFF"
             type="circle" x="785" y="539" width="8" height="8"/>
    </entry>
    <entry id="18" name="cpd:C01220" type="compound"
        link="http://www.kegg.jp/dbget-bin/www_bget?C01220">
        <graphics name="C01220" fgcolor="#000000" bgcolor="#FFFFFF"
             type="circle" x="900" y="539" width="8" height="8"/>
    </entry>
    <entry id="19" name="cpd:C04063" type="compound"
        link="http://www.kegg.jp/dbget-bin/www_bget?C04063">
        <graphics name="C04063" fgcolor="#000000" bgcolor="#FFFFFF"
             type="circle" x="900" y="489" width="8" height="8"/>
    </entry>
    <entry id="20" name="cpd:C04062" type="compound"
        link="http://www.kegg.jp/dbget-bin/www_bget?C04062">
        <graphics name="C04062" fgcolor="#000000" bgcolor="#FFFFFF"
             type="circle" x="900" y="430" width="8" height="8"/>
    </entry>
    <entry id="21" name="cpd:C04477" type="compound"
        link="http://www.kegg.jp/dbget-bin/www_bget?C04477">
        <graphics name="C04477" fgcolor="#000000" bgcolor="#FFFFFF"
             type="circle" x="900" y="287" width="8" height="8"/>
    </entry>
    <entry id="22" name="cpd:C04637" type="compound"
        link="http://www.kegg.jp/dbget-bin/www_bget?C04637">
        <graphics name="C04637" fgcolor="#000000" bgcolor="#FFFFFF"
             type="circle" x="467" y="144" width="8" height="8"/>
    </entry>
    <entry id="23" name="cpd:C00137" type="compound"
        link="http://www.kegg.jp/dbget-bin/www_bget?C00137">
        <graphics name="C00137" fgcolor="#000000" bgcolor="#FFFFFF"
             type="circle" x="1096" y="489" width="8" height="8"/>
    </entry>
    <entry id="24" name="cpd:C01204" type="compound"
        link="http://www.kegg.jp/dbget-bin/www_bget?C01204">
        <graphics name="C01204" fgcolor="#000000" bgcolor="#FFFFFF"
             type="circle" x="1096" y="341" width="8" height="8"/>
    </entry>
    <entry id="25" name="cpd:C00269" type="compound"
        link="http://www.kegg.jp/dbget-bin/www_bget?C00269">
        <graphics name="C00269" fgcolor="#000000" bgcolor="#FFFFFF"
             type="circle" x="1080" y="659" width="8" height="8"/>
    </entry>
    <entry id="26" name="cpd:C00416" type="compound"
        link="http://www.kegg.jp/dbget-bin/www_bget?C00416">
        <graphics name="C00416" fgcolor="#000000" bgcolor="#FFFFFF"
             type="circle" x="975" y="659" width="8" height="8"/>
    </entry>
    <entry id="27" name="cpd:C00641" type="compound"
        link="http://www.kegg.jp/dbget-bin/www_bget?C00641">
        <graphics name="C00641" fgcolor="#000000" bgcolor="#FFFFFF"
             type="circle" x="785" y="659" width="8" height="8"/>
    </entry>
    <entry id="28" name="cpd:C04549" type="compound"
        link="http://www.kegg.jp/dbget-bin/www_bget?C04549">
        <graphics name="C04549" fgcolor="#000000" bgcolor="#FFFFFF"
             type="circle" x="240" y="647" width="8" height="8"/>
    </entry>
    <entry id="29" name="cpd:C05981" type="compound"
        link="http://www.kegg.jp/dbget-bin/www_bget?C05981">
        <graphics name="C05981" fgcolor="#000000" bgcolor="#FFFFFF"
             type="circle" x="591" y="371" width="8" height="8"/>
    </entry>
    <entry id="30" name="cpd:C01277" type="compound"
        link="http://www.kegg.jp/dbget-bin/www_bget?C01277">
        <graphics name="C01277" fgcolor="#000000" bgcolor="#FFFFFF"
             type="circle" x="239" y="371" width="8" height="8"/>
    </entry>
    <entry id="31" name="cpd:C01194" type="compound"
        link="http://www.kegg.jp/dbget-bin/www_bget?C01194">
        <graphics name="C01194" fgcolor="#000000" bgcolor="#FFFFFF"
             type="circle" x="138" y="371" width="8" height="8"/>
    </entry>
    <entry id="32" name="hsa:163688 hsa:51806 hsa:801 hsa:805 hsa:808 hsa:810" type="gene"
        link="http://www.kegg.jp/dbget-bin/www_bget?hsa:163688+hsa:51806+hsa:801+hsa:805+hsa:808+hsa:810">
        <graphics name="CALML6, CAGLP..." fgcolor="#000000" bgcolor="#BFFFBF"
             type="rectangle" x="872" y="830" width="46" height="17"/>
    </entry>
    <entry id="33" name="hsa:3708 hsa:3709 hsa:3710" type="gene"
        link="http://www.kegg.jp/dbget-bin/www_bget?hsa:3708+hsa:3709+hsa:3710">
        <graphics name="ITPR1, ACV, CLA4, INSP3R1, IP3R, IP3R1, PPP1R94, SCA15, SCA16, SCA29..." fgcolor="#000000" bgcolor="#BFFFBF"
             type="rectangle" x="804" y="794" width="46" height="17"/>
    </entry>
    <entry id="34" name="hsa:10423" type="gene" reaction="rn:R01802"
        link="http://www.kegg.jp/dbget-bin/www_bget?hsa:10423">
        <graphics name="CDIPT, PIS, PIS1" fgcolor="#000000" bgcolor="#BFFFBF"
             type="rectangle" x="397" y="854" width="46" height="17"/>
    </entry>
    <entry id="35" name="hsa:23533 hsa:5290 hsa:5291 hsa:5293 hsa:5294 hsa:5295 hsa:5296 hsa:8503" type="gene" reaction="rn:R04545"
        link="http://www.kegg.jp/dbget-bin/www_bget?hsa:23533+hsa:5290+hsa:5291+hsa:5293+hsa:5294+hsa:5295+hsa:5296+hsa:8503">
        <graphics name="PIK3R5, F730038I15Rik, FOAP-2, P101-PI3K, p101..." fgcolor="#000000" bgcolor="#BFFFBF"
             type="rectangle" x="614" y="192" width="46" height="17"/>
    </entry>
    <entry id="36" name="hsa:23396 hsa:8394 hsa:8395" type="gene" reaction="rn:R03469"
        link="http://www.kegg.jp/dbget-bin/www_bget?hsa:23396+hsa:8394+hsa:8395">
        <graphics name="PIP5K1C, LCCS3, PIP5K-GAMMA, PIP5K1-gamma, PIP5Kgamma..." fgcolor="#000000" bgcolor="#BFFFBF"
             type="rectangle" x="397" y="186" width="46" height="17"/>
    </entry>
    <entry id="37" name="hsa:200576" type="gene" reaction="rn:R10951"
        link="http://www.kegg.jp/dbget-bin/www_bget?hsa:200576">
        <graphics name="PIKFYVE, CFD, FAB1, HEL37, PIP5K, PIP5K3, ZFYVE29" fgcolor="#000000" bgcolor="#BFFFBF"
             type="rectangle" x="185" y="144" width="46" height="17"/>
    </entry>
    <entry id="38" name="hsa:5297 hsa:5298 hsa:55300 hsa:55361" type="gene" reaction="rn:R03361"
        link="http://www.kegg.jp/dbget-bin/www_bget?hsa:5297+hsa:5298+hsa:55300+hsa:55361">
        <graphics name="PI4KA, PI4K-ALPHA, PIK4CA, pi4K230..." fgcolor="#000000" bgcolor="#BFFFBF"
             type="rectangle" x="185" y="371" width="46" height="17"/>
    </entry>
    <entry id="39" name="hsa:23533 hsa:5286 hsa:5287 hsa:5288 hsa:5295 hsa:5296 hsa:8503" type="gene" reaction="rn:R03362"
        link="http://www.kegg.jp/dbget-bin/www_bget?hsa:23533+hsa:5286+hsa:5287+hsa:5288+hsa:5295+hsa:5296+hsa:8503">
        <graphics name="PIK3R5, F730038I15Rik, FOAP-2, P101-PI3K, p101..." fgcolor="#000000" bgcolor="#BFFFBF"
             type="rectangle" x="185" y="610" width="46" height="17"/>
    </entry>
    <entry id="40" name="hsa:1040 hsa:8760" type="gene" reaction="rn:R01799"
        link="http://www.kegg.jp/dbget-bin/www_bget?hsa:1040+hsa:8760">
        <graphics name="CDS1, CDS..." fgcolor="#000000" bgcolor="#BFFFBF"
             type="rectangle" x="1025" y="659" width="46" height="17"/>
    </entry>
    <entry id="41" name="hsa:139189 hsa:1606 hsa:1607 hsa:1608 hsa:160851 hsa:1609 hsa:8525 hsa:8526 hsa:8527 hsa:9162" type="gene" reaction="rn:R02240"
        link="http://www.kegg.jp/dbget-bin/www_bget?hsa:139189+hsa:1606+hsa:1607+hsa:1608+hsa:160851+hsa:1609+hsa:8525+hsa:8526+hsa:8527+hsa:9162">
        <graphics name="DGKK..." fgcolor="#000000" bgcolor="#BFFFBF"
             type="rectangle" x="894" y="659" width="46" height="17"/>
    </entry>
    <entry id="42" name="hsa:3631 hsa:8821" type="gene" reaction="rn:R04372"
        link="http://www.kegg.jp/dbget-bin/www_bget?hsa:3631+hsa:8821">
        <graphics name="INPP4A, INPP4, TVAS1..." fgcolor="#000000" bgcolor="#BFFFBF"
             type="rectangle" x="354" y="648" width="46" height="17"/>
    </entry>
    <entry id="43" name="hsa:23533 hsa:5286 hsa:5287 hsa:5288 hsa:5295 hsa:5296 hsa:8503" type="gene" reaction="rn:R05795"
        link="http://www.kegg.jp/dbget-bin/www_bget?hsa:23533+hsa:5286+hsa:5287+hsa:5288+hsa:5295+hsa:5296+hsa:8503">
        <graphics name="PIK3R5, F730038I15Rik, FOAP-2, P101-PI3K, p101..." fgcolor="#000000" bgcolor="#BFFFBF"
             type="rectangle" x="397" y="560" width="46" height="17"/>
    </entry>
    <entry id="44" name="hsa:200576" type="gene" reaction="rn:R05802"
        link="http://www.kegg.jp/dbget-bin/www_bget?hsa:200576">
        <graphics name="PIKFYVE, CFD, FAB1, HEL37, PIP5K, PIP5K3, ZFYVE29" fgcolor="#000000" bgcolor="#BFFFBF"
             type="rectangle" x="397" y="458" width="46" height="17"/>
    </entry>
    <entry id="45" name="hsa:3633 hsa:4952 hsa:56623 hsa:8867 hsa:8871" type="gene" reaction="rn:R04404"
        link="http://www.kegg.jp/dbget-bin/www_bget?hsa:3633+hsa:4952+hsa:56623+hsa:8867+hsa:8871">
        <graphics name="INPP5B, 5PTase..." fgcolor="#000000" bgcolor="#BFFFBF"
             type="rectangle" x="313" y="331" width="46" height="17"/>
    </entry>
    <entry id="46" name="hsa:5305 hsa:79837 hsa:8396" type="gene" reaction="rn:R05803"
        link="http://www.kegg.jp/dbget-bin/www_bget?hsa:5305+hsa:79837+hsa:8396">
        <graphics name="PIP4K2A, PI5P4KA, PIP5K2A, PIP5KII-alpha, PIP5KIIA, PIPK..." fgcolor="#000000" bgcolor="#BFFFBF"
             type="rectangle" x="397" y="135" width="46" height="17"/>
    </entry>
    <entry id="47" name="hsa:253430" type="gene" reaction="rn:R03478"
        link="http://www.kegg.jp/dbget-bin/www_bget?hsa:253430">
        <graphics name="IPMK" fgcolor="#000000" bgcolor="#BFFFBF"
             type="rectangle" x="949" y="288" width="46" height="17"/>
    </entry>
    <entry id="48" name="hsa:4534" type="gene" reaction="rn:R03330"
        link="http://www.kegg.jp/dbget-bin/www_bget?hsa:4534">
        <graphics name="MTM1, CNM, MTMX, XLMTM" fgcolor="#000000" bgcolor="#BFFFBF"
             type="rectangle" x="949" y="430" width="46" height="17"/>
    </entry>
    <entry id="49" name="hsa:3612 hsa:3613 hsa:54928" type="gene" reaction="rn:R01186"
        link="http://www.kegg.jp/dbget-bin/www_bget?hsa:3612+hsa:3613+hsa:54928">
        <graphics name="IMPA1, IMP, IMPA..." fgcolor="#000000" bgcolor="#BFFFBF"
             type="rectangle" x="1042" y="538" width="46" height="17"/>
    </entry>
    <entry id="50" name="hsa:3612 hsa:3613 hsa:54928" type="gene" reaction="rn:R01185"
        link="http://www.kegg.jp/dbget-bin/www_bget?hsa:3612+hsa:3613+hsa:54928">
        <graphics name="IMPA1, IMP, IMPA..." fgcolor="#000000" bgcolor="#BFFFBF"
             type="rectangle" x="1042" y="430" width="46" height="17"/>
    </entry>
    <entry id="51" name="hsa:3612 hsa:3613 hsa:54928" type="gene" reaction="rn:R01187"
        link="http://www.kegg.jp/dbget-bin/www_bget?hsa:3612+hsa:3613+hsa:54928">
        <graphics name="IMPA1, IMP, IMPA..." fgcolor="#000000" bgcolor="#BFFFBF"
             type="rectangle" x="1042" y="488" width="46" height="17"/>
    </entry>
    <entry id="52" name="hsa:3631 hsa:8821" type="gene" reaction="rn:R04372"
        link="http://www.kegg.jp/dbget-bin/www_bget?hsa:3631+hsa:8821">
        <graphics name="INPP4A, INPP4, TVAS1..." fgcolor="#000000" bgcolor="#BFFFBF"
             type="rectangle" x="949" y="488" width="46" height="17"/>
    </entry>
    <entry id="53" name="hsa:3628" type="gene" reaction="rn:R03427"
        link="http://www.kegg.jp/dbget-bin/www_bget?hsa:3628">
        <graphics name="INPP1" fgcolor="#000000" bgcolor="#BFFFBF"
             type="rectangle" x="949" y="538" width="46" height="17"/>
    </entry>
    <entry id="54" name="hsa:27124 hsa:3632 hsa:51763" type="gene" reaction="rn:R03394"
        link="http://www.kegg.jp/dbget-bin/www_bget?hsa:27124+hsa:3632+hsa:51763">
        <graphics name="INPP5J, INPP5, PIB5PA, PIPP..." fgcolor="#000000" bgcolor="#BFFFBF"
             type="rectangle" x="840" y="538" width="46" height="17"/>
    </entry>
    <entry id="55" name="hsa:3628" type="gene" reaction="rn:R03393"
        link="http://www.kegg.jp/dbget-bin/www_bget?hsa:3628">
        <graphics name="INPP1" fgcolor="#000000" bgcolor="#BFFFBF"
             type="rectangle" x="840" y="488" width="46" height="17"/>
    </entry>
    <entry id="56" name="hsa:27124 hsa:3632 hsa:51763" type="gene" reaction="rn:R03430"
        link="http://www.kegg.jp/dbget-bin/www_bget?hsa:27124+hsa:3632+hsa:51763">
        <graphics name="INPP5J, INPP5, PIB5PA, PIPP..." fgcolor="#000000" bgcolor="#BFFFBF"
             type="rectangle" x="734" y="460" width="46" height="17"/>
    </entry>
    <entry id="57" name="hsa:3705" type="gene" reaction="rn:R03429"
        link="http://www.kegg.jp/dbget-bin/www_bget?hsa:3705">
        <graphics name="ITPK1, ITRPK1" fgcolor="#000000" bgcolor="#BFFFBF"
             type="rectangle" x="840" y="287" width="46" height="17"/>
    </entry>
    <entry id="58" name="hsa:3706 hsa:3707 hsa:80271" type="gene" reaction="rn:R03433"
        link="http://www.kegg.jp/dbget-bin/www_bget?hsa:3706+hsa:3707+hsa:80271">
        <graphics name="ITPKA, IP3-3KA, IP3KA..." fgcolor="#000000" bgcolor="#BFFFBF"
             type="rectangle" x="735" y="501" width="46" height="17"/>
    </entry>
    <entry id="59" name="hsa:113026 hsa:23236 hsa:51196 hsa:5330 hsa:5331 hsa:5332 hsa:5333 hsa:5335 hsa:5336 hsa:84812 hsa:89869" type="gene" reaction="rn:R10952"
        link="http://www.kegg.jp/dbget-bin/www_bget?hsa:113026+hsa:23236+hsa:51196+hsa:5330+hsa:5331+hsa:5332+hsa:5333+hsa:5335+hsa:5336+hsa:84812+hsa:89869">
        <graphics name="PLCD3, PLC-delta-3..." fgcolor="#000000" bgcolor="#BFFFBF"
             type="rectangle" x="684" y="575" width="46" height="17"/>
    </entry>
    <entry id="60" name="hsa:3635 hsa:3636" type="gene" reaction="rn:R09827"
        link="http://www.kegg.jp/dbget-bin/www_bget?hsa:3635+hsa:3636">
        <graphics name="INPP5D, SHIP, SHIP-1, SHIP1, SIP-145, hp51CN, p150Ship..." fgcolor="#000000" bgcolor="#BFFFBF"
             type="rectangle" x="616" y="597" width="46" height="17"/>
    </entry>
    <entry id="61" name="hsa:4534 hsa:55613 hsa:64419 hsa:8776 hsa:8897 hsa:8898 hsa:9107 hsa:9108 hsa:9110" type="gene" reaction="rn:R03363"
        link="http://www.kegg.jp/dbget-bin/www_bget?hsa:4534+hsa:55613+hsa:64419+hsa:8776+hsa:8897+hsa:8898+hsa:9107+hsa:9108+hsa:9110">
        <graphics name="MTM1, CNM, MTMX, XLMTM..." fgcolor="#000000" bgcolor="#BFFFBF"
             type="rectangle" x="185" y="658" width="46" height="17"/>
    </entry>
    <entry id="62" name="hsa:5728" type="gene" reaction="rn:R04513"
        link="http://www.kegg.jp/dbget-bin/www_bget?hsa:5728">
        <graphics name="PTEN, 10q23del, BZS, CWS1, DEC, GLM2, MHAM, MMAC1, PTEN1, TEP1" fgcolor="#000000" bgcolor="#BFFFBF"
             type="rectangle" x="566" y="192" width="46" height="17"/>
    </entry>
    <entry id="63" name="path:hsa04070" type="map"
        link="http://www.kegg.jp/dbget-bin/www_bget?hsa04070">
        <graphics name="TITLE:Phosphatidylinositol signaling system" fgcolor="#000000" bgcolor="#FFFFFF"
             type="roundrectangle" x="213" y="58" width="346" height="25"/>
    </entry>
    <entry id="64" name="hsa:55529 hsa:90809" type="gene" reaction="rn:R08981"
        link="http://www.kegg.jp/dbget-bin/www_bget?hsa:55529+hsa:90809">
        <graphics name="TMEM55A..." fgcolor="#000000" bgcolor="#BFFFBF"
             type="rectangle" x="313" y="152" width="46" height="17"/>
    </entry>
    <entry id="65" name="hsa:3631 hsa:8821" type="gene" reaction="rn:R10950"
        link="http://www.kegg.jp/dbget-bin/www_bget?hsa:3631+hsa:8821">
        <graphics name="INPP4A, INPP4, TVAS1..." fgcolor="#000000" bgcolor="#BFFFBF"
             type="rectangle" x="840" y="431" width="46" height="17"/>
    </entry>
    <entry id="66" name="hsa:4534 hsa:55613 hsa:64419 hsa:8776 hsa:8897 hsa:8898 hsa:9107 hsa:9108 hsa:9110" type="gene" reaction="rn:R10928"
        link="http://www.kegg.jp/dbget-bin/www_bget?hsa:4534+hsa:55613+hsa:64419+hsa:8776+hsa:8897+hsa:8898+hsa:9107+hsa:9108+hsa:9110">
        <graphics name="MTM1, CNM, MTMX, XLMTM..." fgcolor="#000000" bgcolor="#BFFFBF"
             type="rectangle" x="313" y="219" width="46" height="17"/>
    </entry>
    <entry id="67" name="path:hsa04151" type="map"
        link="http://www.kegg.jp/dbget-bin/www_bget?hsa04151">
        <graphics name="PI3K-Akt signaling pathway" fgcolor="#000000" bgcolor="#FFFFFF"
             type="roundrectangle" x="532" y="267" width="100" height="34"/>
    </entry>
    <entry id="68" name="path:hsa04020" type="map"
        link="http://www.kegg.jp/dbget-bin/www_bget?hsa04020">
        <graphics name="Calcium signaling pathway" fgcolor="#000000" bgcolor="#FFFFFF"
             type="roundrectangle" x="1048" y="794" width="117" height="34"/>
    </entry>
    <entry id="69" name="cpd:C11555" type="compound"
        link="http://www.kegg.jp/dbget-bin/www_bget?C11555">
        <graphics name="C11555" fgcolor="#000000" bgcolor="#FFFFFF"
             type="circle" x="900" y="341" width="8" height="8"/>
    </entry>
    <entry id="70" name="hsa:253430" type="gene" reaction="rn:R05801"
        link="http://www.kegg.jp/dbget-bin/www_bget?hsa:253430">
        <graphics name="IPMK" fgcolor="#000000" bgcolor="#BFFFBF"
             type="rectangle" x="949" y="342" width="46" height="17"/>
    </entry>
    <entry id="71" name="hsa:253430" type="gene" reaction="rn:R05800"
        link="http://www.kegg.jp/dbget-bin/www_bget?hsa:253430">
        <graphics name="IPMK" fgcolor="#000000" bgcolor="#BFFFBF"
             type="rectangle" x="840" y="342" width="46" height="17"/>
    </entry>
    <entry id="72" name="cpd:C11174" type="compound"
        link="http://www.kegg.jp/dbget-bin/www_bget?C11174">
        <graphics name="C11174" fgcolor="#000000" bgcolor="#FFFFFF"
             type="circle" x="1096" y="287" width="8" height="8"/>
    </entry>
    <entry id="73" name="cpd:C20690" type="compound"
        link="http://www.kegg.jp/dbget-bin/www_bget?C20690">
        <graphics name="C20690" fgcolor="#000000" bgcolor="#FFFFFF"
             type="circle" x="1185" y="287" width="8" height="8"/>
    </entry>
    <entry id="74" name="hsa:117283 hsa:51447 hsa:9807" type="gene" reaction="rn:R09087"
        link="http://www.kegg.jp/dbget-bin/www_bget?hsa:117283+hsa:51447+hsa:9807">
        <graphics name="IP6K3, IHPK3, INSP6K3..." fgcolor="#000000" bgcolor="#BFFFBF"
             type="rectangle" x="1136" y="342" width="46" height="17"/>
    </entry>
    <entry id="75" name="hsa:117283 hsa:51447 hsa:9807" type="gene" reaction="rn:R10548"
        link="http://www.kegg.jp/dbget-bin/www_bget?hsa:117283+hsa:51447+hsa:9807">
        <graphics name="IP6K3, IHPK3, INSP6K3..." fgcolor="#000000" bgcolor="#BFFFBF"
             type="rectangle" x="1136" y="288" width="46" height="17"/>
    </entry>
    <entry id="76" name="hsa:23262 hsa:9677" type="gene" reaction="rn:R05799"
        link="http://www.kegg.jp/dbget-bin/www_bget?hsa:23262+hsa:9677">
        <graphics name="PPIP5K2, HISPPD1, IP7K2, VIP2..." fgcolor="#000000" bgcolor="#BFFFBF"
             type="rectangle" x="1096" y="317" width="46" height="17"/>
    </entry>
    <entry id="77" name="hsa:23262 hsa:9677" type="gene" reaction="rn:R08964"
        link="http://www.kegg.jp/dbget-bin/www_bget?hsa:23262+hsa:9677">
        <graphics name="PPIP5K2, HISPPD1, IP7K2, VIP2..." fgcolor="#000000" bgcolor="#BFFFBF"
             type="rectangle" x="1185" y="317" width="46" height="17"/>
    </entry>
    <entry id="78" name="hsa:23533 hsa:5289 hsa:5295 hsa:5296 hsa:8503" type="gene" reaction="rn:R03362"
        link="http://www.kegg.jp/dbget-bin/www_bget?hsa:23533+hsa:5289+hsa:5295+hsa:5296+hsa:8503">
        <graphics name="PIK3R5, F730038I15Rik, FOAP-2, P101-PI3K, p101..." fgcolor="#000000" bgcolor="#BFFFBF"
             type="rectangle" x="185" y="589" width="46" height="17"/>
    </entry>
    <entry id="79" name="hsa:5578 hsa:5579 hsa:5582" type="gene"
        link="http://www.kegg.jp/dbget-bin/www_bget?hsa:5578+hsa:5579+hsa:5582">
        <graphics name="PRKCA, AAG6, PKC-alpha, PKCA, PRKACA..." fgcolor="#000000" bgcolor="#BFFFBF"
             type="rectangle" x="957" y="794" width="46" height="17"/>
    </entry>
    <entry id="80" name="hsa:3633 hsa:4952 hsa:56623 hsa:8867 hsa:8871" type="gene" reaction="rn:R09827"
        link="http://www.kegg.jp/dbget-bin/www_bget?hsa:3633+hsa:4952+hsa:56623+hsa:8867+hsa:8871">
        <graphics name="INPP5B, 5PTase..." fgcolor="#000000" bgcolor="#BFFFBF"
             type="rectangle" x="566" y="597" width="46" height="17"/>
    </entry>
    <entry id="81" name="path:hsa04144" type="map"
        link="http://www.kegg.jp/dbget-bin/www_bget?hsa04144">
        <graphics name="Endocytosis" fgcolor="#000000" bgcolor="#FFFFFF"
             type="roundrectangle" x="483" y="545" width="92" height="25"/>
    </entry>
    <entry id="82" name="hsa:253430" type="gene" reaction="rn:R10953"
        link="http://www.kegg.jp/dbget-bin/www_bget?hsa:253430">
        <graphics name="IPMK" fgcolor="#000000" bgcolor="#BFFFBF"
             type="rectangle" x="840" y="234" width="46" height="17"/>
    </entry>
    <relation entry1="6" entry2="37" type="ECrel">
        <subtype name="compound" value="31"/>
    </relation>
    <relation entry1="37" entry2="39" type="ECrel">
        <subtype name="compound" value="31"/>
    </relation>
    <relation entry1="1" entry2="37" type="ECrel">
        <subtype name="compound" value="31"/>
    </relation>
    <relation entry1="37" entry2="61" type="ECrel">
        <subtype name="compound" value="31"/>
    </relation>
    <relation entry1="34" entry2="37" type="ECrel">
        <subtype name="compound" value="31"/>
    </relation>
    <relation entry1="6" entry2="39" type="ECrel">
        <subtype name="compound" value="31"/>
    </relation>
    <relation entry1="1" entry2="6" type="ECrel">
        <subtype name="compound" value="31"/>
    </relation>
    <relation entry1="6" entry2="61" type="ECrel">
        <subtype name="compound" value="31"/>
    </relation>
    <relation entry1="6" entry2="34" type="ECrel">
        <subtype name="compound" value="31"/>
    </relation>
    <relation entry1="1" entry2="39" type="ECrel">
        <subtype name="compound" value="28"/>
    </relation>
    <relation entry1="1" entry2="39" type="ECrel">
        <subtype name="compound" value="31"/>
    </relation>
    <relation entry1="39" entry2="61" type="ECrel">
        <subtype name="compound" value="28"/>
    </relation>
    <relation entry1="39" entry2="61" type="ECrel">
        <subtype name="compound" value="31"/>
    </relation>
    <relation entry1="34" entry2="39" type="ECrel">
        <subtype name="compound" value="31"/>
    </relation>
    <relation entry1="1" entry2="34" type="ECrel">
        <subtype name="compound" value="31"/>
    </relation>
    <relation entry1="34" entry2="61" type="ECrel">
        <subtype name="compound" value="31"/>
    </relation>
    <relation entry1="37" entry2="46" type="ECrel">
        <subtype name="compound" value="5"/>
    </relation>
    <relation entry1="46" entry2="62" type="ECrel">
        <subtype name="compound" value="22"/>
    </relation>
    <relation entry1="35" entry2="46" type="ECrel">
        <subtype name="compound" value="22"/>
    </relation>
    <relation entry1="7" entry2="46" type="ECrel">
        <subtype name="compound" value="22"/>
    </relation>
    <relation entry1="35" entry2="62" type="ECrel">
        <subtype name="compound" value="29"/>
    </relation>
    <relation entry1="35" entry2="62" type="ECrel">
        <subtype name="compound" value="22"/>
    </relation>
    <relation entry1="7" entry2="62" type="ECrel">
        <subtype name="compound" value="22"/>
    </relation>
    <relation entry1="7" entry2="35" type="ECrel">
        <subtype name="compound" value="22"/>
    </relation>
    <relation entry1="36" entry2="38" type="ECrel">
        <subtype name="compound" value="30"/>
    </relation>
    <relation entry1="38" entry2="45" type="ECrel">
        <subtype name="compound" value="30"/>
    </relation>
    <relation entry1="38" entry2="43" type="ECrel">
        <subtype name="compound" value="30"/>
    </relation>
    <relation entry1="38" entry2="59" type="ECrel">
        <subtype name="compound" value="30"/>
    </relation>
    <relation entry1="36" entry2="45" type="ECrel">
        <subtype name="compound" value="22"/>
    </relation>
    <relation entry1="36" entry2="45" type="ECrel">
        <subtype name="compound" value="30"/>
    </relation>
    <relation entry1="36" entry2="43" type="ECrel">
        <subtype name="compound" value="30"/>
    </relation>
    <relation entry1="36" entry2="59" type="ECrel">
        <subtype name="compound" value="30"/>
    </relation>
    <relation entry1="43" entry2="45" type="ECrel">
        <subtype name="compound" value="30"/>
    </relation>
    <relation entry1="45" entry2="59" type="ECrel">
        <subtype name="compound" value="30"/>
    </relation>
    <relation entry1="43" entry2="59" type="ECrel">
        <subtype name="compound" value="30"/>
    </relation>
    <relation entry1="60" entry2="62" type="ECrel">
        <subtype name="compound" value="29"/>
    </relation>
    <relation entry1="35" entry2="60" type="ECrel">
        <subtype name="compound" value="29"/>
    </relation>
    <relation entry1="39" entry2="44" type="ECrel">
        <subtype name="compound" value="28"/>
    </relation>
    <relation entry1="39" entry2="42" type="ECrel">
        <subtype name="compound" value="28"/>
    </relation>
    <relation entry1="1" entry2="44" type="ECrel">
        <subtype name="compound" value="28"/>
    </relation>
    <relation entry1="1" entry2="42" type="ECrel">
        <subtype name="compound" value="28"/>
    </relation>
    <relation entry1="44" entry2="61" type="ECrel">
        <subtype name="compound" value="28"/>
    </relation>
    <relation entry1="42" entry2="61" type="ECrel">
        <subtype name="compound" value="28"/>
    </relation>
    <relation entry1="42" entry2="44" type="ECrel">
        <subtype name="compound" value="28"/>
    </relation>
    <relation entry1="42" entry2="43" type="ECrel">
        <subtype name="compound" value="3"/>
    </relation>
    <relation entry1="43" entry2="60" type="ECrel">
        <subtype name="compound" value="3"/>
    </relation>
    <relation entry1="42" entry2="60" type="ECrel">
        <subtype name="compound" value="3"/>
    </relation>
    <relation entry1="47" entry2="57" type="ECrel">
        <subtype name="compound" value="21"/>
    </relation>
    <relation entry1="2" entry2="47" type="ECrel">
        <subtype name="compound" value="16"/>
    </relation>
    <relation entry1="56" entry2="58" type="ECrel">
        <subtype name="compound" value="12"/>
    </relation>
    <relation entry1="55" entry2="56" type="ECrel">
        <subtype name="compound" value="11"/>
    </relation>
    <relation entry1="48" entry2="50" type="ECrel">
        <subtype name="compound" value="15"/>
    </relation>
    <relation entry1="52" entry2="55" type="ECrel">
        <subtype name="compound" value="19"/>
    </relation>
    <relation entry1="51" entry2="52" type="ECrel">
        <subtype name="compound" value="14"/>
    </relation>
    <relation entry1="50" entry2="51" type="ECrel">
        <subtype name="compound" value="23"/>
    </relation>
    <relation entry1="49" entry2="50" type="ECrel">
        <subtype name="compound" value="23"/>
    </relation>
    <relation entry1="34" entry2="50" type="ECrel">
        <subtype name="compound" value="23"/>
    </relation>
    <relation entry1="49" entry2="51" type="ECrel">
        <subtype name="compound" value="23"/>
    </relation>
    <relation entry1="34" entry2="51" type="ECrel">
        <subtype name="compound" value="23"/>
    </relation>
    <relation entry1="34" entry2="49" type="ECrel">
        <subtype name="compound" value="23"/>
    </relation>
    <relation entry1="7" entry2="58" type="ECrel">
        <subtype name="compound" value="17"/>
    </relation>
    <relation entry1="54" entry2="58" type="ECrel">
        <subtype name="compound" value="17"/>
    </relation>
    <relation entry1="7" entry2="54" type="ECrel">
        <subtype name="compound" value="17"/>
    </relation>
    <relation entry1="54" entry2="59" type="ECrel">
        <subtype name="compound" value="18"/>
    </relation>
    <relation entry1="53" entry2="54" type="ECrel">
        <subtype name="compound" value="18"/>
    </relation>
    <relation entry1="53" entry2="59" type="ECrel">
        <subtype name="compound" value="18"/>
    </relation>
    <relation entry1="49" entry2="53" type="ECrel">
        <subtype name="compound" value="13"/>
    </relation>
    <relation entry1="6" entry2="59" type="ECrel">
        <subtype name="compound" value="27"/>
    </relation>
    <relation entry1="7" entry2="59" type="ECrel">
        <subtype name="compound" value="27"/>
    </relation>
    <relation entry1="41" entry2="59" type="ECrel">
        <subtype name="compound" value="27"/>
    </relation>
    <relation entry1="6" entry2="7" type="ECrel">
        <subtype name="compound" value="27"/>
    </relation>
    <relation entry1="6" entry2="41" type="ECrel">
        <subtype name="compound" value="27"/>
    </relation>
    <relation entry1="7" entry2="41" type="ECrel">
        <subtype name="compound" value="27"/>
    </relation>
    <relation entry1="40" entry2="41" type="ECrel">
        <subtype name="compound" value="26"/>
    </relation>
    <relation entry1="34" entry2="40" type="ECrel">
        <subtype name="compound" value="25"/>
    </relation>
    <relation entry1="36" entry2="46" type="ECrel">
        <subtype name="compound" value="22"/>
    </relation>
    <relation entry1="45" entry2="46" type="ECrel">
        <subtype name="compound" value="22"/>
    </relation>
    <relation entry1="36" entry2="62" type="ECrel">
        <subtype name="compound" value="22"/>
    </relation>
    <relation entry1="35" entry2="36" type="ECrel">
        <subtype name="compound" value="22"/>
    </relation>
    <relation entry1="7" entry2="36" type="ECrel">
        <subtype name="compound" value="22"/>
    </relation>
    <relation entry1="45" entry2="62" type="ECrel">
        <subtype name="compound" value="22"/>
    </relation>
    <relation entry1="35" entry2="45" type="ECrel">
        <subtype name="compound" value="22"/>
    </relation>
    <relation entry1="7" entry2="45" type="ECrel">
        <subtype name="compound" value="22"/>
    </relation>
    <relation entry1="6" entry2="38" type="ECrel">
        <subtype name="compound" value="31"/>
    </relation>
    <relation entry1="37" entry2="38" type="ECrel">
        <subtype name="compound" value="31"/>
    </relation>
    <relation entry1="38" entry2="39" type="ECrel">
        <subtype name="compound" value="31"/>
    </relation>
    <relation entry1="1" entry2="38" type="ECrel">
        <subtype name="compound" value="31"/>
    </relation>
    <relation entry1="38" entry2="61" type="ECrel">
        <subtype name="compound" value="31"/>
    </relation>
    <relation entry1="34" entry2="38" type="ECrel">
        <subtype name="compound" value="31"/>
    </relation>
    <relation entry1="6" entry2="48" type="ECrel">
        <subtype name="compound" value="15"/>
    </relation>
    <relation entry1="6" entry2="50" type="ECrel">
        <subtype name="compound" value="15"/>
    </relation>
    <relation entry1="46" entry2="64" type="ECrel">
        <subtype name="compound" value="22"/>
    </relation>
    <relation entry1="35" entry2="64" type="ECrel">
        <subtype name="compound" value="22"/>
    </relation>
    <relation entry1="62" entry2="64" type="ECrel">
        <subtype name="compound" value="22"/>
    </relation>
    <relation entry1="36" entry2="64" type="ECrel">
        <subtype name="compound" value="22"/>
    </relation>
    <relation entry1="45" entry2="64" type="ECrel">
        <subtype name="compound" value="22"/>
    </relation>
    <relation entry1="37" entry2="64" type="ECrel">
        <subtype name="compound" value="5"/>
    </relation>
    <relation entry1="46" entry2="64" type="ECrel">
        <subtype name="compound" value="5"/>
    </relation>
    <relation entry1="66" entry2="64" type="ECrel">
        <subtype name="compound" value="5"/>
    </relation>
    <relation entry1="44" entry2="66" type="ECrel">
        <subtype name="compound" value="4"/>
    </relation>
    <relation entry1="37" entry2="66" type="ECrel">
        <subtype name="compound" value="5"/>
    </relation>
    <relation entry1="46" entry2="66" type="ECrel">
        <subtype name="compound" value="5"/>
    </relation>
    <relation entry1="44" entry2="78" type="ECrel">
        <subtype name="compound" value="28"/>
    </relation>
    <relation entry1="42" entry2="78" type="ECrel">
        <subtype name="compound" value="28"/>
    </relation>
    <relation entry1="1" entry2="78" type="ECrel">
        <subtype name="compound" value="28"/>
    </relation>
    <relation entry1="61" entry2="78" type="ECrel">
        <subtype name="compound" value="28"/>
    </relation>
    <relation entry1="1" entry2="78" type="ECrel">
        <subtype name="compound" value="31"/>
    </relation>
    <relation entry1="61" entry2="78" type="ECrel">
        <subtype name="compound" value="31"/>
    </relation>
    <relation entry1="38" entry2="78" type="ECrel">
        <subtype name="compound" value="31"/>
    </relation>
    <relation entry1="37" entry2="78" type="ECrel">
        <subtype name="compound" value="31"/>
    </relation>
    <relation entry1="6" entry2="78" type="ECrel">
        <subtype name="compound" value="31"/>
    </relation>
    <relation entry1="34" entry2="78" type="ECrel">
        <subtype name="compound" value="31"/>
    </relation>
    <relation entry1="54" entry2="71" type="ECrel">
        <subtype name="compound" value="17"/>
    </relation>
    <relation entry1="58" entry2="71" type="ECrel">
        <subtype name="compound" value="17"/>
    </relation>
    <relation entry1="7" entry2="71" type="ECrel">
        <subtype name="compound" value="17"/>
    </relation>
    <relation entry1="56" entry2="57" type="ECrel">
        <subtype name="compound" value="11"/>
    </relation>
    <relation entry1="65" entry2="57" type="ECrel">
        <subtype name="compound" value="11"/>
    </relation>
    <relation entry1="55" entry2="57" type="ECrel">
        <subtype name="compound" value="11"/>
    </relation>
    <relation entry1="65" entry2="55" type="ECrel">
        <subtype name="compound" value="11"/>
    </relation>
    <relation entry1="56" entry2="65" type="ECrel">
        <subtype name="compound" value="11"/>
    </relation>
    <relation entry1="48" entry2="65" type="ECrel">
        <subtype name="compound" value="20"/>
    </relation>
    <relation entry1="2" entry2="70" type="ECrel">
        <subtype name="compound" value="16"/>
    </relation>
    <relation entry1="47" entry2="70" type="ECrel">
        <subtype name="compound" value="16"/>
    </relation>
    <relation entry1="76" entry2="2" type="ECrel">
        <subtype name="compound" value="24"/>
    </relation>
    <relation entry1="74" entry2="2" type="ECrel">
        <subtype name="compound" value="24"/>
    </relation>
    <relation entry1="77" entry2="74" type="ECrel">
        <subtype name="compound" value="8"/>
    </relation>
    <relation entry1="75" entry2="76" type="ECrel">
        <subtype name="compound" value="72"/>
    </relation>
    <relation entry1="77" entry2="75" type="ECrel">
        <subtype name="compound" value="73"/>
    </relation>
    <relation entry1="74" entry2="76" type="ECrel">
        <subtype name="compound" value="24"/>
    </relation>
    <relation entry1="80" entry2="62" type="ECrel">
        <subtype name="compound" value="29"/>
    </relation>
    <relation entry1="80" entry2="35" type="ECrel">
        <subtype name="compound" value="29"/>
    </relation>
    <relation entry1="80" entry2="42" type="ECrel">
        <subtype name="compound" value="3"/>
    </relation>
    <relation entry1="80" entry2="43" type="ECrel">
        <subtype name="compound" value="3"/>
    </relation>
    <relation entry1="58" entry2="82" type="ECrel">
        <subtype name="compound" value="12"/>
    </relation>
    <relation entry1="82" entry2="56" type="ECrel">
        <subtype name="compound" value="12"/>
    </relation>
    <relation entry1="82" entry2="2" type="ECrel">
        <subtype name="compound" value="16"/>
    </relation>
    <relation entry1="82" entry2="47" type="ECrel">
        <subtype name="compound" value="16"/>
    </relation>
    <reaction id="1" name="rn:R03363" type="irreversible">
        <substrate id="28" name="cpd:C04549"/>
        <product id="31" name="cpd:C01194"/>
    </reaction>
    <reaction id="2" name="rn:R05202" type="irreversible">
        <substrate id="16" name="cpd:C01284"/>
        <product id="24" name="cpd:C01204"/>
    </reaction>
    <reaction id="6" name="rn:R03332" type="irreversible">
        <substrate id="31" name="cpd:C01194"/>
        <product id="27" name="cpd:C00641"/>
        <product id="15" name="cpd:C01177"/>
    </reaction>
    <reaction id="7" name="rn:R03435" type="irreversible">
        <substrate id="22" name="cpd:C04637"/>
        <product id="27" name="cpd:C00641"/>
        <product id="17" name="cpd:C01245"/>
    </reaction>
    <reaction id="34" name="rn:R01802" type="irreversible">
        <substrate id="23" name="cpd:C00137"/>
        <substrate id="25" name="cpd:C00269"/>
        <product id="31" name="cpd:C01194"/>
    </reaction>
    <reaction id="35" name="rn:R04545" type="irreversible">
        <substrate id="22" name="cpd:C04637"/>
        <product id="29" name="cpd:C05981"/>
    </reaction>
    <reaction id="36" name="rn:R03469" type="irreversible">
        <substrate id="30" name="cpd:C01277"/>
        <product id="22" name="cpd:C04637"/>
    </reaction>
    <reaction id="37" name="rn:R10951" type="irreversible">
        <substrate id="31" name="cpd:C01194"/>
        <product id="5" name="cpd:C11557"/>
    </reaction>
    <reaction id="38" name="rn:R03361" type="irreversible">
        <substrate id="31" name="cpd:C01194"/>
        <product id="30" name="cpd:C01277"/>
    </reaction>
    <reaction id="39" name="rn:R03362" type="irreversible">
        <substrate id="31" name="cpd:C01194"/>
        <product id="28" name="cpd:C04549"/>
    </reaction>
    <reaction id="40" name="rn:R01799" type="irreversible">
        <substrate id="26" name="cpd:C00416"/>
        <product id="25" name="cpd:C00269"/>
    </reaction>
    <reaction id="41" name="rn:R02240" type="irreversible">
        <substrate id="27" name="cpd:C00641"/>
        <product id="26" name="cpd:C00416"/>
    </reaction>
    <reaction id="42" name="rn:R04372" type="irreversible">
        <substrate id="3" name="cpd:C11554"/>
        <product id="28" name="cpd:C04549"/>
    </reaction>
    <reaction id="43" name="rn:R05795" type="irreversible">
        <substrate id="30" name="cpd:C01277"/>
        <product id="3" name="cpd:C11554"/>
    </reaction>
    <reaction id="44" name="rn:R05802" type="irreversible">
        <substrate id="28" name="cpd:C04549"/>
        <product id="4" name="cpd:C11556"/>
    </reaction>
    <reaction id="45" name="rn:R04404" type="irreversible">
        <substrate id="22" name="cpd:C04637"/>
        <product id="30" name="cpd:C01277"/>
    </reaction>
    <reaction id="46" name="rn:R05803" type="irreversible">
        <substrate id="5" name="cpd:C11557"/>
        <product id="22" name="cpd:C04637"/>
    </reaction>
    <reaction id="47" name="rn:R03478" type="irreversible">
        <substrate id="21" name="cpd:C04477"/>
        <product id="16" name="cpd:C01284"/>
    </reaction>
    <reaction id="48" name="rn:R03330" type="irreversible">
        <substrate id="20" name="cpd:C04062"/>
        <product id="15" name="cpd:C01177"/>
    </reaction>
    <reaction id="49" name="rn:R01186" type="irreversible">
        <substrate id="13" name="cpd:C03546"/>
        <product id="23" name="cpd:C00137"/>
    </reaction>
    <reaction id="50" name="rn:R01185" type="irreversible">
        <substrate id="15" name="cpd:C01177"/>
        <product id="23" name="cpd:C00137"/>
    </reaction>
    <reaction id="51" name="rn:R01187" type="irreversible">
        <substrate id="14" name="cpd:C04006"/>
        <product id="23" name="cpd:C00137"/>
    </reaction>
    <reaction id="52" name="rn:R04372" type="irreversible">
        <substrate id="19" name="cpd:C04063"/>
        <product id="14" name="cpd:C04006"/>
    </reaction>
    <reaction id="53" name="rn:R03427" type="irreversible">
        <substrate id="18" name="cpd:C01220"/>
        <product id="13" name="cpd:C03546"/>
    </reaction>
    <reaction id="54" name="rn:R03394" type="irreversible">
        <substrate id="17" name="cpd:C01245"/>
        <product id="18" name="cpd:C01220"/>
    </reaction>
    <reaction id="55" name="rn:R03393" type="irreversible">
        <substrate id="11" name="cpd:C01243"/>
        <product id="19" name="cpd:C04063"/>
    </reaction>
    <reaction id="56" name="rn:R03430" type="irreversible">
        <substrate id="12" name="cpd:C01272"/>
        <product id="11" name="cpd:C01243"/>
    </reaction>
    <reaction id="57" name="rn:R03429" type="irreversible">
        <substrate id="11" name="cpd:C01243"/>
        <product id="21" name="cpd:C04477"/>
    </reaction>
    <reaction id="58" name="rn:R03433" type="irreversible">
        <substrate id="17" name="cpd:C01245"/>
        <product id="12" name="cpd:C01272"/>
    </reaction>
    <reaction id="59" name="rn:R10952" type="irreversible">
        <substrate id="30" name="cpd:C01277"/>
        <product id="27" name="cpd:C00641"/>
        <product id="18" name="cpd:C01220"/>
    </reaction>
    <reaction id="60" name="rn:R09827" type="irreversible">
        <substrate id="29" name="cpd:C05981"/>
        <product id="3" name="cpd:C11554"/>
    </reaction>
    <reaction id="61" name="rn:R03363" type="irreversible">
        <substrate id="28" name="cpd:C04549"/>
        <product id="31" name="cpd:C01194"/>
    </reaction>
    <reaction id="62" name="rn:R04513" type="irreversible">
        <substrate id="29" name="cpd:C05981"/>
        <product id="22" name="cpd:C04637"/>
    </reaction>
    <reaction id="64" name="rn:R08981" type="irreversible">
        <substrate id="22" name="cpd:C04637"/>
        <product id="5" name="cpd:C11557"/>
    </reaction>
    <reaction id="65" name="rn:R10950" type="irreversible">
        <substrate id="11" name="cpd:C01243"/>
        <product id="20" name="cpd:C04062"/>
    </reaction>
    <reaction id="66" name="rn:R10928" type="irreversible">
        <substrate id="4" name="cpd:C11556"/>
        <product id="5" name="cpd:C11557"/>
    </reaction>
    <reaction id="71" name="rn:R05800" type="irreversible">
        <substrate id="17" name="cpd:C01245"/>
        <product id="69" name="cpd:C11555"/>
    </reaction>
    <reaction id="70" name="rn:R05801" type="irreversible">
        <substrate id="69" name="cpd:C11555"/>
        <product id="16" name="cpd:C01284"/>
    </reaction>
    <reaction id="74" name="rn:R09087" type="irreversible">
        <substrate id="24" name="cpd:C01204"/>
        <product id="8" name="cpd:C11526"/>
    </reaction>
    <reaction id="75" name="rn:R10548" type="irreversible">
        <substrate id="72" name="cpd:C11174"/>
        <product id="73" name="cpd:C20690"/>
    </reaction>
    <reaction id="76" name="rn:R05799" type="irreversible">
        <substrate id="24" name="cpd:C01204"/>
        <product id="72" name="cpd:C11174"/>
    </reaction>
    <reaction id="77" name="rn:R08964" type="irreversible">
        <substrate id="8" name="cpd:C11526"/>
        <product id="73" name="cpd:C20690"/>
    </reaction>
    <reaction id="78" name="rn:R03362" type="irreversible">
        <substrate id="31" name="cpd:C01194"/>
        <product id="28" name="cpd:C04549"/>
    </reaction>
    <reaction id="80" name="rn:R09827" type="irreversible">
        <substrate id="29" name="cpd:C05981"/>
        <product id="3" name="cpd:C11554"/>
    </reaction>
    <reaction id="82" name="rn:R10953" type="irreversible">
        <substrate id="12" name="cpd:C01272"/>
        <product id="16" name="cpd:C01284"/>
    </reaction>
</pathway>
