"Collection","Gene_Set","Size","N_Comp","Pval_Max","Pval_Meta","Abs_NES_Min","Abs_NES_Avg","B_Cell_NES","T_Cell_Pval","Monocyte_NES","B_Cell_Pval","T_Cell_NES","Monocyte_Pval"
"C7_Immunologic_signatures","C7_ALL_1286_GSE29618_BCELL_VS_MDC_DAY7_FLU_VACCINE_DN",200,3,0.15239726,1.75424178540756e-11,1.1312448,2.00334616666667,-3.263806,0.001,-1.1312448,0.15239726,-1.6149877,0.001
"C4_Cancer_gene_neighborhoods","C4_CGN_287_GNF2_CARD15",69,3,0.05168986,1.1982141601935e-10,1.3671494,1.9392758,-2.9443908,0.001,-1.5062872,0.007633588,-1.3671494,0.05168986
"C7_Immunologic_signatures","C7_ALL_1886_GSE9988_ANTI_TREM1_VS_LOW_LPS_MONOCYTE_DN",196,3,0.001,5.52677165183571e-16,2.1013978,2.41578093333333,-2.9266202,0.001,-2.1013978,0.001,-2.2193248,0.001
"C7_Immunologic_signatures","C7_ALL_1899_GSE9988_LPS_VS_VEHICLE_TREATED_MONOCYTE_UP",192,3,0.001,5.52677165183571e-16,1.9496381,2.2911178,-2.8879342,0.001,-1.9496381,0.001,-2.0357811,0.001
"C4_Cancer_gene_neighborhoods","C4_CGN_330_GNF2_CD33",51,3,0.038617887,1.06860451182934e-12,1.4680915,2.13339903333333,-2.8852642,0.001,-2.0468414,0.001,-1.4680915,0.038617887
"C7_Immunologic_signatures","C7_ALL_1905_GSE9988_LOW_LPS_VS_VEHICLE_TREATED_MONOCYTE_UP",192,3,0.001,5.52677165183571e-16,1.970719,2.2827404,-2.8612406,0.001,-1.970719,0.001,-2.0162616,0.001
"C7_Immunologic_signatures","C7_ALL_37_GSE10325_CD4_TCELL_VS_BCELL_UP",195,3,0.050847456,1.87647100777136e-12,1.2235934,1.93500006666667,-2.8542745,0.001,1.2235934,0.050847456,-1.7271323,0.001
"C4_Cancer_gene_neighborhoods","C4_CGN_329_GNF2_CD1D",44,3,0.010593221,7.46789604958067e-14,1.5933502,2.12228396666667,-2.8498337,0.001,-1.923668,0.001,-1.5933502,0.010593221
"C7_Immunologic_signatures","C7_ALL_1884_GSE9988_ANTI_TREM1_VS_LPS_MONOCYTE_DN",197,3,0.001,5.52677165183571e-16,1.7934937,2.27863713333333,-2.8365862,0.001,-1.7934937,0.001,-2.2058315,0.001
"C7_Immunologic_signatures","C7_ALL_1888_GSE9988_ANTI_TREM1_VS_ANTI_TREM1_AND_LPS_MONOCYTE_DN",191,3,0.001,5.52677165183571e-16,2.0906882,2.40493216666667,-2.8171124,0.001,-2.0906882,0.001,-2.3069959,0.001
"C7_Immunologic_signatures","C7_ALL_1903_GSE9988_LOW_LPS_VS_CTRL_TREATED_MONOCYTE_UP",193,3,0.001,5.52677165183571e-16,2.0208032,2.3045605,-2.8015575,0.001,-2.0208032,0.001,-2.0913208,0.001
"C7_Immunologic_signatures","C7_ALL_1897_GSE9988_LPS_VS_CTRL_TREATED_MONOCYTE_UP",191,3,0.001,5.52677165183571e-16,1.8530394,2.20247633333333,-2.7895362,0.001,-1.8530394,0.001,-1.9648534,0.001
"C4_Cancer_gene_neighborhoods","C4_CGN_353_GNF2_FOS",41,3,0.018480493,2.35253740396484e-13,1.4643075,2.0548784,-2.7106776,0.001,-1.9896501,0.001,-1.4643075,0.018480493
"C4_Cancer_gene_neighborhoods","C4_CGN_328_GNF2_CD14",34,3,0.02357564,1.37128103895061e-11,1.5043917,1.95304483333333,-2.7102797,0.001,-1.6444631,0.005725191,-1.5043917,0.02357564
"C7_Immunologic_signatures","C7_ALL_1909_GSE9988_ANTI_TREM1_AND_LPS_VS_VEHICLE_TREATED_MONOCYTES_UP",190,3,0.01446281,1.41980900261603e-13,1.4337919,1.95367816666667,-2.6559205,0.001,-1.7713221,0.001,-1.4337919,0.01446281
"C2_Chemical_and_genetic_perturbations","C2_CGP_321_JAATINEN_HEMATOPOIETIC_STEM_CELL_DN",223,3,0.001,5.52677165183571e-16,1.5823779,2.00050723333333,-2.6501586,0.001,1.7689852,0.001,-1.5823779,0.001
"C7_Immunologic_signatures","C7_ALL_1907_GSE9988_ANTI_TREM1_AND_LPS_VS_CTRL_TREATED_MONOCYTES_UP",193,3,0.001,5.52677165183571e-16,1.6789812,2.0691873,-2.6423519,0.001,-1.8862288,0.001,-1.6789812,0.001
"C7_Immunologic_signatures","C7_ALL_961_GSE22886_DAY0_VS_DAY1_MONOCYTE_IN_CULTURE_UP",200,3,0.086363636,5.53134569362187e-12,1.1998061,2.0245446,-2.5232787,0.001,1.1998061,0.086363636,-2.350549,0.001
"KEGG_pathway","HSA05134_LEGIONELLOSIS",55,3,0.048148148,1.67840471413555e-12,1.3970107,1.90561266666667,-2.426154,0.001,-1.3970107,0.048148148,-1.8936733,0.001
"KEGG_compound","C07645_ALDOPHOSPHAMIDE",27,3,0.0017889087,1.86173794183138e-15,1.861551,2.05040683333333,-2.3376102,0.001,-1.861551,0.0017889087,-1.9520593,0.001
"KEGG_compound","C14786__1R_2S_NAPHTHALENE_1_2_OXIDE_1R_2S_NAPHTHALENE_EPOXIDE",25,3,0.013409962,1.2149107621341e-13,1.6736606,2.00974166666667,-2.2952664,0.001,-2.060298,0.001,-1.6736606,0.013409962
"KEGG_compound","C14802_1_NITRONAPHTHALENE_7_8_OXIDE",19,3,0.007561437,3.71945775068459e-14,1.8565164,2.0210601,-2.2733784,0.001,-1.9332855,0.001,-1.8565164,0.007561437
"C2_Chemical_and_genetic_perturbations","C2_CGP_2983_DAZARD_UV_RESPONSE_CLUSTER_G28",20,3,0.0020533882,1.0851239834116e-14,1.8522844,2.0126399,-2.2611575,0.001,-1.9244778,0.0020325202,-1.8522844,0.0020533882
"C1_Positional","C1_ALL_235_CHR11Q11",46,3,0.001,5.52677165183571e-16,2.2542653,2.36935726666667,-2.2592165,0.001,2.2542653,0.001,2.59459,0.001
"REACTOME","1127556_REACT_264075_ATTENUATION_PHASE",14,3,0.001,5.52677165183571e-16,2.020788,2.1904824,-2.25895,0.001,-2.020788,0.001,-2.2917092,0.001
"GO_BP","489292_GO_0042026_PROTEIN_REFOLDING",22,3,0.001,5.52677165183571e-16,1.8116984,2.17744616666667,-2.2540197,0.001,-1.8116984,0.001,-2.4666204,0.001
"KEGG_compound","C06790_TRICHLOROETHENE_TRICHLOROETHYLENE_TCE",19,3,0.002020202,9.16715132195044e-15,1.8747721,2.03629973333333,-2.2503,0.001,-1.9838271,0.0019047619,-1.8747721,0.002020202
"KEGG_compound","C14787__1S_2R_NAPHTHALENE_1_2_OXIDE_1S_2R_NAPHTHALENE_EPOXIDE",24,3,0.01,6.62974727487967e-14,1.657254,1.97726966666667,-2.246701,0.001,-2.027854,0.001,-1.657254,0.01
"KEGG_compound","C14839_BROMOBENZENE_3_4_OXIDE_BROMOBENZENE_3_4_EPOXIDE",18,3,0.001,5.52677165183571e-16,1.8494475,1.98464223333333,-2.223401,0.001,-1.8810782,0.001,-1.8494475,0.001
"KEGG_compound","C14870_2_BROMOACETALDEHYDE",17,3,0.006060606,2.35238308821106e-14,1.8500192,2.0063306,-2.21711,0.001,-1.9518626,0.001,-1.8500192,0.006060606
"KEGG_compound","C14857_1_1_DICHLOROETHYLENE_EPOXIDE_2_2_DICHLOROOXIRANE",17,3,0.0038986355,3.35417287905245e-14,1.8762606,2.02887773333333,-2.2026536,0.001,-2.007719,0.0018450185,-1.8762606,0.0038986355
"KEGG_compound","C14858_2_2_DICHLOROACETALDEHYDE",17,3,0.001,5.52677165183571e-16,1.8559358,2.01226933333333,-2.1964488,0.001,-1.9844234,0.001,-1.8559358,0.001
"KEGG_compound","C13645_HYDROBROMIC_ACID_HBR",17,3,0.0021367522,2.69623737757028e-15,1.8886462,2.0188979,-2.1932464,0.001,-1.9748011,0.001,-1.8886462,0.0021367522
"KEGG_compound","C14859_CHLOROACETYL_CHLORIDE",17,3,0.001,5.52677165183571e-16,1.8537763,2.0212502,-2.1840367,0.001,-2.0259376,0.001,-1.8537763,0.001
"KEGG_compound","C14800_1_NITRONAPHTHALENE_5_6_OXIDE",20,3,0.004149378,1.07211438808643e-14,1.805814,1.95804673333333,-2.1800826,0.001,-1.8882436,0.001,-1.805814,0.004149378
"KEGG_compound","C11088_1_2_DIBROMOETHANE_ETHYLENE_DIBROMIDE",17,3,0.001,5.52677165183571e-16,1.9127116,2.04269433333333,-2.1771219,0.001,-2.0382495,0.001,-1.9127116,0.001
"KEGG_reaction","R07084_7_8_DIHYDRO_7_HYDROXY_8_S_GLUTATHIONYL_BENZO_A_PYRENE_HYDROLASE_BENZO_A_PYRENE_7_8_DIOL_GLUTATHIONE_7_8_DIHYDRO_7_HYDROXY_8_S_GLUTATHIONYL_BENZO_A_PYRENE_H2O",16,3,0.002016129,8.81210837443503e-15,1.811673,2.00370616666667,-2.1675682,0.001,-2.0318773,0.0018726592,-1.811673,0.002016129
"KEGG_compound","C14863_2_S_GLUTATHIONYL_ACETYL_GLUTATHIONE",16,3,0.0020120724,2.37876147036096e-15,1.825757,2.00136393333333,-2.1654313,0.001,-2.0129035,0.001,-1.825757,0.0020120724
"KEGG_compound","C14793__1R_GLUTATHIONYL_2R_HYDROXY_1_2_DIHYDRONAPHTHALENE",16,3,0.004016064,1.00182519248828e-14,1.7974323,1.98710706666667,-2.1636727,0.001,-2.0002162,0.001,-1.7974323,0.004016064
"KEGG_compound","C14791__1R_HYDROXY_2R_GLUTATHIONYL_1_2_DIHYDRONAPHTHALENE",16,3,0.006012024,7.90845295611517e-14,1.8171929,1.99121483333333,-2.1489236,0.001,-2.007528,0.0018115942,-1.8171929,0.006012024
"KEGG_compound","C14874_GLUTATHIONE_EPISULFONIUM_ION",16,3,0.0020283975,2.41916003571695e-15,1.8140343,1.983809,-2.1486967,0.001,-1.988696,0.001,-1.8140343,0.0020283975
"KEGG_compound","C11278_AFLATOXIN_B1EXO_8_9_EPOXIDE_GSH_8_9_DIHYDRO_8_S_GLUTATHIONYL_9_HYDROXYAFLATOXIN_B1",16,3,0.0021231424,2.66058100078797e-15,1.7929976,1.99168926666667,-2.1459842,0.001,-2.036086,0.001,-1.7929976,0.0021231424
"KEGG_compound","C14840_BROMOBENZENE_2_3_OXIDE_BROMOBENZENE_2_3_EPOXIDE",18,3,0.0018281536,1.94791465069262e-15,1.8657013,1.97238903333333,-2.1457803,0.001,-1.9056855,0.0018281536,-1.8657013,0.001
"KEGG_compound","C14792__1S_HYDROXY_2S_GLUTATHIONYL_1_2_DIHYDRONAPHTHALENE",16,3,0.0019417476,2.20875709903733e-15,1.843556,1.99826383333333,-2.1440794,0.001,-2.0071561,0.001,-1.843556,0.0019417476
"KEGG_reaction","R07026_1_NITRO_5_GLUTATHIONYL_6_HYDROXY_5_6_DIHYDRONAPHTHALENE_GLUTATHIONE_LYASE_EPOXIDE_FORMING_1_NITRONAPHTHALENE_5_6_OXIDE_GLUTATHIONE_1_NITRO_5_GLUTATHIONYL_6_HYDROXY_5_6_DIHYDRONAPHTHALENE",16,3,0.004,9.93521417659871e-15,1.8310872,1.99443613333333,-2.1439307,0.001,-2.0082905,0.001,-1.8310872,0.004
"KEGG_compound","C14864_S_2_CHLOROACETYL_GLUTATHIONE",16,3,0.008547009,4.79241853284937e-14,1.8260711,1.98808923333333,-2.1424987,0.001,-1.9956979,0.001,-1.8260711,0.008547009
"KEGG_reaction","R07025_1_NITRO_5_HYDROXY_6_GLUTATHIONYL_5_6_DIHYDRONAPHTHALENE_GLUTATHIONE_LYASE_EPOXIDE_FORMING_1_NITRONAPHTHALENE_5_6_OXIDE_GLUTATHIONE_1_NITRO_5_HYDROXY_6_GLUTATHIONYL_5_6_DIHYDRONAPHTHALENE",16,3,0.0058027077,9.32163497273789e-14,1.7907068,1.97243823333333,-2.1364012,0.001,-1.9902067,0.0020325202,-1.7907068,0.0058027077
"KEGG_reaction","R07116_2_BROMOACETALDEHYDE_GLUTATHIONE_S_FORMYLMETHYL_TRANSFERASE_2_BROMOACETALDEHYDE_GLUTATHIONE_S_FORMYLMETHYL_GLUTATHIONE_HYDROBROMIC_ACID",16,3,0.001,5.52677165183571e-16,1.8292824,1.98898923333333,-2.1354475,0.001,-2.0022378,0.001,-1.8292824,0.001
"KEGG_reaction","R03522_RX_GLUTATHIONE_R_TRANSFERASE_RX_GLUTATHIONE_HALIDE_R_S_GLUTATHIONE",16,3,0.001,5.52677165183571e-16,1.8016387,1.982334,-2.1336856,0.001,-2.0116777,0.001,-1.8016387,0.001
"KEGG_enzyme","2.5.1.18_GLUTATHIONE_TRANSFERASE_GLUTATHIONE_S_TRANSFERASE_GLUTATHIONE_S_ALKYLTRANSFERASE_GLUTATHIONE_S_ARYLTRANSFERASE_S_HYDROXYALKYL_GLUTATHIONE_LYASE_GLUTATHIONE_S_ARALKYLTRANSFERASE_GLUTATHIONE_S_ALKYL_TRANSFERASE_GST",16,3,0.0019120459,7.65303018570421e-15,1.8215182,1.99494696666667,-2.132443,0.001,-2.0308797,0.0018450185,-1.8215182,0.0019120459
"KEGG_compound","C01327_HYDROCHLORIC_ACID_HCL_HYDROGEN_CHLORIDE_HYDROCHLORIDE",16,3,0.005976096,2.28492260335463e-14,1.8120084,1.98995526666667,-2.1317894,0.001,-2.026068,0.001,-1.8120084,0.005976096
"KEGG_compound","C14804_1_NITRO_7_GLUTATHIONYL_8_HYDROXY_7_8_DIHYDRONAPHTHALENE",16,3,0.003968254,9.77216166492087e-15,1.8008136,1.97712393333333,-2.1316097,0.001,-1.9989485,0.001,-1.8008136,0.003968254
"KEGG_reaction","R07093_CHLOROACETYL_CHLORIDE_GLUTATHIONE_S_CHLOROACETYLTRANSFERASE_CHLOROACETYL_CHLORIDE_GLUTATHIONE_S_2_CHLOROACETYL_GLUTATHIONE_HYDROCHLORIC_ACID",16,3,0.009940358,2.66779195566998e-13,1.7814853,1.97248566666667,-2.1302207,0.001,-2.005751,0.0019762847,-1.7814853,0.009940358
"KEGG_compound","C14803_1_NITRO_7_HYDROXY_8_GLUTATHIONYL_7_8_DIHYDRONAPHTHALENE",16,3,0.001,5.52677165183571e-16,1.8552642,1.98462936666667,-2.1295314,0.001,-1.9690925,0.001,-1.8552642,0.001
"KEGG_reaction","R09409_GLUTATHIONE_S_TRANSFERASE_AFLATOXIN_B1_EXO_8_9_EPOXIDE_GLUTATHIONE_AFLATOXIN_B1EXO_8_9_EPOXIDE_GSH",16,3,0.0019305019,2.18217653331805e-15,1.8395438,1.9827919,-2.1284828,0.001,-1.9803491,0.001,-1.8395438,0.0019305019
"KEGG_compound","C14861_S_2_2_DICHLORO_1_HYDROXY_ETHYL_GLUTATHIONE",16,3,0.001,5.52677165183571e-16,1.8204992,1.9680424,-2.1284673,0.001,-1.9551607,0.001,-1.8204992,0.001
"KEGG_reaction","R07100_TRICHLOROETHENE_GLUTATHIONE_S_1_2_DICHLOROVINYL_TRANSFERASE_TRICHLOROETHENE_GLUTATHIONE_S_1_2_DICHLOROVINYL_GLUTATHIONE_HYDROCHLORIC_ACID",16,3,0.003921569,9.53490795984246e-15,1.7855222,1.98491176666667,-2.1281877,0.001,-2.0410254,0.001,-1.7855222,0.003921569
"KEGG_reaction","R07023_1_NITRO_7_HYDROXY_8_GLUTATHIONYL_7_8_DIHYDRONAPHTHALENE_GLUTATHIONE_LYASE_EPOXIDE_FORMING_1_NITRONAPHTHALENE_7_8_OXIDE_GLUTATHIONE_1_NITRO_7_HYDROXY_8_GLUTATHIONYL_7_8_DIHYDRONAPHTHALENE",16,3,0.0041067763,1.63707243416058e-13,1.853143,2.00138333333333,-2.12739,0.001,-2.023617,0.003773585,-1.853143,0.0041067763
"KEGG_compound","C14847_3_4_DIHYDRO_3_HYDROXY_4_S_GLUTATHIONYL_BROMOBENZENE",16,3,0.008080808,4.26748609982502e-14,1.7981111,1.98733,-2.1264195,0.001,-2.0374594,0.001,-1.7981111,0.008080808
"KEGG_compound","C14851_BENZO_A_PYRENE_4_5_OXIDE_BENZO_A_PYRENE_4_5_EPOXIDE",20,3,0.022132797,3.40929596614382e-13,1.7220987,1.96948396666667,-2.1257174,0.001,-2.0606358,0.001,-1.7220987,0.022132797
"REACTOME","105727_REACT_6926_GLUTATHIONE_CONJUGATION",29,3,0.001992032,9.30397557699033e-15,1.8245163,1.96472176666667,-2.1228397,0.001,-1.9468093,0.0019455253,-1.8245163,0.001992032
"KEGG_reaction","R07004__1S_HYDROXY_2S_GLUTATHIONYL_1_2_DIHYDRONAPHTHALENE_GLUTATHIONE_LYASE_EPOXIDE_FORMING_1S_2R_NAPHTHALENE_1_2_OXIDE_GLUTATHIONE_1S_HYDROXY_2S_GLUTATHIONYL_1_2_DIHYDRONAPHTHALENE",16,3,0.002,2.34911326791182e-15,1.8462396,2.00057943333333,-2.1219065,0.001,-2.0335922,0.001,-1.8462396,0.002
"KEGG_reaction","R07003__1R_GLUTATHIONYL_2R_HYDROXY_1_2_DIHYDRONAPHTHALENE_GLUTATHIONE_LYASE_EPOXIDE_FORMING_1S_2R_NAPHTHALENE_1_2_OXIDE_GLUTATHIONE_1R_GLUTATHIONYL_2R_HYDROXY_1_2_DIHYDRONAPHTHALENE",16,3,0.0019379845,2.19984400507231e-15,1.8254837,1.97504483333333,-2.1211445,0.001,-1.9785063,0.001,-1.8254837,0.0019379845
"KEGG_reaction","R07094_2_S_GLUTATHIONYL_ACETYL_CHLORIDE_GLUTATHIONE_2_S_GLUTATHIONYL_ACETYLTRANSFERASE_2_S_GLUTATHIONYL_ACETYL_CHLORIDE_GLUTATHIONE_2_S_GLUTATHIONYL_ACETYL_GLUTATHIONE_HYDROCHLORIC_ACID",16,3,0.008048289,1.65895611144699e-13,1.8458618,1.9840544,-2.120851,0.001,-1.9854504,0.0019379845,-1.8458618,0.008048289
"KEGG_reaction","R07024_1_NITRO_7_GLUTATHIONYL_8_HYDROXY_7_8_DIHYDRONAPHTHALENE_GLUTATHIONE_LYASE_EPOXIDE_FORMING_1_NITRONAPHTHALENE_7_8_OXIDE_GLUTATHIONE_1_NITRO_7_GLUTATHIONYL_8_HYDROXY_7_8_DIHYDRONAPHTHALENE",16,3,0.0076045627,3.76349055317004e-14,1.7973876,1.95932513333333,-2.120802,0.001,-1.9597858,0.001,-1.7973876,0.0076045627
"KEGG_reaction","R07083_4_5_DIHYDRO_4_HYDROXY_5_S_GLUTATHIONYL_BENZO_A_PYRENE_GLUTATHIONE_LYASE_EPOXIDE_FORMING_BENZO_A_PYRENE_4_5_OXIDE_GLUTATHIONE_4_5_DIHYDRO_4_HYDROXY_5_S_GLUTATHIONYL_BENZO_A_PYRENE",16,3,0.006012024,2.31347883580288e-14,1.7864388,1.96912323333333,-2.1205416,0.001,-2.0003893,0.001,-1.7864388,0.006012024
"KEGG_reaction","R08280_4_GLUTATHIONYL_CYCLOPHOSPHAMIDE_HYDROLASE_ALDOPHOSPHAMIDE_GLUTATHIONE_4_GLUTATHIONYL_CYCLOPHOSPHAMIDE_H2O",16,3,0.004115226,1.05387363995082e-14,1.8067907,1.97003856666667,-2.118992,0.001,-1.984333,0.001,-1.8067907,0.004115226
"KEGG_compound","C14805_1_NITRO_5_HYDROXY_6_GLUTATHIONYL_5_6_DIHYDRONAPHTHALENE",16,3,0.001996008,2.33935180390021e-15,1.8357245,1.97144143333333,-2.1183734,0.001,-1.9602264,0.001,-1.8357245,0.001996008
"KEGG_compound","C14855_4_5_DIHYDRO_4_HYDROXY_5_S_GLUTATHIONYL_BENZO_A_PYRENE",16,3,0.0038910506,9.38143883145051e-15,1.8504566,1.98939043333333,-2.1142497,0.001,-2.003465,0.001,-1.8504566,0.0038910506
"KEGG_compound","C14852_BENZO_A_PYRENE_7_8_DIOL_BENZO_A_PYRENE_7_8_DIHYDRODIOL",21,3,0.008247423,4.45150003705456e-14,1.7507586,1.94960093333333,-2.1121116,0.001,-1.9859326,0.001,-1.7507586,0.008247423
"KEGG_reaction","R07069_3_4_DIHYDRO_3_HYDROXY_4_S_GLUTATHIONYL_BROMOBENZENE_GLUTATHIONE_LYASE_EPOXIDE_FORMING_BROMOBENZENE_3_4_OXIDE_GLUTATHIONE_3_4_DIHYDRO_3_HYDROXY_4_S_GLUTATHIONYL_BROMOBENZENE",16,3,0.001,5.52677165183571e-16,1.8412385,1.99445386666667,-2.1116061,0.001,-2.030517,0.001,-1.8412385,0.001
"KEGG_compound","C14856_7_8_DIHYDRO_7_HYDROXY_8_S_GLUTATHIONYL_BENZO_A_PYRENE",16,3,0.007920792,1.49572859818628e-13,1.8198361,1.98873216666667,-2.1112611,0.001,-2.0350993,0.0018726592,-1.8198361,0.007920792
"KEGG_compound","C14865_2_S_GLUTATHIONYL_ACETYL_CHLORIDE",16,3,0.0041753654,1.08610257734666e-14,1.8209549,1.96682743333333,-2.111252,0.001,-1.9682754,0.001,-1.8209549,0.0041753654
"KEGG_compound","C14871_S_FORMYLMETHYL_GLUTATHIONE",16,3,0.007736944,3.90032076190649e-14,1.8124863,1.98205323333333,-2.1099188,0.001,-2.0237546,0.001,-1.8124863,0.007736944
"KEGG_compound","C14806_1_NITRO_5_GLUTATHIONYL_6_HYDROXY_5_6_DIHYDRONAPHTHALENE",16,3,0.002008032,5.80775497070725e-15,1.8409218,1.9959119,-2.1095965,0.0015384615,-2.0372174,0.001,-1.8409218,0.002008032
"KEGG_compound","C11583_4_GLUTATHIONYL_CYCLOPHOSPHAMIDE",16,3,0.0061728396,2.44353660384446e-14,1.8163577,1.98100873333333,-2.1055949,0.001,-2.0210736,0.001,-1.8163577,0.0061728396
"KEGG_reaction","R07091_S_2_2_DICHLORO_1_HYDROXY_ETHYL_GLUTATHIONE_2_2_DICHLOROACETALDEHYDE_LYASE_GLUTATHIONE_FORMING_2_2_DICHLOROACETALDEHYDE_GLUTATHIONE_S_2_2_DICHLORO_1_HYDROXY_ETHYL_GLUTATHIONE",16,3,0.007797271,1.4938097925587e-13,1.8407544,1.99209926666667,-2.104971,0.001,-2.0305724,0.0019011407,-1.8407544,0.007797271
"KEGG_compound","C14848_2_3_DIHYDRO_2_S_GLUTATHIONYL_3_HYDROXY_BROMOBENZENE",16,3,0.001,5.52677165183571e-16,1.8112828,1.9845676,-2.104171,0.001,-2.038249,0.001,-1.8112828,0.001
"KEGG_reaction","R07113_1_2_DIBROMOETHANE_GLUTATHIONE_ETHYLENETRANSFERASE_EPISULFONIUM_FORMING_1_2_DIBROMOETHANE_GLUTATHIONE_H_GLUTATHIONE_EPISULFONIUM_ION_2_HYDROBROMIC_ACID",16,3,0.0020703934,2.52470383530701e-15,1.8246045,1.98759483333333,-2.1030946,0.001,-2.0350854,0.001,-1.8246045,0.0020703934
"KEGG_reaction","R07002__1R_HYDROXY_2R_GLUTATHIONYL_1_2_DIHYDRONAPHTHALENE_GLUTATHIONE_LYASE_EPOXIDE_FORMING_1R_2S_NAPHTHALENE_1_2_OXIDE_GLUTATHIONE_1R_HYDROXY_2R_GLUTATHIONYL_1_2_DIHYDRONAPHTHALENE",16,3,0.001,5.52677165183571e-16,1.8752832,1.98869823333333,-2.1020632,0.001,-1.9887483,0.001,-1.8752832,0.001
"KEGG_compound","C00462_HALIDE_HYDROGEN_HALIDE_HX_HALO_ACID",16,3,0.001,5.52677165183571e-16,1.8229091,1.97970836666667,-2.101083,0.001,-2.015133,0.001,-1.8229091,0.001
"KEGG_compound","C14868_S_1_2_DICHLOROVINYL_GLUTATHIONE_DCVG",16,3,0.0019193857,2.15606581726797e-15,1.8197691,1.98401203333333,-2.097936,0.001,-2.034331,0.001,-1.8197691,0.0019193857
"KEGG_compound","C01322_RX_ORGANIC_HALIDE",16,3,0.002057613,2.49233720148695e-15,1.8366991,1.97921066666667,-2.0921133,0.001,-2.0088196,0.001,-1.8366991,0.002057613
"C2_Chemical_and_genetic_perturbations","C2_CGP_1033_CAFFAREL_RESPONSE_TO_THC_8HR_5_DN",11,3,0.077651516,4.4538424211568e-12,1.4483819,1.93045026666667,-2.0905337,0.001,-1.4483819,0.077651516,-2.2524352,0.001
"KEGG_reaction","R07092_1_1_DICHLOROETHYLENE_EPOXIDE_GLUTATHIONE_S_CHLOROEPOXYETHYL_TRANSFERASE_2_S_GLUTATHIONYL_ACETYL_CHLORIDE_FORMING_1_1_DICHLOROETHYLENE_EPOXIDE_GLUTATHIONE_2_S_GLUTATHIONYL_ACETYL_CHLORIDE_HYDROCHLORIC_ACID",16,3,0.0019569471,2.24494786788009e-15,1.8174694,1.96565606666667,-2.0894773,0.001,-1.9900215,0.001,-1.8174694,0.0019569471
"KEGG_reaction","R07070_2_3_DIHYDRO_2_S_GLUTATHIONYL_3_HYDROXY_BROMOBENZENE_GLUTATHIONE_LYASE_EPOXIDE_FORMING_BROMOBENZENE_2_3_OXIDE_GLUTATHIONE_2_3_DIHYDRO_2_S_GLUTATHIONYL_3_HYDROXY_BROMOBENZENE",16,3,0.0057803467,2.13254229400969e-14,1.8181784,1.9750731,-2.0893667,0.001,-2.0176742,0.001,-1.8181784,0.0057803467
"C2_Chemical_and_genetic_perturbations","C2_CGP_2900_TIAN_TNF_SIGNALING_VIA_NFKB",28,3,0.003984064,9.85319034546153e-15,1.6742895,1.89950296666667,-2.0804713,0.001,-1.9437481,0.001,-1.6742895,0.003984064
"REACTOME","1127555_REACT_264164_HSF1_DEPENDENT_TRANSACTIVATION",22,3,0.003787879,8.87212383655989e-15,1.834944,1.99524603333333,-2.0800831,0.001,-1.834944,0.003787879,-2.070711,0.001
"KEGG_compound","C02320_R_S_GLUTATHIONE",20,3,0.009689922,6.21199223730566e-14,1.6501815,1.91998473333333,-2.0728002,0.001,-2.0369725,0.001,-1.6501815,0.009689922
"GO_BP","754638_GO_1901687_GLUTATHIONE_DERIVATIVE_BIOSYNTHETIC_PROCESS",24,3,0.0019120459,2.13891465391394e-15,1.8438582,1.9184826,-2.0612085,0.001,-1.8503811,0.001,-1.8438582,0.0019120459
"GO_BP","518224_GO_0090084_NEGATIVE_REGULATION_OF_INCLUSION_BODY_ASSEMBLY",10,3,0.007736944,3.90032076190649e-14,1.8433452,1.92563903333333,-2.0544512,0.001,-1.8433452,0.007736944,-1.8791207,0.001
"C2_Chemical_and_genetic_perturbations","C2_CGP_716_FARMER_BREAST_CANCER_CLUSTER_1",41,3,0.010183299,6.88326369827044e-14,1.6687785,1.91213766666667,-2.0218043,0.001,2.0458302,0.001,-1.6687785,0.010183299
"KEGG_pathway","HSA04740_OLFACTORY_TRANSDUCTION",336,3,0.001,5.52677165183571e-16,1.7410856,2.5550836,-1.7410856,0.001,2.4514365,0.001,3.4727287,0.001
"GO_MF","490271_GO_0004984_OLFACTORY_RECEPTOR_ACTIVITY",311,3,0.001,5.52677165183571e-16,1.7277601,2.6239827,-1.7277601,0.001,2.460442,0.001,3.683746,0.001
"GO_BP","511847_GO_0050911_DETECTION_OF_CHEMICAL_STIMULUS_INVOLVED_IN_SENSORY_PERCEPTION_OF_SMELL",311,3,0.001,5.52677165183571e-16,1.7199664,2.63385156666667,-1.7199664,0.001,2.47336,0.001,3.7082283,0.001
"REACTOME","106383_REACT_15488_OLFACTORY_SIGNALING_PATHWAY",313,3,0.001,5.52677165183571e-16,1.7138404,2.6098739,-1.7138404,0.001,2.4373047,0.001,3.6784766,0.001
"GO_BP","492350_GO_0007608_SENSORY_PERCEPTION_OF_SMELL",338,3,0.001,5.52677165183571e-16,1.6623081,2.5093699,-1.6623081,0.001,2.3530734,0.001,3.5127282,0.001
"GO_MF","490644_GO_0005549_ODORANT_BINDING",62,3,0.0026455026,4.20629100718847e-15,1.641929,2.201569,-1.641929,0.0026455026,1.8601913,0.001,3.1025867,0.001
"GO_BP","511843_GO_0050906_DETECTION_OF_STIMULUS_INVOLVED_IN_SENSORY_PERCEPTION",397,3,0.001,5.52677165183571e-16,1.6103706,2.20627283333333,-1.6103706,0.001,2.0789232,0.001,2.9295247,0.001
"GO_BP","493721_GO_0009593_DETECTION_OF_CHEMICAL_STIMULUS",388,3,0.001,5.52677165183571e-16,1.5708109,2.27589183333333,-1.5708109,0.001,2.156513,0.001,3.1003516,0.001
"GO_BP","492347_GO_0007606_SENSORY_PERCEPTION_OF_CHEMICAL_STIMULUS",416,3,0.001,5.52677165183571e-16,1.5678121,2.19719636666667,-1.5678121,0.001,2.017915,0.001,3.005862,0.001
"GO_BP","511844_GO_0050907_DETECTION_OF_CHEMICAL_STIMULUS_INVOLVED_IN_SENSORY_PERCEPTION",350,3,0.001,5.52677165183571e-16,1.5443336,2.39266246666667,-1.5443336,0.001,2.2908301,0.001,3.3428237,0.001
"KEGG_compound","C14869_TRICHLOROETHANOL_GLUCURONIDE_UROCHLORALIC_ACID_2_2_2_TRICHLOROETHYL_BETA_D_GLUCOPYRANOSIDURONIC_ACID",19,3,0.14263323,6.49322876007617e-11,1.3386378,1.90042946666667,-1.3386378,0.14263323,1.9686432,0.0020408162,2.3940074,0.001
"KEGG_compound","C19645_ACCEPTOR_AGLYCON",19,3,0.1324201,5.80244881887399e-11,1.3157717,1.9035034,-1.3157717,0.1324201,1.9948025,0.002079002,2.399936,0.001
"KEGG_reaction","R09426_4_METHYLNITROSAMINO_1_3_PYRIDYL_1_BUTANOL_UDP_GLUCURONATE_4_METHYLNITROSAMINO_1_3_PYRIDYL_1_BUTANOL_GLUCURONIDE_UDP",19,3,0.13084112,5.68752037055903e-11,1.3092966,1.9139817,-1.3092966,0.13084112,1.9769753,0.0020833334,2.4556732,0.001
"KEGG_reaction","R08261_UDP_GLUCURONATE_CODEINE_UDP_CODEINE_6_GLUCURONIDE",19,3,0.13190185,2.31155872473693e-10,1.3016381,1.91647263333333,-1.3016381,0.13190185,1.9749433,0.004149378,2.4728365,0.001
"C4_Cancer_gene_neighborhoods","C4_CGN_58_MORF_ACTG1",138,3,0.78305787,2.24739383407241e-06,0.87980163,1.91449077666667,1.2493137,0.077844314,3.614357,0.001,-0.87980163,0.78305787
"C4_Cancer_gene_neighborhoods","C4_CGN_137_MORF_NPM1",162,3,0.9979466,7.68170659223892e-10,0.7140323,1.96580023333333,1.4501834,0.001,3.733185,0.001,-0.7140323,0.9979466
"C4_Cancer_gene_neighborhoods","C4_CGN_186_MORF_TPT1",102,3,0.48140496,1.7869117872297e-10,0.9873071,2.0959668,1.635703,0.001,3.6648903,0.001,0.9873071,0.48140496
"GO_BP","491506_GO_0006612_PROTEIN_TARGETING_TO_MEMBRANE",160,3,0.64097744,3.17228229737648e-10,0.9318178,2.0508889,1.6485325,0.001,3.5723164,0.001,0.9318178,0.64097744
"C2_Chemical_and_genetic_perturbations","C2_CGP_3190_BILANGES_SERUM_AND_RAPAMYCIN_SENSITIVE_GENES",68,3,0.10748561,8.63376248103831e-12,1.2690159,2.1715326,1.7108474,0.001,3.5347345,0.001,1.2690159,0.10748561
"GO_CC","507393_GO_0044445_CYTOSOLIC_PART",202,3,0.795203,4.88247593256298e-10,0.87952644,1.95873694666667,1.7123903,0.001,3.2842941,0.001,0.87952644,0.795203
"GO_BP","491324_GO_0006402_MRNA_CATABOLIC_PROCESS",193,3,1,7.71324315694632e-10,0.6860575,1.95679416666667,1.843568,0.001,3.340757,0.001,0.6860575,1
"REACTOME","105970_REACT_1258_ACTIVATION_OF_THE_MRNA_UPON_BINDING_OF_THE_CAP_BINDING_COMPLEX_AND_EIFS_AND_SUBSEQUENT_BINDING_TO_43S",56,3,0.31800765,7.76069039677145e-11,1.0716184,2.0837724,1.8457917,0.001,3.3339071,0.001,1.0716184,0.31800765
"REACTOME","105972_REACT_931_RIBOSOMAL_SCANNING_AND_START_CODON_RECOGNITION",55,3,0.15355805,2.69266213269886e-10,1.2086045,2.15014056666667,1.853476,0.0038461538,3.3883412,0.001,1.2086045,0.15355805
"C2_Chemical_and_genetic_perturbations","C2_CGP_2413_CHNG_MULTIPLE_MYELOMA_HYPERPLOID_UP",52,3,0.96900827,7.24404361479636e-10,0.675804,1.97160166666667,1.874511,0.001,3.36449,0.001,-0.675804,0.96900827
"REACTOME","105971_REACT_1979_TRANSLATION_INITIATION_COMPLEX_FORMATION",55,3,0.21157685,3.40910045179922e-11,1.1660466,2.13970296666667,1.8915323,0.001,3.36153,0.001,1.1660466,0.21157685
"REACTOME","106068_REACT_6145_INFLUENZA_LIFE_CYCLE",136,3,0.50501,1.96711752466566e-10,0.97494537,2.12483579,1.9179932,0.001,3.4815688,0.001,0.97494537,0.50501
"REACTOME","106067_REACT_6167_INFLUENZA_INFECTION",141,3,0.71564883,3.95489595194403e-10,0.9029509,2.0910107,1.9231282,0.001,3.446953,0.001,0.9029509,0.71564883
"REACTOME","105969_REACT_1079_FORMATION_OF_THE_TERNARY_COMPLEX_AND_SUBSEQUENTLY_THE_43S_COMPLEX",48,3,0.07647059,4.31685849805916e-12,1.3418435,2.1946505,1.94388,0.001,3.298228,0.001,1.3418435,0.07647059
"GO_BP","506308_GO_0043241_PROTEIN_COMPLEX_DISASSEMBLY",219,3,0.6343874,3.10731697255794e-10,0.93239945,2.11815048333333,1.9620749,0.001,3.4599771,0.001,0.93239945,0.6343874
"C7_Immunologic_signatures","C7_ALL_979_GSE22886_NAIVE_BCELL_VS_NEUTROPHIL_UP",196,3,0.09543569,6.77877192325608e-12,1.1941487,1.93221543333333,1.9992442,0.001,2.6032534,0.001,-1.1941487,0.09543569
"GO_BP","502206_GO_0032984_MACROMOLECULAR_COMPLEX_DISASSEMBLY",228,3,0.47509578,1.74020396955692e-10,0.9876477,2.1462982,2.0035443,0.001,3.4477026,0.001,0.9876477,0.47509578
"GO_BP","515899_GO_0070972_PROTEIN_LOCALIZATION_TO_ENDOPLASMIC_RETICULUM",134,3,0.0019493178,2.22674404936341e-15,1.6249889,2.45353166666667,2.077367,0.001,3.6582391,0.001,1.6249889,0.0019493178
"C4_Cancer_gene_neighborhoods","C4_CGN_343_GNF2_DAP3",119,3,0.22244489,3.77245452617337e-11,1.1116962,2.18855593333333,2.0812786,0.001,3.372693,0.001,1.1116962,0.22244489
"C1_Positional","C1_ALL_205_CHR19P12",40,3,0.001,5.52677165183571e-16,2.0242019,2.10969446666667,2.0862825,0.001,2.0242019,0.001,2.218599,0.001
"C4_Cancer_modules","C4_CM_28_MODULE_29",28,3,0.1694215,2.17424703701435e-11,1.2301271,2.0937712,2.0879073,0.001,2.9632792,0.001,1.2301271,0.1694215
"C4_Cancer_gene_neighborhoods","C4_CGN_271_GCM_TPT1",70,3,0.16570328,2.07865083202633e-11,1.1965263,2.30388816666667,2.0886729,0.001,3.6264653,0.001,1.1965263,0.16570328
"GO_MF","487463_GO_0005344_OXYGEN_TRANSPORTER_ACTIVITY",13,3,0.0059405942,1.80081058741251e-13,1.7690752,2.02048733333333,2.1180003,0.0027322404,2.1743865,0.001,-1.7690752,0.0059405942
"GO_CC","486712_GO_0022627_CYTOSOLIC_SMALL_RIBOSOMAL_SUBUNIT",41,3,0.097363085,7.06028716572179e-12,1.3334119,2.21304743333333,2.1344764,0.001,3.171254,0.001,1.3334119,0.097363085
"GO_BP","506655_GO_0043624_CELLULAR_PROTEIN_COMPLEX_DISASSEMBLY",200,3,0.37109375,1.05905349492502e-10,1.0346588,2.24875666666667,2.1625931,0.001,3.5490181,0.001,1.0346588,0.37109375
"GO_BP","487180_GO_0000956_NUCLEAR_TRANSCRIBED_MRNA_CATABOLIC_PROCESS",181,3,0.41541353,1.32882918255935e-10,1.0131847,2.22838503333333,2.1754532,0.001,3.4965172,0.001,1.0131847,0.41541353
"GO_CC","503919_GO_0034719_SMN_SM_PROTEIN_COMPLEX",17,3,0.023121387,3.72973673238515e-13,1.6412802,2.0431119,2.213907,0.001,2.2741485,0.001,1.6412802,0.023121387
"GO_BP","486715_GO_0000184_NUCLEAR_TRANSCRIBED_MRNA_CATABOLIC_PROCESS_NONSENSE_MEDIATED_DECAY",115,3,0.10404624,8.08123266556823e-12,1.23048,2.40310813333333,2.2432408,0.001,3.7356036,0.001,1.23048,0.10404624
"REACTOME","106074_REACT_6152_INFLUENZA_VIRAL_RNA_TRANSCRIPTION_AND_REPLICATION",127,3,0.06903353,3.50388949798037e-12,1.275067,2.395366,2.2486396,0.001,3.6623914,0.001,1.275067,0.06903353
"REACTOME","1127501_REACT_268261_MITOCHONDRIAL_TRANSLATION_TERMINATION",84,3,0.079457365,4.66750176467606e-12,1.2675264,2.0354461,2.2495282,0.001,2.5892837,0.001,1.2675264,0.079457365
"GO_BP","505425_GO_0042273_RIBOSOMAL_LARGE_SUBUNIT_BIOGENESIS",21,3,0.11741683,1.0332689682081e-11,1.3388907,2.0087253,2.2541108,0.001,2.4331744,0.001,1.3388907,0.11741683
"GO_BP","515062_GO_0070124_MITOCHONDRIAL_TRANSLATIONAL_INITIATION",84,3,0.096339114,6.91000595542924e-12,1.2739326,2.04992366666667,2.255155,0.001,2.6206834,0.001,1.2739326,0.096339114
"REACTOME","366241_REACT_75822_NONSENSE_MEDIATED_DECAY_NMD_ENHANCED_BY_THE_EXON_JUNCTION_COMPLEX_EJC_",106,3,0.08571429,5.44696800970711e-12,1.2494549,2.43075113333333,2.2637641,0.001,3.7790344,0.001,1.2494549,0.08571429
"REACTOME","366240_REACT_75886_NONSENSE_MEDIATED_DECAY_NMD_",106,3,0.094262294,6.61021753357725e-12,1.2418783,2.42246746666667,2.2733116,0.001,3.7522125,0.001,1.2418783,0.094262294
"REACTOME","1127500_REACT_268133_MITOCHONDRIAL_TRANSLATION_ELONGATION",84,3,0.073469386,3.97846532823501e-12,1.2984632,2.0698861,2.2968798,0.001,2.6143153,0.001,1.2984632,0.073469386
"GO_BP","515064_GO_0070126_MITOCHONDRIAL_TRANSLATIONAL_TERMINATION",84,3,0.07212476,3.83138713573542e-12,1.2778105,2.07462603333333,2.3027656,0.001,2.643302,0.001,1.2778105,0.07212476
"REACTOME","1127498_REACT_268551_MITOCHONDRIAL_TRANSLATION",90,3,0.034615386,8.53959399954643e-13,1.3472991,2.09756613333333,2.3030493,0.001,2.64235,0.001,1.3472991,0.034615386
"GO_BP","515063_GO_0070125_MITOCHONDRIAL_TRANSLATIONAL_ELONGATION",85,3,0.07645875,4.31549605171654e-12,1.3174033,2.08680183333333,2.3127422,0.001,2.63026,0.001,1.3174033,0.07645875
"GO_CC","490855_GO_0005833_HEMOGLOBIN_COMPLEX",11,3,0.017892644,2.20107884232624e-13,1.6456113,2.11762563333333,2.3334157,0.001,2.3738499,0.001,-1.6456113,0.017892644
"GO_BP","517502_GO_0072599_ESTABLISHMENT_OF_PROTEIN_LOCALIZATION_TO_ENDOPLASMIC_RETICULUM",115,3,0.0038314175,9.08526624088876e-15,1.6580691,2.5819942,2.3353462,0.001,3.7525673,0.001,1.6580691,0.0038314175
"GO_CC","489275_GO_0030532_SMALL_NUCLEAR_RIBONUCLEOPROTEIN_COMPLEX",45,3,0.04809619,1.67470216182778e-12,1.3850095,1.9523683,2.3377604,0.001,2.134335,0.001,1.3850095,0.04809619
"C4_Cancer_gene_neighborhoods","C4_CGN_349_GNF2_EIF3S6",121,3,0.009541985,6.01759679848242e-14,1.4724634,2.52994186666667,2.3384237,0.001,3.7789385,0.001,1.4724634,0.009541985
"REACTOME","1127499_REACT_267634_MITOCHONDRIAL_TRANSLATION_INITIATION",84,3,0.11275416,9.51589945195351e-12,1.247779,2.08650966666667,2.3394191,0.001,2.6723309,0.001,1.247779,0.11275416
"GO_CC","486711_GO_0022625_CYTOSOLIC_LARGE_RIBOSOMAL_SUBUNIT",50,3,0.06896552,3.49685071049944e-12,1.349482,2.4113895,2.346107,0.001,3.5385795,0.001,1.349482,0.06896552
"REACTOME","105965_REACT_1014_TRANSLATION",145,3,0.005964215,2.27551953038969e-14,1.4944874,2.5579774,2.3482685,0.001,3.8311763,0.001,1.4944874,0.005964215
"GO_CC","496056_GO_0015935_SMALL_RIBOSOMAL_SUBUNIT",65,3,0.053892214,2.11334956944201e-12,1.3449169,2.31933986666667,2.3556237,0.001,3.257479,0.001,1.3449169,0.053892214
"REACTOME","105967_REACT_2099_CAP_DEPENDENT_TRANSLATION_INITIATION",112,3,0.040733196,1.19193259260615e-12,1.370779,2.539807,2.3869748,0.001,3.8616672,0.001,1.370779,0.040733196
"REACTOME","160955_REACT_79_L13A_MEDIATED_TRANSLATIONAL_SILENCING_OF_CERULOPLASMIN_EXPRESSION",104,3,0.017441861,2.08842334263285e-13,1.4012206,2.56466833333333,2.397823,0.001,3.8949614,0.001,1.4012206,0.017441861
"GO_BP","507448_GO_0045047_PROTEIN_TARGETING_TO_ER",111,3,0.0018903592,2.08865294446351e-15,1.669148,2.60658393333333,2.4012904,0.001,3.7493134,0.001,1.669148,0.0018903592
"GO_BP","501773_GO_0032543_MITOCHONDRIAL_TRANSLATION",102,3,0.07992565,4.72373370959818e-12,1.2671298,2.0808272,2.4036477,0.001,2.5717041,0.001,1.2671298,0.07992565
"REACTOME","105968_REACT_1797_FORMATION_OF_A_POOL_OF_FREE_40S_SUBUNITS",94,3,0.00984252,6.41583746225508e-14,1.4804353,2.61000523333333,2.4079614,0.001,3.941619,0.001,1.4804353,0.00984252
"REACTOME","105973_REACT_2085_GTP_HYDROLYSIS_AND_JOINING_OF_THE_60S_RIBOSOMAL_SUBUNIT",105,3,0.013461539,1.22456778880752e-13,1.443678,2.56503056666667,2.409706,0.001,3.8417077,0.001,1.443678,0.013461539
"C4_Cancer_gene_neighborhoods","C4_CGN_387_GNF2_NPM1",72,3,0.40980393,1.29299947293471e-10,1.0192796,2.14204426666667,2.4132786,0.001,2.9935746,0.001,1.0192796,0.40980393
"REACTOME","106228_REACT_11052_METABOLISM_OF_NON_CODING_RNA",50,3,0.015238095,1.58115270956532e-13,1.5480549,2.02752366666667,2.4207668,0.001,2.1137493,0.001,1.5480549,0.015238095
"GO_CC","496055_GO_0015934_LARGE_RIBOSOMAL_SUBUNIT",78,3,0.0038834952,9.34364308273904e-15,1.5252229,2.44747183333333,2.4257486,0.001,3.391444,0.001,1.5252229,0.0038834952
"GO_BP","491332_GO_0006412_TRANSLATION",365,3,0.04708098,1.60319061909057e-12,1.1879025,2.3259794,2.4377239,0.001,3.3523118,0.001,1.1879025,0.04708098
"C4_Cancer_gene_neighborhoods","C4_CGN_421_GNF2_TPT1",38,3,0.001,5.52677165183571e-16,1.8059976,2.55643913333333,2.4422038,0.001,3.421116,0.001,1.8059976,0.001
"C4_Cancer_gene_neighborhoods","C4_CGN_414_GNF2_ST13",64,3,0.046421662,1.55759660002786e-12,1.395173,2.49989063333333,2.4474192,0.001,3.6570797,0.001,1.395173,0.046421662
"GO_BP","491507_GO_0006613_COTRANSLATIONAL_PROTEIN_TARGETING_TO_MEMBRANE",109,3,0.0038834952,9.34364308273904e-15,1.6122397,2.60660533333333,2.4483528,0.001,3.7592235,0.001,1.6122397,0.0038834952
"REACTOME","106229_REACT_11066_SNRNP_ASSEMBLY",50,3,0.006437768,2.66578572124768e-14,1.548103,2.04232943333333,2.4531121,0.001,2.1257732,0.001,1.548103,0.006437768
"C2_Chemical_and_genetic_perturbations","C2_CGP_1217_NIKOLSKY_BREAST_CANCER_19Q13_1_AMPLICON",22,3,0.0042918455,1.14994987864068e-14,1.7863227,2.04352183333333,2.4592216,0.001,1.7863227,0.0042918455,1.8850212,0.001
"GO_BP","491508_GO_0006614_SRP_DEPENDENT_COTRANSLATIONAL_PROTEIN_TARGETING_TO_MEMBRANE",107,3,0.001,5.52677165183571e-16,1.649905,2.62988796666667,2.4607763,0.001,3.7789826,0.001,1.649905,0.001
"C4_Cancer_gene_neighborhoods","C4_CGN_355_GNF2_GLTSCR2",31,3,0.147929,1.6515049735807e-11,1.2483042,2.26560236666667,2.462336,0.001,3.0861669,0.001,1.2483042,0.147929
"REACTOME","105966_REACT_2159_EUKARYOTIC_TRANSLATION_INITIATION",112,3,0.027777778,5.43711865044719e-13,1.3685584,2.55906206666667,2.462887,0.001,3.8457408,0.001,1.3685584,0.027777778
"GO_BP","491333_GO_0006413_TRANSLATIONAL_INITIATION",221,3,0.020283977,2.84939811644978e-13,1.3732224,2.51034213333333,2.4845002,0.001,3.6733038,0.001,1.3732224,0.020283977
"REACTOME","105978_REACT_1986_EUKARYOTIC_TRANSLATION_TERMINATION",84,3,0.001,5.52677165183571e-16,1.5928744,2.64076476666667,2.5116036,0.001,3.8178163,0.001,1.5928744,0.001
"WikiPathways","198853_WP477_CYTOPLASMIC_RIBOSOMAL_PROTEINS",104,3,0.02020202,2.82576402086096e-13,1.4042791,2.59199596666667,2.5142608,0.001,3.857448,0.001,1.4042791,0.02020202
"REACTOME","106077_REACT_9491_VIRAL_MRNA_TRANSLATION",84,3,0.008163265,4.35805491271625e-14,1.5531843,2.63950523333333,2.526761,0.001,3.8385704,0.001,1.5531843,0.008163265
"REACTOME","530746_REACT_115902_SRP_DEPENDENT_COTRANSLATIONAL_PROTEIN_TARGETING_TO_MEMBRANE",107,3,0.001,5.52677165183571e-16,1.7264664,2.69541253333333,2.5288692,0.001,3.830902,0.001,1.7264664,0.001
"GO_BP","499833_GO_0030490_MATURATION_OF_SSU_RRNA",37,3,0.11222445,9.42525111840398e-12,1.2931942,2.03827443333333,2.5420604,0.001,2.2795687,0.001,1.2931942,0.11222445
"GO_MF","489276_GO_0003735_STRUCTURAL_CONSTITUENT_OF_RIBOSOME",149,3,0.009615385,6.11365097423873e-14,1.4178929,2.54633406666667,2.560897,0.001,3.6602123,0.001,1.4178929,0.009615385
"GO_BP","507049_GO_0044033_MULTI_ORGANISM_METABOLIC_PROCESS",126,3,0.019607844,2.65742628171209e-13,1.3967675,2.54917903333333,2.5637739,0.001,3.6869957,0.001,1.3967675,0.019607844
"GO_CC","499360_GO_0022626_CYTOSOLIC_RIBOSOME",99,3,0.07020873,3.62665023172289e-12,1.2925591,2.56656453333333,2.5726085,0.001,3.834526,0.001,1.2925591,0.07020873
"REACTOME","105976_REACT_1477_EUKARYOTIC_TRANSLATION_ELONGATION",88,3,0.01004016,6.68487404192187e-14,1.5642164,2.66739523333333,2.5788743,0.001,3.859095,0.001,1.5642164,0.01004016
"KEGG_pathway","HSA03010_RIBOSOME",133,3,0.0116054155,9.0163935276038e-14,1.4066371,2.5793452,2.5791602,0.001,3.7522383,0.001,1.4066371,0.0116054155
"GO_BP","497957_GO_0019080_VIRAL_GENE_EXPRESSION",120,3,0.0020325202,2.4294179070885e-15,1.4690744,2.58073613333333,2.5793214,0.001,3.6938126,0.001,1.4690744,0.0020325202
"REACTOME","366242_REACT_75768_NONSENSE_MEDIATED_DECAY_NMD_INDEPENDENT_OF_THE_EXON_JUNCTION_COMPLEX_EJC_",89,3,0.0021008404,2.60268293667023e-15,1.6408246,2.67905296666667,2.5895813,0.001,3.806753,0.001,1.6408246,0.0021008404
"GO_CC","490649_GO_0005840_RIBOSOME",212,3,0.039138943,1.09834798504947e-12,1.2893177,2.48393356666667,2.591313,0.001,3.57117,0.001,1.2893177,0.039138943
"C4_Cancer_gene_neighborhoods","C4_CGN_351_GNF2_FBL",146,3,0.2915811,6.51542167278332e-11,1.0712817,2.37393476666667,2.5924673,0.001,3.4580553,0.001,1.0712817,0.2915811
"KEGG_module","HSA_M00177_RIBOSOME_EUKARYOTES",88,3,0.001,5.52677165183571e-16,1.7789723,2.7519891,2.615375,0.001,3.86162,0.001,1.7789723,0.001
"GO_BP","492410_GO_0008033_TRNA_PROCESSING",98,3,0.22988506,4.03183651840992e-11,1.1269716,1.90429356666667,2.6223598,0.001,1.9635493,0.001,1.1269716,0.22988506
"GO_BP","505426_GO_0042274_RIBOSOMAL_SMALL_SUBUNIT_BIOGENESIS",48,3,0.025242718,4.46699423542023e-13,1.4914905,2.22072373333333,2.6510844,0.001,2.5195963,0.001,1.4914905,0.025242718
"GO_BP","491335_GO_0006415_TRANSLATIONAL_TERMINATION",170,3,0.012750455,1.09487719684986e-13,1.4181554,2.6011133,2.680351,0.001,3.7048335,0.001,1.4181554,0.012750455
"REACTOME","105977_REACT_1404_PEPTIDE_CHAIN_ELONGATION",84,3,0.011428571,8.73506451687188e-14,1.5758046,2.72725236666667,2.7036412,0.001,3.9023113,0.001,1.5758046,0.011428571
"GO_BP","499348_GO_0022613_RIBONUCLEOPROTEIN_COMPLEX_BIOGENESIS",314,3,0.0058139535,2.15831854697124e-14,1.3244087,2.2217558,2.7040107,0.001,2.636848,0.001,1.3244087,0.0058139535
"GO_BP","503860_GO_0034660_NCRNA_METABOLIC_PROCESS",398,3,0.08679928,5.5883217911481e-12,1.1523578,2.08341596666667,2.7069511,0.001,2.390939,0.001,1.1523578,0.08679928
"GO_CC","751604_GO_0044391_RIBOSOMAL_SUBUNIT",142,3,0.001,5.52677165183571e-16,1.6080011,2.68271856666667,2.712935,0.001,3.7272196,0.001,1.6080011,0.001
"GO_BP","497960_GO_0019083_VIRAL_TRANSCRIPTION",110,3,0.0018796993,2.06417411412271e-15,1.6310098,2.69052596666667,2.7152991,0.001,3.725269,0.001,1.6310098,0.0018796993
"GO_BP","491334_GO_0006414_TRANSLATIONAL_ELONGATION",186,3,0.0018484289,1.99322838262814e-15,1.5119984,2.63747183333333,2.7339041,0.001,3.666513,0.001,1.5119984,0.0018484289
"GO_CC","499986_GO_0030684_PRERIBOSOME",45,3,0.34661356,9.23114710294431e-11,1.0541544,2.00043453333333,2.7764902,0.001,2.170659,0.001,1.0541544,0.34661356
"GO_BP","496166_GO_0016072_RRNA_METABOLIC_PROCESS",144,3,0.046184737,1.54137558050552e-12,1.2676938,2.22653866666667,2.8199687,0.001,2.5919535,0.001,1.2676938,0.046184737
"GO_BP","503672_GO_0034470_NCRNA_PROCESSING",264,3,0.07977737,4.70589131687981e-12,1.1862317,2.14262356666667,2.834879,0.001,2.40676,0.001,1.1862317,0.07977737
"GO_BP","491301_GO_0006364_RRNA_PROCESSING",139,3,0.065868266,3.18388795220304e-12,1.2587903,2.21979866666667,2.8386052,0.001,2.5620005,0.001,1.2587903,0.065868266
"GO_BP","486555_GO_0042254_RIBOSOME_BIOGENESIS",188,3,0.0037313432,8.59924827318443e-15,1.381454,2.33125313333333,2.9022946,0.001,2.7100108,0.001,1.381454,0.0037313432
