<?xml version="1.0"?>
<!DOCTYPE pathway SYSTEM "http://www.kegg.jp/kegg/xml/KGML_v0.7.1_.dtd">
<!-- Creation date: Dec 24, 2015 15:06:36 +0900 (GMT+9) -->
<pathway name="path:cel00310" org="cel" number="00310"
         title="Lysine degradation"
         image="http://www.kegg.jp/kegg/pathway/cel/cel00310.png"
         link="http://www.kegg.jp/kegg-bin/show_pathway?cel00310">
    <entry id="31" name="cpd:C06181" type="compound"
        link="http://www.kegg.jp/dbget-bin/www_bget?C06181">
        <graphics name="C06181" fgcolor="#000000" bgcolor="#FFFFFF"
             type="circle" x="432" y="523" width="8" height="8"/>
    </entry>
    <entry id="32" name="ko:K00824" type="ortholog" reaction="rn:R02851"
        link="http://www.kegg.jp/dbget-bin/www_bget?K00824">
        <graphics name="K00824" fgcolor="#000000" bgcolor="#FFFFFF"
             type="rectangle" x="311" y="198" width="46" height="17"/>
    </entry>
    <entry id="35" name="cpd:C05825" type="compound"
        link="http://www.kegg.jp/dbget-bin/www_bget?C05825">
        <graphics name="C05825" fgcolor="#000000" bgcolor="#FFFFFF"
             type="circle" x="587" y="171" width="8" height="8"/>
    </entry>
    <entry id="36" name="cpd:C05161" type="compound"
        link="http://www.kegg.jp/dbget-bin/www_bget?C05161">
        <graphics name="C05161" fgcolor="#000000" bgcolor="#FFFFFF"
             type="circle" x="445" y="171" width="8" height="8"/>
    </entry>
    <entry id="40" name="ko:K19743" type="ortholog" reaction="rn:R02201 rn:R02203"
        link="http://www.kegg.jp/dbget-bin/www_bget?K19743">
        <graphics name="K19743" fgcolor="#000000" bgcolor="#FFFFFF"
             type="rectangle" x="576" y="262" width="46" height="17"/>
    </entry>
    <entry id="41" name="cel:CELE_R02D3.1" type="gene" reaction="rn:R00716"
        link="http://www.kegg.jp/dbget-bin/www_bget?cel:CELE_R02D3.1">
        <graphics name="R02D3.1" fgcolor="#000000" bgcolor="#BFFFBF"
             type="rectangle" x="311" y="106" width="46" height="17"/>
    </entry>
    <entry id="42" name="ko:K00293" type="ortholog" reaction="rn:R02315"
        link="http://www.kegg.jp/dbget-bin/www_bget?K00293">
        <graphics name="K00293" fgcolor="#000000" bgcolor="#FFFFFF"
             type="rectangle" x="533" y="106" width="46" height="17"/>
    </entry>
    <entry id="43" name="path:map00311" type="map"
        link="http://www.kegg.jp/dbget-bin/www_bget?map00311">
        <graphics name="Penicillin and cephalosporin biosynthesis" fgcolor="#000000" bgcolor="#FFFFFF"
             type="roundrectangle" x="958" y="95" width="170" height="34"/>
    </entry>
    <entry id="44" name="cel:CELE_C29F3.1 cel:CELE_T05G5.6 cel:CELE_T08B2.7" type="gene" reaction="rn:R03026"
        link="http://www.kegg.jp/dbget-bin/www_bget?cel:CELE_C29F3.1+cel:CELE_T05G5.6+cel:CELE_T08B2.7">
        <graphics name="ech-1.1..." fgcolor="#000000" bgcolor="#BFFFBF"
             type="rectangle" x="936" y="466" width="46" height="17"/>
    </entry>
    <entry id="45" name="cel:CELE_B0272.3 cel:CELE_F01G10.2 cel:CELE_F01G10.3 cel:CELE_F54C8.1 cel:CELE_R09B5.6" type="gene" reaction="rn:R01975"
        link="http://www.kegg.jp/dbget-bin/www_bget?cel:CELE_B0272.3+cel:CELE_F01G10.2+cel:CELE_F01G10.3+cel:CELE_F54C8.1+cel:CELE_R09B5.6">
        <graphics name="CELE_B0272.3..." fgcolor="#000000" bgcolor="#BFFFBF"
             type="rectangle" x="1048" y="465" width="46" height="17"/>
    </entry>
    <entry id="47" name="ko:K13609" type="ortholog" reaction="rn:R02203"
        link="http://www.kegg.jp/dbget-bin/www_bget?K13609">
        <graphics name="K13609" fgcolor="#000000" bgcolor="#FFFFFF"
             type="rectangle" x="576" y="241" width="46" height="17"/>
    </entry>
    <entry id="50" name="ko:K18854" type="ortholog" reaction="rn:R01620"
        link="http://www.kegg.jp/dbget-bin/www_bget?K18854">
        <graphics name="K18854" fgcolor="#000000" bgcolor="#FFFFFF"
             type="rectangle" x="253" y="300" width="46" height="17"/>
    </entry>
    <entry id="51" name="ko:K00290" type="ortholog" reaction="rn:R00715"
        link="http://www.kegg.jp/dbget-bin/www_bget?K00290">
        <graphics name="K00290" fgcolor="#000000" bgcolor="#FFFFFF"
             type="rectangle" x="311" y="85" width="46" height="17"/>
    </entry>
    <entry id="52" name="cel:CELE_R02D3.1" type="gene" reaction="rn:R02313"
        link="http://www.kegg.jp/dbget-bin/www_bget?cel:CELE_R02D3.1">
        <graphics name="R02D3.1" fgcolor="#000000" bgcolor="#BFFFBF"
             type="rectangle" x="533" y="85" width="46" height="17"/>
    </entry>
    <entry id="53" name="cel:CELE_F01F1.6" type="gene" reaction="rn:R03102 rn:R03103"
        link="http://www.kegg.jp/dbget-bin/www_bget?cel:CELE_F01F1.6">
        <graphics name="alh-9" fgcolor="#000000" bgcolor="#BFFFBF"
             type="rectangle" x="713" y="97" width="46" height="17"/>
    </entry>
    <entry id="54" name="ko:K00825" type="ortholog" reaction="rn:R01939"
        link="http://www.kegg.jp/dbget-bin/www_bget?K00825">
        <graphics name="K00825" fgcolor="#000000" bgcolor="#FFFFFF"
             type="rectangle" x="796" y="159" width="46" height="17"/>
    </entry>
    <entry id="55" name="cel:CELE_T22B11.5" type="gene" reaction="rn:R01940"
        link="http://www.kegg.jp/dbget-bin/www_bget?cel:CELE_T22B11.5">
        <graphics name="ogdh-1" fgcolor="#000000" bgcolor="#BFFFBF"
             type="rectangle" x="796" y="285" width="46" height="17"/>
    </entry>
    <entry id="56" name="cel:CELE_T02G5.7 cel:CELE_T02G5.8" type="gene" reaction="rn:R00238"
        link="http://www.kegg.jp/dbget-bin/www_bget?cel:CELE_T02G5.7+cel:CELE_T02G5.8">
        <graphics name="T02G5.7..." fgcolor="#000000" bgcolor="#BFFFBF"
             type="rectangle" x="1149" y="465" width="46" height="17"/>
    </entry>
    <entry id="57" name="path:cel00020" type="map"
        link="http://www.kegg.jp/dbget-bin/www_bget?cel00020">
        <graphics name="Citrate cycle (TCA cycle)" fgcolor="#000000" bgcolor="#FFFFFF"
             type="roundrectangle" x="1299" y="464" width="80" height="25"/>
    </entry>
    <entry id="58" name="cel:CELE_F54D5.7" type="gene" reaction="rn:R02488"
        link="http://www.kegg.jp/dbget-bin/www_bget?cel:CELE_F54D5.7">
        <graphics name="F54D5.7" fgcolor="#000000" bgcolor="#BFFFBF"
             type="rectangle" x="839" y="465" width="46" height="17"/>
    </entry>
    <entry id="60" name="ko:K00135" type="ortholog" reaction="rn:R02401"
        link="http://www.kegg.jp/dbget-bin/www_bget?K00135">
        <graphics name="K00135" fgcolor="#000000" bgcolor="#FFFFFF"
             type="rectangle" x="616" y="465" width="46" height="17"/>
    </entry>
    <entry id="61" name="ko:K14268" type="ortholog" reaction="rn:R02274"
        link="http://www.kegg.jp/dbget-bin/www_bget?K14268">
        <graphics name="K14268" fgcolor="#000000" bgcolor="#FFFFFF"
             type="rectangle" x="496" y="465" width="46" height="17"/>
    </entry>
    <entry id="65" name="ko:K01582" type="ortholog" reaction="rn:R00462"
        link="http://www.kegg.jp/dbget-bin/www_bget?K01582">
        <graphics name="K01582" fgcolor="#000000" bgcolor="#FFFFFF"
             type="rectangle" x="253" y="524" width="46" height="17"/>
    </entry>
    <entry id="69" name="path:cel00310" type="map"
        link="http://www.kegg.jp/dbget-bin/www_bget?cel00310">
        <graphics name="TITLE:Lysine degradation" fgcolor="#000000" bgcolor="#FFFFFF"
             type="roundrectangle" x="129" y="58" width="177" height="25"/>
    </entry>
    <entry id="72" name="cel:CELE_C15B12.1" type="gene" reaction="rn:R02204"
        link="http://www.kegg.jp/dbget-bin/www_bget?cel:CELE_C15B12.1">
        <graphics name="C15B12.1" fgcolor="#000000" bgcolor="#BFFFBF"
             type="rectangle" x="614" y="217" width="46" height="17"/>
    </entry>
    <entry id="73" name="cel:CELE_W02F12.5" type="gene" reaction="rn:R02571"
        link="http://www.kegg.jp/dbget-bin/www_bget?cel:CELE_W02F12.5">
        <graphics name="dlst-1" fgcolor="#000000" bgcolor="#BFFFBF"
             type="rectangle" x="796" y="406" width="46" height="17"/>
    </entry>
    <entry id="75" name="cpd:C00877" type="compound"
        link="http://www.kegg.jp/dbget-bin/www_bget?C00877">
        <graphics name="C00877" fgcolor="#000000" bgcolor="#FFFFFF"
             type="circle" x="890" y="464" width="8" height="8"/>
    </entry>
    <entry id="76" name="cpd:C01144" type="compound"
        link="http://www.kegg.jp/dbget-bin/www_bget?C01144">
        <graphics name="C01144" fgcolor="#000000" bgcolor="#FFFFFF"
             type="circle" x="993" y="464" width="8" height="8"/>
    </entry>
    <entry id="77" name="cpd:C00332" type="compound"
        link="http://www.kegg.jp/dbget-bin/www_bget?C00332">
        <graphics name="C00332" fgcolor="#000000" bgcolor="#FFFFFF"
             type="circle" x="1101" y="464" width="8" height="8"/>
    </entry>
    <entry id="78" name="cpd:C00024" type="compound"
        link="http://www.kegg.jp/dbget-bin/www_bget?C00024">
        <graphics name="C00024" fgcolor="#000000" bgcolor="#FFFFFF"
             type="circle" x="1203" y="464" width="8" height="8"/>
    </entry>
    <entry id="79" name="cpd:C00322" type="compound"
        link="http://www.kegg.jp/dbget-bin/www_bget?C00322">
        <graphics name="C00322" fgcolor="#000000" bgcolor="#FFFFFF"
             type="circle" x="796" y="230" width="8" height="8"/>
    </entry>
    <entry id="80" name="cpd:C00527" type="compound"
        link="http://www.kegg.jp/dbget-bin/www_bget?C00527">
        <graphics name="C00527" fgcolor="#000000" bgcolor="#FFFFFF"
             type="circle" x="796" y="464" width="8" height="8"/>
    </entry>
    <entry id="81" name="cpd:C00489" type="compound"
        link="http://www.kegg.jp/dbget-bin/www_bget?C00489">
        <graphics name="C00489" fgcolor="#000000" bgcolor="#FFFFFF"
             type="circle" x="676" y="464" width="8" height="8"/>
    </entry>
    <entry id="82" name="cpd:C00956" type="compound"
        link="http://www.kegg.jp/dbget-bin/www_bget?C00956">
        <graphics name="C00956" fgcolor="#000000" bgcolor="#FFFFFF"
             type="circle" x="796" y="95" width="8" height="8"/>
    </entry>
    <entry id="83" name="cpd:C00408" type="compound"
        link="http://www.kegg.jp/dbget-bin/www_bget?C00408">
        <graphics name="C00408" fgcolor="#000000" bgcolor="#FFFFFF"
             type="circle" x="639" y="251" width="8" height="8"/>
    </entry>
    <entry id="84" name="cpd:C00450" type="compound"
        link="http://www.kegg.jp/dbget-bin/www_bget?C00450">
        <graphics name="C00450" fgcolor="#000000" bgcolor="#FFFFFF"
             type="circle" x="639" y="176" width="8" height="8"/>
    </entry>
    <entry id="85" name="cpd:C04076" type="compound"
        link="http://www.kegg.jp/dbget-bin/www_bget?C04076">
        <graphics name="C04076" fgcolor="#000000" bgcolor="#FFFFFF"
             type="circle" x="639" y="95" width="8" height="8"/>
    </entry>
    <entry id="86" name="cpd:C03273" type="compound"
        link="http://www.kegg.jp/dbget-bin/www_bget?C03273">
        <graphics name="C03273" fgcolor="#000000" bgcolor="#FFFFFF"
             type="circle" x="554" y="464" width="8" height="8"/>
    </entry>
    <entry id="87" name="cpd:C04092" type="compound"
        link="http://www.kegg.jp/dbget-bin/www_bget?C04092">
        <graphics name="C04092" fgcolor="#000000" bgcolor="#FFFFFF"
             type="circle" x="515" y="251" width="8" height="8"/>
    </entry>
    <entry id="88" name="cpd:C03239" type="compound"
        link="http://www.kegg.jp/dbget-bin/www_bget?C03239">
        <graphics name="C03239" fgcolor="#000000" bgcolor="#FFFFFF"
             type="circle" x="432" y="251" width="8" height="8"/>
    </entry>
    <entry id="89" name="cpd:C00449" type="compound"
        link="http://www.kegg.jp/dbget-bin/www_bget?C00449">
        <graphics name="C00449" fgcolor="#000000" bgcolor="#FFFFFF"
             type="circle" x="432" y="95" width="8" height="8"/>
    </entry>
    <entry id="90" name="cpd:C00431" type="compound"
        link="http://www.kegg.jp/dbget-bin/www_bget?C00431">
        <graphics name="C00431" fgcolor="#000000" bgcolor="#FFFFFF"
             type="circle" x="432" y="464" width="8" height="8"/>
    </entry>
    <entry id="91" name="cpd:C01672" type="compound"
        link="http://www.kegg.jp/dbget-bin/www_bget?C01672">
        <graphics name="C01672" fgcolor="#000000" bgcolor="#FFFFFF"
             type="circle" x="317" y="523" width="8" height="8"/>
    </entry>
    <entry id="92" name="cpd:C05548" type="compound"
        link="http://www.kegg.jp/dbget-bin/www_bget?C05548">
        <graphics name="C05548" fgcolor="#000000" bgcolor="#FFFFFF"
             type="circle" x="432" y="310" width="8" height="8"/>
    </entry>
    <entry id="93" name="cpd:C02727" type="compound"
        link="http://www.kegg.jp/dbget-bin/www_bget?C02727">
        <graphics name="C02727" fgcolor="#000000" bgcolor="#FFFFFF"
             type="circle" x="317" y="310" width="8" height="8"/>
    </entry>
    <entry id="94" name="cpd:C00047" type="compound"
        link="http://www.kegg.jp/dbget-bin/www_bget?C00047">
        <graphics name="C00047" fgcolor="#000000" bgcolor="#FFFFFF"
             type="circle" x="180" y="310" width="8" height="8"/>
    </entry>
    <entry id="95" name="cpd:C00990" type="compound"
        link="http://www.kegg.jp/dbget-bin/www_bget?C00990">
        <graphics name="C00990" fgcolor="#000000" bgcolor="#FFFFFF"
             type="circle" x="317" y="464" width="8" height="8"/>
    </entry>
    <entry id="96" name="cpd:C03087" type="compound"
        link="http://www.kegg.jp/dbget-bin/www_bget?C03087">
        <graphics name="C03087" fgcolor="#000000" bgcolor="#FFFFFF"
             type="circle" x="432" y="387" width="8" height="8"/>
    </entry>
    <entry id="100" name="ko:K01843" type="ortholog" reaction="rn:R00461"
        link="http://www.kegg.jp/dbget-bin/www_bget?K01843">
        <graphics name="K01843" fgcolor="#000000" bgcolor="#FFFFFF"
             type="rectangle" x="253" y="626" width="46" height="17"/>
    </entry>
    <entry id="101" name="ko:K01844 ko:K18011" type="ortholog" reaction="rn:R03275"
        link="http://www.kegg.jp/dbget-bin/www_bget?K01844+K18011">
        <graphics name="K01844..." fgcolor="#000000" bgcolor="#FFFFFF"
             type="rectangle" x="371" y="626" width="46" height="17"/>
    </entry>
    <entry id="102" name="ko:K18012" type="ortholog" reaction="rn:R03349"
        link="http://www.kegg.jp/dbget-bin/www_bget?K18012">
        <graphics name="K18012" fgcolor="#000000" bgcolor="#FFFFFF"
             type="rectangle" x="516" y="626" width="46" height="17"/>
    </entry>
    <entry id="103" name="cpd:C01142" type="compound"
        link="http://www.kegg.jp/dbget-bin/www_bget?C01142">
        <graphics name="C01142" fgcolor="#000000" bgcolor="#FFFFFF"
             type="circle" x="317" y="625" width="8" height="8"/>
    </entry>
    <entry id="104" name="cpd:C01186" type="compound"
        link="http://www.kegg.jp/dbget-bin/www_bget?C01186">
        <graphics name="C01186" fgcolor="#000000" bgcolor="#FFFFFF"
             type="circle" x="445" y="625" width="8" height="8"/>
    </entry>
    <entry id="105" name="cpd:C03656" type="compound"
        link="http://www.kegg.jp/dbget-bin/www_bget?C03656">
        <graphics name="C03656" fgcolor="#000000" bgcolor="#FFFFFF"
             type="circle" x="587" y="625" width="8" height="8"/>
    </entry>
    <entry id="106" name="cpd:C00739" type="compound"
        link="http://www.kegg.jp/dbget-bin/www_bget?C00739">
        <graphics name="C00739" fgcolor="#000000" bgcolor="#FFFFFF"
             type="circle" x="180" y="198" width="8" height="8"/>
    </entry>
    <entry id="118" name="cel:CELE_D2089.5 cel:CELE_M05D6.7" type="gene" reaction="rn:R02397"
        link="http://www.kegg.jp/dbget-bin/www_bget?cel:CELE_D2089.5+cel:CELE_M05D6.7">
        <graphics name="gbh-1..." fgcolor="#000000" bgcolor="#BFFFBF"
             type="rectangle" x="944" y="715" width="46" height="17"/>
    </entry>
    <entry id="119" name="cel:CELE_Y69F12A.2" type="gene" reaction="rn:R03283"
        link="http://www.kegg.jp/dbget-bin/www_bget?cel:CELE_Y69F12A.2">
        <graphics name="alh-12" fgcolor="#000000" bgcolor="#BFFFBF"
             type="rectangle" x="845" y="725" width="46" height="17"/>
    </entry>
    <entry id="120" name="ko:K00474" type="ortholog" reaction="rn:R03451"
        link="http://www.kegg.jp/dbget-bin/www_bget?K00474">
        <graphics name="K00474" fgcolor="#000000" bgcolor="#FFFFFF"
             type="rectangle" x="646" y="715" width="46" height="17"/>
    </entry>
    <entry id="122" name="ko:K18826" type="ortholog" reaction="rn:R04866"
        link="http://www.kegg.jp/dbget-bin/www_bget?K18826">
        <graphics name="K18826" fgcolor="#000000" bgcolor="#FFFFFF"
             type="rectangle" x="356" y="733" width="46" height="17"/>
    </entry>
    <entry id="123" name="ko:K18804" type="ortholog" reaction="rn:R04866"
        link="http://www.kegg.jp/dbget-bin/www_bget?K18804">
        <graphics name="K18804" fgcolor="#000000" bgcolor="#FFFFFF"
             type="rectangle" x="356" y="714" width="46" height="17"/>
    </entry>
    <entry id="124" name="cel:CELE_C26E6.9 cel:CELE_C32D5.5 cel:CELE_F54F7.7 cel:CELE_F55G7.2 cel:CELE_T12D8.1 cel:CELE_T12F5.4 cel:CELE_T26A5.7 cel:CELE_W06D11.4 cel:CELE_Y39G10AR.18 cel:CELE_Y41D4B.12" type="gene" reaction="rn:R03875"
        link="http://www.kegg.jp/dbget-bin/www_bget?cel:CELE_C26E6.9+cel:CELE_C32D5.5+cel:CELE_F54F7.7+cel:CELE_F55G7.2+cel:CELE_T12D8.1+cel:CELE_T12F5.4+cel:CELE_T26A5.7+cel:CELE_W06D11.4+cel:CELE_Y39G10AR.18+cel:CELE_Y41D4B.12">
        <graphics name="set-2..." fgcolor="#000000" bgcolor="#BFFFBF"
             type="rectangle" x="237" y="695" width="46" height="17"/>
    </entry>
    <entry id="125" name="cel:CELE_D2045.9" type="gene" reaction="rn:R03380"
        link="http://www.kegg.jp/dbget-bin/www_bget?cel:CELE_D2045.9">
        <graphics name="D2045.9" fgcolor="#000000" bgcolor="#BFFFBF"
             type="rectangle" x="356" y="773" width="46" height="17"/>
    </entry>
    <entry id="126" name="ko:K18826" type="ortholog" reaction="rn:R03875"
        link="http://www.kegg.jp/dbget-bin/www_bget?K18826">
        <graphics name="K18826" fgcolor="#000000" bgcolor="#FFFFFF"
             type="rectangle" x="237" y="733" width="46" height="17"/>
    </entry>
    <entry id="127" name="ko:K18804" type="ortholog" reaction="rn:R03875"
        link="http://www.kegg.jp/dbget-bin/www_bget?K18804">
        <graphics name="K18804" fgcolor="#000000" bgcolor="#FFFFFF"
             type="rectangle" x="237" y="714" width="46" height="17"/>
    </entry>
    <entry id="128" name="cel:CELE_C26E6.9 cel:CELE_C32D5.5 cel:CELE_F54F7.7 cel:CELE_F55G7.2 cel:CELE_T12D8.1 cel:CELE_T12F5.4 cel:CELE_T26A5.7 cel:CELE_W06D11.4 cel:CELE_Y39G10AR.18 cel:CELE_Y41D4B.12" type="gene" reaction="rn:R04866"
        link="http://www.kegg.jp/dbget-bin/www_bget?cel:CELE_C26E6.9+cel:CELE_C32D5.5+cel:CELE_F54F7.7+cel:CELE_F55G7.2+cel:CELE_T12D8.1+cel:CELE_T12F5.4+cel:CELE_T26A5.7+cel:CELE_W06D11.4+cel:CELE_Y39G10AR.18+cel:CELE_Y41D4B.12">
        <graphics name="set-2..." fgcolor="#000000" bgcolor="#BFFFBF"
             type="rectangle" x="356" y="695" width="46" height="17"/>
    </entry>
    <entry id="129" name="cel:CELE_F52H3.1" type="gene" reaction="rn:R03376"
        link="http://www.kegg.jp/dbget-bin/www_bget?cel:CELE_F52H3.1">
        <graphics name="let-268" fgcolor="#000000" bgcolor="#BFFFBF"
             type="rectangle" x="237" y="774" width="46" height="17"/>
    </entry>
    <entry id="130" name="ko:K18826" type="ortholog" reaction="rn:R04867"
        link="http://www.kegg.jp/dbget-bin/www_bget?K18826">
        <graphics name="K18826" fgcolor="#000000" bgcolor="#FFFFFF"
             type="rectangle" x="473" y="733" width="46" height="17"/>
    </entry>
    <entry id="131" name="ko:K18804" type="ortholog" reaction="rn:R04867"
        link="http://www.kegg.jp/dbget-bin/www_bget?K18804">
        <graphics name="K18804" fgcolor="#000000" bgcolor="#FFFFFF"
             type="rectangle" x="473" y="714" width="46" height="17"/>
    </entry>
    <entry id="132" name="cel:CELE_C26E6.9 cel:CELE_C32D5.5 cel:CELE_F54F7.7 cel:CELE_F55G7.2 cel:CELE_T12D8.1 cel:CELE_T12F5.4 cel:CELE_T26A5.7 cel:CELE_W06D11.4 cel:CELE_Y39G10AR.18 cel:CELE_Y41D4B.12" type="gene" reaction="rn:R04867"
        link="http://www.kegg.jp/dbget-bin/www_bget?cel:CELE_C26E6.9+cel:CELE_C32D5.5+cel:CELE_F54F7.7+cel:CELE_F55G7.2+cel:CELE_T12D8.1+cel:CELE_T12F5.4+cel:CELE_T26A5.7+cel:CELE_W06D11.4+cel:CELE_Y39G10AR.18+cel:CELE_Y41D4B.12">
        <graphics name="set-2..." fgcolor="#000000" bgcolor="#BFFFBF"
             type="rectangle" x="473" y="695" width="46" height="17"/>
    </entry>
    <entry id="134" name="cel:CELE_F01F1.6 cel:CELE_F54D8.3 cel:CELE_T05H4.13 cel:CELE_Y69F12A.2" type="gene" reaction="rn:R03283"
        link="http://www.kegg.jp/dbget-bin/www_bget?cel:CELE_F01F1.6+cel:CELE_F54D8.3+cel:CELE_T05H4.13+cel:CELE_Y69F12A.2">
        <graphics name="alh-9..." fgcolor="#000000" bgcolor="#BFFFBF"
             type="rectangle" x="845" y="704" width="46" height="17"/>
    </entry>
    <entry id="135" name="cpd:C02188" type="compound"
        link="http://www.kegg.jp/dbget-bin/www_bget?C02188">
        <graphics name="C02188" fgcolor="#000000" bgcolor="#FFFFFF"
             type="circle" x="180" y="714" width="8" height="8"/>
    </entry>
    <entry id="136" name="cpd:C05544" type="compound"
        link="http://www.kegg.jp/dbget-bin/www_bget?C05544">
        <graphics name="C05544" fgcolor="#000000" bgcolor="#FFFFFF"
             type="circle" x="300" y="714" width="8" height="8"/>
    </entry>
    <entry id="137" name="cpd:C01211" type="compound"
        link="http://www.kegg.jp/dbget-bin/www_bget?C01211">
        <graphics name="C01211" fgcolor="#000000" bgcolor="#FFFFFF"
             type="circle" x="299" y="773" width="8" height="8"/>
    </entry>
    <entry id="138" name="cpd:C05545" type="compound"
        link="http://www.kegg.jp/dbget-bin/www_bget?C05545">
        <graphics name="C05545" fgcolor="#000000" bgcolor="#FFFFFF"
             type="circle" x="419" y="714" width="8" height="8"/>
    </entry>
    <entry id="139" name="cpd:C04487" type="compound"
        link="http://www.kegg.jp/dbget-bin/www_bget?C04487">
        <graphics name="C04487" fgcolor="#000000" bgcolor="#FFFFFF"
             type="circle" x="419" y="773" width="8" height="8"/>
    </entry>
    <entry id="140" name="cpd:C05546" type="compound"
        link="http://www.kegg.jp/dbget-bin/www_bget?C05546">
        <graphics name="C05546" fgcolor="#000000" bgcolor="#FFFFFF"
             type="circle" x="526" y="714" width="8" height="8"/>
    </entry>
    <entry id="141" name="cpd:C03793" type="compound"
        link="http://www.kegg.jp/dbget-bin/www_bget?C03793">
        <graphics name="C03793" fgcolor="#000000" bgcolor="#FFFFFF"
             type="circle" x="609" y="714" width="8" height="8"/>
    </entry>
    <entry id="142" name="cpd:C01259" type="compound"
        link="http://www.kegg.jp/dbget-bin/www_bget?C01259">
        <graphics name="C01259" fgcolor="#000000" bgcolor="#FFFFFF"
             type="circle" x="692" y="714" width="8" height="8"/>
    </entry>
    <entry id="143" name="cpd:C01181" type="compound"
        link="http://www.kegg.jp/dbget-bin/www_bget?C01181">
        <graphics name="C01181" fgcolor="#000000" bgcolor="#FFFFFF"
             type="circle" x="901" y="714" width="8" height="8"/>
    </entry>
    <entry id="144" name="cpd:C00487" type="compound"
        link="http://www.kegg.jp/dbget-bin/www_bget?C00487">
        <graphics name="C00487" fgcolor="#000000" bgcolor="#FFFFFF"
             type="circle" x="997" y="714" width="8" height="8"/>
    </entry>
    <entry id="145" name="cpd:C01149" type="compound"
        link="http://www.kegg.jp/dbget-bin/www_bget?C01149">
        <graphics name="C01149" fgcolor="#000000" bgcolor="#FFFFFF"
             type="circle" x="786" y="714" width="8" height="8"/>
    </entry>
    <entry id="146" name="cpd:C00037" type="compound"
        link="http://www.kegg.jp/dbget-bin/www_bget?C00037">
        <graphics name="C00037" fgcolor="#000000" bgcolor="#FFFFFF"
             type="circle" x="765" y="747" width="8" height="8"/>
    </entry>
    <entry id="147" name="cpd:C06157" type="compound"
        link="http://www.kegg.jp/dbget-bin/www_bget?C06157">
        <graphics name="C06157" fgcolor="#000000" bgcolor="#FFFFFF"
             type="circle" x="796" y="350" width="8" height="8"/>
    </entry>
    <entry id="148" name="cpd:C04020" type="compound"
        link="http://www.kegg.jp/dbget-bin/www_bget?C04020">
        <graphics name="C04020" fgcolor="#000000" bgcolor="#FFFFFF"
             type="circle" x="317" y="381" width="8" height="8"/>
    </entry>
    <entry id="153" name="path:cel00300" type="map"
        link="http://www.kegg.jp/dbget-bin/www_bget?cel00300">
        <graphics name="Lysine biosynthesis" fgcolor="#000000" bgcolor="#FFFFFF"
             type="roundrectangle" x="54" y="310" width="79" height="34"/>
    </entry>
    <entry id="154" name="path:cel00780" type="map"
        link="http://www.kegg.jp/dbget-bin/www_bget?cel00780">
        <graphics name="Biotin metabolism" fgcolor="#000000" bgcolor="#FFFFFF"
             type="roundrectangle" x="118" y="371" width="77" height="34"/>
    </entry>
    <entry id="159" name="ko:K03894" type="ortholog" reaction="rn:R10090"
        link="http://www.kegg.jp/dbget-bin/www_bget?K03894">
        <graphics name="K03894" fgcolor="#000000" bgcolor="#FFFFFF"
             type="rectangle" x="483" y="567" width="46" height="17"/>
    </entry>
    <entry id="160" name="ko:K03896" type="ortholog" reaction="rn:R03168"
        link="http://www.kegg.jp/dbget-bin/www_bget?K03896">
        <graphics name="K03896" fgcolor="#000000" bgcolor="#FFFFFF"
             type="rectangle" x="375" y="568" width="46" height="17"/>
    </entry>
    <entry id="161" name="ko:K03897" type="ortholog" reaction="rn:R00448"
        link="http://www.kegg.jp/dbget-bin/www_bget?K03897">
        <graphics name="K03897" fgcolor="#000000" bgcolor="#FFFFFF"
             type="rectangle" x="253" y="568" width="46" height="17"/>
    </entry>
    <entry id="162" name="cpd:C01028" type="compound"
        link="http://www.kegg.jp/dbget-bin/www_bget?C01028">
        <graphics name="C01028" fgcolor="#000000" bgcolor="#FFFFFF"
             type="circle" x="317" y="567" width="8" height="8"/>
    </entry>
    <entry id="163" name="cpd:C03955" type="compound"
        link="http://www.kegg.jp/dbget-bin/www_bget?C03955">
        <graphics name="C03955" fgcolor="#000000" bgcolor="#FFFFFF"
             type="circle" x="432" y="567" width="8" height="8"/>
    </entry>
    <entry id="164" name="cpd:C05554" type="compound"
        link="http://www.kegg.jp/dbget-bin/www_bget?C05554">
        <graphics name="C05554" fgcolor="#000000" bgcolor="#FFFFFF"
             type="circle" x="652" y="567" width="8" height="8"/>
    </entry>
    <entry id="165" name="ko:K03895" type="ortholog" reaction="rn:R10091"
        link="http://www.kegg.jp/dbget-bin/www_bget?K03895">
        <graphics name="K03895" fgcolor="#000000" bgcolor="#FFFFFF"
             type="rectangle" x="597" y="568" width="46" height="17"/>
    </entry>
    <entry id="166" name="cpd:C20333" type="compound"
        link="http://www.kegg.jp/dbget-bin/www_bget?C20333">
        <graphics name="C20333" fgcolor="#000000" bgcolor="#FFFFFF"
             type="circle" x="542" y="567" width="8" height="8"/>
    </entry>
    <entry id="168" name="ko:K18013" type="ortholog" reaction="rn:R10564"
        link="http://www.kegg.jp/dbget-bin/www_bget?K18013">
        <graphics name="K18013" fgcolor="#000000" bgcolor="#FFFFFF"
             type="rectangle" x="718" y="626" width="46" height="17"/>
    </entry>
    <entry id="169" name="cpd:C05231" type="compound"
        link="http://www.kegg.jp/dbget-bin/www_bget?C05231">
        <graphics name="C05231" fgcolor="#000000" bgcolor="#FFFFFF"
             type="circle" x="890" y="625" width="8" height="8"/>
    </entry>
    <entry id="171" name="ko:K18014" type="ortholog" reaction="rn:R03030"
        link="http://www.kegg.jp/dbget-bin/www_bget?K18014">
        <graphics name="K18014" fgcolor="#000000" bgcolor="#FFFFFF"
             type="rectangle" x="890" y="551" width="46" height="17"/>
    </entry>
    <entry id="172" name="cpd:C00136" type="compound"
        link="http://www.kegg.jp/dbget-bin/www_bget?C00136">
        <graphics name="C00136" fgcolor="#000000" bgcolor="#FFFFFF"
             type="circle" x="993" y="529" width="8" height="8"/>
    </entry>
    <entry id="175" name="ko:K01034 ko:K01035" type="ortholog" reaction="rn:R01365"
        link="http://www.kegg.jp/dbget-bin/www_bget?K01034+K01035">
        <graphics name="K01034..." fgcolor="#000000" bgcolor="#FFFFFF"
             type="rectangle" x="1051" y="529" width="46" height="17"/>
    </entry>
    <entry id="176" name="cpd:C00164" type="compound"
        link="http://www.kegg.jp/dbget-bin/www_bget?C00164">
        <graphics name="C00164" fgcolor="#000000" bgcolor="#FFFFFF"
             type="circle" x="850" y="664" width="8" height="8"/>
    </entry>
    <entry id="178" name="ko:K18202" type="ortholog" reaction="rn:R10270"
        link="http://www.kegg.jp/dbget-bin/www_bget?K18202">
        <graphics name="K18202" fgcolor="#000000" bgcolor="#FFFFFF"
             type="rectangle" x="577" y="142" width="46" height="17"/>
    </entry>
    <entry id="179" name="cpd:C03366" type="compound"
        link="http://www.kegg.jp/dbget-bin/www_bget?C03366">
        <graphics name="C03366" fgcolor="#000000" bgcolor="#FFFFFF"
             type="circle" x="516" y="141" width="8" height="8"/>
    </entry>
    <entry id="181" name="cpd:C16741" type="compound"
        link="http://www.kegg.jp/dbget-bin/www_bget?C16741">
        <graphics name="C16741" fgcolor="#000000" bgcolor="#FFFFFF"
             type="circle" x="394" y="141" width="8" height="8"/>
    </entry>
    <entry id="182" name="ko:K18201" type="ortholog" reaction="rn:R03378"
        link="http://www.kegg.jp/dbget-bin/www_bget?K18201">
        <graphics name="K18201" fgcolor="#000000" bgcolor="#FFFFFF"
             type="rectangle" x="451" y="142" width="46" height="17"/>
    </entry>
    <relation entry1="41" entry2="52" type="ECrel">
        <subtype name="compound" value="89"/>
    </relation>
    <relation entry1="52" entry2="53" type="ECrel">
        <subtype name="compound" value="85"/>
    </relation>
    <relation entry1="55" entry2="73" type="ECrel">
        <subtype name="compound" value="147"/>
    </relation>
    <relation entry1="58" entry2="73" type="ECrel">
        <subtype name="compound" value="80"/>
    </relation>
    <relation entry1="44" entry2="58" type="ECrel">
        <subtype name="compound" value="75"/>
    </relation>
    <relation entry1="44" entry2="45" type="ECrel">
        <subtype name="compound" value="76"/>
    </relation>
    <relation entry1="45" entry2="56" type="ECrel">
        <subtype name="compound" value="77"/>
    </relation>
    <relation entry1="124" entry2="129" type="ECrel">
        <subtype name="compound" value="135"/>
    </relation>
    <relation entry1="118" entry2="134" type="ECrel">
        <subtype name="compound" value="143"/>
    </relation>
    <relation entry1="118" entry2="119" type="ECrel">
        <subtype name="compound" value="143"/>
    </relation>
    <relation entry1="125" entry2="129" type="ECrel">
        <subtype name="compound" value="137"/>
    </relation>
    <relation entry1="153" entry2="154" type="maplink">
        <subtype name="compound" value="94"/>
    </relation>
    <relation entry1="41" entry2="153" type="maplink">
        <subtype name="compound" value="94"/>
    </relation>
    <relation entry1="41" entry2="154" type="maplink">
        <subtype name="compound" value="94"/>
    </relation>
    <relation entry1="53" entry2="43" type="maplink">
        <subtype name="compound" value="82"/>
    </relation>
    <relation entry1="56" entry2="57" type="maplink">
        <subtype name="compound" value="78"/>
    </relation>
    <reaction id="41" name="rn:R00716" type="irreversible">
        <substrate id="94" name="cpd:C00047"/>
        <product id="89" name="cpd:C00449"/>
    </reaction>
    <reaction id="118" name="rn:R02397" type="irreversible">
        <substrate id="143" name="cpd:C01181"/>
        <product id="144" name="cpd:C00487"/>
    </reaction>
    <reaction id="119" name="rn:R03283" type="irreversible">
        <substrate id="145" name="cpd:C01149"/>
        <product id="143" name="cpd:C01181"/>
    </reaction>
    <reaction id="124" name="rn:R03875" type="irreversible">
        <substrate id="135" name="cpd:C02188"/>
        <product id="136" name="cpd:C05544"/>
    </reaction>
    <reaction id="125" name="rn:R03380" type="irreversible">
        <substrate id="137" name="cpd:C01211"/>
        <product id="139" name="cpd:C04487"/>
    </reaction>
    <reaction id="128" name="rn:R04866" type="irreversible">
        <substrate id="136" name="cpd:C05544"/>
        <product id="138" name="cpd:C05545"/>
    </reaction>
    <reaction id="129" name="rn:R03376" type="irreversible">
        <substrate id="135" name="cpd:C02188"/>
        <product id="137" name="cpd:C01211"/>
    </reaction>
    <reaction id="132" name="rn:R04867" type="irreversible">
        <substrate id="138" name="cpd:C05545"/>
        <product id="140" name="cpd:C05546"/>
    </reaction>
    <reaction id="44" name="rn:R03026" type="irreversible">
        <substrate id="75" name="cpd:C00877"/>
        <product id="76" name="cpd:C01144"/>
    </reaction>
    <reaction id="45" name="rn:R01975" type="reversible">
        <substrate id="76" name="cpd:C01144"/>
        <product id="77" name="cpd:C00332"/>
    </reaction>
    <reaction id="52" name="rn:R02313" type="reversible">
        <substrate id="89" name="cpd:C00449"/>
        <product id="85" name="cpd:C04076"/>
    </reaction>
    <reaction id="53" name="rn:R03102 rn:R03103" type="irreversible">
        <substrate id="85" name="cpd:C04076"/>
        <product id="82" name="cpd:C00956"/>
    </reaction>
    <reaction id="55" name="rn:R01940" type="irreversible">
        <substrate id="79" name="cpd:C00322"/>
        <product id="147" name="cpd:C06157"/>
    </reaction>
    <reaction id="56" name="rn:R00238" type="irreversible">
        <substrate id="77" name="cpd:C00332"/>
        <product id="78" name="cpd:C00024"/>
    </reaction>
    <reaction id="58" name="rn:R02488" type="irreversible">
        <substrate id="80" name="cpd:C00527"/>
        <product id="75" name="cpd:C00877"/>
    </reaction>
    <reaction id="134" name="rn:R03283" type="irreversible">
        <substrate id="145" name="cpd:C01149"/>
        <product id="143" name="cpd:C01181"/>
    </reaction>
    <reaction id="72" name="rn:R02204" type="irreversible">
        <substrate id="83" name="cpd:C00408"/>
        <product id="84" name="cpd:C00450"/>
    </reaction>
    <reaction id="73" name="rn:R02571" type="reversible">
        <substrate id="147" name="cpd:C06157"/>
        <product id="80" name="cpd:C00527"/>
    </reaction>
</pathway>
