<?xml version="1.0"?>
<!DOCTYPE pathway SYSTEM "http://www.kegg.jp/kegg/xml/KGML_v0.7.1_.dtd">
<!-- Creation date: Oct 17, 2014 17:22:04 +0900 (GMT+09:00) -->
<pathway name="path:cel03013" org="cel" number="03013"
         title="RNA transport"
         image="http://www.kegg.jp/kegg/pathway/cel/cel03013.png"
         link="http://www.kegg.jp/kegg-bin/show_pathway?cel03013">
    <entry id="1" name="path:cel03013" type="map"
        link="http://www.kegg.jp/dbget-bin/www_bget?cel03013">
        <graphics name="TITLE:RNA transport" fgcolor="#000000" bgcolor="#FFFFFF"
             type="roundrectangle" x="108" y="58" width="136" height="25"/>
    </entry>
    <entry id="2" name="cel:CELE_C49H3.10" type="gene"
        link="http://www.kegg.jp/dbget-bin/www_bget?cel:CELE_C49H3.10">
        <graphics name="xpo-3" fgcolor="#000000" bgcolor="#BFFFBF"
             type="rectangle" x="108" y="305" width="46" height="17"/>
    </entry>
    <entry id="3" name="cel:CELE_K01G5.4" type="gene"
        link="http://www.kegg.jp/dbget-bin/www_bget?cel:CELE_K01G5.4">
        <graphics name="ran-1" fgcolor="#000000" bgcolor="#BFFFBF"
             type="rectangle" x="108" y="288" width="46" height="17"/>
    </entry>
    <entry id="4" name="cel:CELE_K01G5.4" type="gene"
        link="http://www.kegg.jp/dbget-bin/www_bget?cel:CELE_K01G5.4">
        <graphics name="ran-1" fgcolor="#000000" bgcolor="#BFFFBF"
             type="rectangle" x="355" y="288" width="46" height="17"/>
    </entry>
    <entry id="5" name="cel:CELE_ZK742.1" type="gene"
        link="http://www.kegg.jp/dbget-bin/www_bget?cel:CELE_ZK742.1">
        <graphics name="xpo-1" fgcolor="#000000" bgcolor="#BFFFBF"
             type="rectangle" x="355" y="305" width="46" height="17"/>
    </entry>
    <entry id="6" name="cel:CELE_F37E3.1" type="gene"
        link="http://www.kegg.jp/dbget-bin/www_bget?cel:CELE_F37E3.1">
        <graphics name="ncbp-1" fgcolor="#000000" bgcolor="#BFFFBF"
             type="rectangle" x="355" y="339" width="46" height="17"/>
    </entry>
    <entry id="7" name="cel:CELE_Y71H2B.2" type="gene"
        link="http://www.kegg.jp/dbget-bin/www_bget?cel:CELE_Y71H2B.2">
        <graphics name="Y71H2B.2" fgcolor="#000000" bgcolor="#BFFFBF"
             type="rectangle" x="355" y="322" width="46" height="17"/>
    </entry>
    <entry id="8" name="cel:CELE_C01F6.8" type="gene"
        link="http://www.kegg.jp/dbget-bin/www_bget?cel:CELE_C01F6.8">
        <graphics name="icln-1" fgcolor="#000000" bgcolor="#BFFFBF"
             type="rectangle" x="467" y="558" width="46" height="17"/>
    </entry>
    <entry id="9" name="path:cel03040" type="map"
        link="http://www.kegg.jp/dbget-bin/www_bget?cel03040">
        <graphics name="Spliceosome" fgcolor="#000000" bgcolor="#FFFFFF"
             type="roundrectangle" x="1090" y="142" width="92" height="25"/>
    </entry>
    <entry id="10" name="path:cel03010" type="map"
        link="http://www.kegg.jp/dbget-bin/www_bget?cel03010">
        <graphics name="Ribosome" fgcolor="#000000" bgcolor="#FFFFFF"
             type="roundrectangle" x="726" y="461" width="92" height="25"/>
    </entry>
    <entry id="11" name="cel:CELE_Y39A3CR.1" type="gene"
        link="http://www.kegg.jp/dbget-bin/www_bget?cel:CELE_Y39A3CR.1">
        <graphics name="smi-1" fgcolor="#000000" bgcolor="#BFFFBF"
             type="rectangle" x="490" y="732" width="46" height="17"/>
    </entry>
    <entry id="12" name="cel:CELE_C41G7.1" type="gene"
        link="http://www.kegg.jp/dbget-bin/www_bget?cel:CELE_C41G7.1">
        <graphics name="smn-1" fgcolor="#000000" bgcolor="#BFFFBF"
             type="rectangle" x="490" y="715" width="46" height="17"/>
    </entry>
    <entry id="13" name="cel:CELE_T06A10.1" type="gene"
        link="http://www.kegg.jp/dbget-bin/www_bget?cel:CELE_T06A10.1">
        <graphics name="mel-46" fgcolor="#000000" bgcolor="#BFFFBF"
             type="rectangle" x="490" y="698" width="46" height="17"/>
    </entry>
    <entry id="14" name="ko:K13133" type="ortholog"
        link="http://www.kegg.jp/dbget-bin/www_bget?K13133">
        <graphics name="K13133" fgcolor="#000000" bgcolor="#FFFFFF"
             type="rectangle" x="444" y="724" width="46" height="17"/>
    </entry>
    <entry id="15" name="ko:K13132" type="ortholog"
        link="http://www.kegg.jp/dbget-bin/www_bget?K13132">
        <graphics name="K13132" fgcolor="#000000" bgcolor="#FFFFFF"
             type="rectangle" x="536" y="698" width="46" height="17"/>
    </entry>
    <entry id="16" name="cel:CELE_C24H11.5" type="gene"
        link="http://www.kegg.jp/dbget-bin/www_bget?cel:CELE_C24H11.5">
        <graphics name="C24H11.5" fgcolor="#000000" bgcolor="#BFFFBF"
             type="rectangle" x="536" y="732" width="46" height="17"/>
    </entry>
    <entry id="17" name="cel:CELE_F10E9.5" type="gene"
        link="http://www.kegg.jp/dbget-bin/www_bget?cel:CELE_F10E9.5">
        <graphics name="F10E9.5" fgcolor="#000000" bgcolor="#BFFFBF"
             type="rectangle" x="536" y="715" width="46" height="17"/>
    </entry>
    <entry id="18" name="ko:K13137" type="ortholog"
        link="http://www.kegg.jp/dbget-bin/www_bget?K13137">
        <graphics name="K13137" fgcolor="#000000" bgcolor="#FFFFFF"
             type="rectangle" x="582" y="732" width="46" height="17"/>
    </entry>
    <entry id="19" name="cel:CELE_T08G11.4" type="gene"
        link="http://www.kegg.jp/dbget-bin/www_bget?cel:CELE_T08G11.4">
        <graphics name="T08G11.4" fgcolor="#000000" bgcolor="#BFFFBF"
             type="rectangle" x="456" y="474" width="46" height="17"/>
    </entry>
    <entry id="20" name="cel:CELE_D1007.4" type="gene"
        link="http://www.kegg.jp/dbget-bin/www_bget?cel:CELE_D1007.4">
        <graphics name="CELE_D1007.4" fgcolor="#000000" bgcolor="#BFFFBF"
             type="rectangle" x="536" y="749" width="46" height="17"/>
    </entry>
    <entry id="21" name="cel:CELE_F28B3.8" type="gene"
        link="http://www.kegg.jp/dbget-bin/www_bget?cel:CELE_F28B3.8">
        <graphics name="imb-1" fgcolor="#000000" bgcolor="#BFFFBF"
             type="rectangle" x="560" y="417" width="46" height="17"/>
    </entry>
    <entry id="22" name="cel:CELE_F23F1.5" type="gene"
        link="http://www.kegg.jp/dbget-bin/www_bget?cel:CELE_F23F1.5">
        <graphics name="F23F1.5" fgcolor="#000000" bgcolor="#BFFFBF"
             type="rectangle" x="560" y="434" width="46" height="17"/>
    </entry>
    <entry id="23" name="cel:CELE_R07E5.14" type="gene"
        link="http://www.kegg.jp/dbget-bin/www_bget?cel:CELE_R07E5.14">
        <graphics name="rnp-4" fgcolor="#000000" bgcolor="#BFFFBF"
             type="rectangle" x="936" y="715" width="46" height="17"/>
    </entry>
    <entry id="24" name="cel:CELE_R09B3.5" type="gene"
        link="http://www.kegg.jp/dbget-bin/www_bget?cel:CELE_R09B3.5">
        <graphics name="mag-1" fgcolor="#000000" bgcolor="#BFFFBF"
             type="rectangle" x="936" y="732" width="46" height="17"/>
    </entry>
    <entry id="25" name="cel:CELE_F33D11.10 cel:CELE_Y65B4A.6" type="gene"
        link="http://www.kegg.jp/dbget-bin/www_bget?cel:CELE_F33D11.10+cel:CELE_Y65B4A.6">
        <graphics name="F33D11.10..." fgcolor="#000000" bgcolor="#BFFFBF"
             type="rectangle" x="982" y="732" width="46" height="17"/>
    </entry>
    <entry id="26" name="cel:CELE_W08E3.2" type="gene"
        link="http://www.kegg.jp/dbget-bin/www_bget?cel:CELE_W08E3.2">
        <graphics name="W08E3.2" fgcolor="#000000" bgcolor="#BFFFBF"
             type="rectangle" x="982" y="715" width="46" height="17"/>
    </entry>
    <entry id="27" name="cel:CELE_C43E11.1" type="gene"
        link="http://www.kegg.jp/dbget-bin/www_bget?cel:CELE_C43E11.1">
        <graphics name="acin-1" fgcolor="#000000" bgcolor="#BFFFBF"
             type="rectangle" x="1083" y="698" width="46" height="17"/>
    </entry>
    <entry id="28" name="cel:CELE_K02F3.11" type="gene"
        link="http://www.kegg.jp/dbget-bin/www_bget?cel:CELE_K02F3.11">
        <graphics name="rnp-5" fgcolor="#000000" bgcolor="#BFFFBF"
             type="rectangle" x="1083" y="715" width="46" height="17"/>
    </entry>
    <entry id="29" name="cel:CELE_C16C10.4" type="gene"
        link="http://www.kegg.jp/dbget-bin/www_bget?cel:CELE_C16C10.4">
        <graphics name="C16C10.4" fgcolor="#000000" bgcolor="#BFFFBF"
             type="rectangle" x="1037" y="715" width="46" height="17"/>
    </entry>
    <entry id="30" name="cel:CELE_F28D9.1" type="gene"
        link="http://www.kegg.jp/dbget-bin/www_bget?cel:CELE_F28D9.1">
        <graphics name="rsr-1" fgcolor="#000000" bgcolor="#BFFFBF"
             type="rectangle" x="1087" y="803" width="46" height="17"/>
    </entry>
    <entry id="31" name="path:cel03015" type="map"
        link="http://www.kegg.jp/dbget-bin/www_bget?cel03015">
        <graphics name="mRNA surveillance pathway" fgcolor="#000000" bgcolor="#FFFFFF"
             type="roundrectangle" x="1155" y="398" width="100" height="34"/>
    </entry>
    <entry id="32" name="cel:CELE_C15H11.3 cel:CELE_C15H11.6" type="gene"
        link="http://www.kegg.jp/dbget-bin/www_bget?cel:CELE_C15H11.3+cel:CELE_C15H11.6">
        <graphics name="nxf-1..." fgcolor="#000000" bgcolor="#BFFFBF"
             type="rectangle" x="1034" y="780" width="46" height="17"/>
    </entry>
    <entry id="33" name="cel:CELE_R186.7" type="gene"
        link="http://www.kegg.jp/dbget-bin/www_bget?cel:CELE_R186.7">
        <graphics name="R186.7" fgcolor="#000000" bgcolor="#BFFFBF"
             type="rectangle" x="1037" y="732" width="46" height="17"/>
    </entry>
    <entry id="34" name="cel:CELE_C01F6.5 cel:CELE_C02B10.4 cel:CELE_F23B2.6 cel:CELE_M18.7" type="gene"
        link="http://www.kegg.jp/dbget-bin/www_bget?cel:CELE_C01F6.5+cel:CELE_C02B10.4+cel:CELE_F23B2.6+cel:CELE_M18.7">
        <graphics name="aly-1..." fgcolor="#000000" bgcolor="#BFFFBF"
             type="rectangle" x="1083" y="732" width="46" height="17"/>
    </entry>
    <entry id="35" name="cel:CELE_Y71F9AM.5" type="gene"
        link="http://www.kegg.jp/dbget-bin/www_bget?cel:CELE_Y71F9AM.5">
        <graphics name="nxt-1" fgcolor="#000000" bgcolor="#BFFFBF"
             type="rectangle" x="1034" y="797" width="46" height="17"/>
    </entry>
    <entry id="36" name="cel:CELE_F37E3.1" type="gene"
        link="http://www.kegg.jp/dbget-bin/www_bget?cel:CELE_F37E3.1">
        <graphics name="ncbp-1" fgcolor="#000000" bgcolor="#BFFFBF"
             type="rectangle" x="935" y="141" width="46" height="17"/>
    </entry>
    <entry id="37" name="ko:K14307" type="ortholog"
        link="http://www.kegg.jp/dbget-bin/www_bget?K14307">
        <graphics name="K14307" fgcolor="#000000" bgcolor="#FFFFFF"
             type="rectangle" x="99" y="835" width="46" height="17"/>
    </entry>
    <entry id="38" name="cel:CELE_K12D12.2" type="gene"
        link="http://www.kegg.jp/dbget-bin/www_bget?cel:CELE_K12D12.2">
        <graphics name="npp-3" fgcolor="#000000" bgcolor="#BFFFBF"
             type="rectangle" x="182" y="835" width="46" height="17"/>
    </entry>
    <entry id="39" name="ko:K14311" type="ortholog"
        link="http://www.kegg.jp/dbget-bin/www_bget?K14311">
        <graphics name="K14311" fgcolor="#000000" bgcolor="#FFFFFF"
             type="rectangle" x="182" y="852" width="46" height="17"/>
    </entry>
    <entry id="40" name="cel:CELE_F53F10.5" type="gene"
        link="http://www.kegg.jp/dbget-bin/www_bget?cel:CELE_F53F10.5">
        <graphics name="npp-11" fgcolor="#000000" bgcolor="#BFFFBF"
             type="rectangle" x="99" y="818" width="46" height="17"/>
    </entry>
    <entry id="41" name="cel:CELE_R07G3.3" type="gene"
        link="http://www.kegg.jp/dbget-bin/www_bget?cel:CELE_R07G3.3">
        <graphics name="npp-21" fgcolor="#000000" bgcolor="#BFFFBF"
             type="rectangle" x="129" y="698" width="46" height="17"/>
    </entry>
    <entry id="42" name="ko:K14296" type="ortholog"
        link="http://www.kegg.jp/dbget-bin/www_bget?K14296">
        <graphics name="K14296" fgcolor="#000000" bgcolor="#FFFFFF"
             type="rectangle" x="129" y="748" width="46" height="17"/>
    </entry>
    <entry id="43" name="cel:CELE_Y37E3.15" type="gene"
        link="http://www.kegg.jp/dbget-bin/www_bget?cel:CELE_Y37E3.15">
        <graphics name="npp-13" fgcolor="#000000" bgcolor="#BFFFBF"
             type="rectangle" x="182" y="818" width="46" height="17"/>
    </entry>
    <entry id="44" name="cel:CELE_K07F5.13" type="gene"
        link="http://www.kegg.jp/dbget-bin/www_bget?cel:CELE_K07F5.13">
        <graphics name="npp-1" fgcolor="#000000" bgcolor="#BFFFBF"
             type="rectangle" x="99" y="852" width="46" height="17"/>
    </entry>
    <entry id="45" name="ko:K14295" type="ortholog"
        link="http://www.kegg.jp/dbget-bin/www_bget?K14295">
        <graphics name="K14295" fgcolor="#000000" bgcolor="#FFFFFF"
             type="rectangle" x="129" y="723" width="46" height="17"/>
    </entry>
    <entry id="46" name="cel:CELE_Y41D4B.19" type="gene"
        link="http://www.kegg.jp/dbget-bin/www_bget?cel:CELE_Y41D4B.19">
        <graphics name="npp-8" fgcolor="#000000" bgcolor="#BFFFBF"
             type="rectangle" x="182" y="875" width="46" height="17"/>
    </entry>
    <entry id="47" name="ko:K03345" type="ortholog"
        link="http://www.kegg.jp/dbget-bin/www_bget?K03345">
        <graphics name="K03345" fgcolor="#000000" bgcolor="#FFFFFF"
             type="rectangle" x="175" y="748" width="46" height="17"/>
    </entry>
    <entry id="48" name="ko:K14297" type="ortholog"
        link="http://www.kegg.jp/dbget-bin/www_bget?K14297">
        <graphics name="K14297" fgcolor="#000000" bgcolor="#FFFFFF"
             type="rectangle" x="289" y="750" width="46" height="17"/>
    </entry>
    <entry id="49" name="ko:K14302" type="ortholog"
        link="http://www.kegg.jp/dbget-bin/www_bget?K14302">
        <graphics name="K14302" fgcolor="#000000" bgcolor="#FFFFFF"
             type="rectangle" x="335" y="722" width="46" height="17"/>
    </entry>
    <entry id="50" name="cel:CELE_Y77E11A.13" type="gene"
        link="http://www.kegg.jp/dbget-bin/www_bget?cel:CELE_Y77E11A.13">
        <graphics name="npp-20" fgcolor="#000000" bgcolor="#BFFFBF"
             type="rectangle" x="243" y="738" width="46" height="17"/>
    </entry>
    <entry id="51" name="cel:CELE_F56A3.3" type="gene"
        link="http://www.kegg.jp/dbget-bin/www_bget?cel:CELE_F56A3.3">
        <graphics name="npp-6" fgcolor="#000000" bgcolor="#BFFFBF"
             type="rectangle" x="335" y="739" width="46" height="17"/>
    </entry>
    <entry id="52" name="cel:CELE_F07A11.3" type="gene"
        link="http://www.kegg.jp/dbget-bin/www_bget?cel:CELE_F07A11.3">
        <graphics name="npp-5" fgcolor="#000000" bgcolor="#BFFFBF"
             type="rectangle" x="289" y="767" width="46" height="17"/>
    </entry>
    <entry id="53" name="cel:CELE_T01G9.4" type="gene"
        link="http://www.kegg.jp/dbget-bin/www_bget?cel:CELE_T01G9.4">
        <graphics name="npp-2" fgcolor="#000000" bgcolor="#BFFFBF"
             type="rectangle" x="335" y="756" width="46" height="17"/>
    </entry>
    <entry id="54" name="cel:CELE_Y43F4B.4" type="gene"
        link="http://www.kegg.jp/dbget-bin/www_bget?cel:CELE_Y43F4B.4">
        <graphics name="npp-18" fgcolor="#000000" bgcolor="#BFFFBF"
             type="rectangle" x="243" y="762" width="46" height="17"/>
    </entry>
    <entry id="55" name="ko:K14297" type="ortholog"
        link="http://www.kegg.jp/dbget-bin/www_bget?K14297">
        <graphics name="K14297" fgcolor="#000000" bgcolor="#FFFFFF"
             type="rectangle" x="243" y="698" width="46" height="17"/>
    </entry>
    <entry id="56" name="cel:CELE_F10G8.3" type="gene"
        link="http://www.kegg.jp/dbget-bin/www_bget?cel:CELE_F10G8.3">
        <graphics name="rae-1" fgcolor="#000000" bgcolor="#BFFFBF"
             type="rectangle" x="243" y="715" width="46" height="17"/>
    </entry>
    <entry id="57" name="ko:K14305" type="ortholog"
        link="http://www.kegg.jp/dbget-bin/www_bget?K14305">
        <graphics name="K14305" fgcolor="#000000" bgcolor="#FFFFFF"
             type="rectangle" x="335" y="773" width="46" height="17"/>
    </entry>
    <entry id="58" name="ko:K14300" type="ortholog"
        link="http://www.kegg.jp/dbget-bin/www_bget?K14300">
        <graphics name="K14300" fgcolor="#000000" bgcolor="#FFFFFF"
             type="rectangle" x="289" y="733" width="46" height="17"/>
    </entry>
    <entry id="59" name="cel:CELE_T23H2.1" type="gene"
        link="http://www.kegg.jp/dbget-bin/www_bget?cel:CELE_T23H2.1">
        <graphics name="npp-12" fgcolor="#000000" bgcolor="#BFFFBF"
             type="rectangle" x="254" y="818" width="46" height="17"/>
    </entry>
    <entry id="60" name="ko:K14316" type="ortholog"
        link="http://www.kegg.jp/dbget-bin/www_bget?K14316">
        <graphics name="K14316" fgcolor="#000000" bgcolor="#FFFFFF"
             type="rectangle" x="254" y="876" width="46" height="17"/>
    </entry>
    <entry id="61" name="cel:CELE_B0240.4" type="gene"
        link="http://www.kegg.jp/dbget-bin/www_bget?cel:CELE_B0240.4">
        <graphics name="npp-22" fgcolor="#000000" bgcolor="#BFFFBF"
             type="rectangle" x="254" y="847" width="46" height="17"/>
    </entry>
    <entry id="62" name="cel:CELE_C03D6.4" type="gene"
        link="http://www.kegg.jp/dbget-bin/www_bget?cel:CELE_C03D6.4">
        <graphics name="npp-14" fgcolor="#000000" bgcolor="#BFFFBF"
             type="rectangle" x="321" y="818" width="46" height="17"/>
    </entry>
    <entry id="63" name="ko:K14318" type="ortholog"
        link="http://www.kegg.jp/dbget-bin/www_bget?K14318">
        <graphics name="K14318" fgcolor="#000000" bgcolor="#FFFFFF"
             type="rectangle" x="321" y="835" width="46" height="17"/>
    </entry>
    <entry id="64" name="cel:CELE_F59A2.1" type="gene"
        link="http://www.kegg.jp/dbget-bin/www_bget?cel:CELE_F59A2.1">
        <graphics name="npp-9" fgcolor="#000000" bgcolor="#BFFFBF"
             type="rectangle" x="334" y="852" width="46" height="17"/>
    </entry>
    <entry id="65" name="cel:CELE_F29B9.6 cel:CELE_F56D2.4" type="gene"
        link="http://www.kegg.jp/dbget-bin/www_bget?cel:CELE_F29B9.6+cel:CELE_F56D2.4">
        <graphics name="ubc-9..." fgcolor="#000000" bgcolor="#BFFFBF"
             type="rectangle" x="380" y="852" width="46" height="17"/>
    </entry>
    <entry id="66" name="cel:CELE_C29E4.3" type="gene"
        link="http://www.kegg.jp/dbget-bin/www_bget?cel:CELE_C29E4.3">
        <graphics name="ran-2" fgcolor="#000000" bgcolor="#BFFFBF"
             type="rectangle" x="334" y="869" width="46" height="17"/>
    </entry>
    <entry id="67" name="cel:CELE_K12C11.2" type="gene"
        link="http://www.kegg.jp/dbget-bin/www_bget?cel:CELE_K12C11.2">
        <graphics name="smo-1" fgcolor="#000000" bgcolor="#BFFFBF"
             type="rectangle" x="380" y="869" width="46" height="17"/>
    </entry>
    <entry id="68" name="ko:K14321" type="ortholog"
        link="http://www.kegg.jp/dbget-bin/www_bget?K14321">
        <graphics name="K14321" fgcolor="#000000" bgcolor="#FFFFFF"
             type="rectangle" x="380" y="831" width="46" height="17"/>
    </entry>
    <entry id="69" name="ko:K14320" type="ortholog"
        link="http://www.kegg.jp/dbget-bin/www_bget?K14320">
        <graphics name="K14320" fgcolor="#000000" bgcolor="#FFFFFF"
             type="rectangle" x="380" y="810" width="46" height="17"/>
    </entry>
    <entry id="70" name="cel:CELE_C34E10.5" type="gene"
        link="http://www.kegg.jp/dbget-bin/www_bget?cel:CELE_C34E10.5">
        <graphics name="prmt-5" fgcolor="#000000" bgcolor="#BFFFBF"
             type="rectangle" x="467" y="580" width="46" height="17"/>
    </entry>
    <entry id="71" name="cel:CELE_K01G5.4" type="gene"
        link="http://www.kegg.jp/dbget-bin/www_bget?cel:CELE_K01G5.4">
        <graphics name="ran-1" fgcolor="#000000" bgcolor="#BFFFBF"
             type="rectangle" x="276" y="288" width="46" height="17"/>
    </entry>
    <entry id="72" name="ko:K14289" type="ortholog"
        link="http://www.kegg.jp/dbget-bin/www_bget?K14289">
        <graphics name="K14289" fgcolor="#000000" bgcolor="#FFFFFF"
             type="rectangle" x="276" y="305" width="46" height="17"/>
    </entry>
    <entry id="73" name="cel:CELE_F31E3.5 cel:CELE_R03G5.1" type="gene"
        link="http://www.kegg.jp/dbget-bin/www_bget?cel:CELE_F31E3.5+cel:CELE_R03G5.1">
        <graphics name="eef-1A.1..." fgcolor="#000000" bgcolor="#BFFFBF"
             type="rectangle" x="276" y="321" width="46" height="17"/>
    </entry>
    <entry id="74" name="cel:CELE_K01G5.4" type="gene"
        link="http://www.kegg.jp/dbget-bin/www_bget?cel:CELE_K01G5.4">
        <graphics name="ran-1" fgcolor="#000000" bgcolor="#BFFFBF"
             type="rectangle" x="715" y="297" width="46" height="17"/>
    </entry>
    <entry id="75" name="cel:CELE_ZK742.1" type="gene"
        link="http://www.kegg.jp/dbget-bin/www_bget?cel:CELE_ZK742.1">
        <graphics name="xpo-1" fgcolor="#000000" bgcolor="#BFFFBF"
             type="rectangle" x="715" y="315" width="46" height="19"/>
    </entry>
    <entry id="76" name="cel:CELE_T25G3.3" type="gene"
        link="http://www.kegg.jp/dbget-bin/www_bget?cel:CELE_T25G3.3">
        <graphics name="T25G3.3" fgcolor="#000000" bgcolor="#BFFFBF"
             type="rectangle" x="715" y="331" width="46" height="17"/>
    </entry>
    <entry id="77" name="cel:CELE_C05C10.2 cel:CELE_C44H9.4 cel:CELE_Y48G8AL.6" type="gene"
        link="http://www.kegg.jp/dbget-bin/www_bget?cel:CELE_C05C10.2+cel:CELE_C44H9.4+cel:CELE_Y48G8AL.6">
        <graphics name="C05C10.2..." fgcolor="#000000" bgcolor="#BFFFBF"
             type="rectangle" x="975" y="780" width="46" height="17"/>
    </entry>
    <entry id="78" name="ko:K12812" type="ortholog"
        link="http://www.kegg.jp/dbget-bin/www_bget?K12812">
        <graphics name="K12812" fgcolor="#000000" bgcolor="#FFFFFF"
             type="rectangle" x="1087" y="780" width="46" height="17"/>
    </entry>
    <entry id="79" name="cel:CELE_T20G5.9" type="gene"
        link="http://www.kegg.jp/dbget-bin/www_bget?cel:CELE_T20G5.9">
        <graphics name="T20G5.9" fgcolor="#000000" bgcolor="#BFFFBF"
             type="rectangle" x="973" y="418" width="46" height="17"/>
    </entry>
    <entry id="80" name="cel:CELE_H06H21.3 cel:CELE_T27F7.3" type="gene"
        link="http://www.kegg.jp/dbget-bin/www_bget?cel:CELE_H06H21.3+cel:CELE_T27F7.3">
        <graphics name="eif-1.A..." fgcolor="#000000" bgcolor="#BFFFBF"
             type="rectangle" x="726" y="716" width="46" height="17"/>
    </entry>
    <entry id="81" name="cel:CELE_B0511.10 cel:CELE_C27D11.1 cel:CELE_C41D11.2 cel:CELE_D2013.7 cel:CELE_F22B5.2 cel:CELE_R08D7.3 cel:CELE_T23D8.4 cel:CELE_Y40B1B.5 cel:CELE_Y54E2A.11 cel:CELE_Y74C10AR.1" type="gene"
        link="http://www.kegg.jp/dbget-bin/www_bget?cel:CELE_B0511.10+cel:CELE_C27D11.1+cel:CELE_C41D11.2+cel:CELE_D2013.7+cel:CELE_F22B5.2+cel:CELE_R08D7.3+cel:CELE_T23D8.4+cel:CELE_Y40B1B.5+cel:CELE_Y54E2A.11+cel:CELE_Y74C10AR.1">
        <graphics name="eif-3.E..." fgcolor="#000000" bgcolor="#BFFFBF"
             type="rectangle" x="726" y="699" width="46" height="17"/>
    </entry>
    <entry id="82" name="path:cel03020" type="map"
        link="http://www.kegg.jp/dbget-bin/www_bget?cel03020">
        <graphics name="RNA polymerase" fgcolor="#000000" bgcolor="#FFFFFF"
             type="roundrectangle" x="112" y="150" width="92" height="25"/>
    </entry>
    <entry id="83" name="cel:CELE_F55B12.4" type="gene"
        link="http://www.kegg.jp/dbget-bin/www_bget?cel:CELE_F55B12.4">
        <graphics name="hpo-31" fgcolor="#000000" bgcolor="#BFFFBF"
             type="rectangle" x="276" y="202" width="46" height="17"/>
    </entry>
    <entry id="84" name="cel:CELE_C05D11.9 cel:CELE_C15C6.4 cel:CELE_H35B03.2 cel:CELE_Y62E10A.2 cel:CELE_Y66A7A.2 cel:CELE_ZK632.14" type="gene"
        link="http://www.kegg.jp/dbget-bin/www_bget?cel:CELE_C05D11.9+cel:CELE_C15C6.4+cel:CELE_H35B03.2+cel:CELE_Y62E10A.2+cel:CELE_Y66A7A.2+cel:CELE_ZK632.14">
        <graphics name="C05D11.9..." fgcolor="#000000" bgcolor="#BFFFBF"
             type="rectangle" x="275" y="130" width="46" height="17"/>
    </entry>
    <entry id="85" name="cel:CELE_E04A4.4" type="gene"
        link="http://www.kegg.jp/dbget-bin/www_bget?cel:CELE_E04A4.4">
        <graphics name="hoe-1" fgcolor="#000000" bgcolor="#BFFFBF"
             type="rectangle" x="276" y="167" width="46" height="17"/>
    </entry>
    <entry id="86" name="cel:CELE_T02H6.2" type="gene"
        link="http://www.kegg.jp/dbget-bin/www_bget?cel:CELE_T02H6.2">
        <graphics name="thoc-1" fgcolor="#000000" bgcolor="#BFFFBF"
             type="rectangle" x="1160" y="697" width="46" height="17"/>
    </entry>
    <entry id="87" name="cel:CELE_C16A3.8" type="gene"
        link="http://www.kegg.jp/dbget-bin/www_bget?cel:CELE_C16A3.8">
        <graphics name="thoc-2" fgcolor="#000000" bgcolor="#BFFFBF"
             type="rectangle" x="1160" y="714" width="46" height="17"/>
    </entry>
    <entry id="88" name="cel:CELE_F32H2.4" type="gene"
        link="http://www.kegg.jp/dbget-bin/www_bget?cel:CELE_F32H2.4">
        <graphics name="thoc-3" fgcolor="#000000" bgcolor="#BFFFBF"
             type="rectangle" x="1160" y="793" width="46" height="17"/>
    </entry>
    <entry id="89" name="ko:K13174" type="ortholog"
        link="http://www.kegg.jp/dbget-bin/www_bget?K13174">
        <graphics name="K13174" fgcolor="#000000" bgcolor="#FFFFFF"
             type="rectangle" x="1160" y="731" width="46" height="17"/>
    </entry>
    <entry id="90" name="ko:K13175" type="ortholog"
        link="http://www.kegg.jp/dbget-bin/www_bget?K13175">
        <graphics name="K13175" fgcolor="#000000" bgcolor="#FFFFFF"
             type="rectangle" x="1160" y="748" width="46" height="17"/>
    </entry>
    <entry id="91" name="cel:CELE_B0513.2" type="gene"
        link="http://www.kegg.jp/dbget-bin/www_bget?cel:CELE_B0513.2">
        <graphics name="CELE_B0513.2" fgcolor="#000000" bgcolor="#BFFFBF"
             type="rectangle" x="1160" y="765" width="46" height="17"/>
    </entry>
    <entry id="92" name="cel:CELE_F18H3.3 cel:CELE_Y106G6H.2" type="gene"
        link="http://www.kegg.jp/dbget-bin/www_bget?cel:CELE_F18H3.3+cel:CELE_Y106G6H.2">
        <graphics name="pab-2..." fgcolor="#000000" bgcolor="#BFFFBF"
             type="rectangle" x="849" y="781" width="46" height="17"/>
    </entry>
    <entry id="93" name="cel:CELE_K04G2.1 cel:CELE_Y37E3.10 cel:CELE_Y39G10AR.8" type="gene"
        link="http://www.kegg.jp/dbget-bin/www_bget?cel:CELE_K04G2.1+cel:CELE_Y37E3.10+cel:CELE_Y39G10AR.8">
        <graphics name="iftb-1..." fgcolor="#000000" bgcolor="#BFFFBF"
             type="rectangle" x="772" y="716" width="46" height="17"/>
    </entry>
    <entry id="94" name="cel:CELE_E01G4.4" type="gene"
        link="http://www.kegg.jp/dbget-bin/www_bget?cel:CELE_E01G4.4">
        <graphics name="pqn-27" fgcolor="#000000" bgcolor="#BFFFBF"
             type="rectangle" x="849" y="798" width="46" height="17"/>
    </entry>
    <entry id="95" name="cel:CELE_F57B9.3 cel:CELE_F57B9.6" type="gene"
        link="http://www.kegg.jp/dbget-bin/www_bget?cel:CELE_F57B9.3+cel:CELE_F57B9.6">
        <graphics name="F57B9.3..." fgcolor="#000000" bgcolor="#BFFFBF"
             type="rectangle" x="772" y="798" width="46" height="17"/>
    </entry>
    <entry id="96" name="cel:CELE_B0348.6 cel:CELE_C05D9.5 cel:CELE_R04A9.4 cel:CELE_Y57A10A.30" type="gene"
        link="http://www.kegg.jp/dbget-bin/www_bget?cel:CELE_B0348.6+cel:CELE_C05D9.5+cel:CELE_R04A9.4+cel:CELE_Y57A10A.30">
        <graphics name="ife-3..." fgcolor="#000000" bgcolor="#BFFFBF"
             type="rectangle" x="726" y="798" width="46" height="17"/>
    </entry>
    <entry id="97" name="cel:CELE_M110.4" type="gene"
        link="http://www.kegg.jp/dbget-bin/www_bget?cel:CELE_M110.4">
        <graphics name="ifg-1" fgcolor="#000000" bgcolor="#BFFFBF"
             type="rectangle" x="745" y="781" width="46" height="17"/>
    </entry>
    <entry id="98" name="cel:CELE_C37C3.2" type="gene"
        link="http://www.kegg.jp/dbget-bin/www_bget?cel:CELE_C37C3.2">
        <graphics name="C37C3.2" fgcolor="#000000" bgcolor="#BFFFBF"
             type="rectangle" x="772" y="699" width="46" height="17"/>
    </entry>
    <entry id="99" name="cel:CELE_Y73B6BL.18" type="gene"
        link="http://www.kegg.jp/dbget-bin/www_bget?cel:CELE_Y73B6BL.18">
        <graphics name="smg-3" fgcolor="#000000" bgcolor="#BFFFBF"
             type="rectangle" x="975" y="800" width="46" height="17"/>
    </entry>
    <entry id="100" name="cel:CELE_F46B6.3" type="gene"
        link="http://www.kegg.jp/dbget-bin/www_bget?cel:CELE_F46B6.3">
        <graphics name="smg-4" fgcolor="#000000" bgcolor="#BFFFBF"
             type="rectangle" x="975" y="817" width="46" height="17"/>
    </entry>
    <entry id="101" name="ko:K03258" type="ortholog"
        link="http://www.kegg.jp/dbget-bin/www_bget?K03258">
        <graphics name="K03258" fgcolor="#000000" bgcolor="#FFFFFF"
             type="rectangle" x="772" y="836" width="46" height="17"/>
    </entry>
    <entry id="102" name="ko:K07205 ko:K18644 ko:K18645" type="ortholog"
        link="http://www.kegg.jp/dbget-bin/www_bget?K07205+K18644+K18645">
        <graphics name="K07205..." fgcolor="#000000" bgcolor="#FFFFFF"
             type="rectangle" x="649" y="781" width="46" height="17"/>
    </entry>
    <entry id="103" name="ko:K14283" type="ortholog"
        link="http://www.kegg.jp/dbget-bin/www_bget?K14283">
        <graphics name="K14283" fgcolor="#000000" bgcolor="#FFFFFF"
             type="rectangle" x="649" y="803" width="46" height="17"/>
    </entry>
    <entry id="104" name="cpd:C01647" type="compound"
        link="http://www.kegg.jp/dbget-bin/www_bget?C01647">
        <graphics name="C01647" fgcolor="#000000" bgcolor="#FFFFFF"
             type="circle" x="823" y="504" width="8" height="8"/>
    </entry>
    <entry id="105" name="cpd:C00044" type="compound"
        link="http://www.kegg.jp/dbget-bin/www_bget?C00044">
        <graphics name="C00044" fgcolor="#000000" bgcolor="#FFFFFF"
             type="circle" x="829" y="489" width="8" height="8"/>
    </entry>
    <entry id="106" name="cpd:C00035" type="compound"
        link="http://www.kegg.jp/dbget-bin/www_bget?C00035">
        <graphics name="C00035" fgcolor="#000000" bgcolor="#FFFFFF"
             type="circle" x="892" y="497" width="8" height="8"/>
    </entry>
    <entry id="107" name="cpd:C01647" type="compound"
        link="http://www.kegg.jp/dbget-bin/www_bget?C01647">
        <graphics name="C01647" fgcolor="#000000" bgcolor="#FFFFFF"
             type="circle" x="1017" y="539" width="8" height="8"/>
    </entry>
    <entry id="108" name="cpd:C00044" type="compound"
        link="http://www.kegg.jp/dbget-bin/www_bget?C00044">
        <graphics name="C00044" fgcolor="#000000" bgcolor="#FFFFFF"
             type="circle" x="1018" y="527" width="8" height="8"/>
    </entry>
    <entry id="109" name="cel:CELE_Y54F10BM.2" type="gene"
        link="http://www.kegg.jp/dbget-bin/www_bget?cel:CELE_Y54F10BM.2">
        <graphics name="iffb-1" fgcolor="#000000" bgcolor="#BFFFBF"
             type="rectangle" x="726" y="740" width="46" height="17"/>
    </entry>
    <entry id="110" name="cel:CELE_C15F1.4 cel:CELE_D2085.3 cel:CELE_F11A3.2 cel:CELE_Y47H9C.7 cel:CELE_ZK1098.4" type="gene"
        link="http://www.kegg.jp/dbget-bin/www_bget?cel:CELE_C15F1.4+cel:CELE_D2085.3+cel:CELE_F11A3.2+cel:CELE_Y47H9C.7+cel:CELE_ZK1098.4">
        <graphics name="ppp-1..." fgcolor="#000000" bgcolor="#BFFFBF"
             type="rectangle" x="850" y="716" width="46" height="17"/>
    </entry>
    <entry id="111" name="cel:CELE_R06F6.5" type="gene"
        link="http://www.kegg.jp/dbget-bin/www_bget?cel:CELE_R06F6.5">
        <graphics name="npp-19" fgcolor="#000000" bgcolor="#BFFFBF"
             type="rectangle" x="182" y="892" width="46" height="17"/>
    </entry>
    <entry id="112" name="ko:K14276" type="ortholog"
        link="http://www.kegg.jp/dbget-bin/www_bget?K14276">
        <graphics name="K14276" fgcolor="#000000" bgcolor="#FFFFFF"
             type="rectangle" x="383" y="111" width="46" height="17"/>
    </entry>
    <entry id="113" name="ko:K14277" type="ortholog"
        link="http://www.kegg.jp/dbget-bin/www_bget?K14277">
        <graphics name="K14277" fgcolor="#000000" bgcolor="#FFFFFF"
             type="rectangle" x="435" y="111" width="46" height="17"/>
    </entry>
    <entry id="114" name="ko:K14278" type="ortholog"
        link="http://www.kegg.jp/dbget-bin/www_bget?K14278">
        <graphics name="K14278" fgcolor="#000000" bgcolor="#FFFFFF"
             type="rectangle" x="383" y="132" width="46" height="17"/>
    </entry>
    <entry id="115" name="ko:K14279" type="ortholog"
        link="http://www.kegg.jp/dbget-bin/www_bget?K14279">
        <graphics name="K14279" fgcolor="#000000" bgcolor="#FFFFFF"
             type="rectangle" x="435" y="132" width="46" height="17"/>
    </entry>
    <entry id="116" name="ko:K14280" type="ortholog"
        link="http://www.kegg.jp/dbget-bin/www_bget?K14280">
        <graphics name="K14280" fgcolor="#000000" bgcolor="#FFFFFF"
             type="rectangle" x="513" y="121" width="46" height="17"/>
    </entry>
    <entry id="117" name="ko:K14483" type="ortholog"
        link="http://www.kegg.jp/dbget-bin/www_bget?K14483">
        <graphics name="K14483" fgcolor="#000000" bgcolor="#FFFFFF"
             type="rectangle" x="664" y="197" width="46" height="17"/>
    </entry>
    <entry id="118" name="path:cel03008" type="map"
        link="http://www.kegg.jp/dbget-bin/www_bget?cel03008">
        <graphics name="Ribosome biogenesis in eukaryotes" fgcolor="#000000" bgcolor="#FFFFFF"
             type="roundrectangle" x="779" y="178" width="110" height="34"/>
    </entry>
    <entry id="119" name="cel:CELE_F56A11.1" type="gene"
        link="http://www.kegg.jp/dbget-bin/www_bget?cel:CELE_F56A11.1">
        <graphics name="gex-2" fgcolor="#000000" bgcolor="#BFFFBF"
             type="rectangle" x="720" y="836" width="46" height="17"/>
    </entry>
    <entry id="120" name="ko:K15516" type="ortholog"
        link="http://www.kegg.jp/dbget-bin/www_bget?K15516">
        <graphics name="K15516" fgcolor="#000000" bgcolor="#FFFFFF"
             type="rectangle" x="720" y="853" width="46" height="17"/>
    </entry>
    <relation entry1="3" entry2="2" type="PPrel">
        <subtype name="binding/association" value="---"/>
    </relation>
    <relation entry1="71" entry2="73" type="PPrel">
        <subtype name="binding/association" value="---"/>
    </relation>
    <relation entry1="4" entry2="5" type="PPrel">
        <subtype name="binding/association" value="---"/>
    </relation>
    <relation entry1="4" entry2="7" type="PPrel">
        <subtype name="binding/association" value="---"/>
    </relation>
    <relation entry1="4" entry2="6" type="PPrel">
        <subtype name="binding/association" value="---"/>
    </relation>
    <relation entry1="74" entry2="75" type="PPrel">
        <subtype name="binding/association" value="---"/>
    </relation>
    <relation entry1="74" entry2="76" type="PPrel">
        <subtype name="binding/association" value="---"/>
    </relation>
    <relation entry1="21" entry2="22" type="PPrel">
        <subtype name="binding/association" value="---"/>
    </relation>
    <relation entry1="86" entry2="87" type="PPrel">
        <subtype name="binding/association" value="---"/>
    </relation>
    <relation entry1="86" entry2="91" type="PPrel">
        <subtype name="binding/association" value="---"/>
    </relation>
    <relation entry1="23" entry2="26" type="PPrel">
        <subtype name="binding/association" value="---"/>
    </relation>
    <relation entry1="23" entry2="24" type="PPrel">
        <subtype name="binding/association" value="---"/>
    </relation>
    <relation entry1="23" entry2="25" type="PPrel">
        <subtype name="binding/association" value="---"/>
    </relation>
    <relation entry1="29" entry2="33" type="PPrel">
        <subtype name="binding/association" value="---"/>
    </relation>
    <relation entry1="29" entry2="27" type="PPrel">
        <subtype name="binding/association" value="---"/>
    </relation>
    <relation entry1="29" entry2="28" type="PPrel">
        <subtype name="binding/association" value="---"/>
    </relation>
    <relation entry1="29" entry2="34" type="PPrel">
        <subtype name="binding/association" value="---"/>
    </relation>
    <relation entry1="32" entry2="35" type="PPrel">
        <subtype name="binding/association" value="---"/>
    </relation>
    <relation entry1="99" entry2="100" type="PPrel">
        <subtype name="binding/association" value="---"/>
    </relation>
    <relation entry1="77" entry2="99" type="PPrel">
        <subtype name="binding/association" value="---"/>
    </relation>
    <relation entry1="81" entry2="80" type="PPrel">
        <subtype name="binding/association" value="---"/>
    </relation>
    <relation entry1="81" entry2="98" type="PPrel">
        <subtype name="binding/association" value="---"/>
    </relation>
    <relation entry1="81" entry2="93" type="PPrel">
        <subtype name="binding/association" value="---"/>
    </relation>
    <relation entry1="92" entry2="94" type="PPrel">
        <subtype name="binding/association" value="---"/>
    </relation>
    <relation entry1="97" entry2="96" type="PPrel">
        <subtype name="binding/association" value="---"/>
    </relation>
    <relation entry1="97" entry2="95" type="PPrel">
        <subtype name="binding/association" value="---"/>
    </relation>
    <relation entry1="13" entry2="12" type="PPrel">
        <subtype name="binding/association" value="---"/>
    </relation>
    <relation entry1="13" entry2="17" type="PPrel">
        <subtype name="binding/association" value="---"/>
    </relation>
    <relation entry1="13" entry2="11" type="PPrel">
        <subtype name="binding/association" value="---"/>
    </relation>
    <relation entry1="13" entry2="16" type="PPrel">
        <subtype name="binding/association" value="---"/>
    </relation>
    <relation entry1="13" entry2="20" type="PPrel">
        <subtype name="binding/association" value="---"/>
    </relation>
    <relation entry1="65" entry2="67" type="PPrel">
        <subtype name="binding/association" value="---"/>
    </relation>
    <relation entry1="65" entry2="64" type="PPrel">
        <subtype name="binding/association" value="---"/>
    </relation>
    <relation entry1="67" entry2="64" type="PPrel">
        <subtype name="binding/association" value="---"/>
    </relation>
    <relation entry1="64" entry2="66" type="PPrel">
        <subtype name="binding/association" value="---"/>
    </relation>
    <relation entry1="40" entry2="44" type="PPrel">
        <subtype name="binding/association" value="---"/>
    </relation>
    <relation entry1="43" entry2="38" type="PPrel">
        <subtype name="binding/association" value="---"/>
    </relation>
    <relation entry1="46" entry2="111" type="PPrel">
        <subtype name="binding/association" value="---"/>
    </relation>
    <relation entry1="54" entry2="52" type="PPrel">
        <subtype name="binding/association" value="---"/>
    </relation>
    <relation entry1="79" entry2="23" type="PPrel">
        <subtype name="binding/association" value="---"/>
    </relation>
    <relation entry1="110" entry2="93" type="PPrel">
        <subtype name="activation" value="--&gt;"/>
    </relation>
    <relation entry1="94" entry2="95" type="PPrel">
        <subtype name="binding/association" value="---"/>
    </relation>
    <relation entry1="100" entry2="24" type="PPrel">
        <subtype name="binding/association" value="---"/>
    </relation>
    <relation entry1="32" entry2="34" type="PPrel">
        <subtype name="binding/association" value="---"/>
    </relation>
    <relation entry1="56" entry2="32" type="PPrel">
        <subtype name="binding/association" value="---"/>
    </relation>
    <relation entry1="25" entry2="32" type="PPrel">
        <subtype name="binding/association" value="---"/>
    </relation>
    <relation entry1="32" entry2="100" type="PPrel">
        <subtype name="binding/association" value="---"/>
    </relation>
    <relation entry1="5" entry2="62" type="PPrel">
        <subtype name="binding/association" value="---"/>
    </relation>
    <relation entry1="75" entry2="62" type="PPrel">
        <subtype name="binding/association" value="---"/>
    </relation>
    <relation entry1="119" entry2="96" type="PPrel">
        <subtype name="inhibition" value="--|"/>
        <subtype name="binding/association" value="---"/>
    </relation>
</pathway>
