<?xml version="1.0"?>
<!DOCTYPE pathway SYSTEM "http://www.kegg.jp/kegg/xml/KGML_v0.7.1_.dtd">
<!-- Creation date: Oct 23, 2015 09:44:04 +0900 (GMT+9) -->
<pathway name="path:cel04150" org="cel" number="04150"
         title="mTOR signaling pathway"
         image="http://www.kegg.jp/kegg/pathway/cel/cel04150.png"
         link="http://www.kegg.jp/kegg-bin/show_pathway?cel04150">
    <entry id="1" name="path:cel04140" type="map"
        link="http://www.kegg.jp/dbget-bin/www_bget?cel04140">
        <graphics name="Regulation of autophagy" fgcolor="#000000" bgcolor="#FFFFFF"
             type="roundrectangle" x="813" y="430" width="109" height="40"/>
    </entry>
    <entry id="2" name="path:map04370" type="map"
        link="http://www.kegg.jp/dbget-bin/www_bget?map04370">
        <graphics name="VEGF signaling pathway" fgcolor="#000000" bgcolor="#FFFFFF"
             type="roundrectangle" x="830" y="324" width="109" height="40"/>
    </entry>
    <entry id="3" name="cpd:C04677" type="compound"
        link="http://www.kegg.jp/dbget-bin/www_bget?C04677">
        <graphics name="C04677" fgcolor="#000000" bgcolor="#FFFFFF"
             type="circle" x="273" y="552" width="8" height="8"/>
    </entry>
    <entry id="4" name="cpd:C00020" type="compound"
        link="http://www.kegg.jp/dbget-bin/www_bget?C00020">
        <graphics name="C00020" fgcolor="#000000" bgcolor="#FFFFFF"
             type="circle" x="273" y="523" width="8" height="8"/>
    </entry>
    <entry id="5" name="cpd:C05981" type="compound"
        link="http://www.kegg.jp/dbget-bin/www_bget?C05981">
        <graphics name="C05981" fgcolor="#000000" bgcolor="#FFFFFF"
             type="circle" x="340" y="218" width="8" height="8"/>
    </entry>
    <entry id="6" name="cpd:C15195" type="compound"
        link="http://www.kegg.jp/dbget-bin/www_bget?C15195">
        <graphics name="C15195" fgcolor="#000000" bgcolor="#FFFFFF"
             type="circle" x="407" y="194" width="8" height="8"/>
    </entry>
    <entry id="7" name="cpd:C15181" type="compound"
        link="http://www.kegg.jp/dbget-bin/www_bget?C15181">
        <graphics name="C15181" fgcolor="#000000" bgcolor="#FFFFFF"
             type="circle" x="407" y="179" width="8" height="8"/>
    </entry>
    <entry id="8" name="dr:D00753 dr:D02714 cpd:C15182 cpd:C15183" type="compound"
        link="http://www.kegg.jp/dbget-bin/www_bget?D00753+D02714+C15182+C15183">
        <graphics name="D00753..." fgcolor="#000000" bgcolor="#FFFFFF"
             type="circle" x="505" y="302" width="8" height="8"/>
    </entry>
    <entry id="9" name="dr:D00944" type="compound"
        link="http://www.kegg.jp/dbget-bin/www_bget?D00944">
        <graphics name="D00944" fgcolor="#000000" bgcolor="#FFFFFF"
             type="circle" x="273" y="537" width="8" height="8"/>
    </entry>
    <entry id="10" name="cel:CELE_R02E12.2" type="gene"
        link="http://www.kegg.jp/dbget-bin/www_bget?cel:CELE_R02E12.2">
        <graphics name="mop-25.1" fgcolor="#000000" bgcolor="#BFFFBF"
             type="rectangle" x="341" y="543" width="46" height="17"/>
    </entry>
    <entry id="11" name="cel:CELE_Y52D3.1" type="gene"
        link="http://www.kegg.jp/dbget-bin/www_bget?cel:CELE_Y52D3.1">
        <graphics name="strd-1" fgcolor="#000000" bgcolor="#BFFFBF"
             type="rectangle" x="341" y="526" width="46" height="17"/>
    </entry>
    <entry id="12" name="cel:CELE_Y59A8B.14" type="gene"
        link="http://www.kegg.jp/dbget-bin/www_bget?cel:CELE_Y59A8B.14">
        <graphics name="par-4" fgcolor="#000000" bgcolor="#BFFFBF"
             type="rectangle" x="341" y="509" width="46" height="17"/>
    </entry>
    <entry id="13" name="cel:CELE_Y73B6A.5" type="gene"
        link="http://www.kegg.jp/dbget-bin/www_bget?cel:CELE_Y73B6A.5">
        <graphics name="lin-45" fgcolor="#000000" bgcolor="#BFFFBF"
             type="rectangle" x="505" y="517" width="46" height="17"/>
    </entry>
    <entry id="14" name="cel:CELE_Y60A3A.1" type="gene"
        link="http://www.kegg.jp/dbget-bin/www_bget?cel:CELE_Y60A3A.1">
        <graphics name="unc-51" fgcolor="#000000" bgcolor="#BFFFBF"
             type="rectangle" x="602" y="431" width="46" height="17"/>
    </entry>
    <entry id="15" name="cel:CELE_B0348.6 cel:CELE_C05D9.5 cel:CELE_R04A9.4 cel:CELE_Y57A10A.30" type="gene"
        link="http://www.kegg.jp/dbget-bin/www_bget?cel:CELE_B0348.6+cel:CELE_C05D9.5+cel:CELE_R04A9.4+cel:CELE_Y57A10A.30">
        <graphics name="ife-3..." fgcolor="#000000" bgcolor="#BFFFBF"
             type="rectangle" x="715" y="395" width="46" height="17"/>
    </entry>
    <entry id="16" name="ko:K07205" type="ortholog"
        link="http://www.kegg.jp/dbget-bin/www_bget?K07205">
        <graphics name="K07205" fgcolor="#000000" bgcolor="#FFFFFF"
             type="rectangle" x="602" y="395" width="46" height="17"/>
    </entry>
    <entry id="17" name="cel:CELE_Y71A12B.1" type="gene"
        link="http://www.kegg.jp/dbget-bin/www_bget?cel:CELE_Y71A12B.1">
        <graphics name="rps-6" fgcolor="#000000" bgcolor="#BFFFBF"
             type="rectangle" x="715" y="373" width="46" height="17"/>
    </entry>
    <entry id="18" name="ko:K03258" type="ortholog"
        link="http://www.kegg.jp/dbget-bin/www_bget?K03258">
        <graphics name="K03258" fgcolor="#000000" bgcolor="#FFFFFF"
             type="rectangle" x="715" y="352" width="46" height="17"/>
    </entry>
    <entry id="19" name="cel:CELE_R04A9.7 cel:CELE_Y47D3A.16" type="gene"
        link="http://www.kegg.jp/dbget-bin/www_bget?cel:CELE_R04A9.7+cel:CELE_Y47D3A.16">
        <graphics name="R04A9.7..." fgcolor="#000000" bgcolor="#BFFFBF"
             type="rectangle" x="602" y="363" width="46" height="17"/>
    </entry>
    <entry id="20" name="ko:K05448" type="ortholog"
        link="http://www.kegg.jp/dbget-bin/www_bget?K05448">
        <graphics name="K05448" fgcolor="#000000" bgcolor="#FFFFFF"
             type="rectangle" x="715" y="326" width="46" height="17"/>
    </entry>
    <entry id="21" name="cel:CELE_F38A6.3" type="gene"
        link="http://www.kegg.jp/dbget-bin/www_bget?cel:CELE_F38A6.3">
        <graphics name="hif-1" fgcolor="#000000" bgcolor="#BFFFBF"
             type="rectangle" x="602" y="326" width="46" height="17"/>
    </entry>
    <entry id="22" name="cel:CELE_C10C5.6" type="gene"
        link="http://www.kegg.jp/dbget-bin/www_bget?cel:CELE_C10C5.6">
        <graphics name="daf-15" fgcolor="#000000" bgcolor="#BFFFBF"
             type="rectangle" x="505" y="397" width="46" height="17"/>
    </entry>
    <entry id="23" name="cel:CELE_B0261.2" type="gene"
        link="http://www.kegg.jp/dbget-bin/www_bget?cel:CELE_B0261.2">
        <graphics name="let-363" fgcolor="#000000" bgcolor="#BFFFBF"
             type="rectangle" x="505" y="380" width="46" height="17"/>
    </entry>
    <entry id="24" name="ko:K08266" type="ortholog"
        link="http://www.kegg.jp/dbget-bin/www_bget?K08266">
        <graphics name="K08266" fgcolor="#000000" bgcolor="#FFFFFF"
             type="rectangle" x="505" y="363" width="46" height="17"/>
    </entry>
    <entry id="25" name="ko:K08267" type="ortholog"
        link="http://www.kegg.jp/dbget-bin/www_bget?K08267">
        <graphics name="K08267" fgcolor="#000000" bgcolor="#FFFFFF"
             type="rectangle" x="423" y="320" width="46" height="17"/>
    </entry>
    <entry id="26" name="cel:CELE_B0261.2" type="gene"
        link="http://www.kegg.jp/dbget-bin/www_bget?cel:CELE_B0261.2">
        <graphics name="let-363" fgcolor="#000000" bgcolor="#BFFFBF"
             type="rectangle" x="423" y="303" width="46" height="17"/>
    </entry>
    <entry id="27" name="ko:K08266" type="ortholog"
        link="http://www.kegg.jp/dbget-bin/www_bget?K08266">
        <graphics name="K08266" fgcolor="#000000" bgcolor="#FFFFFF"
             type="rectangle" x="423" y="286" width="46" height="17"/>
    </entry>
    <entry id="28" name="cel:CELE_F54C8.5" type="gene"
        link="http://www.kegg.jp/dbget-bin/www_bget?cel:CELE_F54C8.5">
        <graphics name="rheb-1" fgcolor="#000000" bgcolor="#BFFFBF"
             type="rectangle" x="423" y="380" width="46" height="17"/>
    </entry>
    <entry id="29" name="cel:CELE_PAR2.3 cel:CELE_T01C8.1" type="gene"
        link="http://www.kegg.jp/dbget-bin/www_bget?cel:CELE_PAR2.3+cel:CELE_T01C8.1">
        <graphics name="aak-1..." fgcolor="#000000" bgcolor="#BFFFBF"
             type="rectangle" x="341" y="446" width="46" height="17"/>
    </entry>
    <entry id="30" name="ko:K08270" type="ortholog"
        link="http://www.kegg.jp/dbget-bin/www_bget?K08270">
        <graphics name="K08270" fgcolor="#000000" bgcolor="#FFFFFF"
             type="rectangle" x="248" y="435" width="46" height="17"/>
    </entry>
    <entry id="31" name="ko:K07207" type="ortholog"
        link="http://www.kegg.jp/dbget-bin/www_bget?K07207">
        <graphics name="K07207" fgcolor="#000000" bgcolor="#FFFFFF"
             type="rectangle" x="341" y="389" width="46" height="17"/>
    </entry>
    <entry id="32" name="ko:K07206" type="ortholog"
        link="http://www.kegg.jp/dbget-bin/www_bget?K07206">
        <graphics name="K07206" fgcolor="#000000" bgcolor="#FFFFFF"
             type="rectangle" x="341" y="372" width="46" height="17"/>
    </entry>
    <entry id="33" name="cel:CELE_T01H8.1" type="gene"
        link="http://www.kegg.jp/dbget-bin/www_bget?cel:CELE_T01H8.1">
        <graphics name="rskn-1" fgcolor="#000000" bgcolor="#BFFFBF"
             type="rectangle" x="247" y="339" width="46" height="17"/>
    </entry>
    <entry id="34" name="cel:CELE_F43C1.2" type="gene"
        link="http://www.kegg.jp/dbget-bin/www_bget?cel:CELE_F43C1.2">
        <graphics name="mpk-1" fgcolor="#000000" bgcolor="#BFFFBF"
             type="rectangle" x="247" y="318" width="46" height="17"/>
    </entry>
    <entry id="35" name="cel:CELE_C12D8.10 cel:CELE_F28H6.1" type="gene"
        link="http://www.kegg.jp/dbget-bin/www_bget?cel:CELE_C12D8.10+cel:CELE_F28H6.1">
        <graphics name="akt-1..." fgcolor="#000000" bgcolor="#BFFFBF"
             type="rectangle" x="340" y="303" width="46" height="17"/>
    </entry>
    <entry id="36" name="cel:CELE_H42K12.1" type="gene"
        link="http://www.kegg.jp/dbget-bin/www_bget?cel:CELE_H42K12.1">
        <graphics name="pdk-1" fgcolor="#000000" bgcolor="#BFFFBF"
             type="rectangle" x="340" y="250" width="46" height="17"/>
    </entry>
    <entry id="37" name="cel:CELE_B0334.8 cel:CELE_Y110A7A.10" type="gene"
        link="http://www.kegg.jp/dbget-bin/www_bget?cel:CELE_B0334.8+cel:CELE_Y110A7A.10">
        <graphics name="age-1..." fgcolor="#000000" bgcolor="#BFFFBF"
             type="rectangle" x="340" y="186" width="46" height="17"/>
    </entry>
    <entry id="38" name="path:cel04010" type="map"
        link="http://www.kegg.jp/dbget-bin/www_bget?cel04010">
        <graphics name="MAPK signaling pathway" fgcolor="#000000" bgcolor="#FFFFFF"
             type="roundrectangle" x="246" y="247" width="109" height="40"/>
    </entry>
    <entry id="39" name="path:map04910" type="map"
        link="http://www.kegg.jp/dbget-bin/www_bget?map04910">
        <graphics name="Insulin signaling pathway" fgcolor="#000000" bgcolor="#FFFFFF"
             type="roundrectangle" x="343" y="104" width="109" height="40"/>
    </entry>
    <entry id="40" name="ko:K04526 ko:K05459" type="ortholog"
        link="http://www.kegg.jp/dbget-bin/www_bget?K04526+K05459">
        <graphics name="K04526..." fgcolor="#000000" bgcolor="#FFFFFF"
             type="rectangle" x="79" y="133" width="46" height="17"/>
    </entry>
    <entry id="41" name="path:cel04150" type="map"
        link="http://www.kegg.jp/dbget-bin/www_bget?cel04150">
        <graphics name="TITLE:mTOR signaling pathway" fgcolor="#000000" bgcolor="#FFFFFF"
             type="roundrectangle" x="150" y="58" width="220" height="25"/>
    </entry>
    <entry id="42" name="cel:CELE_T07A9.6" type="gene"
        link="http://www.kegg.jp/dbget-bin/www_bget?cel:CELE_T07A9.6">
        <graphics name="daf-18" fgcolor="#000000" bgcolor="#BFFFBF"
             type="rectangle" x="401" y="219" width="46" height="17"/>
    </entry>
    <entry id="43" name="ko:K16184" type="ortholog"
        link="http://www.kegg.jp/dbget-bin/www_bget?K16184">
        <graphics name="K16184" fgcolor="#000000" bgcolor="#FFFFFF"
             type="rectangle" x="375" y="350" width="46" height="17"/>
    </entry>
    <entry id="44" name="cel:CELE_T24F1.1" type="gene"
        link="http://www.kegg.jp/dbget-bin/www_bget?cel:CELE_T24F1.1">
        <graphics name="raga-1" fgcolor="#000000" bgcolor="#BFFFBF"
             type="rectangle" x="506" y="439" width="46" height="17"/>
    </entry>
    <entry id="45" name="cel:CELE_Y24F12A.2" type="gene"
        link="http://www.kegg.jp/dbget-bin/www_bget?cel:CELE_Y24F12A.2">
        <graphics name="ragc-1" fgcolor="#000000" bgcolor="#BFFFBF"
             type="rectangle" x="506" y="455" width="46" height="16"/>
    </entry>
    <entry id="46" name="cel:CELE_E01H11.1" type="gene"
        link="http://www.kegg.jp/dbget-bin/www_bget?cel:CELE_E01H11.1">
        <graphics name="pkc-2" fgcolor="#000000" bgcolor="#BFFFBF"
             type="rectangle" x="425" y="242" width="46" height="17"/>
    </entry>
    <entry id="47" name="cel:CELE_C54D1.3" type="gene"
        link="http://www.kegg.jp/dbget-bin/www_bget?cel:CELE_C54D1.3">
        <graphics name="ist-1" fgcolor="#000000" bgcolor="#BFFFBF"
             type="rectangle" x="342" y="135" width="46" height="17"/>
    </entry>
    <entry id="48" name="ko:K03156" type="ortholog"
        link="http://www.kegg.jp/dbget-bin/www_bget?K03156">
        <graphics name="K03156" fgcolor="#000000" bgcolor="#FFFFFF"
             type="rectangle" x="85" y="497" width="46" height="17"/>
    </entry>
    <entry id="49" name="ko:K07209" type="ortholog"
        link="http://www.kegg.jp/dbget-bin/www_bget?K07209">
        <graphics name="K07209" fgcolor="#000000" bgcolor="#FFFFFF"
             type="rectangle" x="248" y="497" width="46" height="17"/>
    </entry>
    <entry id="50" name="undefined" type="group">
        <graphics fgcolor="#000000" bgcolor="#FFFFFF"
             type="rectangle" x="505" y="388" width="46" height="34"/>
        <component id="22"/>
        <component id="23"/>
    </entry>
    <entry id="51" name="undefined" type="group">
        <graphics fgcolor="#000000" bgcolor="#FFFFFF"
             type="rectangle" x="506" y="446" width="46" height="32"/>
        <component id="44"/>
        <component id="45"/>
    </entry>
    <relation entry1="36" entry2="35" type="PPrel">
        <subtype name="phosphorylation" value="+p"/>
    </relation>
    <relation entry1="28" entry2="23" type="PPrel">
        <subtype name="activation" value="--&gt;"/>
    </relation>
    <relation entry1="23" entry2="21" type="PPrel">
        <subtype name="phosphorylation" value="+p"/>
    </relation>
    <relation entry1="23" entry2="19" type="PPrel">
        <subtype name="phosphorylation" value="+p"/>
    </relation>
    <relation entry1="23" entry2="14" type="PPrel">
        <subtype name="inhibition" value="--|"/>
        <subtype name="phosphorylation" value="+p"/>
    </relation>
    <relation entry1="19" entry2="17" type="PPrel">
        <subtype name="phosphorylation" value="+p"/>
    </relation>
    <relation entry1="12" entry2="29" type="PPrel">
        <subtype name="phosphorylation" value="+p"/>
    </relation>
    <relation entry1="28" entry2="13" type="PPrel">
        <subtype name="inhibition" value="--|"/>
    </relation>
    <relation entry1="28" entry2="26" type="PPrel">
        <subtype name="indirect effect" value="..&gt;"/>
    </relation>
    <relation entry1="29" entry2="23" type="PPrel">
        <subtype name="inhibition" value="--|"/>
        <subtype name="phosphorylation" value="+p"/>
    </relation>
    <relation entry1="37" entry2="36" type="PPrel">
        <subtype name="compound" value="5"/>
    </relation>
    <relation entry1="7" entry2="37" type="PCrel">
        <subtype name="inhibition" value="--|"/>
    </relation>
    <relation entry1="6" entry2="37" type="PCrel">
        <subtype name="inhibition" value="--|"/>
    </relation>
    <relation entry1="4" entry2="29" type="PCrel">
        <subtype name="activation" value="--&gt;"/>
    </relation>
    <relation entry1="9" entry2="29" type="PCrel">
        <subtype name="activation" value="--&gt;"/>
    </relation>
    <relation entry1="3" entry2="29" type="PCrel">
        <subtype name="activation" value="--&gt;"/>
    </relation>
    <relation entry1="26" entry2="35" type="PPrel">
        <subtype name="phosphorylation" value="+p"/>
    </relation>
    <relation entry1="8" entry2="50" type="PCrel">
        <subtype name="inhibition" value="--|"/>
    </relation>
    <relation entry1="51" entry2="22" type="PPrel">
        <subtype name="activation" value="--&gt;"/>
    </relation>
    <relation entry1="19" entry2="47" type="PPrel">
        <subtype name="inhibition" value="--|"/>
        <subtype name="phosphorylation" value="+p"/>
    </relation>
    <relation entry1="42" entry2="5" type="PCrel">
        <subtype name="inhibition" value="--|"/>
        <subtype name="dephosphorylation" value="-p"/>
    </relation>
    <relation entry1="26" entry2="46" type="PPrel">
        <subtype name="activation" value="--&gt;"/>
        <subtype name="phosphorylation" value="+p"/>
    </relation>
    <relation entry1="47" entry2="37" type="PPrel">
        <subtype name="activation" value="--&gt;"/>
        <subtype name="indirect effect" value="..&gt;"/>
    </relation>
</pathway>
