<?xml version="1.0"?>
<!DOCTYPE pathway SYSTEM "http://www.kegg.jp/kegg/xml/KGML_v0.7.1_.dtd">
<!-- Creation date: Oct 16, 2015 10:37:57 +0900 (GMT+9) -->
<pathway name="path:cel04350" org="cel" number="04350"
         title="TGF-beta signaling pathway"
         image="http://www.kegg.jp/kegg/pathway/cel/cel04350.png"
         link="http://www.kegg.jp/kegg-bin/show_pathway?cel04350">
    <entry id="1" name="ko:K19559" type="ortholog"
        link="http://www.kegg.jp/dbget-bin/www_bget?K19559">
        <graphics name="K19559" fgcolor="#000000" bgcolor="#FFFFFF"
             type="rectangle" x="153" y="302" width="46" height="17"/>
    </entry>
    <entry id="2" name="ko:K16857" type="ortholog"
        link="http://www.kegg.jp/dbget-bin/www_bget?K16857">
        <graphics name="K16857" fgcolor="#000000" bgcolor="#FFFFFF"
             type="rectangle" x="80" y="279" width="46" height="17"/>
    </entry>
    <entry id="3" name="cel:CELE_D2045.6" type="gene"
        link="http://www.kegg.jp/dbget-bin/www_bget?cel:CELE_D2045.6">
        <graphics name="cul-1" fgcolor="#000000" bgcolor="#BFFFBF"
             type="rectangle" x="466" y="266" width="46" height="17"/>
    </entry>
    <entry id="4" name="cel:CELE_ZK287.5" type="gene"
        link="http://www.kegg.jp/dbget-bin/www_bget?cel:CELE_ZK287.5">
        <graphics name="rbx-1" fgcolor="#000000" bgcolor="#BFFFBF"
             type="rectangle" x="466" y="249" width="46" height="17"/>
    </entry>
    <entry id="5" name="path:cel04350" type="map"
        link="http://www.kegg.jp/dbget-bin/www_bget?cel04350">
        <graphics name="TITLE:TGF-beta signaling pathway" fgcolor="#000000" bgcolor="#FFFFFF"
             type="roundrectangle" x="167" y="58" width="253" height="25"/>
    </entry>
    <entry id="6" name="path:map04210" type="map"
        link="http://www.kegg.jp/dbget-bin/www_bget?map04210">
        <graphics name="Apoptosis" fgcolor="#000000" bgcolor="#FFFFFF"
             type="roundrectangle" x="961" y="302" width="94" height="26"/>
    </entry>
    <entry id="7" name="path:map04110" type="map"
        link="http://www.kegg.jp/dbget-bin/www_bget?map04110">
        <graphics name="Cell cycle" fgcolor="#000000" bgcolor="#FFFFFF"
             type="roundrectangle" x="960" y="416" width="85" height="28"/>
    </entry>
    <entry id="8" name="path:cel04120" type="map"
        link="http://www.kegg.jp/dbget-bin/www_bget?cel04120">
        <graphics name="Ubiquitin mediated proteolysis" fgcolor="#000000" bgcolor="#FFFFFF"
             type="roundrectangle" x="563" y="409" width="109" height="40"/>
    </entry>
    <entry id="9" name="path:cel04010" type="map"
        link="http://www.kegg.jp/dbget-bin/www_bget?cel04010">
        <graphics name="MAPK signaling pathway" fgcolor="#000000" bgcolor="#FFFFFF"
             type="roundrectangle" x="449" y="466" width="102" height="38"/>
    </entry>
    <entry id="10" name="cel:CELE_R12B2.1" type="gene"
        link="http://www.kegg.jp/dbget-bin/www_bget?cel:CELE_R12B2.1">
        <graphics name="sma-4" fgcolor="#000000" bgcolor="#BFFFBF"
             type="rectangle" x="515" y="716" width="46" height="17"/>
    </entry>
    <entry id="11" name="cel:CELE_R12B2.1" type="gene"
        link="http://www.kegg.jp/dbget-bin/www_bget?cel:CELE_R12B2.1">
        <graphics name="sma-4" fgcolor="#000000" bgcolor="#BFFFBF"
             type="rectangle" x="515" y="645" width="46" height="17"/>
    </entry>
    <entry id="12" name="ko:K04670 ko:K13596" type="ortholog"
        link="http://www.kegg.jp/dbget-bin/www_bget?K04670+K13596">
        <graphics name="K04670..." fgcolor="#000000" bgcolor="#FFFFFF"
             type="rectangle" x="228" y="698" width="46" height="17"/>
    </entry>
    <entry id="13" name="ko:K13567 ko:K13568" type="ortholog"
        link="http://www.kegg.jp/dbget-bin/www_bget?K13567+K13568">
        <graphics name="K13567..." fgcolor="#000000" bgcolor="#FFFFFF"
             type="rectangle" x="228" y="681" width="46" height="17"/>
    </entry>
    <entry id="14" name="ko:K04500" type="ortholog"
        link="http://www.kegg.jp/dbget-bin/www_bget?K04500">
        <graphics name="K04500" fgcolor="#000000" bgcolor="#FFFFFF"
             type="rectangle" x="402" y="681" width="46" height="17"/>
    </entry>
    <entry id="15" name="ko:K04666" type="ortholog"
        link="http://www.kegg.jp/dbget-bin/www_bget?K04666">
        <graphics name="K04666" fgcolor="#000000" bgcolor="#FFFFFF"
             type="rectangle" x="153" y="697" width="46" height="17"/>
    </entry>
    <entry id="16" name="ko:K04677 ko:K19631" type="ortholog"
        link="http://www.kegg.jp/dbget-bin/www_bget?K04677+K19631">
        <graphics name="K04677..." fgcolor="#000000" bgcolor="#FFFFFF"
             type="rectangle" x="402" y="645" width="46" height="17"/>
    </entry>
    <entry id="17" name="ko:K04500" type="ortholog"
        link="http://www.kegg.jp/dbget-bin/www_bget?K04500">
        <graphics name="K04500" fgcolor="#000000" bgcolor="#FFFFFF"
             type="rectangle" x="402" y="608" width="46" height="17"/>
    </entry>
    <entry id="18" name="ko:K04686" type="ortholog"
        link="http://www.kegg.jp/dbget-bin/www_bget?K04686">
        <graphics name="K04686" fgcolor="#000000" bgcolor="#FFFFFF"
             type="rectangle" x="767" y="680" width="46" height="17"/>
    </entry>
    <entry id="19" name="ko:K04684" type="ortholog"
        link="http://www.kegg.jp/dbget-bin/www_bget?K04684">
        <graphics name="K04684" fgcolor="#000000" bgcolor="#FFFFFF"
             type="rectangle" x="723" y="399" width="46" height="17"/>
    </entry>
    <entry id="20" name="cel:CELE_R10E11.1" type="gene"
        link="http://www.kegg.jp/dbget-bin/www_bget?cel:CELE_R10E11.1">
        <graphics name="cbp-1" fgcolor="#000000" bgcolor="#BFFFBF"
             type="rectangle" x="723" y="382" width="46" height="17"/>
    </entry>
    <entry id="21" name="ko:K04685" type="ortholog"
        link="http://www.kegg.jp/dbget-bin/www_bget?K04685">
        <graphics name="K04685" fgcolor="#000000" bgcolor="#FFFFFF"
             type="rectangle" x="837" y="390" width="46" height="17"/>
    </entry>
    <entry id="22" name="ko:K04377" type="ortholog"
        link="http://www.kegg.jp/dbget-bin/www_bget?K04377">
        <graphics name="K04377" fgcolor="#000000" bgcolor="#FFFFFF"
             type="rectangle" x="836" y="325" width="46" height="17"/>
    </entry>
    <entry id="23" name="ko:K04683" type="ortholog"
        link="http://www.kegg.jp/dbget-bin/www_bget?K04683">
        <graphics name="K04683" fgcolor="#000000" bgcolor="#FFFFFF"
             type="rectangle" x="723" y="342" width="46" height="17"/>
    </entry>
    <entry id="24" name="ko:K04682" type="ortholog"
        link="http://www.kegg.jp/dbget-bin/www_bget?K04682">
        <graphics name="K04682" fgcolor="#000000" bgcolor="#FFFFFF"
             type="rectangle" x="723" y="325" width="46" height="17"/>
    </entry>
    <entry id="25" name="cel:CELE_C32F10.2" type="gene"
        link="http://www.kegg.jp/dbget-bin/www_bget?cel:CELE_C32F10.2">
        <graphics name="lin-35" fgcolor="#000000" bgcolor="#BFFFBF"
             type="rectangle" x="723" y="308" width="46" height="17"/>
    </entry>
    <entry id="26" name="ko:K04680 ko:K17693 ko:K17694 ko:K17695 ko:K17696" type="ortholog"
        link="http://www.kegg.jp/dbget-bin/www_bget?K04680+K17693+K17694+K17695+K17696">
        <graphics name="K04680..." fgcolor="#000000" bgcolor="#FFFFFF"
             type="rectangle" x="769" y="142" width="46" height="17"/>
    </entry>
    <entry id="27" name="ko:K04670 ko:K13596" type="ortholog"
        link="http://www.kegg.jp/dbget-bin/www_bget?K04670+K13596">
        <graphics name="K04670..." fgcolor="#000000" bgcolor="#FFFFFF"
             type="rectangle" x="228" y="625" width="46" height="17"/>
    </entry>
    <entry id="28" name="ko:K04675 ko:K13567" type="ortholog"
        link="http://www.kegg.jp/dbget-bin/www_bget?K04675+K13567">
        <graphics name="K04675..." fgcolor="#000000" bgcolor="#FFFFFF"
             type="rectangle" x="228" y="608" width="46" height="17"/>
    </entry>
    <entry id="29" name="ko:K04667" type="ortholog"
        link="http://www.kegg.jp/dbget-bin/www_bget?K04667">
        <graphics name="K04667" fgcolor="#000000" bgcolor="#FFFFFF"
             type="rectangle" x="153" y="625" width="46" height="17"/>
    </entry>
    <entry id="30" name="ko:K04661" type="ortholog"
        link="http://www.kegg.jp/dbget-bin/www_bget?K04661">
        <graphics name="K04661" fgcolor="#000000" bgcolor="#FFFFFF"
             type="rectangle" x="69" y="636" width="46" height="17"/>
    </entry>
    <entry id="31" name="ko:K04668" type="ortholog"
        link="http://www.kegg.jp/dbget-bin/www_bget?K04668">
        <graphics name="K04668" fgcolor="#000000" bgcolor="#FFFFFF"
             type="rectangle" x="99" y="565" width="46" height="17"/>
    </entry>
    <entry id="32" name="cel:CELE_R04A9.7 cel:CELE_Y47D3A.16" type="gene"
        link="http://www.kegg.jp/dbget-bin/www_bget?cel:CELE_R04A9.7+cel:CELE_Y47D3A.16">
        <graphics name="R04A9.7..." fgcolor="#000000" bgcolor="#BFFFBF"
             type="rectangle" x="478" y="537" width="46" height="17"/>
    </entry>
    <entry id="33" name="cel:CELE_F38H4.9 cel:CELE_F48E8.5" type="gene"
        link="http://www.kegg.jp/dbget-bin/www_bget?cel:CELE_F38H4.9+cel:CELE_F48E8.5">
        <graphics name="let-92..." fgcolor="#000000" bgcolor="#BFFFBF"
             type="rectangle" x="352" y="537" width="46" height="17"/>
    </entry>
    <entry id="34" name="cel:CELE_C10H11.9" type="gene"
        link="http://www.kegg.jp/dbget-bin/www_bget?cel:CELE_C10H11.9">
        <graphics name="let-502" fgcolor="#000000" bgcolor="#BFFFBF"
             type="rectangle" x="478" y="512" width="46" height="17"/>
    </entry>
    <entry id="35" name="cel:CELE_Y51H4A.3" type="gene"
        link="http://www.kegg.jp/dbget-bin/www_bget?cel:CELE_Y51H4A.3">
        <graphics name="rho-1" fgcolor="#000000" bgcolor="#BFFFBF"
             type="rectangle" x="352" y="512" width="46" height="17"/>
    </entry>
    <entry id="36" name="cel:CELE_R12B2.1" type="gene"
        link="http://www.kegg.jp/dbget-bin/www_bget?cel:CELE_R12B2.1">
        <graphics name="sma-4" fgcolor="#000000" bgcolor="#BFFFBF"
             type="rectangle" x="515" y="357" width="46" height="17"/>
    </entry>
    <entry id="37" name="ko:K04679" type="ortholog"
        link="http://www.kegg.jp/dbget-bin/www_bget?K04679">
        <graphics name="K04679" fgcolor="#000000" bgcolor="#FFFFFF"
             type="rectangle" x="402" y="357" width="46" height="17"/>
    </entry>
    <entry id="38" name="ko:K04500" type="ortholog"
        link="http://www.kegg.jp/dbget-bin/www_bget?K04500">
        <graphics name="K04500" fgcolor="#000000" bgcolor="#FFFFFF"
             type="rectangle" x="402" y="324" width="46" height="17"/>
    </entry>
    <entry id="39" name="cel:CELE_C06A8.4 cel:CELE_C42D4.6 cel:CELE_C52D10.6 cel:CELE_C52D10.7 cel:CELE_C52D10.8 cel:CELE_C52D10.9 cel:CELE_F44G3.6 cel:CELE_F46A9.4 cel:CELE_F46A9.5 cel:CELE_F47H4.10 cel:CELE_F54D10.1 cel:CELE_F56B3.12 cel:CELE_K08H2.1 cel:CELE_R12H7.5 cel:CELE_Y105C5B.13 cel:CELE_Y37H2C.2 cel:CELE_Y47D7A.1 cel:CELE_Y47D7A.8 cel:CELE_Y60A3A.18" type="gene"
        link="http://www.kegg.jp/dbget-bin/www_bget?cel:CELE_C06A8.4+cel:CELE_C42D4.6+cel:CELE_C52D10.6+cel:CELE_C52D10.7+cel:CELE_C52D10.8+cel:CELE_C52D10.9+cel:CELE_F44G3.6+cel:CELE_F46A9.4+cel:CELE_F46A9.5+cel:CELE_F47H4.10+cel:CELE_F54D10.1+cel:CELE_F56B3.12+cel:CELE_K08H2.1+cel:CELE_R12H7.5+cel:CELE_Y105C5B.13+cel:CELE_Y37H2C.2+cel:CELE_Y47D7A.1+cel:CELE_Y47D7A.8+cel:CELE_Y60A3A.18">
        <graphics name="skr-17..." fgcolor="#000000" bgcolor="#BFFFBF"
             type="rectangle" x="466" y="283" width="46" height="17"/>
    </entry>
    <entry id="40" name="cel:CELE_F43C1.2" type="gene"
        link="http://www.kegg.jp/dbget-bin/www_bget?cel:CELE_F43C1.2">
        <graphics name="mpk-1" fgcolor="#000000" bgcolor="#BFFFBF"
             type="rectangle" x="549" y="200" width="46" height="17"/>
    </entry>
    <entry id="41" name="cel:CELE_R12B2.1" type="gene"
        link="http://www.kegg.jp/dbget-bin/www_bget?cel:CELE_R12B2.1">
        <graphics name="sma-4" fgcolor="#000000" bgcolor="#BFFFBF"
             type="rectangle" x="515" y="174" width="46" height="17"/>
    </entry>
    <entry id="42" name="ko:K04677 ko:K19631" type="ortholog"
        link="http://www.kegg.jp/dbget-bin/www_bget?K04677+K19631">
        <graphics name="K04677..." fgcolor="#000000" bgcolor="#FFFFFF"
             type="rectangle" x="402" y="237" width="46" height="17"/>
    </entry>
    <entry id="43" name="ko:K04678" type="ortholog"
        link="http://www.kegg.jp/dbget-bin/www_bget?K04678">
        <graphics name="K04678" fgcolor="#000000" bgcolor="#FFFFFF"
             type="rectangle" x="367" y="269" width="46" height="17"/>
    </entry>
    <entry id="44" name="ko:K04388" type="ortholog"
        link="http://www.kegg.jp/dbget-bin/www_bget?K04388">
        <graphics name="K04388" fgcolor="#000000" bgcolor="#FFFFFF"
             type="rectangle" x="228" y="341" width="46" height="17"/>
    </entry>
    <entry id="45" name="ko:K04674" type="ortholog"
        link="http://www.kegg.jp/dbget-bin/www_bget?K04674">
        <graphics name="K04674" fgcolor="#000000" bgcolor="#FFFFFF"
             type="rectangle" x="228" y="324" width="46" height="17"/>
    </entry>
    <entry id="46" name="ko:K13375 ko:K13376 ko:K13377" type="ortholog"
        link="http://www.kegg.jp/dbget-bin/www_bget?K13375+K13376+K13377">
        <graphics name="K13375..." fgcolor="#000000" bgcolor="#FFFFFF"
             type="rectangle" x="153" y="341" width="46" height="17"/>
    </entry>
    <entry id="47" name="ko:K04660" type="ortholog"
        link="http://www.kegg.jp/dbget-bin/www_bget?K04660">
        <graphics name="K04660" fgcolor="#000000" bgcolor="#FFFFFF"
             type="rectangle" x="69" y="347" width="46" height="17"/>
    </entry>
    <entry id="48" name="ko:K03156" type="ortholog"
        link="http://www.kegg.jp/dbget-bin/www_bget?K03156">
        <graphics name="K03156" fgcolor="#000000" bgcolor="#FFFFFF"
             type="rectangle" x="168" y="248" width="46" height="17"/>
    </entry>
    <entry id="49" name="ko:K04687" type="ortholog"
        link="http://www.kegg.jp/dbget-bin/www_bget?K04687">
        <graphics name="K04687" fgcolor="#000000" bgcolor="#FFFFFF"
             type="rectangle" x="168" y="226" width="46" height="17"/>
    </entry>
    <entry id="50" name="ko:K04671 ko:K04672" type="ortholog"
        link="http://www.kegg.jp/dbget-bin/www_bget?K04671+K04672">
        <graphics name="K04671..." fgcolor="#000000" bgcolor="#FFFFFF"
             type="rectangle" x="228" y="159" width="46" height="17"/>
    </entry>
    <entry id="51" name="cel:CELE_C32D5.2" type="gene"
        link="http://www.kegg.jp/dbget-bin/www_bget?cel:CELE_C32D5.2">
        <graphics name="sma-6" fgcolor="#000000" bgcolor="#BFFFBF"
             type="rectangle" x="228" y="142" width="46" height="17"/>
    </entry>
    <entry id="52" name="cel:CELE_T25F10.2" type="gene"
        link="http://www.kegg.jp/dbget-bin/www_bget?cel:CELE_T25F10.2">
        <graphics name="dbl-1" fgcolor="#000000" bgcolor="#BFFFBF"
             type="rectangle" x="153" y="159" width="46" height="17"/>
    </entry>
    <entry id="53" name="ko:K04658" type="ortholog"
        link="http://www.kegg.jp/dbget-bin/www_bget?K04658">
        <graphics name="K04658" fgcolor="#000000" bgcolor="#FFFFFF"
             type="rectangle" x="168" y="116" width="46" height="17"/>
    </entry>
    <entry id="54" name="ko:K19558" type="ortholog"
        link="http://www.kegg.jp/dbget-bin/www_bget?K19558">
        <graphics name="K19558" fgcolor="#000000" bgcolor="#FFFFFF"
             type="rectangle" x="69" y="165" width="46" height="17"/>
    </entry>
    <entry id="55" name="cel:CELE_ZK370.2" type="gene"
        link="http://www.kegg.jp/dbget-bin/www_bget?cel:CELE_ZK370.2">
        <graphics name="sma-2" fgcolor="#000000" bgcolor="#BFFFBF"
             type="rectangle" x="402" y="142" width="46" height="17"/>
    </entry>
    <entry id="56" name="ko:K04657" type="ortholog"
        link="http://www.kegg.jp/dbget-bin/www_bget?K04657">
        <graphics name="K04657" fgcolor="#000000" bgcolor="#FFFFFF"
             type="rectangle" x="97" y="108" width="46" height="17"/>
    </entry>
    <entry id="57" name="ko:K10162" type="ortholog"
        link="http://www.kegg.jp/dbget-bin/www_bget?K10162">
        <graphics name="K10162" fgcolor="#000000" bgcolor="#FFFFFF"
             type="rectangle" x="228" y="110" width="46" height="17"/>
    </entry>
    <entry id="58" name="ko:K10162" type="ortholog"
        link="http://www.kegg.jp/dbget-bin/www_bget?K10162">
        <graphics name="K10162" fgcolor="#000000" bgcolor="#FFFFFF"
             type="rectangle" x="228" y="293" width="46" height="17"/>
    </entry>
    <entry id="59" name="ko:K10162" type="ortholog"
        link="http://www.kegg.jp/dbget-bin/www_bget?K10162">
        <graphics name="K10162" fgcolor="#000000" bgcolor="#FFFFFF"
             type="rectangle" x="228" y="577" width="46" height="17"/>
    </entry>
    <entry id="60" name="ko:K19383 ko:K19553" type="ortholog"
        link="http://www.kegg.jp/dbget-bin/www_bget?K19383+K19553">
        <graphics name="K19383..." fgcolor="#000000" bgcolor="#FFFFFF"
             type="rectangle" x="672" y="417" width="46" height="17"/>
    </entry>
    <relation entry1="51" entry2="55" type="PPrel">
        <subtype name="phosphorylation" value="+p"/>
    </relation>
    <relation entry1="55" entry2="41" type="PPrel">
        <subtype name="activation" value="--&gt;"/>
    </relation>
    <relation entry1="35" entry2="34" type="PPrel">
        <subtype name="activation" value="--&gt;"/>
    </relation>
    <relation entry1="33" entry2="32" type="PPrel">
        <subtype name="dephosphorylation" value="-p"/>
    </relation>
</pathway>
