<?xml version="1.0"?>
<!DOCTYPE pathway SYSTEM "http://www.kegg.jp/kegg/xml/KGML_v0.7.1_.dtd">
<!-- Creation date: May 14, 2014 17:35:43 +0900 (GMT+09:00) -->
<pathway name="path:cel03015" org="cel" number="03015"
         title="mRNA surveillance pathway"
         image="http://www.kegg.jp/kegg/pathway/cel/cel03015.png"
         link="http://www.kegg.jp/kegg-bin/show_pathway?cel03015">
    <entry id="1" name="path:cel03040" type="map"
        link="http://www.kegg.jp/dbget-bin/www_bget?cel03040">
        <graphics name="Spliceosome" fgcolor="#000000" bgcolor="#FFFFFF"
             type="roundrectangle" x="574" y="160" width="92" height="25"/>
    </entry>
    <entry id="2" name="cel:CELE_R07E5.14" type="gene"
        link="http://www.kegg.jp/dbget-bin/www_bget?cel:CELE_R07E5.14">
        <graphics name="rnp-4" fgcolor="#000000" bgcolor="#BFFFBF"
             type="rectangle" x="107" y="241" width="46" height="17"/>
    </entry>
    <entry id="3" name="cel:CELE_R09B3.5" type="gene"
        link="http://www.kegg.jp/dbget-bin/www_bget?cel:CELE_R09B3.5">
        <graphics name="mag-1" fgcolor="#000000" bgcolor="#BFFFBF"
             type="rectangle" x="107" y="258" width="46" height="17"/>
    </entry>
    <entry id="4" name="cel:CELE_F33D11.10 cel:CELE_Y65B4A.6" type="gene"
        link="http://www.kegg.jp/dbget-bin/www_bget?cel:CELE_F33D11.10+cel:CELE_Y65B4A.6">
        <graphics name="F33D11.10..." fgcolor="#000000" bgcolor="#BFFFBF"
             type="rectangle" x="153" y="258" width="46" height="17"/>
    </entry>
    <entry id="5" name="cel:CELE_W08E3.2" type="gene"
        link="http://www.kegg.jp/dbget-bin/www_bget?cel:CELE_W08E3.2">
        <graphics name="W08E3.2" fgcolor="#000000" bgcolor="#BFFFBF"
             type="rectangle" x="153" y="241" width="46" height="17"/>
    </entry>
    <entry id="6" name="cel:CELE_C43E11.1" type="gene"
        link="http://www.kegg.jp/dbget-bin/www_bget?cel:CELE_C43E11.1">
        <graphics name="acin-1" fgcolor="#000000" bgcolor="#BFFFBF"
             type="rectangle" x="245" y="224" width="46" height="17"/>
    </entry>
    <entry id="7" name="cel:CELE_K02F3.11" type="gene"
        link="http://www.kegg.jp/dbget-bin/www_bget?cel:CELE_K02F3.11">
        <graphics name="rnp-5" fgcolor="#000000" bgcolor="#BFFFBF"
             type="rectangle" x="245" y="241" width="46" height="17"/>
    </entry>
    <entry id="8" name="cel:CELE_C16C10.4" type="gene"
        link="http://www.kegg.jp/dbget-bin/www_bget?cel:CELE_C16C10.4">
        <graphics name="C16C10.4" fgcolor="#000000" bgcolor="#BFFFBF"
             type="rectangle" x="199" y="241" width="46" height="17"/>
    </entry>
    <entry id="9" name="cel:CELE_F28D9.1" type="gene"
        link="http://www.kegg.jp/dbget-bin/www_bget?cel:CELE_F28D9.1">
        <graphics name="rsr-1" fgcolor="#000000" bgcolor="#BFFFBF"
             type="rectangle" x="207" y="304" width="46" height="17"/>
    </entry>
    <entry id="10" name="cel:CELE_C15H11.3 cel:CELE_C15H11.6" type="gene"
        link="http://www.kegg.jp/dbget-bin/www_bget?cel:CELE_C15H11.3+cel:CELE_C15H11.6">
        <graphics name="nxf-1..." fgcolor="#000000" bgcolor="#BFFFBF"
             type="rectangle" x="103" y="304" width="46" height="17"/>
    </entry>
    <entry id="11" name="cel:CELE_R186.7" type="gene"
        link="http://www.kegg.jp/dbget-bin/www_bget?cel:CELE_R186.7">
        <graphics name="R186.7" fgcolor="#000000" bgcolor="#BFFFBF"
             type="rectangle" x="199" y="258" width="46" height="17"/>
    </entry>
    <entry id="12" name="cel:CELE_C01F6.5 cel:CELE_C02B10.4 cel:CELE_F23B2.6 cel:CELE_M18.7" type="gene"
        link="http://www.kegg.jp/dbget-bin/www_bget?cel:CELE_C01F6.5+cel:CELE_C02B10.4+cel:CELE_F23B2.6+cel:CELE_M18.7">
        <graphics name="aly-1..." fgcolor="#000000" bgcolor="#BFFFBF"
             type="rectangle" x="245" y="258" width="46" height="17"/>
    </entry>
    <entry id="13" name="cel:CELE_Y71F9AM.5" type="gene"
        link="http://www.kegg.jp/dbget-bin/www_bget?cel:CELE_Y71F9AM.5">
        <graphics name="nxt-1" fgcolor="#000000" bgcolor="#BFFFBF"
             type="rectangle" x="103" y="321" width="46" height="17"/>
    </entry>
    <entry id="14" name="cel:CELE_F37E3.1" type="gene"
        link="http://www.kegg.jp/dbget-bin/www_bget?cel:CELE_F37E3.1">
        <graphics name="ncbp-1" fgcolor="#000000" bgcolor="#BFFFBF"
             type="rectangle" x="153" y="155" width="46" height="17"/>
    </entry>
    <entry id="15" name="cel:CELE_F46B6.3" type="gene"
        link="http://www.kegg.jp/dbget-bin/www_bget?cel:CELE_F46B6.3">
        <graphics name="smg-4" fgcolor="#000000" bgcolor="#BFFFBF"
             type="rectangle" x="107" y="224" width="46" height="17"/>
    </entry>
    <entry id="16" name="ko:K12812" type="ortholog"
        link="http://www.kegg.jp/dbget-bin/www_bget?K12812">
        <graphics name="K12812" fgcolor="#000000" bgcolor="#FFFFFF"
             type="rectangle" x="155" y="304" width="46" height="17"/>
    </entry>
    <entry id="17" name="cel:CELE_T20G5.9" type="gene"
        link="http://www.kegg.jp/dbget-bin/www_bget?cel:CELE_T20G5.9">
        <graphics name="T20G5.9" fgcolor="#000000" bgcolor="#BFFFBF"
             type="rectangle" x="155" y="325" width="46" height="17"/>
    </entry>
    <entry id="18" name="cel:CELE_C05C10.2 cel:CELE_C44H9.4 cel:CELE_Y48G8AL.6" type="gene"
        link="http://www.kegg.jp/dbget-bin/www_bget?cel:CELE_C05C10.2+cel:CELE_C44H9.4+cel:CELE_Y48G8AL.6">
        <graphics name="C05C10.2..." fgcolor="#000000" bgcolor="#BFFFBF"
             type="rectangle" x="619" y="598" width="46" height="17"/>
    </entry>
    <entry id="19" name="cel:CELE_Y73B6BL.18" type="gene"
        link="http://www.kegg.jp/dbget-bin/www_bget?cel:CELE_Y73B6BL.18">
        <graphics name="smg-3" fgcolor="#000000" bgcolor="#BFFFBF"
             type="rectangle" x="619" y="615" width="46" height="17"/>
    </entry>
    <entry id="20" name="cel:CELE_F46B6.3" type="gene"
        link="http://www.kegg.jp/dbget-bin/www_bget?cel:CELE_F46B6.3">
        <graphics name="smg-4" fgcolor="#000000" bgcolor="#BFFFBF"
             type="rectangle" x="619" y="632" width="46" height="17"/>
    </entry>
    <entry id="21" name="cel:CELE_C48B6.6" type="gene"
        link="http://www.kegg.jp/dbget-bin/www_bget?cel:CELE_C48B6.6">
        <graphics name="smg-1" fgcolor="#000000" bgcolor="#BFFFBF"
             type="rectangle" x="691" y="598" width="46" height="17"/>
    </entry>
    <entry id="22" name="ko:K11125" type="ortholog"
        link="http://www.kegg.jp/dbget-bin/www_bget?K11125">
        <graphics name="K11125" fgcolor="#000000" bgcolor="#FFFFFF"
             type="rectangle" x="691" y="638" width="46" height="17"/>
    </entry>
    <entry id="23" name="cel:CELE_Y73B6A.4" type="gene"
        link="http://www.kegg.jp/dbget-bin/www_bget?cel:CELE_Y73B6A.4">
        <graphics name="smg-7" fgcolor="#000000" bgcolor="#BFFFBF"
             type="rectangle" x="691" y="621" width="46" height="17"/>
    </entry>
    <entry id="24" name="cel:CELE_Y54F10AL.2" type="gene"
        link="http://www.kegg.jp/dbget-bin/www_bget?cel:CELE_Y54F10AL.2">
        <graphics name="smg-6" fgcolor="#000000" bgcolor="#BFFFBF"
             type="rectangle" x="692" y="664" width="46" height="17"/>
    </entry>
    <entry id="25" name="ko:K03265" type="ortholog"
        link="http://www.kegg.jp/dbget-bin/www_bget?K03265">
        <graphics name="K03265" fgcolor="#000000" bgcolor="#FFFFFF"
             type="rectangle" x="573" y="607" width="46" height="17"/>
    </entry>
    <entry id="26" name="cel:CELE_H19N07.1" type="gene"
        link="http://www.kegg.jp/dbget-bin/www_bget?cel:CELE_H19N07.1">
        <graphics name="erfa-3" fgcolor="#000000" bgcolor="#BFFFBF"
             type="rectangle" x="573" y="624" width="46" height="17"/>
    </entry>
    <entry id="27" name="path:cel03015" type="map"
        link="http://www.kegg.jp/dbget-bin/www_bget?cel03015">
        <graphics name="TITLE:mRNA surveillance pathway" fgcolor="#000000" bgcolor="#FFFFFF"
             type="roundrectangle" x="165" y="58" width="250" height="25"/>
    </entry>
    <entry id="28" name="path:cel03013" type="map"
        link="http://www.kegg.jp/dbget-bin/www_bget?cel03013">
        <graphics name="RNA transport" fgcolor="#000000" bgcolor="#FFFFFF"
             type="roundrectangle" x="393" y="366" width="92" height="25"/>
    </entry>
    <entry id="29" name="cel:CELE_C03D6.3" type="gene"
        link="http://www.kegg.jp/dbget-bin/www_bget?cel:CELE_C03D6.3">
        <graphics name="cel-1" fgcolor="#000000" bgcolor="#BFFFBF"
             type="rectangle" x="436" y="108" width="46" height="17"/>
    </entry>
    <entry id="30" name="cel:CELE_C25A1.3" type="gene"
        link="http://www.kegg.jp/dbget-bin/www_bget?cel:CELE_C25A1.3">
        <graphics name="tag-72" fgcolor="#000000" bgcolor="#BFFFBF"
             type="rectangle" x="436" y="87" width="46" height="17"/>
    </entry>
    <entry id="31" name="cel:CELE_F43G9.5" type="gene"
        link="http://www.kegg.jp/dbget-bin/www_bget?cel:CELE_F43G9.5">
        <graphics name="cfim-1" fgcolor="#000000" bgcolor="#BFFFBF"
             type="rectangle" x="864" y="179" width="46" height="17"/>
    </entry>
    <entry id="32" name="cel:CELE_F43G6.5 cel:CELE_T15H9.6 cel:CELE_Y32F6A.3" type="gene"
        link="http://www.kegg.jp/dbget-bin/www_bget?cel:CELE_F43G6.5+cel:CELE_T15H9.6+cel:CELE_Y32F6A.3">
        <graphics name="F43G6.5..." fgcolor="#000000" bgcolor="#BFFFBF"
             type="rectangle" x="976" y="180" width="46" height="17"/>
    </entry>
    <entry id="33" name="cel:CELE_R144.2" type="gene"
        link="http://www.kegg.jp/dbget-bin/www_bget?cel:CELE_R144.2">
        <graphics name="pcf-11" fgcolor="#000000" bgcolor="#BFFFBF"
             type="rectangle" x="910" y="220" width="46" height="17"/>
    </entry>
    <entry id="34" name="cel:CELE_F59A2.4" type="gene"
        link="http://www.kegg.jp/dbget-bin/www_bget?cel:CELE_F59A2.4">
        <graphics name="clpf-1" fgcolor="#000000" bgcolor="#BFFFBF"
             type="rectangle" x="864" y="220" width="46" height="17"/>
    </entry>
    <entry id="35" name="ko:K14398" type="ortholog"
        link="http://www.kegg.jp/dbget-bin/www_bget?K14398">
        <graphics name="K14398" fgcolor="#000000" bgcolor="#FFFFFF"
             type="rectangle" x="910" y="179" width="46" height="17"/>
    </entry>
    <entry id="36" name="cel:CELE_F32D1.9" type="gene"
        link="http://www.kegg.jp/dbget-bin/www_bget?cel:CELE_F32D1.9">
        <graphics name="fipp-1" fgcolor="#000000" bgcolor="#BFFFBF"
             type="rectangle" x="819" y="289" width="46" height="17"/>
    </entry>
    <entry id="37" name="cel:CELE_Y67H2A.1" type="gene"
        link="http://www.kegg.jp/dbget-bin/www_bget?cel:CELE_Y67H2A.1">
        <graphics name="cpsf-3" fgcolor="#000000" bgcolor="#BFFFBF"
             type="rectangle" x="957" y="272" width="46" height="17"/>
    </entry>
    <entry id="38" name="cel:CELE_F09G2.4" type="gene"
        link="http://www.kegg.jp/dbget-bin/www_bget?cel:CELE_F09G2.4">
        <graphics name="cpsf-2" fgcolor="#000000" bgcolor="#BFFFBF"
             type="rectangle" x="911" y="272" width="46" height="17"/>
    </entry>
    <entry id="39" name="cel:CELE_Y76B12C.7" type="gene"
        link="http://www.kegg.jp/dbget-bin/www_bget?cel:CELE_Y76B12C.7">
        <graphics name="cpsf-1" fgcolor="#000000" bgcolor="#BFFFBF"
             type="rectangle" x="865" y="272" width="46" height="17"/>
    </entry>
    <entry id="40" name="cel:CELE_F11A10.8" type="gene"
        link="http://www.kegg.jp/dbget-bin/www_bget?cel:CELE_F11A10.8">
        <graphics name="cpsf-4" fgcolor="#000000" bgcolor="#BFFFBF"
             type="rectangle" x="865" y="289" width="46" height="17"/>
    </entry>
    <entry id="41" name="cel:CELE_F28C6.3" type="gene"
        link="http://www.kegg.jp/dbget-bin/www_bget?cel:CELE_F28C6.3">
        <graphics name="cpf-1" fgcolor="#000000" bgcolor="#BFFFBF"
             type="rectangle" x="864" y="339" width="46" height="17"/>
    </entry>
    <entry id="42" name="cel:CELE_F56A8.6" type="gene"
        link="http://www.kegg.jp/dbget-bin/www_bget?cel:CELE_F56A8.6">
        <graphics name="cpf-2" fgcolor="#000000" bgcolor="#BFFFBF"
             type="rectangle" x="910" y="339" width="46" height="17"/>
    </entry>
    <entry id="43" name="cel:CELE_F28C6.6" type="gene"
        link="http://www.kegg.jp/dbget-bin/www_bget?cel:CELE_F28C6.6">
        <graphics name="suf-1" fgcolor="#000000" bgcolor="#BFFFBF"
             type="rectangle" x="956" y="339" width="46" height="17"/>
    </entry>
    <entry id="44" name="cel:CELE_F25G6.2" type="gene"
        link="http://www.kegg.jp/dbget-bin/www_bget?cel:CELE_F25G6.2">
        <graphics name="symk-1" fgcolor="#000000" bgcolor="#BFFFBF"
             type="rectangle" x="912" y="365" width="46" height="17"/>
    </entry>
    <entry id="45" name="ko:K12883" type="ortholog"
        link="http://www.kegg.jp/dbget-bin/www_bget?K12883">
        <graphics name="K12883" fgcolor="#000000" bgcolor="#FFFFFF"
             type="rectangle" x="153" y="172" width="46" height="17"/>
    </entry>
    <entry id="46" name="path:cel03018" type="map"
        link="http://www.kegg.jp/dbget-bin/www_bget?cel03018">
        <graphics name="RNA degradation" fgcolor="#000000" bgcolor="#FFFFFF"
             type="roundrectangle" x="712" y="745" width="92" height="25"/>
    </entry>
    <entry id="47" name="cel:CELE_C17E4.5" type="gene"
        link="http://www.kegg.jp/dbget-bin/www_bget?cel:CELE_C17E4.5">
        <graphics name="pabp-2" fgcolor="#000000" bgcolor="#BFFFBF"
             type="rectangle" x="613" y="293" width="46" height="17"/>
    </entry>
    <entry id="48" name="cel:CELE_F18H3.3 cel:CELE_Y106G6H.2" type="gene"
        link="http://www.kegg.jp/dbget-bin/www_bget?cel:CELE_F18H3.3+cel:CELE_Y106G6H.2">
        <graphics name="pab-2..." fgcolor="#000000" bgcolor="#BFFFBF"
             type="rectangle" x="643" y="543" width="46" height="17"/>
    </entry>
    <entry id="49" name="cel:CELE_C06G1.5 cel:CELE_C13G3.3 cel:CELE_C25A1.9 cel:CELE_F26E4.1 cel:CELE_F38H4.9 cel:CELE_F48E8.5 cel:CELE_W08G11.4" type="gene"
        link="http://www.kegg.jp/dbget-bin/www_bget?cel:CELE_C06G1.5+cel:CELE_C13G3.3+cel:CELE_C25A1.9+cel:CELE_F26E4.1+cel:CELE_F38H4.9+cel:CELE_F48E8.5+cel:CELE_W08G11.4">
        <graphics name="C06G1.5..." fgcolor="#000000" bgcolor="#BFFFBF"
             type="rectangle" x="737" y="628" width="46" height="17"/>
    </entry>
    <entry id="50" name="cel:CELE_F18H3.3 cel:CELE_Y106G6H.2" type="gene"
        link="http://www.kegg.jp/dbget-bin/www_bget?cel:CELE_F18H3.3+cel:CELE_Y106G6H.2">
        <graphics name="pab-2..." fgcolor="#000000" bgcolor="#BFFFBF"
             type="rectangle" x="1002" y="545" width="46" height="17"/>
    </entry>
    <entry id="51" name="cel:CELE_K07A12.4" type="gene"
        link="http://www.kegg.jp/dbget-bin/www_bget?cel:CELE_K07A12.4">
        <graphics name="K07A12.4" fgcolor="#000000" bgcolor="#BFFFBF"
             type="rectangle" x="948" y="617" width="46" height="17"/>
    </entry>
    <entry id="52" name="cel:CELE_R74.6" type="gene"
        link="http://www.kegg.jp/dbget-bin/www_bget?cel:CELE_R74.6">
        <graphics name="R74.6" fgcolor="#000000" bgcolor="#BFFFBF"
             type="rectangle" x="948" y="634" width="46" height="17"/>
    </entry>
    <entry id="53" name="ko:K12595" type="ortholog"
        link="http://www.kegg.jp/dbget-bin/www_bget?K12595">
        <graphics name="K12595" fgcolor="#000000" bgcolor="#FFFFFF"
             type="rectangle" x="951" y="757" width="46" height="17"/>
    </entry>
    <entry id="54" name="cel:CELE_R10E9.1" type="gene"
        link="http://www.kegg.jp/dbget-bin/www_bget?cel:CELE_R10E9.1">
        <graphics name="msi-1" fgcolor="#000000" bgcolor="#BFFFBF"
             type="rectangle" x="643" y="514" width="46" height="17"/>
    </entry>
    <entry id="55" name="ko:K12595" type="ortholog"
        link="http://www.kegg.jp/dbget-bin/www_bget?K12595">
        <graphics name="K12595" fgcolor="#000000" bgcolor="#FFFFFF"
             type="rectangle" x="232" y="637" width="46" height="17"/>
    </entry>
    <entry id="56" name="path:cel03018" type="map"
        link="http://www.kegg.jp/dbget-bin/www_bget?cel03018">
        <graphics name="RNA degradation" fgcolor="#000000" bgcolor="#FFFFFF"
             type="roundrectangle" x="712" y="301" width="92" height="25"/>
    </entry>
    <entry id="57" name="cel:CELE_R06A4.9" type="gene"
        link="http://www.kegg.jp/dbget-bin/www_bget?cel:CELE_R06A4.9">
        <graphics name="pfs-2" fgcolor="#000000" bgcolor="#BFFFBF"
             type="rectangle" x="1059" y="272" width="46" height="17"/>
    </entry>
    <entry id="58" name="cel:CELE_C33H5.7" type="gene"
        link="http://www.kegg.jp/dbget-bin/www_bget?cel:CELE_C33H5.7">
        <graphics name="swd-2.2" fgcolor="#000000" bgcolor="#BFFFBF"
             type="rectangle" x="1013" y="289" width="46" height="17"/>
    </entry>
    <entry id="59" name="ko:K15541" type="ortholog"
        link="http://www.kegg.jp/dbget-bin/www_bget?K15541">
        <graphics name="K15541" fgcolor="#000000" bgcolor="#FFFFFF"
             type="rectangle" x="1013" y="272" width="46" height="17"/>
    </entry>
    <entry id="60" name="cel:CELE_F29F11.6 cel:CELE_F56C9.1" type="gene"
        link="http://www.kegg.jp/dbget-bin/www_bget?cel:CELE_F29F11.6+cel:CELE_F56C9.1">
        <graphics name="gsp-1..." fgcolor="#000000" bgcolor="#BFFFBF"
             type="rectangle" x="1013" y="306" width="46" height="17"/>
    </entry>
    <entry id="61" name="ko:K15543" type="ortholog"
        link="http://www.kegg.jp/dbget-bin/www_bget?K15543">
        <graphics name="K15543" fgcolor="#000000" bgcolor="#FFFFFF"
             type="rectangle" x="1059" y="289" width="46" height="17"/>
    </entry>
    <entry id="62" name="cel:CELE_T13C2.4" type="gene"
        link="http://www.kegg.jp/dbget-bin/www_bget?cel:CELE_T13C2.4">
        <graphics name="ssup-72" fgcolor="#000000" bgcolor="#BFFFBF"
             type="rectangle" x="1059" y="306" width="46" height="17"/>
    </entry>
    <entry id="63" name="undefined" type="group">
        <graphics fgcolor="#000000" bgcolor="#FFFFFF"
             type="rectangle" x="910" y="339" width="138" height="17"/>
        <component id="41"/>
        <component id="42"/>
        <component id="43"/>
    </entry>
    <entry id="64" name="undefined" type="group">
        <graphics fgcolor="#000000" bgcolor="#FFFFFF"
             type="rectangle" x="619" y="615" width="46" height="51"/>
        <component id="18"/>
        <component id="19"/>
        <component id="20"/>
    </entry>
    <entry id="65" name="undefined" type="group">
        <graphics fgcolor="#000000" bgcolor="#FFFFFF"
             type="rectangle" x="888" y="280" width="184" height="34"/>
        <component id="36"/>
        <component id="37"/>
        <component id="38"/>
        <component id="39"/>
        <component id="40"/>
    </entry>
    <entry id="66" name="undefined" type="group">
        <graphics fgcolor="#000000" bgcolor="#FFFFFF"
             type="rectangle" x="1036" y="289" width="92" height="51"/>
        <component id="57"/>
        <component id="58"/>
        <component id="60"/>
        <component id="62"/>
    </entry>
    <relation entry1="10" entry2="13" type="PCrel">
        <subtype name="binding/association" value="---"/>
    </relation>
    <relation entry1="54" entry2="48" type="PCrel">
        <subtype name="binding/association" value="---"/>
    </relation>
    <relation entry1="51" entry2="52" type="PCrel">
        <subtype name="binding/association" value="---"/>
    </relation>
    <relation entry1="34" entry2="33" type="PCrel">
        <subtype name="binding/association" value="---"/>
    </relation>
    <relation entry1="44" entry2="63" type="PCrel">
        <subtype name="binding/association" value="---"/>
    </relation>
    <relation entry1="14" entry2="18" type="PCrel">
        <subtype name="binding/association" value="---"/>
    </relation>
    <relation entry1="26" entry2="48" type="PCrel">
        <subtype name="binding/association" value="---"/>
    </relation>
    <relation entry1="64" entry2="26" type="PCrel">
        <subtype name="binding/association" value="---"/>
    </relation>
    <relation entry1="23" entry2="18" type="PCrel">
        <subtype name="binding/association" value="---"/>
    </relation>
    <relation entry1="24" entry2="18" type="PCrel">
        <subtype name="binding/association" value="---"/>
    </relation>
    <relation entry1="21" entry2="49" type="PCrel">
        <subtype name="binding/association" value="---"/>
    </relation>
    <relation entry1="21" entry2="23" type="PCrel">
        <subtype name="binding/association" value="---"/>
    </relation>
    <relation entry1="49" entry2="24" type="PCrel">
        <subtype name="binding/association" value="---"/>
    </relation>
    <relation entry1="21" entry2="18" type="PPrel">
        <subtype name="activation" value="--&gt;"/>
        <subtype name="phosphorylation" value="+p"/>
        <subtype name="binding/association" value="---"/>
    </relation>
    <relation entry1="65" entry2="66" type="PPrel">
        <subtype name="binding/association" value="---"/>
    </relation>
</pathway>
