<?xml version="1.0"?>
<!DOCTYPE pathway SYSTEM "http://www.kegg.jp/kegg/xml/KGML_v0.7.1_.dtd">
<!-- Creation date: Dec 14, 2015 17:06:43 +0900 (GMT+9) -->
<pathway name="path:cel00100" org="cel" number="00100"
         title="Steroid biosynthesis"
         image="http://www.kegg.jp/kegg/pathway/cel/cel00100.png"
         link="http://www.kegg.jp/kegg-bin/show_pathway?cel00100">
    <entry id="44" name="ko:K00227" type="ortholog" reaction="rn:R07486"
        link="http://www.kegg.jp/dbget-bin/www_bget?K00227">
        <graphics name="K00227" fgcolor="#000000" bgcolor="#FFFFFF"
             type="rectangle" x="821" y="716" width="46" height="17"/>
    </entry>
    <entry id="45" name="ko:K01824" type="ortholog" reaction="rn:R04804"
        link="http://www.kegg.jp/dbget-bin/www_bget?K01824">
        <graphics name="K01824" fgcolor="#000000" bgcolor="#FFFFFF"
             type="rectangle" x="373" y="667" width="46" height="17"/>
    </entry>
    <entry id="46" name="ko:K00213" type="ortholog" reaction="rn:R01451 rn:R01456"
        link="http://www.kegg.jp/dbget-bin/www_bget?K00213">
        <graphics name="K00213" fgcolor="#000000" bgcolor="#FFFFFF"
             type="rectangle" x="238" y="767" width="46" height="17"/>
    </entry>
    <entry id="47" name="ko:K00227" type="ortholog" reaction="rn:R07215"
        link="http://www.kegg.jp/dbget-bin/www_bget?K00227">
        <graphics name="K00227" fgcolor="#000000" bgcolor="#FFFFFF"
             type="rectangle" x="238" y="716" width="46" height="17"/>
    </entry>
    <entry id="48" name="ko:K01824" type="ortholog" reaction="rn:R03353"
        link="http://www.kegg.jp/dbget-bin/www_bget?K01824">
        <graphics name="K01824" fgcolor="#000000" bgcolor="#FFFFFF"
             type="rectangle" x="238" y="666" width="46" height="17"/>
    </entry>
    <entry id="49" name="ko:K00223" type="ortholog" reaction="rn:R05641"
        link="http://www.kegg.jp/dbget-bin/www_bget?K00223">
        <graphics name="K00223" fgcolor="#000000" bgcolor="#FFFFFF"
             type="rectangle" x="527" y="815" width="46" height="17"/>
    </entry>
    <entry id="50" name="ko:K09831" type="ortholog" reaction="rn:R07506"
        link="http://www.kegg.jp/dbget-bin/www_bget?K09831">
        <graphics name="K09831" fgcolor="#000000" bgcolor="#FFFFFF"
             type="rectangle" x="527" y="767" width="46" height="17"/>
    </entry>
    <entry id="51" name="ko:K00227" type="ortholog" reaction="rn:R07505"
        link="http://www.kegg.jp/dbget-bin/www_bget?K00227">
        <graphics name="K00227" fgcolor="#000000" bgcolor="#FFFFFF"
             type="rectangle" x="528" y="716" width="46" height="17"/>
    </entry>
    <entry id="52" name="ko:K09829" type="ortholog" reaction="rn:R07497"
        link="http://www.kegg.jp/dbget-bin/www_bget?K09829">
        <graphics name="K09829" fgcolor="#000000" bgcolor="#FFFFFF"
             type="rectangle" x="528" y="666" width="46" height="17"/>
    </entry>
    <entry id="53" name="path:map00905" type="map"
        link="http://www.kegg.jp/dbget-bin/www_bget?map00905">
        <graphics name="Brassinosteroid biosynthesis" fgcolor="#000000" bgcolor="#FFFFFF"
             type="roundrectangle" x="671" y="920" width="95" height="34"/>
    </entry>
    <entry id="54" name="cpd:C01673" type="compound"
        link="http://www.kegg.jp/dbget-bin/www_bget?C01673">
        <graphics name="C01673" fgcolor="#000000" bgcolor="#FFFFFF"
             type="circle" x="88" y="855" width="8" height="8"/>
    </entry>
    <entry id="55" name="cpd:C01561" type="compound"
        link="http://www.kegg.jp/dbget-bin/www_bget?C01561">
        <graphics name="C01561" fgcolor="#000000" bgcolor="#FFFFFF"
             type="circle" x="88" y="800" width="8" height="8"/>
    </entry>
    <entry id="56" name="cel:CELE_F52H2.6" type="gene" reaction="rn:R07493"
        link="http://www.kegg.jp/dbget-bin/www_bget?cel:CELE_F52H2.6">
        <graphics name="F52H2.6" fgcolor="#000000" bgcolor="#BFFFBF"
             type="rectangle" x="668" y="815" width="46" height="17"/>
    </entry>
    <entry id="57" name="ko:K00213" type="ortholog" reaction="rn:R07492"
        link="http://www.kegg.jp/dbget-bin/www_bget?K00213">
        <graphics name="K00213" fgcolor="#000000" bgcolor="#FFFFFF"
             type="rectangle" x="668" y="767" width="46" height="17"/>
    </entry>
    <entry id="58" name="ko:K00227" type="ortholog" reaction="rn:R07491"
        link="http://www.kegg.jp/dbget-bin/www_bget?K00227">
        <graphics name="K00227" fgcolor="#000000" bgcolor="#FFFFFF"
             type="rectangle" x="668" y="717" width="46" height="17"/>
    </entry>
    <entry id="59" name="cel:CELE_F52H2.6" type="gene" reaction="rn:R01457"
        link="http://www.kegg.jp/dbget-bin/www_bget?cel:CELE_F52H2.6">
        <graphics name="F52H2.6" fgcolor="#000000" bgcolor="#BFFFBF"
             type="rectangle" x="306" y="795" width="46" height="17"/>
    </entry>
    <entry id="60" name="cel:CELE_F52H2.6" type="gene" reaction="rn:R07507"
        link="http://www.kegg.jp/dbget-bin/www_bget?cel:CELE_F52H2.6">
        <graphics name="F52H2.6" fgcolor="#000000" bgcolor="#BFFFBF"
             type="rectangle" x="306" y="746" width="46" height="17"/>
    </entry>
    <entry id="61" name="cel:CELE_F52H2.6" type="gene" reaction="rn:R05703"
        link="http://www.kegg.jp/dbget-bin/www_bget?cel:CELE_F52H2.6">
        <graphics name="F52H2.6" fgcolor="#000000" bgcolor="#BFFFBF"
             type="rectangle" x="306" y="696" width="46" height="17"/>
    </entry>
    <entry id="62" name="cel:CELE_F52H2.6" type="gene" reaction="rn:R07498"
        link="http://www.kegg.jp/dbget-bin/www_bget?cel:CELE_F52H2.6">
        <graphics name="F52H2.6" fgcolor="#000000" bgcolor="#BFFFBF"
             type="rectangle" x="306" y="646" width="46" height="17"/>
    </entry>
    <entry id="63" name="cel:CELE_F52H2.6" type="gene" reaction="rn:R07499"
        link="http://www.kegg.jp/dbget-bin/www_bget?cel:CELE_F52H2.6">
        <graphics name="F52H2.6" fgcolor="#000000" bgcolor="#BFFFBF"
             type="rectangle" x="306" y="455" width="46" height="17"/>
    </entry>
    <entry id="64" name="ko:K01853" type="ortholog" reaction="rn:R03200"
        link="http://www.kegg.jp/dbget-bin/www_bget?K01853">
        <graphics name="K01853" fgcolor="#000000" bgcolor="#FFFFFF"
             type="rectangle" x="668" y="317" width="46" height="17"/>
    </entry>
    <entry id="65" name="ko:K08246" type="ortholog" reaction="rn:R03775"
        link="http://www.kegg.jp/dbget-bin/www_bget?K08246">
        <graphics name="K08246" fgcolor="#000000" bgcolor="#FFFFFF"
             type="rectangle" x="668" y="474" width="46" height="17"/>
    </entry>
    <entry id="66" name="cpd:C01902" type="compound"
        link="http://www.kegg.jp/dbget-bin/www_bget?C01902">
        <graphics name="C01902" fgcolor="#000000" bgcolor="#FFFFFF"
             type="circle" x="668" y="353" width="8" height="8"/>
    </entry>
    <entry id="67" name="cel:CELE_F52H2.6" type="gene" reaction="rn:R07488"
        link="http://www.kegg.jp/dbget-bin/www_bget?cel:CELE_F52H2.6">
        <graphics name="F52H2.6" fgcolor="#000000" bgcolor="#BFFFBF"
             type="rectangle" x="821" y="815" width="46" height="17"/>
    </entry>
    <entry id="68" name="ko:K05917" type="ortholog" reaction="rn:R05731"
        link="http://www.kegg.jp/dbget-bin/www_bget?K05917">
        <graphics name="K05917" fgcolor="#000000" bgcolor="#FFFFFF"
             type="rectangle" x="668" y="522" width="46" height="17"/>
    </entry>
    <entry id="69" name="ko:K08242" type="ortholog" reaction="rn:R05776"
        link="http://www.kegg.jp/dbget-bin/www_bget?K08242">
        <graphics name="K08242" fgcolor="#000000" bgcolor="#FFFFFF"
             type="rectangle" x="742" y="650" width="46" height="17"/>
    </entry>
    <entry id="70" name="ko:K00222" type="ortholog" reaction="rn:R07483"
        link="http://www.kegg.jp/dbget-bin/www_bget?K00222">
        <graphics name="K00222" fgcolor="#000000" bgcolor="#FFFFFF"
             type="rectangle" x="668" y="571" width="46" height="17"/>
    </entry>
    <entry id="71" name="ko:K00559" type="ortholog" reaction="rn:R07481"
        link="http://www.kegg.jp/dbget-bin/www_bget?K00559">
        <graphics name="K00559" fgcolor="#000000" bgcolor="#FFFFFF"
             type="rectangle" x="668" y="375" width="46" height="17"/>
    </entry>
    <entry id="72" name="ko:K00213" type="ortholog" reaction="rn:R07487"
        link="http://www.kegg.jp/dbget-bin/www_bget?K00213">
        <graphics name="K00213" fgcolor="#000000" bgcolor="#FFFFFF"
             type="rectangle" x="821" y="767" width="46" height="17"/>
    </entry>
    <entry id="73" name="cpd:C05442" type="compound"
        link="http://www.kegg.jp/dbget-bin/www_bget?C05442">
        <graphics name="C05442" fgcolor="#000000" bgcolor="#FFFFFF"
             type="circle" x="820" y="896" width="8" height="8"/>
    </entry>
    <entry id="74" name="cpd:C15776" type="compound"
        link="http://www.kegg.jp/dbget-bin/www_bget?C15776">
        <graphics name="C15776" fgcolor="#000000" bgcolor="#FFFFFF"
             type="circle" x="668" y="599" width="8" height="8"/>
    </entry>
    <entry id="75" name="cpd:C11508" type="compound"
        link="http://www.kegg.jp/dbget-bin/www_bget?C11508">
        <graphics name="C11508" fgcolor="#000000" bgcolor="#FFFFFF"
             type="circle" x="668" y="549" width="8" height="8"/>
    </entry>
    <entry id="76" name="cpd:C01802" type="compound"
        link="http://www.kegg.jp/dbget-bin/www_bget?C01802">
        <graphics name="C01802" fgcolor="#000000" bgcolor="#FFFFFF"
             type="circle" x="372" y="794" width="8" height="8"/>
    </entry>
    <entry id="77" name="cpd:C01789" type="compound"
        link="http://www.kegg.jp/dbget-bin/www_bget?C01789">
        <graphics name="C01789" fgcolor="#000000" bgcolor="#FFFFFF"
             type="circle" x="668" y="844" width="8" height="8"/>
    </entry>
    <entry id="78" name="cpd:C15781" type="compound"
        link="http://www.kegg.jp/dbget-bin/www_bget?C15781">
        <graphics name="C15781" fgcolor="#000000" bgcolor="#FFFFFF"
             type="circle" x="668" y="794" width="8" height="8"/>
    </entry>
    <entry id="79" name="cpd:C05107" type="compound"
        link="http://www.kegg.jp/dbget-bin/www_bget?C05107">
        <graphics name="C05107" fgcolor="#000000" bgcolor="#FFFFFF"
             type="circle" x="372" y="745" width="8" height="8"/>
    </entry>
    <entry id="80" name="cpd:C15780" type="compound"
        link="http://www.kegg.jp/dbget-bin/www_bget?C15780">
        <graphics name="C15780" fgcolor="#000000" bgcolor="#FFFFFF"
             type="circle" x="668" y="745" width="8" height="8"/>
    </entry>
    <entry id="81" name="cpd:C15783" type="compound"
        link="http://www.kegg.jp/dbget-bin/www_bget?C15783">
        <graphics name="C15783" fgcolor="#000000" bgcolor="#FFFFFF"
             type="circle" x="820" y="745" width="8" height="8"/>
    </entry>
    <entry id="82" name="cpd:C01753" type="compound"
        link="http://www.kegg.jp/dbget-bin/www_bget?C01753">
        <graphics name="C01753" fgcolor="#000000" bgcolor="#FFFFFF"
             type="circle" x="820" y="844" width="8" height="8"/>
    </entry>
    <entry id="83" name="cpd:C08830" type="compound"
        link="http://www.kegg.jp/dbget-bin/www_bget?C08830">
        <graphics name="C08830" fgcolor="#000000" bgcolor="#FFFFFF"
             type="circle" x="668" y="404" width="8" height="8"/>
    </entry>
    <entry id="84" name="cpd:C08821" type="compound"
        link="http://www.kegg.jp/dbget-bin/www_bget?C08821">
        <graphics name="C08821" fgcolor="#000000" bgcolor="#FFFFFF"
             type="circle" x="820" y="794" width="8" height="8"/>
    </entry>
    <entry id="85" name="cpd:C15782" type="compound"
        link="http://www.kegg.jp/dbget-bin/www_bget?C15782">
        <graphics name="C15782" fgcolor="#000000" bgcolor="#FFFFFF"
             type="circle" x="820" y="696" width="8" height="8"/>
    </entry>
    <entry id="86" name="cpd:C02141" type="compound"
        link="http://www.kegg.jp/dbget-bin/www_bget?C02141">
        <graphics name="C02141" fgcolor="#000000" bgcolor="#FFFFFF"
             type="circle" x="668" y="454" width="8" height="8"/>
    </entry>
    <entry id="87" name="cpd:C01943" type="compound"
        link="http://www.kegg.jp/dbget-bin/www_bget?C01943">
        <graphics name="C01943" fgcolor="#000000" bgcolor="#FFFFFF"
             type="circle" x="668" y="504" width="8" height="8"/>
    </entry>
    <entry id="88" name="path:cel00100" type="map"
        link="http://www.kegg.jp/dbget-bin/www_bget?cel00100">
        <graphics name="TITLE:Steroid biosynthesis" fgcolor="#000000" bgcolor="#FFFFFF"
             type="roundrectangle" x="132" y="58" width="184" height="25"/>
    </entry>
    <entry id="89" name="ko:K01852" type="ortholog" reaction="rn:R03199"
        link="http://www.kegg.jp/dbget-bin/www_bget?K01852">
        <graphics name="K01852" fgcolor="#000000" bgcolor="#FFFFFF"
             type="rectangle" x="372" y="317" width="46" height="17"/>
    </entry>
    <entry id="90" name="ko:K00222" type="ortholog" reaction="rn:R05639"
        link="http://www.kegg.jp/dbget-bin/www_bget?K00222">
        <graphics name="K00222" fgcolor="#000000" bgcolor="#FFFFFF"
             type="rectangle" x="373" y="424" width="46" height="17"/>
    </entry>
    <entry id="91" name="ko:K01824" type="ortholog" reaction="rn:R07484"
        link="http://www.kegg.jp/dbget-bin/www_bget?K01824">
        <graphics name="K01824" fgcolor="#000000" bgcolor="#FFFFFF"
             type="rectangle" x="668" y="620" width="46" height="17"/>
    </entry>
    <entry id="92" name="ko:K07748" type="ortholog" reaction="rn:R07494"
        link="http://www.kegg.jp/dbget-bin/www_bget?K07748">
        <graphics name="K07748" fgcolor="#000000" bgcolor="#FFFFFF"
             type="rectangle" x="373" y="524" width="46" height="17"/>
    </entry>
    <entry id="93" name="path:map00120" type="map"
        link="http://www.kegg.jp/dbget-bin/www_bget?map00120">
        <graphics name="Primary bile acid biosynthesis" fgcolor="#000000" bgcolor="#FFFFFF"
             type="roundrectangle" x="237" y="898" width="102" height="34"/>
    </entry>
    <entry id="94" name="path:map00140" type="map"
        link="http://www.kegg.jp/dbget-bin/www_bget?map00140">
        <graphics name="Steroid hormone biosynthesis" fgcolor="#000000" bgcolor="#FFFFFF"
             type="roundrectangle" x="383" y="830" width="159" height="25"/>
    </entry>
    <entry id="95" name="ko:K09832" type="ortholog" reaction="rn:R07489"
        link="http://www.kegg.jp/dbget-bin/www_bget?K09832">
        <graphics name="K09832" fgcolor="#000000" bgcolor="#FFFFFF"
             type="rectangle" x="821" y="866" width="46" height="17"/>
    </entry>
    <entry id="96" name="ko:K00559" type="ortholog" reaction="rn:R04427"
        link="http://www.kegg.jp/dbget-bin/www_bget?K00559">
        <graphics name="K00559" fgcolor="#000000" bgcolor="#FFFFFF"
             type="rectangle" x="448" y="646" width="46" height="17"/>
    </entry>
    <entry id="97" name="cel:CELE_F52H2.6" type="gene" reaction="rn:R03689"
        link="http://www.kegg.jp/dbget-bin/www_bget?cel:CELE_F52H2.6">
        <graphics name="F52H2.6" fgcolor="#000000" bgcolor="#BFFFBF"
             type="rectangle" x="306" y="354" width="46" height="17"/>
    </entry>
    <entry id="98" name="cel:CELE_F49E12.9" type="gene" reaction="rn:R07509"
        link="http://www.kegg.jp/dbget-bin/www_bget?cel:CELE_F49E12.9">
        <graphics name="drd-1" fgcolor="#000000" bgcolor="#BFFFBF"
             type="rectangle" x="373" y="475" width="46" height="17"/>
    </entry>
    <entry id="99" name="ko:K05917" type="ortholog" reaction="rn:R05640"
        link="http://www.kegg.jp/dbget-bin/www_bget?K05917">
        <graphics name="K05917" fgcolor="#000000" bgcolor="#FFFFFF"
             type="rectangle" x="373" y="373" width="46" height="17"/>
    </entry>
    <entry id="100" name="ko:K09827 ko:K13373" type="ortholog" reaction="rn:R07495"
        link="http://www.kegg.jp/dbget-bin/www_bget?K09827+K13373">
        <graphics name="K09827..." fgcolor="#000000" bgcolor="#FFFFFF"
             type="rectangle" x="373" y="572" width="46" height="17"/>
    </entry>
    <entry id="101" name="cpd:C11523" type="compound"
        link="http://www.kegg.jp/dbget-bin/www_bget?C11523">
        <graphics name="C11523" fgcolor="#000000" bgcolor="#FFFFFF"
             type="circle" x="820" y="649" width="8" height="8"/>
    </entry>
    <entry id="102" name="cpd:C01054" type="compound"
        link="http://www.kegg.jp/dbget-bin/www_bget?C01054">
        <graphics name="C01054" fgcolor="#000000" bgcolor="#FFFFFF"
             type="circle" x="372" y="288" width="8" height="8"/>
    </entry>
    <entry id="103" name="cpd:C01724" type="compound"
        link="http://www.kegg.jp/dbget-bin/www_bget?C01724">
        <graphics name="C01724" fgcolor="#000000" bgcolor="#FFFFFF"
             type="circle" x="372" y="353" width="8" height="8"/>
    </entry>
    <entry id="104" name="cpd:C05109" type="compound"
        link="http://www.kegg.jp/dbget-bin/www_bget?C05109">
        <graphics name="C05109" fgcolor="#000000" bgcolor="#FFFFFF"
             type="circle" x="237" y="353" width="8" height="8"/>
    </entry>
    <entry id="105" name="cpd:C04525" type="compound"
        link="http://www.kegg.jp/dbget-bin/www_bget?C04525">
        <graphics name="C04525" fgcolor="#000000" bgcolor="#FFFFFF"
             type="circle" x="526" y="645" width="8" height="8"/>
    </entry>
    <entry id="106" name="cpd:C11455" type="compound"
        link="http://www.kegg.jp/dbget-bin/www_bget?C11455">
        <graphics name="C11455" fgcolor="#000000" bgcolor="#FFFFFF"
             type="circle" x="372" y="404" width="8" height="8"/>
    </entry>
    <entry id="107" name="cpd:C15915" type="compound"
        link="http://www.kegg.jp/dbget-bin/www_bget?C15915">
        <graphics name="C15915" fgcolor="#000000" bgcolor="#FFFFFF"
             type="circle" x="238" y="454" width="8" height="8"/>
    </entry>
    <entry id="108" name="cpd:C05108" type="compound"
        link="http://www.kegg.jp/dbget-bin/www_bget?C05108">
        <graphics name="C05108" fgcolor="#000000" bgcolor="#FFFFFF"
             type="circle" x="372" y="454" width="8" height="8"/>
    </entry>
    <entry id="109" name="cpd:C15777" type="compound"
        link="http://www.kegg.jp/dbget-bin/www_bget?C15777">
        <graphics name="C15777" fgcolor="#000000" bgcolor="#FFFFFF"
             type="circle" x="526" y="696" width="8" height="8"/>
    </entry>
    <entry id="110" name="cpd:C15808" type="compound"
        link="http://www.kegg.jp/dbget-bin/www_bget?C15808">
        <graphics name="C15808" fgcolor="#000000" bgcolor="#FFFFFF"
             type="circle" x="372" y="504" width="8" height="8"/>
    </entry>
    <entry id="111" name="cpd:C15778" type="compound"
        link="http://www.kegg.jp/dbget-bin/www_bget?C15778">
        <graphics name="C15778" fgcolor="#000000" bgcolor="#FFFFFF"
             type="circle" x="526" y="745" width="8" height="8"/>
    </entry>
    <entry id="112" name="cpd:C15816" type="compound"
        link="http://www.kegg.jp/dbget-bin/www_bget?C15816">
        <graphics name="C15816" fgcolor="#000000" bgcolor="#FFFFFF"
             type="circle" x="372" y="553" width="8" height="8"/>
    </entry>
    <entry id="113" name="cpd:C01189" type="compound"
        link="http://www.kegg.jp/dbget-bin/www_bget?C01189">
        <graphics name="C01189" fgcolor="#000000" bgcolor="#FFFFFF"
             type="circle" x="237" y="696" width="8" height="8"/>
    </entry>
    <entry id="114" name="cpd:C01164" type="compound"
        link="http://www.kegg.jp/dbget-bin/www_bget?C01164">
        <graphics name="C01164" fgcolor="#000000" bgcolor="#FFFFFF"
             type="circle" x="237" y="745" width="8" height="8"/>
    </entry>
    <entry id="115" name="cpd:C05443" type="compound"
        link="http://www.kegg.jp/dbget-bin/www_bget?C05443">
        <graphics name="C05443" fgcolor="#000000" bgcolor="#FFFFFF"
             type="circle" x="88" y="745" width="8" height="8"/>
    </entry>
    <entry id="116" name="cpd:C05103" type="compound"
        link="http://www.kegg.jp/dbget-bin/www_bget?C05103">
        <graphics name="C05103" fgcolor="#000000" bgcolor="#FFFFFF"
             type="circle" x="372" y="600" width="8" height="8"/>
    </entry>
    <entry id="117" name="cpd:C05437" type="compound"
        link="http://www.kegg.jp/dbget-bin/www_bget?C05437">
        <graphics name="C05437" fgcolor="#000000" bgcolor="#FFFFFF"
             type="circle" x="372" y="645" width="8" height="8"/>
    </entry>
    <entry id="118" name="cpd:C05440" type="compound"
        link="http://www.kegg.jp/dbget-bin/www_bget?C05440">
        <graphics name="C05440" fgcolor="#000000" bgcolor="#FFFFFF"
             type="circle" x="526" y="794" width="8" height="8"/>
    </entry>
    <entry id="119" name="cpd:C01694" type="compound"
        link="http://www.kegg.jp/dbget-bin/www_bget?C01694">
        <graphics name="C01694" fgcolor="#000000" bgcolor="#FFFFFF"
             type="circle" x="526" y="844" width="8" height="8"/>
    </entry>
    <entry id="120" name="cpd:C03845" type="compound"
        link="http://www.kegg.jp/dbget-bin/www_bget?C03845">
        <graphics name="C03845" fgcolor="#000000" bgcolor="#FFFFFF"
             type="circle" x="237" y="645" width="8" height="8"/>
    </entry>
    <entry id="121" name="cpd:C11522" type="compound"
        link="http://www.kegg.jp/dbget-bin/www_bget?C11522">
        <graphics name="C11522" fgcolor="#000000" bgcolor="#FFFFFF"
             type="circle" x="668" y="649" width="8" height="8"/>
    </entry>
    <entry id="122" name="cpd:C05441" type="compound"
        link="http://www.kegg.jp/dbget-bin/www_bget?C05441">
        <graphics name="C05441" fgcolor="#000000" bgcolor="#FFFFFF"
             type="circle" x="526" y="896" width="8" height="8"/>
    </entry>
    <entry id="123" name="cpd:C05439" type="compound"
        link="http://www.kegg.jp/dbget-bin/www_bget?C05439">
        <graphics name="C05439" fgcolor="#000000" bgcolor="#FFFFFF"
             type="circle" x="372" y="696" width="8" height="8"/>
    </entry>
    <entry id="124" name="cpd:C15777" type="compound"
        link="http://www.kegg.jp/dbget-bin/www_bget?C15777">
        <graphics name="C15777" fgcolor="#000000" bgcolor="#FFFFFF"
             type="circle" x="668" y="696" width="8" height="8"/>
    </entry>
    <entry id="127" name="cel:CELE_F54F3.3 cel:CELE_ZK6.7" type="gene" reaction="rn:R01462"
        link="http://www.kegg.jp/dbget-bin/www_bget?cel:CELE_F54F3.3+cel:CELE_ZK6.7">
        <graphics name="lipl-1..." fgcolor="#000000" bgcolor="#BFFFBF"
             type="rectangle" x="195" y="793" width="46" height="17"/>
    </entry>
    <entry id="129" name="cel:CELE_B0395.2" type="gene" reaction="rn:R01461"
        link="http://www.kegg.jp/dbget-bin/www_bget?cel:CELE_B0395.2">
        <graphics name="mboa-1" fgcolor="#000000" bgcolor="#BFFFBF"
             type="rectangle" x="195" y="814" width="46" height="17"/>
    </entry>
    <entry id="133" name="ko:K07419" type="ortholog" reaction="rn:R03611"
        link="http://www.kegg.jp/dbget-bin/www_bget?K07419">
        <graphics name="K07419" fgcolor="#000000" bgcolor="#FFFFFF"
             type="rectangle" x="88" y="769" width="46" height="17"/>
    </entry>
    <entry id="135" name="ko:K07438" type="ortholog" reaction="rn:R03610"
        link="http://www.kegg.jp/dbget-bin/www_bget?K07438">
        <graphics name="K07438" fgcolor="#000000" bgcolor="#FFFFFF"
             type="rectangle" x="88" y="823" width="46" height="17"/>
    </entry>
    <entry id="136" name="cpd:C00187" type="compound"
        link="http://www.kegg.jp/dbget-bin/www_bget?C00187">
        <graphics name="C00187" fgcolor="#000000" bgcolor="#FFFFFF"
             type="circle" x="237" y="794" width="8" height="8"/>
    </entry>
    <entry id="137" name="cpd:C02530" type="compound"
        link="http://www.kegg.jp/dbget-bin/www_bget?C02530">
        <graphics name="C02530" fgcolor="#000000" bgcolor="#FFFFFF"
             type="circle" x="151" y="794" width="8" height="8"/>
    </entry>
    <entry id="138" name="ko:K14424" type="ortholog" reaction="rn:R07490"
        link="http://www.kegg.jp/dbget-bin/www_bget?K14424">
        <graphics name="K14424" fgcolor="#000000" bgcolor="#FFFFFF"
             type="rectangle" x="668" y="669" width="46" height="17"/>
    </entry>
    <entry id="139" name="ko:K14423" type="ortholog" reaction="rn:R07482"
        link="http://www.kegg.jp/dbget-bin/www_bget?K14423">
        <graphics name="K14423" fgcolor="#000000" bgcolor="#FFFFFF"
             type="rectangle" x="668" y="425" width="46" height="17"/>
    </entry>
    <entry id="140" name="ko:K14424" type="ortholog" reaction="rn:R07485"
        link="http://www.kegg.jp/dbget-bin/www_bget?K14424">
        <graphics name="K14424" fgcolor="#000000" bgcolor="#FFFFFF"
             type="rectangle" x="821" y="671" width="46" height="17"/>
    </entry>
    <entry id="142" name="ko:K07436" type="ortholog" reaction="rn:R09515"
        link="http://www.kegg.jp/dbget-bin/www_bget?K07436">
        <graphics name="K07436" fgcolor="#000000" bgcolor="#FFFFFF"
             type="rectangle" x="88" y="878" width="46" height="17"/>
    </entry>
    <entry id="143" name="cpd:C18231" type="compound"
        link="http://www.kegg.jp/dbget-bin/www_bget?C18231">
        <graphics name="C18231" fgcolor="#000000" bgcolor="#FFFFFF"
             type="circle" x="88" y="910" width="8" height="8"/>
    </entry>
    <entry id="145" name="ko:K07436" type="ortholog" reaction="rn:R09516"
        link="http://www.kegg.jp/dbget-bin/www_bget?K07436">
        <graphics name="K07436" fgcolor="#000000" bgcolor="#FFFFFF"
             type="rectangle" x="139" y="878" width="46" height="17"/>
    </entry>
    <entry id="146" name="cpd:C07712" type="compound"
        link="http://www.kegg.jp/dbget-bin/www_bget?C07712">
        <graphics name="C07712" fgcolor="#000000" bgcolor="#FFFFFF"
             type="circle" x="139" y="910" width="8" height="8"/>
    </entry>
    <entry id="147" name="path:map00984" type="map"
        link="http://www.kegg.jp/dbget-bin/www_bget?map00984">
        <graphics name="Steroid degradation" fgcolor="#000000" bgcolor="#FFFFFF"
             type="roundrectangle" x="359" y="860" width="111" height="25"/>
    </entry>
    <entry id="149" name="path:cel00900" type="map"
        link="http://www.kegg.jp/dbget-bin/www_bget?cel00900">
        <graphics name="Terpenoid backbone biosynthesis" fgcolor="#000000" bgcolor="#FFFFFF"
             type="roundrectangle" x="373" y="59" width="119" height="34"/>
    </entry>
    <entry id="150" name="cpd:C00448" type="compound"
        link="http://www.kegg.jp/dbget-bin/www_bget?C00448">
        <graphics name="C00448" fgcolor="#000000" bgcolor="#FFFFFF"
             type="circle" x="372" y="109" width="8" height="8"/>
    </entry>
    <entry id="151" name="ko:K00801" type="ortholog" reaction="rn:R00702"
        link="http://www.kegg.jp/dbget-bin/www_bget?K00801">
        <graphics name="K00801" fgcolor="#000000" bgcolor="#FFFFFF"
             type="rectangle" x="372" y="137" width="46" height="17"/>
    </entry>
    <entry id="152" name="ko:K00801" type="ortholog" reaction="rn:R02872"
        link="http://www.kegg.jp/dbget-bin/www_bget?K00801">
        <graphics name="K00801" fgcolor="#000000" bgcolor="#FFFFFF"
             type="rectangle" x="372" y="195" width="46" height="17"/>
    </entry>
    <entry id="153" name="cpd:C03428" type="compound"
        link="http://www.kegg.jp/dbget-bin/www_bget?C03428">
        <graphics name="C03428" fgcolor="#000000" bgcolor="#FFFFFF"
             type="circle" x="372" y="169" width="8" height="8"/>
    </entry>
    <entry id="154" name="ko:K00511" type="ortholog" reaction="rn:R02874"
        link="http://www.kegg.jp/dbget-bin/www_bget?K00511">
        <graphics name="K00511" fgcolor="#000000" bgcolor="#FFFFFF"
             type="rectangle" x="372" y="256" width="46" height="17"/>
    </entry>
    <entry id="155" name="cpd:C00751" type="compound"
        link="http://www.kegg.jp/dbget-bin/www_bget?C00751">
        <graphics name="C00751" fgcolor="#000000" bgcolor="#FFFFFF"
             type="circle" x="372" y="228" width="8" height="8"/>
    </entry>
    <relation entry1="63" entry2="98" type="ECrel">
        <subtype name="compound" value="108"/>
    </relation>
    <relation entry1="56" entry2="53" type="maplink">
        <subtype name="compound" value="77"/>
    </relation>
    <relation entry1="127" entry2="59" type="ECrel">
        <subtype name="compound" value="136"/>
    </relation>
    <relation entry1="129" entry2="59" type="ECrel">
        <subtype name="compound" value="136"/>
    </relation>
    <relation entry1="93" entry2="94" type="maplink">
        <subtype name="compound" value="136"/>
    </relation>
    <relation entry1="93" entry2="129" type="maplink">
        <subtype name="compound" value="136"/>
    </relation>
    <relation entry1="93" entry2="127" type="maplink">
        <subtype name="compound" value="136"/>
    </relation>
    <relation entry1="93" entry2="59" type="maplink">
        <subtype name="compound" value="136"/>
    </relation>
    <relation entry1="94" entry2="129" type="maplink">
        <subtype name="compound" value="136"/>
    </relation>
    <relation entry1="94" entry2="127" type="maplink">
        <subtype name="compound" value="136"/>
    </relation>
    <relation entry1="94" entry2="59" type="maplink">
        <subtype name="compound" value="136"/>
    </relation>
    <relation entry1="127" entry2="147" type="maplink">
        <subtype name="compound" value="136"/>
    </relation>
    <relation entry1="129" entry2="147" type="maplink">
        <subtype name="compound" value="136"/>
    </relation>
    <relation entry1="59" entry2="147" type="maplink">
        <subtype name="compound" value="136"/>
    </relation>
    <relation entry1="94" entry2="147" type="maplink">
        <subtype name="compound" value="136"/>
    </relation>
    <relation entry1="147" entry2="93" type="maplink">
        <subtype name="compound" value="136"/>
    </relation>
    <reaction id="56" name="rn:R07493" type="irreversible">
        <substrate id="78" name="cpd:C15781"/>
        <product id="77" name="cpd:C01789"/>
    </reaction>
    <reaction id="59" name="rn:R01457" type="reversible">
        <substrate id="136" name="cpd:C00187"/>
        <product id="76" name="cpd:C01802"/>
    </reaction>
    <reaction id="60" name="rn:R07507" type="reversible">
        <substrate id="79" name="cpd:C05107"/>
        <product id="114" name="cpd:C01164"/>
    </reaction>
    <reaction id="61" name="rn:R05703" type="reversible">
        <substrate id="113" name="cpd:C01189"/>
        <product id="123" name="cpd:C05439"/>
    </reaction>
    <reaction id="62" name="rn:R07498" type="reversible">
        <substrate id="117" name="cpd:C05437"/>
        <product id="120" name="cpd:C03845"/>
    </reaction>
    <reaction id="63" name="rn:R07499" type="reversible">
        <substrate id="108" name="cpd:C05108"/>
        <product id="107" name="cpd:C15915"/>
    </reaction>
    <reaction id="67" name="rn:R07488" type="irreversible">
        <substrate id="84" name="cpd:C08821"/>
        <product id="82" name="cpd:C01753"/>
    </reaction>
    <reaction id="97" name="rn:R03689" type="reversible">
        <substrate id="103" name="cpd:C01724"/>
        <product id="104" name="cpd:C05109"/>
    </reaction>
    <reaction id="98" name="rn:R07509" type="irreversible">
        <substrate id="108" name="cpd:C05108"/>
        <product id="110" name="cpd:C15808"/>
    </reaction>
    <reaction id="127" name="rn:R01462" type="irreversible">
        <substrate id="137" name="cpd:C02530"/>
        <product id="136" name="cpd:C00187"/>
    </reaction>
    <reaction id="129" name="rn:R01461" type="reversible">
        <substrate id="136" name="cpd:C00187"/>
        <product id="137" name="cpd:C02530"/>
    </reaction>
</pathway>
