<?xml version="1.0"?>
<!DOCTYPE pathway SYSTEM "http://www.kegg.jp/kegg/xml/KGML_v0.7.1_.dtd">
<!-- Creation date: Oct 23, 2015 09:39:20 +0900 (GMT+9) -->
<pathway name="path:cel04070" org="cel" number="04070"
         title="Phosphatidylinositol signaling system"
         image="http://www.kegg.jp/kegg/pathway/cel/cel04070.png"
         link="http://www.kegg.jp/kegg-bin/show_pathway?cel04070">
    <entry id="1" name="cel:CELE_T07A9.6" type="gene" reaction="rn:R03363"
        link="http://www.kegg.jp/dbget-bin/www_bget?cel:CELE_T07A9.6">
        <graphics name="daf-18" fgcolor="#000000" bgcolor="#BFFFBF"
             type="rectangle" x="185" y="637" width="46" height="17"/>
    </entry>
    <entry id="2" name="ko:K10572" type="ortholog" reaction="rn:R05202"
        link="http://www.kegg.jp/dbget-bin/www_bget?K10572">
        <graphics name="K10572" fgcolor="#000000" bgcolor="#FFFFFF"
             type="rectangle" x="1046" y="342" width="46" height="17"/>
    </entry>
    <entry id="3" name="cpd:C11554" type="compound"
        link="http://www.kegg.jp/dbget-bin/www_bget?C11554">
        <graphics name="C11554" fgcolor="#000000" bgcolor="#FFFFFF"
             type="circle" x="467" y="647" width="8" height="8"/>
    </entry>
    <entry id="4" name="cpd:C11556" type="compound"
        link="http://www.kegg.jp/dbget-bin/www_bget?C11556">
        <graphics name="C11556" fgcolor="#000000" bgcolor="#FFFFFF"
             type="circle" x="467" y="371" width="8" height="8"/>
    </entry>
    <entry id="5" name="cpd:C11557" type="compound"
        link="http://www.kegg.jp/dbget-bin/www_bget?C11557">
        <graphics name="C11557" fgcolor="#000000" bgcolor="#FFFFFF"
             type="circle" x="239" y="144" width="8" height="8"/>
    </entry>
    <entry id="6" name="cel:CELE_B0348.4 cel:CELE_F31B12.1 cel:CELE_R05G6.8 cel:CELE_T01E8.3" type="gene" reaction="rn:R03332"
        link="http://www.kegg.jp/dbget-bin/www_bget?cel:CELE_B0348.4+cel:CELE_F31B12.1+cel:CELE_R05G6.8+cel:CELE_T01E8.3">
        <graphics name="egl-8..." fgcolor="#000000" bgcolor="#BFFFBF"
             type="rectangle" x="694" y="342" width="46" height="17"/>
    </entry>
    <entry id="7" name="cel:CELE_B0348.4 cel:CELE_F31B12.1 cel:CELE_R05G6.8 cel:CELE_T01E8.3" type="gene" reaction="rn:R03435"
        link="http://www.kegg.jp/dbget-bin/www_bget?cel:CELE_B0348.4+cel:CELE_F31B12.1+cel:CELE_R05G6.8+cel:CELE_T01E8.3">
        <graphics name="egl-8..." fgcolor="#000000" bgcolor="#BFFFBF"
             type="rectangle" x="644" y="342" width="46" height="17"/>
    </entry>
    <entry id="8" name="cpd:C11526" type="compound"
        link="http://www.kegg.jp/dbget-bin/www_bget?C11526">
        <graphics name="C11526" fgcolor="#000000" bgcolor="#FFFFFF"
             type="circle" x="1185" y="341" width="8" height="8"/>
    </entry>
    <entry id="9" name="cpd:C00076" type="compound"
        link="http://www.kegg.jp/dbget-bin/www_bget?C00076">
        <graphics name="C00076" fgcolor="#000000" bgcolor="#FFFFFF"
             type="circle" x="871" y="793" width="8" height="8"/>
    </entry>
    <entry id="10" name="path:map04510" type="map"
        link="http://www.kegg.jp/dbget-bin/www_bget?map04510">
        <graphics name="Focal adhesion" fgcolor="#000000" bgcolor="#FFFFFF"
             type="roundrectangle" x="535" y="234" width="94" height="25"/>
    </entry>
    <entry id="11" name="cpd:C01243" type="compound"
        link="http://www.kegg.jp/dbget-bin/www_bget?C01243">
        <graphics name="C01243" fgcolor="#000000" bgcolor="#FFFFFF"
             type="circle" x="785" y="459" width="8" height="8"/>
    </entry>
    <entry id="12" name="cpd:C01272" type="compound"
        link="http://www.kegg.jp/dbget-bin/www_bget?C01272">
        <graphics name="C01272" fgcolor="#000000" bgcolor="#FFFFFF"
             type="circle" x="680" y="459" width="8" height="8"/>
    </entry>
    <entry id="13" name="cpd:C03546" type="compound"
        link="http://www.kegg.jp/dbget-bin/www_bget?C03546">
        <graphics name="C03546" fgcolor="#000000" bgcolor="#FFFFFF"
             type="circle" x="1004" y="539" width="8" height="8"/>
    </entry>
    <entry id="14" name="cpd:C04006" type="compound"
        link="http://www.kegg.jp/dbget-bin/www_bget?C04006">
        <graphics name="C04006" fgcolor="#000000" bgcolor="#FFFFFF"
             type="circle" x="1004" y="489" width="8" height="8"/>
    </entry>
    <entry id="15" name="cpd:C01177" type="compound"
        link="http://www.kegg.jp/dbget-bin/www_bget?C01177">
        <graphics name="C01177" fgcolor="#000000" bgcolor="#FFFFFF"
             type="circle" x="1004" y="430" width="8" height="8"/>
    </entry>
    <entry id="16" name="cpd:C01284" type="compound"
        link="http://www.kegg.jp/dbget-bin/www_bget?C01284">
        <graphics name="C01284" fgcolor="#000000" bgcolor="#FFFFFF"
             type="circle" x="1004" y="341" width="8" height="8"/>
    </entry>
    <entry id="17" name="cpd:C01245" type="compound"
        link="http://www.kegg.jp/dbget-bin/www_bget?C01245">
        <graphics name="C01245" fgcolor="#000000" bgcolor="#FFFFFF"
             type="circle" x="785" y="539" width="8" height="8"/>
    </entry>
    <entry id="18" name="cpd:C01220" type="compound"
        link="http://www.kegg.jp/dbget-bin/www_bget?C01220">
        <graphics name="C01220" fgcolor="#000000" bgcolor="#FFFFFF"
             type="circle" x="900" y="539" width="8" height="8"/>
    </entry>
    <entry id="19" name="cpd:C04063" type="compound"
        link="http://www.kegg.jp/dbget-bin/www_bget?C04063">
        <graphics name="C04063" fgcolor="#000000" bgcolor="#FFFFFF"
             type="circle" x="900" y="489" width="8" height="8"/>
    </entry>
    <entry id="20" name="cpd:C04062" type="compound"
        link="http://www.kegg.jp/dbget-bin/www_bget?C04062">
        <graphics name="C04062" fgcolor="#000000" bgcolor="#FFFFFF"
             type="circle" x="900" y="430" width="8" height="8"/>
    </entry>
    <entry id="21" name="cpd:C04477" type="compound"
        link="http://www.kegg.jp/dbget-bin/www_bget?C04477">
        <graphics name="C04477" fgcolor="#000000" bgcolor="#FFFFFF"
             type="circle" x="900" y="287" width="8" height="8"/>
    </entry>
    <entry id="22" name="cpd:C04637" type="compound"
        link="http://www.kegg.jp/dbget-bin/www_bget?C04637">
        <graphics name="C04637" fgcolor="#000000" bgcolor="#FFFFFF"
             type="circle" x="467" y="144" width="8" height="8"/>
    </entry>
    <entry id="23" name="cpd:C00137" type="compound"
        link="http://www.kegg.jp/dbget-bin/www_bget?C00137">
        <graphics name="C00137" fgcolor="#000000" bgcolor="#FFFFFF"
             type="circle" x="1096" y="489" width="8" height="8"/>
    </entry>
    <entry id="24" name="cpd:C01204" type="compound"
        link="http://www.kegg.jp/dbget-bin/www_bget?C01204">
        <graphics name="C01204" fgcolor="#000000" bgcolor="#FFFFFF"
             type="circle" x="1096" y="341" width="8" height="8"/>
    </entry>
    <entry id="25" name="cpd:C00269" type="compound"
        link="http://www.kegg.jp/dbget-bin/www_bget?C00269">
        <graphics name="C00269" fgcolor="#000000" bgcolor="#FFFFFF"
             type="circle" x="1080" y="659" width="8" height="8"/>
    </entry>
    <entry id="26" name="cpd:C00416" type="compound"
        link="http://www.kegg.jp/dbget-bin/www_bget?C00416">
        <graphics name="C00416" fgcolor="#000000" bgcolor="#FFFFFF"
             type="circle" x="975" y="659" width="8" height="8"/>
    </entry>
    <entry id="27" name="cpd:C00641" type="compound"
        link="http://www.kegg.jp/dbget-bin/www_bget?C00641">
        <graphics name="C00641" fgcolor="#000000" bgcolor="#FFFFFF"
             type="circle" x="785" y="659" width="8" height="8"/>
    </entry>
    <entry id="28" name="cpd:C04549" type="compound"
        link="http://www.kegg.jp/dbget-bin/www_bget?C04549">
        <graphics name="C04549" fgcolor="#000000" bgcolor="#FFFFFF"
             type="circle" x="240" y="647" width="8" height="8"/>
    </entry>
    <entry id="29" name="cpd:C05981" type="compound"
        link="http://www.kegg.jp/dbget-bin/www_bget?C05981">
        <graphics name="C05981" fgcolor="#000000" bgcolor="#FFFFFF"
             type="circle" x="591" y="371" width="8" height="8"/>
    </entry>
    <entry id="30" name="cpd:C01277" type="compound"
        link="http://www.kegg.jp/dbget-bin/www_bget?C01277">
        <graphics name="C01277" fgcolor="#000000" bgcolor="#FFFFFF"
             type="circle" x="239" y="371" width="8" height="8"/>
    </entry>
    <entry id="31" name="cpd:C01194" type="compound"
        link="http://www.kegg.jp/dbget-bin/www_bget?C01194">
        <graphics name="C01194" fgcolor="#000000" bgcolor="#FFFFFF"
             type="circle" x="138" y="371" width="8" height="8"/>
    </entry>
    <entry id="32" name="cel:CELE_C18E9.1 cel:CELE_T21H3.3" type="gene"
        link="http://www.kegg.jp/dbget-bin/www_bget?cel:CELE_C18E9.1+cel:CELE_T21H3.3">
        <graphics name="cal-2..." fgcolor="#000000" bgcolor="#BFFFBF"
             type="rectangle" x="872" y="830" width="46" height="17"/>
    </entry>
    <entry id="33" name="cel:CELE_F33D4.2" type="gene"
        link="http://www.kegg.jp/dbget-bin/www_bget?cel:CELE_F33D4.2">
        <graphics name="itr-1" fgcolor="#000000" bgcolor="#BFFFBF"
             type="rectangle" x="804" y="794" width="46" height="17"/>
    </entry>
    <entry id="34" name="cel:CELE_Y46G5A.5" type="gene" reaction="rn:R01802"
        link="http://www.kegg.jp/dbget-bin/www_bget?cel:CELE_Y46G5A.5">
        <graphics name="pisy-1" fgcolor="#000000" bgcolor="#BFFFBF"
             type="rectangle" x="397" y="854" width="46" height="17"/>
    </entry>
    <entry id="35" name="cel:CELE_B0334.8 cel:CELE_Y110A7A.10" type="gene" reaction="rn:R04545"
        link="http://www.kegg.jp/dbget-bin/www_bget?cel:CELE_B0334.8+cel:CELE_Y110A7A.10">
        <graphics name="age-1..." fgcolor="#000000" bgcolor="#BFFFBF"
             type="rectangle" x="614" y="192" width="46" height="17"/>
    </entry>
    <entry id="36" name="cel:CELE_F55A12.3 cel:CELE_VF11C1L.1" type="gene" reaction="rn:R03469"
        link="http://www.kegg.jp/dbget-bin/www_bget?cel:CELE_F55A12.3+cel:CELE_VF11C1L.1">
        <graphics name="ppk-1..." fgcolor="#000000" bgcolor="#BFFFBF"
             type="rectangle" x="397" y="186" width="46" height="17"/>
    </entry>
    <entry id="37" name="ko:K00921" type="ortholog" reaction="rn:R10951"
        link="http://www.kegg.jp/dbget-bin/www_bget?K00921">
        <graphics name="K00921" fgcolor="#000000" bgcolor="#FFFFFF"
             type="rectangle" x="185" y="144" width="46" height="17"/>
    </entry>
    <entry id="38" name="cel:CELE_F35H12.4 cel:CELE_Y75B8A.24 cel:CELE_ZC8.6" type="gene" reaction="rn:R03361"
        link="http://www.kegg.jp/dbget-bin/www_bget?cel:CELE_F35H12.4+cel:CELE_Y75B8A.24+cel:CELE_ZC8.6">
        <graphics name="pifk-1..." fgcolor="#000000" bgcolor="#BFFFBF"
             type="rectangle" x="185" y="371" width="46" height="17"/>
    </entry>
    <entry id="39" name="cel:CELE_F39B1.1 cel:CELE_Y110A7A.10" type="gene" reaction="rn:R03362"
        link="http://www.kegg.jp/dbget-bin/www_bget?cel:CELE_F39B1.1+cel:CELE_Y110A7A.10">
        <graphics name="piki-1..." fgcolor="#000000" bgcolor="#BFFFBF"
             type="rectangle" x="185" y="610" width="46" height="17"/>
    </entry>
    <entry id="40" name="cel:CELE_C33H5.18" type="gene" reaction="rn:R01799"
        link="http://www.kegg.jp/dbget-bin/www_bget?cel:CELE_C33H5.18">
        <graphics name="cdgs-1" fgcolor="#000000" bgcolor="#BFFFBF"
             type="rectangle" x="1025" y="659" width="46" height="17"/>
    </entry>
    <entry id="41" name="cel:CELE_C09E10.2 cel:CELE_F54G8.2 cel:CELE_K06A1.6" type="gene" reaction="rn:R02240"
        link="http://www.kegg.jp/dbget-bin/www_bget?cel:CELE_C09E10.2+cel:CELE_F54G8.2+cel:CELE_K06A1.6">
        <graphics name="dgk-1..." fgcolor="#000000" bgcolor="#BFFFBF"
             type="rectangle" x="894" y="659" width="46" height="17"/>
    </entry>
    <entry id="42" name="ko:K01109" type="ortholog" reaction="rn:R04372"
        link="http://www.kegg.jp/dbget-bin/www_bget?K01109">
        <graphics name="K01109" fgcolor="#000000" bgcolor="#FFFFFF"
             type="rectangle" x="354" y="648" width="46" height="17"/>
    </entry>
    <entry id="43" name="cel:CELE_F39B1.1 cel:CELE_Y110A7A.10" type="gene" reaction="rn:R05795"
        link="http://www.kegg.jp/dbget-bin/www_bget?cel:CELE_F39B1.1+cel:CELE_Y110A7A.10">
        <graphics name="piki-1..." fgcolor="#000000" bgcolor="#BFFFBF"
             type="rectangle" x="397" y="560" width="46" height="17"/>
    </entry>
    <entry id="44" name="ko:K00921" type="ortholog" reaction="rn:R05802"
        link="http://www.kegg.jp/dbget-bin/www_bget?K00921">
        <graphics name="K00921" fgcolor="#000000" bgcolor="#FFFFFF"
             type="rectangle" x="397" y="458" width="46" height="17"/>
    </entry>
    <entry id="45" name="cel:CELE_JC8.10" type="gene" reaction="rn:R04404"
        link="http://www.kegg.jp/dbget-bin/www_bget?cel:CELE_JC8.10">
        <graphics name="unc-26" fgcolor="#000000" bgcolor="#BFFFBF"
             type="rectangle" x="313" y="331" width="46" height="17"/>
    </entry>
    <entry id="46" name="cel:CELE_Y48G9A.8" type="gene" reaction="rn:R05803"
        link="http://www.kegg.jp/dbget-bin/www_bget?cel:CELE_Y48G9A.8">
        <graphics name="ppk-2" fgcolor="#000000" bgcolor="#BFFFBF"
             type="rectangle" x="397" y="135" width="46" height="17"/>
    </entry>
    <entry id="47" name="cel:CELE_ZK795.1" type="gene" reaction="rn:R03478"
        link="http://www.kegg.jp/dbget-bin/www_bget?cel:CELE_ZK795.1">
        <graphics name="ZK795.1" fgcolor="#000000" bgcolor="#BFFFBF"
             type="rectangle" x="949" y="288" width="46" height="17"/>
    </entry>
    <entry id="48" name="ko:K01108" type="ortholog" reaction="rn:R03330"
        link="http://www.kegg.jp/dbget-bin/www_bget?K01108">
        <graphics name="K01108" fgcolor="#000000" bgcolor="#FFFFFF"
             type="rectangle" x="949" y="430" width="46" height="17"/>
    </entry>
    <entry id="49" name="cel:CELE_F13G3.5 cel:CELE_Y6B3B.5" type="gene" reaction="rn:R01186"
        link="http://www.kegg.jp/dbget-bin/www_bget?cel:CELE_F13G3.5+cel:CELE_Y6B3B.5">
        <graphics name="ttx-7..." fgcolor="#000000" bgcolor="#BFFFBF"
             type="rectangle" x="1042" y="538" width="46" height="17"/>
    </entry>
    <entry id="50" name="cel:CELE_F13G3.5 cel:CELE_Y6B3B.5" type="gene" reaction="rn:R01185"
        link="http://www.kegg.jp/dbget-bin/www_bget?cel:CELE_F13G3.5+cel:CELE_Y6B3B.5">
        <graphics name="ttx-7..." fgcolor="#000000" bgcolor="#BFFFBF"
             type="rectangle" x="1042" y="430" width="46" height="17"/>
    </entry>
    <entry id="51" name="cel:CELE_F13G3.5 cel:CELE_Y6B3B.5" type="gene" reaction="rn:R01187"
        link="http://www.kegg.jp/dbget-bin/www_bget?cel:CELE_F13G3.5+cel:CELE_Y6B3B.5">
        <graphics name="ttx-7..." fgcolor="#000000" bgcolor="#BFFFBF"
             type="rectangle" x="1042" y="488" width="46" height="17"/>
    </entry>
    <entry id="52" name="ko:K01109" type="ortholog" reaction="rn:R04372"
        link="http://www.kegg.jp/dbget-bin/www_bget?K01109">
        <graphics name="K01109" fgcolor="#000000" bgcolor="#FFFFFF"
             type="rectangle" x="949" y="488" width="46" height="17"/>
    </entry>
    <entry id="53" name="ko:K01107 ko:K15422" type="ortholog" reaction="rn:R03427"
        link="http://www.kegg.jp/dbget-bin/www_bget?K01107+K15422">
        <graphics name="K01107..." fgcolor="#000000" bgcolor="#FFFFFF"
             type="rectangle" x="949" y="538" width="46" height="17"/>
    </entry>
    <entry id="54" name="cel:CELE_C09B8.1" type="gene" reaction="rn:R03394"
        link="http://www.kegg.jp/dbget-bin/www_bget?cel:CELE_C09B8.1">
        <graphics name="ipp-5" fgcolor="#000000" bgcolor="#BFFFBF"
             type="rectangle" x="840" y="538" width="46" height="17"/>
    </entry>
    <entry id="55" name="ko:K01107 ko:K15422" type="ortholog" reaction="rn:R03393"
        link="http://www.kegg.jp/dbget-bin/www_bget?K01107+K15422">
        <graphics name="K01107..." fgcolor="#000000" bgcolor="#FFFFFF"
             type="rectangle" x="840" y="488" width="46" height="17"/>
    </entry>
    <entry id="56" name="cel:CELE_C09B8.1" type="gene" reaction="rn:R03430"
        link="http://www.kegg.jp/dbget-bin/www_bget?cel:CELE_C09B8.1">
        <graphics name="ipp-5" fgcolor="#000000" bgcolor="#BFFFBF"
             type="rectangle" x="734" y="460" width="46" height="17"/>
    </entry>
    <entry id="57" name="ko:K00913" type="ortholog" reaction="rn:R03429"
        link="http://www.kegg.jp/dbget-bin/www_bget?K00913">
        <graphics name="K00913" fgcolor="#000000" bgcolor="#FFFFFF"
             type="rectangle" x="840" y="287" width="46" height="17"/>
    </entry>
    <entry id="58" name="ko:K00911" type="ortholog" reaction="rn:R03433"
        link="http://www.kegg.jp/dbget-bin/www_bget?K00911">
        <graphics name="K00911" fgcolor="#000000" bgcolor="#FFFFFF"
             type="rectangle" x="735" y="501" width="46" height="17"/>
    </entry>
    <entry id="59" name="cel:CELE_B0348.4 cel:CELE_F31B12.1 cel:CELE_R05G6.8 cel:CELE_T01E8.3" type="gene" reaction="rn:R10952"
        link="http://www.kegg.jp/dbget-bin/www_bget?cel:CELE_B0348.4+cel:CELE_F31B12.1+cel:CELE_R05G6.8+cel:CELE_T01E8.3">
        <graphics name="egl-8..." fgcolor="#000000" bgcolor="#BFFFBF"
             type="rectangle" x="684" y="575" width="46" height="17"/>
    </entry>
    <entry id="60" name="ko:K03084 ko:K15909" type="ortholog" reaction="rn:R09827"
        link="http://www.kegg.jp/dbget-bin/www_bget?K03084+K15909">
        <graphics name="K03084..." fgcolor="#000000" bgcolor="#FFFFFF"
             type="rectangle" x="616" y="597" width="46" height="17"/>
    </entry>
    <entry id="61" name="cel:CELE_F53A2.8 cel:CELE_T24A11.1 cel:CELE_Y110A7A.5" type="gene" reaction="rn:R03363"
        link="http://www.kegg.jp/dbget-bin/www_bget?cel:CELE_F53A2.8+cel:CELE_T24A11.1+cel:CELE_Y110A7A.5">
        <graphics name="mtm-6..." fgcolor="#000000" bgcolor="#BFFFBF"
             type="rectangle" x="185" y="658" width="46" height="17"/>
    </entry>
    <entry id="62" name="cel:CELE_T07A9.6" type="gene" reaction="rn:R04513"
        link="http://www.kegg.jp/dbget-bin/www_bget?cel:CELE_T07A9.6">
        <graphics name="daf-18" fgcolor="#000000" bgcolor="#BFFFBF"
             type="rectangle" x="566" y="192" width="46" height="17"/>
    </entry>
    <entry id="63" name="path:cel04070" type="map"
        link="http://www.kegg.jp/dbget-bin/www_bget?cel04070">
        <graphics name="TITLE:Phosphatidylinositol signaling system" fgcolor="#000000" bgcolor="#FFFFFF"
             type="roundrectangle" x="213" y="58" width="346" height="25"/>
    </entry>
    <entry id="64" name="ko:K13084" type="ortholog" reaction="rn:R08981"
        link="http://www.kegg.jp/dbget-bin/www_bget?K13084">
        <graphics name="K13084" fgcolor="#000000" bgcolor="#FFFFFF"
             type="rectangle" x="313" y="152" width="46" height="17"/>
    </entry>
    <entry id="65" name="ko:K01109" type="ortholog" reaction="rn:R10950"
        link="http://www.kegg.jp/dbget-bin/www_bget?K01109">
        <graphics name="K01109" fgcolor="#000000" bgcolor="#FFFFFF"
             type="rectangle" x="840" y="431" width="46" height="17"/>
    </entry>
    <entry id="66" name="cel:CELE_F53A2.8 cel:CELE_T24A11.1 cel:CELE_Y110A7A.5" type="gene" reaction="rn:R10928"
        link="http://www.kegg.jp/dbget-bin/www_bget?cel:CELE_F53A2.8+cel:CELE_T24A11.1+cel:CELE_Y110A7A.5">
        <graphics name="mtm-6..." fgcolor="#000000" bgcolor="#BFFFBF"
             type="rectangle" x="313" y="219" width="46" height="17"/>
    </entry>
    <entry id="67" name="path:map04151" type="map"
        link="http://www.kegg.jp/dbget-bin/www_bget?map04151">
        <graphics name="PI3K-Akt signaling pathway" fgcolor="#000000" bgcolor="#FFFFFF"
             type="roundrectangle" x="532" y="267" width="100" height="34"/>
    </entry>
    <entry id="68" name="path:cel04020" type="map"
        link="http://www.kegg.jp/dbget-bin/www_bget?cel04020">
        <graphics name="Calcium signaling pathway" fgcolor="#000000" bgcolor="#FFFFFF"
             type="roundrectangle" x="1048" y="794" width="117" height="34"/>
    </entry>
    <entry id="69" name="cpd:C11555" type="compound"
        link="http://www.kegg.jp/dbget-bin/www_bget?C11555">
        <graphics name="C11555" fgcolor="#000000" bgcolor="#FFFFFF"
             type="circle" x="900" y="341" width="8" height="8"/>
    </entry>
    <entry id="70" name="cel:CELE_ZK795.1" type="gene" reaction="rn:R05801"
        link="http://www.kegg.jp/dbget-bin/www_bget?cel:CELE_ZK795.1">
        <graphics name="ZK795.1" fgcolor="#000000" bgcolor="#BFFFBF"
             type="rectangle" x="949" y="342" width="46" height="17"/>
    </entry>
    <entry id="71" name="cel:CELE_ZK795.1" type="gene" reaction="rn:R05800"
        link="http://www.kegg.jp/dbget-bin/www_bget?cel:CELE_ZK795.1">
        <graphics name="ZK795.1" fgcolor="#000000" bgcolor="#BFFFBF"
             type="rectangle" x="840" y="342" width="46" height="17"/>
    </entry>
    <entry id="72" name="cpd:C11174" type="compound"
        link="http://www.kegg.jp/dbget-bin/www_bget?C11174">
        <graphics name="C11174" fgcolor="#000000" bgcolor="#FFFFFF"
             type="circle" x="1096" y="287" width="8" height="8"/>
    </entry>
    <entry id="73" name="cpd:C20690" type="compound"
        link="http://www.kegg.jp/dbget-bin/www_bget?C20690">
        <graphics name="C20690" fgcolor="#000000" bgcolor="#FFFFFF"
             type="circle" x="1185" y="287" width="8" height="8"/>
    </entry>
    <entry id="74" name="ko:K07756" type="ortholog" reaction="rn:R09087"
        link="http://www.kegg.jp/dbget-bin/www_bget?K07756">
        <graphics name="K07756" fgcolor="#000000" bgcolor="#FFFFFF"
             type="rectangle" x="1136" y="342" width="46" height="17"/>
    </entry>
    <entry id="75" name="ko:K07756" type="ortholog" reaction="rn:R10548"
        link="http://www.kegg.jp/dbget-bin/www_bget?K07756">
        <graphics name="K07756" fgcolor="#000000" bgcolor="#FFFFFF"
             type="rectangle" x="1136" y="288" width="46" height="17"/>
    </entry>
    <entry id="76" name="cel:CELE_F46F11.1" type="gene" reaction="rn:R05799"
        link="http://www.kegg.jp/dbget-bin/www_bget?cel:CELE_F46F11.1">
        <graphics name="F46F11.1" fgcolor="#000000" bgcolor="#BFFFBF"
             type="rectangle" x="1096" y="317" width="46" height="17"/>
    </entry>
    <entry id="77" name="cel:CELE_F46F11.1" type="gene" reaction="rn:R08964"
        link="http://www.kegg.jp/dbget-bin/www_bget?cel:CELE_F46F11.1">
        <graphics name="F46F11.1" fgcolor="#000000" bgcolor="#BFFFBF"
             type="rectangle" x="1185" y="317" width="46" height="17"/>
    </entry>
    <entry id="78" name="cel:CELE_B0025.1 cel:CELE_Y110A7A.10" type="gene" reaction="rn:R03362"
        link="http://www.kegg.jp/dbget-bin/www_bget?cel:CELE_B0025.1+cel:CELE_Y110A7A.10">
        <graphics name="vps-34..." fgcolor="#000000" bgcolor="#BFFFBF"
             type="rectangle" x="185" y="589" width="46" height="17"/>
    </entry>
    <entry id="79" name="cel:CELE_E01H11.1" type="gene"
        link="http://www.kegg.jp/dbget-bin/www_bget?cel:CELE_E01H11.1">
        <graphics name="pkc-2" fgcolor="#000000" bgcolor="#BFFFBF"
             type="rectangle" x="957" y="794" width="46" height="17"/>
    </entry>
    <entry id="80" name="cel:CELE_JC8.10" type="gene" reaction="rn:R09827"
        link="http://www.kegg.jp/dbget-bin/www_bget?cel:CELE_JC8.10">
        <graphics name="unc-26" fgcolor="#000000" bgcolor="#BFFFBF"
             type="rectangle" x="566" y="597" width="46" height="17"/>
    </entry>
    <entry id="81" name="path:cel04144" type="map"
        link="http://www.kegg.jp/dbget-bin/www_bget?cel04144">
        <graphics name="Endocytosis" fgcolor="#000000" bgcolor="#FFFFFF"
             type="roundrectangle" x="483" y="545" width="92" height="25"/>
    </entry>
    <entry id="82" name="cel:CELE_ZK795.1" type="gene" reaction="rn:R10953"
        link="http://www.kegg.jp/dbget-bin/www_bget?cel:CELE_ZK795.1">
        <graphics name="ZK795.1" fgcolor="#000000" bgcolor="#BFFFBF"
             type="rectangle" x="840" y="234" width="46" height="17"/>
    </entry>
    <relation entry1="6" entry2="39" type="ECrel">
        <subtype name="compound" value="31"/>
    </relation>
    <relation entry1="1" entry2="6" type="ECrel">
        <subtype name="compound" value="31"/>
    </relation>
    <relation entry1="6" entry2="61" type="ECrel">
        <subtype name="compound" value="31"/>
    </relation>
    <relation entry1="6" entry2="34" type="ECrel">
        <subtype name="compound" value="31"/>
    </relation>
    <relation entry1="1" entry2="39" type="ECrel">
        <subtype name="compound" value="28"/>
    </relation>
    <relation entry1="1" entry2="39" type="ECrel">
        <subtype name="compound" value="31"/>
    </relation>
    <relation entry1="39" entry2="61" type="ECrel">
        <subtype name="compound" value="28"/>
    </relation>
    <relation entry1="39" entry2="61" type="ECrel">
        <subtype name="compound" value="31"/>
    </relation>
    <relation entry1="34" entry2="39" type="ECrel">
        <subtype name="compound" value="31"/>
    </relation>
    <relation entry1="1" entry2="34" type="ECrel">
        <subtype name="compound" value="31"/>
    </relation>
    <relation entry1="34" entry2="61" type="ECrel">
        <subtype name="compound" value="31"/>
    </relation>
    <relation entry1="46" entry2="62" type="ECrel">
        <subtype name="compound" value="22"/>
    </relation>
    <relation entry1="35" entry2="46" type="ECrel">
        <subtype name="compound" value="22"/>
    </relation>
    <relation entry1="7" entry2="46" type="ECrel">
        <subtype name="compound" value="22"/>
    </relation>
    <relation entry1="35" entry2="62" type="ECrel">
        <subtype name="compound" value="29"/>
    </relation>
    <relation entry1="35" entry2="62" type="ECrel">
        <subtype name="compound" value="22"/>
    </relation>
    <relation entry1="7" entry2="62" type="ECrel">
        <subtype name="compound" value="22"/>
    </relation>
    <relation entry1="7" entry2="35" type="ECrel">
        <subtype name="compound" value="22"/>
    </relation>
    <relation entry1="36" entry2="38" type="ECrel">
        <subtype name="compound" value="30"/>
    </relation>
    <relation entry1="38" entry2="45" type="ECrel">
        <subtype name="compound" value="30"/>
    </relation>
    <relation entry1="38" entry2="43" type="ECrel">
        <subtype name="compound" value="30"/>
    </relation>
    <relation entry1="38" entry2="59" type="ECrel">
        <subtype name="compound" value="30"/>
    </relation>
    <relation entry1="36" entry2="45" type="ECrel">
        <subtype name="compound" value="22"/>
    </relation>
    <relation entry1="36" entry2="45" type="ECrel">
        <subtype name="compound" value="30"/>
    </relation>
    <relation entry1="36" entry2="43" type="ECrel">
        <subtype name="compound" value="30"/>
    </relation>
    <relation entry1="36" entry2="59" type="ECrel">
        <subtype name="compound" value="30"/>
    </relation>
    <relation entry1="43" entry2="45" type="ECrel">
        <subtype name="compound" value="30"/>
    </relation>
    <relation entry1="45" entry2="59" type="ECrel">
        <subtype name="compound" value="30"/>
    </relation>
    <relation entry1="43" entry2="59" type="ECrel">
        <subtype name="compound" value="30"/>
    </relation>
    <relation entry1="50" entry2="51" type="ECrel">
        <subtype name="compound" value="23"/>
    </relation>
    <relation entry1="49" entry2="50" type="ECrel">
        <subtype name="compound" value="23"/>
    </relation>
    <relation entry1="34" entry2="50" type="ECrel">
        <subtype name="compound" value="23"/>
    </relation>
    <relation entry1="49" entry2="51" type="ECrel">
        <subtype name="compound" value="23"/>
    </relation>
    <relation entry1="34" entry2="51" type="ECrel">
        <subtype name="compound" value="23"/>
    </relation>
    <relation entry1="34" entry2="49" type="ECrel">
        <subtype name="compound" value="23"/>
    </relation>
    <relation entry1="7" entry2="54" type="ECrel">
        <subtype name="compound" value="17"/>
    </relation>
    <relation entry1="54" entry2="59" type="ECrel">
        <subtype name="compound" value="18"/>
    </relation>
    <relation entry1="6" entry2="59" type="ECrel">
        <subtype name="compound" value="27"/>
    </relation>
    <relation entry1="7" entry2="59" type="ECrel">
        <subtype name="compound" value="27"/>
    </relation>
    <relation entry1="41" entry2="59" type="ECrel">
        <subtype name="compound" value="27"/>
    </relation>
    <relation entry1="6" entry2="7" type="ECrel">
        <subtype name="compound" value="27"/>
    </relation>
    <relation entry1="6" entry2="41" type="ECrel">
        <subtype name="compound" value="27"/>
    </relation>
    <relation entry1="7" entry2="41" type="ECrel">
        <subtype name="compound" value="27"/>
    </relation>
    <relation entry1="40" entry2="41" type="ECrel">
        <subtype name="compound" value="26"/>
    </relation>
    <relation entry1="34" entry2="40" type="ECrel">
        <subtype name="compound" value="25"/>
    </relation>
    <relation entry1="36" entry2="46" type="ECrel">
        <subtype name="compound" value="22"/>
    </relation>
    <relation entry1="45" entry2="46" type="ECrel">
        <subtype name="compound" value="22"/>
    </relation>
    <relation entry1="36" entry2="62" type="ECrel">
        <subtype name="compound" value="22"/>
    </relation>
    <relation entry1="35" entry2="36" type="ECrel">
        <subtype name="compound" value="22"/>
    </relation>
    <relation entry1="7" entry2="36" type="ECrel">
        <subtype name="compound" value="22"/>
    </relation>
    <relation entry1="45" entry2="62" type="ECrel">
        <subtype name="compound" value="22"/>
    </relation>
    <relation entry1="35" entry2="45" type="ECrel">
        <subtype name="compound" value="22"/>
    </relation>
    <relation entry1="7" entry2="45" type="ECrel">
        <subtype name="compound" value="22"/>
    </relation>
    <relation entry1="6" entry2="38" type="ECrel">
        <subtype name="compound" value="31"/>
    </relation>
    <relation entry1="38" entry2="39" type="ECrel">
        <subtype name="compound" value="31"/>
    </relation>
    <relation entry1="1" entry2="38" type="ECrel">
        <subtype name="compound" value="31"/>
    </relation>
    <relation entry1="38" entry2="61" type="ECrel">
        <subtype name="compound" value="31"/>
    </relation>
    <relation entry1="34" entry2="38" type="ECrel">
        <subtype name="compound" value="31"/>
    </relation>
    <relation entry1="6" entry2="50" type="ECrel">
        <subtype name="compound" value="15"/>
    </relation>
    <relation entry1="46" entry2="66" type="ECrel">
        <subtype name="compound" value="5"/>
    </relation>
    <relation entry1="1" entry2="78" type="ECrel">
        <subtype name="compound" value="28"/>
    </relation>
    <relation entry1="61" entry2="78" type="ECrel">
        <subtype name="compound" value="28"/>
    </relation>
    <relation entry1="1" entry2="78" type="ECrel">
        <subtype name="compound" value="31"/>
    </relation>
    <relation entry1="61" entry2="78" type="ECrel">
        <subtype name="compound" value="31"/>
    </relation>
    <relation entry1="38" entry2="78" type="ECrel">
        <subtype name="compound" value="31"/>
    </relation>
    <relation entry1="6" entry2="78" type="ECrel">
        <subtype name="compound" value="31"/>
    </relation>
    <relation entry1="34" entry2="78" type="ECrel">
        <subtype name="compound" value="31"/>
    </relation>
    <relation entry1="54" entry2="71" type="ECrel">
        <subtype name="compound" value="17"/>
    </relation>
    <relation entry1="7" entry2="71" type="ECrel">
        <subtype name="compound" value="17"/>
    </relation>
    <relation entry1="47" entry2="70" type="ECrel">
        <subtype name="compound" value="16"/>
    </relation>
    <relation entry1="80" entry2="62" type="ECrel">
        <subtype name="compound" value="29"/>
    </relation>
    <relation entry1="80" entry2="35" type="ECrel">
        <subtype name="compound" value="29"/>
    </relation>
    <relation entry1="80" entry2="43" type="ECrel">
        <subtype name="compound" value="3"/>
    </relation>
    <relation entry1="82" entry2="56" type="ECrel">
        <subtype name="compound" value="12"/>
    </relation>
    <relation entry1="82" entry2="47" type="ECrel">
        <subtype name="compound" value="16"/>
    </relation>
    <reaction id="1" name="rn:R03363" type="irreversible">
        <substrate id="28" name="cpd:C04549"/>
        <product id="31" name="cpd:C01194"/>
    </reaction>
    <reaction id="6" name="rn:R03332" type="irreversible">
        <substrate id="31" name="cpd:C01194"/>
        <product id="27" name="cpd:C00641"/>
        <product id="15" name="cpd:C01177"/>
    </reaction>
    <reaction id="7" name="rn:R03435" type="irreversible">
        <substrate id="22" name="cpd:C04637"/>
        <product id="27" name="cpd:C00641"/>
        <product id="17" name="cpd:C01245"/>
    </reaction>
    <reaction id="34" name="rn:R01802" type="irreversible">
        <substrate id="25" name="cpd:C00269"/>
        <substrate id="23" name="cpd:C00137"/>
        <product id="31" name="cpd:C01194"/>
    </reaction>
    <reaction id="35" name="rn:R04545" type="irreversible">
        <substrate id="22" name="cpd:C04637"/>
        <product id="29" name="cpd:C05981"/>
    </reaction>
    <reaction id="36" name="rn:R03469" type="irreversible">
        <substrate id="30" name="cpd:C01277"/>
        <product id="22" name="cpd:C04637"/>
    </reaction>
    <reaction id="38" name="rn:R03361" type="irreversible">
        <substrate id="31" name="cpd:C01194"/>
        <product id="30" name="cpd:C01277"/>
    </reaction>
    <reaction id="39" name="rn:R03362" type="irreversible">
        <substrate id="31" name="cpd:C01194"/>
        <product id="28" name="cpd:C04549"/>
    </reaction>
    <reaction id="40" name="rn:R01799" type="irreversible">
        <substrate id="26" name="cpd:C00416"/>
        <product id="25" name="cpd:C00269"/>
    </reaction>
    <reaction id="41" name="rn:R02240" type="irreversible">
        <substrate id="27" name="cpd:C00641"/>
        <product id="26" name="cpd:C00416"/>
    </reaction>
    <reaction id="43" name="rn:R05795" type="irreversible">
        <substrate id="30" name="cpd:C01277"/>
        <product id="3" name="cpd:C11554"/>
    </reaction>
    <reaction id="45" name="rn:R04404" type="irreversible">
        <substrate id="22" name="cpd:C04637"/>
        <product id="30" name="cpd:C01277"/>
    </reaction>
    <reaction id="46" name="rn:R05803" type="irreversible">
        <substrate id="5" name="cpd:C11557"/>
        <product id="22" name="cpd:C04637"/>
    </reaction>
    <reaction id="47" name="rn:R03478" type="irreversible">
        <substrate id="21" name="cpd:C04477"/>
        <product id="16" name="cpd:C01284"/>
    </reaction>
    <reaction id="49" name="rn:R01186" type="irreversible">
        <substrate id="13" name="cpd:C03546"/>
        <product id="23" name="cpd:C00137"/>
    </reaction>
    <reaction id="50" name="rn:R01185" type="irreversible">
        <substrate id="15" name="cpd:C01177"/>
        <product id="23" name="cpd:C00137"/>
    </reaction>
    <reaction id="51" name="rn:R01187" type="irreversible">
        <substrate id="14" name="cpd:C04006"/>
        <product id="23" name="cpd:C00137"/>
    </reaction>
    <reaction id="54" name="rn:R03394" type="irreversible">
        <substrate id="17" name="cpd:C01245"/>
        <product id="18" name="cpd:C01220"/>
    </reaction>
    <reaction id="56" name="rn:R03430" type="irreversible">
        <substrate id="12" name="cpd:C01272"/>
        <product id="11" name="cpd:C01243"/>
    </reaction>
    <reaction id="59" name="rn:R10952" type="irreversible">
        <substrate id="30" name="cpd:C01277"/>
        <product id="27" name="cpd:C00641"/>
        <product id="18" name="cpd:C01220"/>
    </reaction>
    <reaction id="61" name="rn:R03363" type="irreversible">
        <substrate id="28" name="cpd:C04549"/>
        <product id="31" name="cpd:C01194"/>
    </reaction>
    <reaction id="62" name="rn:R04513" type="irreversible">
        <substrate id="29" name="cpd:C05981"/>
        <product id="22" name="cpd:C04637"/>
    </reaction>
    <reaction id="66" name="rn:R10928" type="irreversible">
        <substrate id="4" name="cpd:C11556"/>
        <product id="5" name="cpd:C11557"/>
    </reaction>
    <reaction id="71" name="rn:R05800" type="irreversible">
        <substrate id="17" name="cpd:C01245"/>
        <product id="69" name="cpd:C11555"/>
    </reaction>
    <reaction id="70" name="rn:R05801" type="irreversible">
        <substrate id="69" name="cpd:C11555"/>
        <product id="16" name="cpd:C01284"/>
    </reaction>
    <reaction id="76" name="rn:R05799" type="irreversible">
        <substrate id="24" name="cpd:C01204"/>
        <product id="72" name="cpd:C11174"/>
    </reaction>
    <reaction id="77" name="rn:R08964" type="irreversible">
        <substrate id="8" name="cpd:C11526"/>
        <product id="73" name="cpd:C20690"/>
    </reaction>
    <reaction id="78" name="rn:R03362" type="irreversible">
        <substrate id="31" name="cpd:C01194"/>
        <product id="28" name="cpd:C04549"/>
    </reaction>
    <reaction id="80" name="rn:R09827" type="irreversible">
        <substrate id="29" name="cpd:C05981"/>
        <product id="3" name="cpd:C11554"/>
    </reaction>
    <reaction id="82" name="rn:R10953" type="irreversible">
        <substrate id="12" name="cpd:C01272"/>
        <product id="16" name="cpd:C01284"/>
    </reaction>
</pathway>
