<?xml version="1.0"?>
<!DOCTYPE pathway SYSTEM "http://www.kegg.jp/kegg/xml/KGML_v0.7.1_.dtd">
<!-- Creation date: Jun 3, 2013 16:49:56 +0900 (GMT+09:00) -->
<pathway name="path:cel00511" org="cel" number="00511"
         title="Other glycan degradation"
         image="http://www.kegg.jp/kegg/pathway/cel/cel00511.png"
         link="http://www.kegg.jp/kegg-bin/show_pathway?cel00511">
    <entry id="1" name="path:cel00511" type="map"
        link="http://www.kegg.jp/dbget-bin/www_bget?cel00511">
        <graphics name="TITLE:Other glycan degradation" fgcolor="#000000" bgcolor="#FFFFFF"
             type="roundrectangle" x="158" y="58" width="236" height="25"/>
    </entry>
    <entry id="2" name="ko:K01186 ko:K12357" type="ortholog"
        link="http://www.kegg.jp/dbget-bin/www_bget?K01186+K12357">
        <graphics name="K01186..." fgcolor="#000000" bgcolor="#FFFFFF"
             type="line" coords="96,149,126,149"/>
    </entry>
    <entry id="3" name="cel:CELE_T19B10.3" type="gene"
        link="http://www.kegg.jp/dbget-bin/www_bget?cel:CELE_T19B10.3">
        <graphics name="T19B10.3" fgcolor="#66CC66" bgcolor="#FFFFFF"
             type="line" coords="168,149,198,149"/>
    </entry>
    <entry id="4" name="cel:CELE_F55D10.1" type="gene"
        link="http://www.kegg.jp/dbget-bin/www_bget?cel:CELE_F55D10.1">
        <graphics name="aman-1" fgcolor="#66CC66" bgcolor="#FFFFFF"
             type="line" coords="335,152,365,182"/>
    </entry>
    <entry id="5" name="cel:CELE_F55D10.1" type="gene"
        link="http://www.kegg.jp/dbget-bin/www_bget?cel:CELE_F55D10.1">
        <graphics name="aman-1" fgcolor="#66CC66" bgcolor="#FFFFFF"
             type="line" coords="334,238,364,208"/>
    </entry>
    <entry id="6" name="cel:CELE_W03G11.3" type="gene"
        link="http://www.kegg.jp/dbget-bin/www_bget?cel:CELE_W03G11.3">
        <graphics name="W03G11.3" fgcolor="#66CC66" bgcolor="#FFFFFF"
             type="line" coords="500,153,530,183"/>
    </entry>
    <entry id="8" name="cel:CELE_R04B3.2" type="gene"
        link="http://www.kegg.jp/dbget-bin/www_bget?cel:CELE_R04B3.2">
        <graphics name="R04B3.2" fgcolor="#66CC66" bgcolor="#FFFFFF"
             type="line" coords="591,196,621,196"/>
    </entry>
    <entry id="9" name="cel:CELE_T14F9.3" type="gene"
        link="http://www.kegg.jp/dbget-bin/www_bget?cel:CELE_T14F9.3">
        <graphics name="hex-1" fgcolor="#66CC66" bgcolor="#FFFFFF"
             type="line" coords="259,149,289,149"/>
    </entry>
    <entry id="10" name="ko:K01186 ko:K12357" type="ortholog"
        link="http://www.kegg.jp/dbget-bin/www_bget?K01186+K12357">
        <graphics name="K01186..." fgcolor="#000000" bgcolor="#FFFFFF"
             type="line" coords="96,240,126,240"/>
    </entry>
    <entry id="11" name="cel:CELE_T19B10.3" type="gene"
        link="http://www.kegg.jp/dbget-bin/www_bget?cel:CELE_T19B10.3">
        <graphics name="T19B10.3" fgcolor="#66CC66" bgcolor="#FFFFFF"
             type="line" coords="168,240,198,240"/>
    </entry>
    <entry id="12" name="cel:CELE_C14C11.3 cel:CELE_T14F9.3 cel:CELE_Y39A1C.4 cel:CELE_Y51F10.5 cel:CELE_Y70D2A.2" type="gene"
        link="http://www.kegg.jp/dbget-bin/www_bget?cel:CELE_C14C11.3+cel:CELE_T14F9.3+cel:CELE_Y39A1C.4+cel:CELE_Y51F10.5+cel:CELE_Y70D2A.2">
        <graphics name="hex-2..." fgcolor="#66CC66" bgcolor="#FFFFFF"
             type="line" coords="259,240,289,240"/>
    </entry>
    <entry id="13" name="cel:CELE_T14F9.3" type="gene"
        link="http://www.kegg.jp/dbget-bin/www_bget?cel:CELE_T14F9.3">
        <graphics name="hex-1" fgcolor="#66CC66" bgcolor="#FFFFFF"
             type="line" coords="333,196,363,196"/>
    </entry>
    <entry id="14" name="cel:CELE_C33G3.4" type="gene"
        link="http://www.kegg.jp/dbget-bin/www_bget?cel:CELE_C33G3.4">
        <graphics name="C33G3.4" fgcolor="#66CC66" bgcolor="#FFFFFF"
             type="line" coords="410,196,440,196"/>
    </entry>
    <entry id="15" name="cel:CELE_F01F1.10" type="gene"
        link="http://www.kegg.jp/dbget-bin/www_bget?cel:CELE_F01F1.10">
        <graphics name="eng-1" fgcolor="#66CC66" bgcolor="#FFFFFF"
             type="line" coords="500,196,530,196"/>
    </entry>
    <entry id="16" name="ko:K01186 ko:K12357" type="ortholog"
        link="http://www.kegg.jp/dbget-bin/www_bget?K01186+K12357">
        <graphics name="K01186..." fgcolor="#000000" bgcolor="#FFFFFF"
             type="line" coords="262,344,292,374"/>
    </entry>
    <entry id="17" name="ko:K01186 ko:K12357" type="ortholog"
        link="http://www.kegg.jp/dbget-bin/www_bget?K01186+K12357">
        <graphics name="K01186..." fgcolor="#000000" bgcolor="#FFFFFF"
             type="line" coords="97,420,127,420"/>
    </entry>
    <entry id="18" name="ko:K01186 ko:K12357" type="ortholog"
        link="http://www.kegg.jp/dbget-bin/www_bget?K01186+K12357">
        <graphics name="K01186..." fgcolor="#000000" bgcolor="#FFFFFF"
             type="line" coords="192,420,222,420"/>
    </entry>
    <entry id="19" name="cel:CELE_T19B10.3" type="gene"
        link="http://www.kegg.jp/dbget-bin/www_bget?cel:CELE_T19B10.3">
        <graphics name="T19B10.3" fgcolor="#66CC66" bgcolor="#FFFFFF"
             type="line" coords="261,419,291,389"/>
    </entry>
    <entry id="20" name="cel:CELE_T14F9.3" type="gene"
        link="http://www.kegg.jp/dbget-bin/www_bget?cel:CELE_T14F9.3">
        <graphics name="hex-1" fgcolor="#66CC66" bgcolor="#FFFFFF"
             type="line" coords="351,385,381,415"/>
    </entry>
    <entry id="21" name="ko:K01186 ko:K12357" type="ortholog"
        link="http://www.kegg.jp/dbget-bin/www_bget?K01186+K12357">
        <graphics name="K01186..." fgcolor="#000000" bgcolor="#FFFFFF"
             type="line" coords="349,464,379,434"/>
    </entry>
    <entry id="22" name="ko:K01186 ko:K12357" type="ortholog"
        link="http://www.kegg.jp/dbget-bin/www_bget?K01186+K12357">
        <graphics name="K01186..." fgcolor="#000000" bgcolor="#FFFFFF"
             type="line" coords="254,466,284,466"/>
    </entry>
    <entry id="23" name="ko:K01186 ko:K12357" type="ortholog"
        link="http://www.kegg.jp/dbget-bin/www_bget?K01186+K12357">
        <graphics name="K01186..." fgcolor="#000000" bgcolor="#FFFFFF"
             type="line" coords="160,466,190,466"/>
    </entry>
    <entry id="24" name="ko:K01186 ko:K12357" type="ortholog"
        link="http://www.kegg.jp/dbget-bin/www_bget?K01186+K12357">
        <graphics name="K01186..." fgcolor="#000000" bgcolor="#FFFFFF"
             type="line" coords="167,343,197,343"/>
    </entry>
    <entry id="25" name="cel:CELE_T19B10.3" type="gene"
        link="http://www.kegg.jp/dbget-bin/www_bget?cel:CELE_T19B10.3">
        <graphics name="T19B10.3" fgcolor="#66CC66" bgcolor="#FFFFFF"
             type="line" coords="422,426,452,426"/>
    </entry>
    <entry id="26" name="cel:CELE_C33C12.3 cel:CELE_C33C12.8 cel:CELE_F11E6.1 cel:CELE_Y105E8A.10 cel:CELE_Y4C6B.6" type="gene"
        link="http://www.kegg.jp/dbget-bin/www_bget?cel:CELE_C33C12.3+cel:CELE_C33C12.8+cel:CELE_F11E6.1+cel:CELE_Y105E8A.10+cel:CELE_Y4C6B.6">
        <graphics name="gba-1..." fgcolor="#66CC66" bgcolor="#FFFFFF"
             type="line" coords="492,426,522,426"/>
    </entry>
    <entry id="27" name="path:cel00510" type="map"
        link="http://www.kegg.jp/dbget-bin/www_bget?cel00510">
        <graphics name="N-Glycan biosynthesis" fgcolor="#000000" bgcolor="#FFFFFF"
             type="roundrectangle" x="662" y="131" width="123" height="25"/>
    </entry>
    <entry id="28" name="path:cel00604" type="map"
        link="http://www.kegg.jp/dbget-bin/www_bget?cel00604">
        <graphics name="Glycosphingolipid biosynthesis - ganglio series" fgcolor="#000000" bgcolor="#FFFFFF"
             type="roundrectangle" x="682" y="338" width="164" height="34"/>
    </entry>
</pathway>
