<?xml version="1.0"?>
<!DOCTYPE pathway SYSTEM "http://www.kegg.jp/kegg/xml/KGML_v0.7.1_.dtd">
<!-- Creation date: Oct 23, 2015 09:36:25 +0900 (GMT+9) -->
<pathway name="path:cel04020" org="cel" number="04020"
         title="Calcium signaling pathway"
         image="http://www.kegg.jp/kegg/pathway/cel/cel04020.png"
         link="http://www.kegg.jp/kegg-bin/show_pathway?cel04020">
    <entry id="1" name="path:map04730" type="map"
        link="http://www.kegg.jp/dbget-bin/www_bget?map04730">
        <graphics name="Long-term depression" fgcolor="#000000" bgcolor="#FFFFFF"
             type="roundrectangle" x="1012" y="472" width="141" height="25"/>
    </entry>
    <entry id="2" name="path:map04720" type="map"
        link="http://www.kegg.jp/dbget-bin/www_bget?map04720">
        <graphics name="Long-term potentiation" fgcolor="#000000" bgcolor="#FFFFFF"
             type="roundrectangle" x="1012" y="439" width="141" height="25"/>
    </entry>
    <entry id="3" name="path:cel04070" type="map"
        link="http://www.kegg.jp/dbget-bin/www_bget?cel04070">
        <graphics name="Phosphatidylinositol signaling system" fgcolor="#000000" bgcolor="#FFFFFF"
             type="roundrectangle" x="1012" y="601" width="127" height="34"/>
    </entry>
    <entry id="4" name="path:map04210" type="map"
        link="http://www.kegg.jp/dbget-bin/www_bget?map04210">
        <graphics name="Apoptosis" fgcolor="#000000" bgcolor="#FFFFFF"
             type="roundrectangle" x="1011" y="362" width="78" height="25"/>
    </entry>
    <entry id="5" name="path:cel04010" type="map"
        link="http://www.kegg.jp/dbget-bin/www_bget?cel04010">
        <graphics name="MAPK signaling pathway" fgcolor="#000000" bgcolor="#FFFFFF"
             type="roundrectangle" x="1012" y="324" width="111" height="34"/>
    </entry>
    <entry id="6" name="ko:K00911" type="ortholog"
        link="http://www.kegg.jp/dbget-bin/www_bget?K00911">
        <graphics name="K00911" fgcolor="#000000" bgcolor="#FFFFFF"
             type="rectangle" x="873" y="603" width="46" height="17"/>
    </entry>
    <entry id="7" name="ko:K08041 ko:K08043 ko:K08048" type="ortholog"
        link="http://www.kegg.jp/dbget-bin/www_bget?K08041+K08043+K08048">
        <graphics name="K08041..." fgcolor="#000000" bgcolor="#FFFFFF"
             type="rectangle" x="873" y="508" width="46" height="17"/>
    </entry>
    <entry id="8" name="cel:CELE_T04D3.3" type="gene"
        link="http://www.kegg.jp/dbget-bin/www_bget?cel:CELE_T04D3.3">
        <graphics name="pde-1" fgcolor="#000000" bgcolor="#BFFFBF"
             type="rectangle" x="873" y="533" width="46" height="17"/>
    </entry>
    <entry id="9" name="ko:K13240 ko:K13241 ko:K13242" type="ortholog"
        link="http://www.kegg.jp/dbget-bin/www_bget?K13240+K13241+K13242">
        <graphics name="K13240..." fgcolor="#000000" bgcolor="#FFFFFF"
             type="rectangle" x="873" y="470" width="46" height="17"/>
    </entry>
    <entry id="10" name="cel:CELE_R05G6.7" type="gene"
        link="http://www.kegg.jp/dbget-bin/www_bget?cel:CELE_R05G6.7">
        <graphics name="vdac-1" fgcolor="#000000" bgcolor="#BFFFBF"
             type="rectangle" x="871" y="141" width="46" height="17"/>
    </entry>
    <entry id="11" name="ko:K09565" type="ortholog"
        link="http://www.kegg.jp/dbget-bin/www_bget?K09565">
        <graphics name="K09565" fgcolor="#000000" bgcolor="#FFFFFF"
             type="rectangle" x="916" y="151" width="46" height="17"/>
    </entry>
    <entry id="12" name="cpd:C01330" type="compound"
        link="http://www.kegg.jp/dbget-bin/www_bget?C01330">
        <graphics name="C01330" fgcolor="#000000" bgcolor="#FFFFFF"
             type="circle" x="961" y="109" width="8" height="8"/>
    </entry>
    <entry id="13" name="cpd:C00076" type="compound"
        link="http://www.kegg.jp/dbget-bin/www_bget?C00076">
        <graphics name="C00076" fgcolor="#000000" bgcolor="#FFFFFF"
             type="circle" x="693" y="397" width="8" height="8"/>
    </entry>
    <entry id="14" name="cpd:C13050" type="compound"
        link="http://www.kegg.jp/dbget-bin/www_bget?C13050">
        <graphics name="C13050" fgcolor="#000000" bgcolor="#FFFFFF"
             type="circle" x="474" y="597" width="8" height="8"/>
    </entry>
    <entry id="15" name="cpd:C13051" type="compound"
        link="http://www.kegg.jp/dbget-bin/www_bget?C13051">
        <graphics name="C13051" fgcolor="#000000" bgcolor="#FFFFFF"
             type="circle" x="474" y="634" width="8" height="8"/>
    </entry>
    <entry id="16" name="cpd:C06124" type="compound"
        link="http://www.kegg.jp/dbget-bin/www_bget?C06124">
        <graphics name="C06124" fgcolor="#000000" bgcolor="#FFFFFF"
             type="circle" x="435" y="685" width="8" height="8"/>
    </entry>
    <entry id="17" name="cpd:C00004" type="compound"
        link="http://www.kegg.jp/dbget-bin/www_bget?C00004">
        <graphics name="C00004" fgcolor="#000000" bgcolor="#FFFFFF"
             type="circle" x="254" y="663" width="8" height="8"/>
    </entry>
    <entry id="18" name="cpd:C00002" type="compound"
        link="http://www.kegg.jp/dbget-bin/www_bget?C00002">
        <graphics name="C00002" fgcolor="#000000" bgcolor="#FFFFFF"
             type="circle" x="254" y="594" width="8" height="8"/>
    </entry>
    <entry id="19" name="cpd:C00165" type="compound"
        link="http://www.kegg.jp/dbget-bin/www_bget?C00165">
        <graphics name="C00165" fgcolor="#000000" bgcolor="#FFFFFF"
             type="circle" x="435" y="562" width="8" height="8"/>
    </entry>
    <entry id="20" name="cel:CELE_Y113G7A.4" type="gene"
        link="http://www.kegg.jp/dbget-bin/www_bget?cel:CELE_Y113G7A.4">
        <graphics name="ncx-1" fgcolor="#000000" bgcolor="#BFFFBF"
             type="rectangle" x="182" y="117" width="46" height="17"/>
    </entry>
    <entry id="21" name="cpd:C01245" type="compound"
        link="http://www.kegg.jp/dbget-bin/www_bget?C01245">
        <graphics name="C01245" fgcolor="#000000" bgcolor="#FFFFFF"
             type="circle" x="435" y="507" width="8" height="8"/>
    </entry>
    <entry id="22" name="cpd:C00575" type="compound"
        link="http://www.kegg.jp/dbget-bin/www_bget?C00575">
        <graphics name="C00575" fgcolor="#000000" bgcolor="#FFFFFF"
             type="circle" x="276" y="544" width="8" height="8"/>
    </entry>
    <entry id="23" name="cpd:C00575" type="compound"
        link="http://www.kegg.jp/dbget-bin/www_bget?C00575">
        <graphics name="C00575" fgcolor="#000000" bgcolor="#FFFFFF"
             type="circle" x="413" y="202" width="8" height="8"/>
    </entry>
    <entry id="24" name="cel:CELE_Y113G7A.4" type="gene"
        link="http://www.kegg.jp/dbget-bin/www_bget?cel:CELE_Y113G7A.4">
        <graphics name="ncx-1" fgcolor="#000000" bgcolor="#BFFFBF"
             type="rectangle" x="916" y="114" width="46" height="17"/>
    </entry>
    <entry id="25" name="ko:K04515 ko:K05869" type="ortholog"
        link="http://www.kegg.jp/dbget-bin/www_bget?K04515+K05869">
        <graphics name="K04515..." fgcolor="#000000" bgcolor="#FFFFFF"
             type="rectangle" x="873" y="410" width="46" height="17"/>
    </entry>
    <entry id="26" name="cel:CELE_C02F4.2 cel:CELE_F55C10.1" type="gene"
        link="http://www.kegg.jp/dbget-bin/www_bget?cel:CELE_C02F4.2+cel:CELE_F55C10.1">
        <graphics name="tax-6..." fgcolor="#000000" bgcolor="#BFFFBF"
             type="rectangle" x="873" y="385" width="46" height="17"/>
    </entry>
    <entry id="27" name="cel:CELE_E01H11.1" type="gene"
        link="http://www.kegg.jp/dbget-bin/www_bget?cel:CELE_E01H11.1">
        <graphics name="pkc-2" fgcolor="#000000" bgcolor="#BFFFBF"
             type="rectangle" x="873" y="632" width="46" height="17"/>
    </entry>
    <entry id="28" name="ko:K05871" type="ortholog"
        link="http://www.kegg.jp/dbget-bin/www_bget?K05871">
        <graphics name="K05871" fgcolor="#000000" bgcolor="#FFFFFF"
             type="rectangle" x="873" y="573" width="46" height="17"/>
    </entry>
    <entry id="30" name="ko:K01242" type="ortholog"
        link="http://www.kegg.jp/dbget-bin/www_bget?K01242">
        <graphics name="K01242" fgcolor="#000000" bgcolor="#FFFFFF"
             type="rectangle" x="182" y="634" width="46" height="17"/>
    </entry>
    <entry id="32" name="cel:CELE_F31B12.1" type="gene"
        link="http://www.kegg.jp/dbget-bin/www_bget?cel:CELE_F31B12.1">
        <graphics name="plc-1" fgcolor="#000000" bgcolor="#BFFFBF"
             type="rectangle" x="354" y="544" width="46" height="17"/>
    </entry>
    <entry id="33" name="ko:K06856" type="ortholog"
        link="http://www.kegg.jp/dbget-bin/www_bget?K06856">
        <graphics name="K06856" fgcolor="#000000" bgcolor="#FFFFFF"
             type="rectangle" x="182" y="552" width="46" height="17"/>
    </entry>
    <entry id="34" name="cel:CELE_ZK1067.1" type="gene"
        link="http://www.kegg.jp/dbget-bin/www_bget?cel:CELE_ZK1067.1">
        <graphics name="let-23" fgcolor="#000000" bgcolor="#BFFFBF"
             type="rectangle" x="182" y="486" width="46" height="17"/>
    </entry>
    <entry id="35" name="cel:CELE_M01D7.7" type="gene"
        link="http://www.kegg.jp/dbget-bin/www_bget?cel:CELE_M01D7.7">
        <graphics name="egl-30" fgcolor="#000000" bgcolor="#BFFFBF"
             type="rectangle" x="268" y="441" width="46" height="17"/>
    </entry>
    <entry id="36" name="cel:CELE_F07F6.6" type="gene"
        link="http://www.kegg.jp/dbget-bin/www_bget?cel:CELE_F07F6.6">
        <graphics name="nmr-1" fgcolor="#000000" bgcolor="#BFFFBF"
             type="rectangle" x="182" y="392" width="46" height="17"/>
    </entry>
    <entry id="37" name="cel:CELE_T01E8.3" type="gene"
        link="http://www.kegg.jp/dbget-bin/www_bget?cel:CELE_T01E8.3">
        <graphics name="plc-3" fgcolor="#000000" bgcolor="#BFFFBF"
             type="rectangle" x="354" y="520" width="46" height="17"/>
    </entry>
    <entry id="39" name="ko:K04718" type="ortholog"
        link="http://www.kegg.jp/dbget-bin/www_bget?K04718">
        <graphics name="K04718" fgcolor="#000000" bgcolor="#FFFFFF"
             type="rectangle" x="354" y="686" width="46" height="17"/>
    </entry>
    <entry id="40" name="ko:K05861" type="ortholog"
        link="http://www.kegg.jp/dbget-bin/www_bget?K05861">
        <graphics name="K05861" fgcolor="#000000" bgcolor="#FFFFFF"
             type="rectangle" x="354" y="568" width="46" height="17"/>
    </entry>
    <entry id="41" name="ko:K10784 ko:K10785" type="ortholog"
        link="http://www.kegg.jp/dbget-bin/www_bget?K10784+K10785">
        <graphics name="K10784..." fgcolor="#000000" bgcolor="#FFFFFF"
             type="rectangle" x="182" y="531" width="46" height="17"/>
    </entry>
    <entry id="42" name="cel:CELE_ZC373.4" type="gene"
        link="http://www.kegg.jp/dbget-bin/www_bget?cel:CELE_ZC373.4">
        <graphics name="ZC373.4" fgcolor="#000000" bgcolor="#BFFFBF"
             type="rectangle" x="873" y="267" width="46" height="17"/>
    </entry>
    <entry id="43" name="cel:CELE_R05G6.8" type="gene"
        link="http://www.kegg.jp/dbget-bin/www_bget?cel:CELE_R05G6.8">
        <graphics name="plc-4" fgcolor="#000000" bgcolor="#BFFFBF"
             type="rectangle" x="354" y="473" width="46" height="17"/>
    </entry>
    <entry id="44" name="cel:CELE_F33D4.2" type="gene"
        link="http://www.kegg.jp/dbget-bin/www_bget?cel:CELE_F33D4.2">
        <graphics name="itr-1" fgcolor="#000000" bgcolor="#BFFFBF"
             type="rectangle" x="612" y="508" width="46" height="17"/>
    </entry>
    <entry id="45" name="cel:CELE_C14B9.8" type="gene"
        link="http://www.kegg.jp/dbget-bin/www_bget?cel:CELE_C14B9.8">
        <graphics name="C14B9.8" fgcolor="#000000" bgcolor="#BFFFBF"
             type="rectangle" x="873" y="292" width="46" height="17"/>
    </entry>
    <entry id="46" name="cel:CELE_K11C4.5" type="gene"
        link="http://www.kegg.jp/dbget-bin/www_bget?cel:CELE_K11C4.5">
        <graphics name="unc-68" fgcolor="#000000" bgcolor="#BFFFBF"
             type="rectangle" x="612" y="332" width="46" height="17"/>
    </entry>
    <entry id="47" name="cel:CELE_B0348.4" type="gene"
        link="http://www.kegg.jp/dbget-bin/www_bget?cel:CELE_B0348.4">
        <graphics name="egl-8" fgcolor="#000000" bgcolor="#BFFFBF"
             type="rectangle" x="354" y="496" width="46" height="17"/>
    </entry>
    <entry id="48" name="ko:K16056 ko:K16057 ko:K16058" type="ortholog"
        link="http://www.kegg.jp/dbget-bin/www_bget?K16056+K16057+K16058">
        <graphics name="K16056..." fgcolor="#000000" bgcolor="#FFFFFF"
             type="rectangle" x="182" y="246" width="46" height="17"/>
    </entry>
    <entry id="50" name="cel:CELE_C48A7.1" type="gene"
        link="http://www.kegg.jp/dbget-bin/www_bget?cel:CELE_C48A7.1">
        <graphics name="egl-19" fgcolor="#000000" bgcolor="#BFFFBF"
             type="rectangle" x="182" y="301" width="46" height="17"/>
    </entry>
    <entry id="51" name="ko:K04344 ko:K04849 ko:K04852" type="ortholog"
        link="http://www.kegg.jp/dbget-bin/www_bget?K04344+K04849+K04852">
        <graphics name="K04344..." fgcolor="#000000" bgcolor="#FFFFFF"
             type="rectangle" x="182" y="320" width="46" height="17"/>
    </entry>
    <entry id="52" name="cel:CELE_C30F12.6 cel:CELE_F45H11.4 cel:CELE_F59C12.2 cel:CELE_Y40H4A.1" type="gene"
        link="http://www.kegg.jp/dbget-bin/www_bget?cel:CELE_C30F12.6+cel:CELE_F45H11.4+cel:CELE_F59C12.2+cel:CELE_Y40H4A.1">
        <graphics name="nmur-4..." fgcolor="#000000" bgcolor="#BFFFBF"
             type="rectangle" x="182" y="441" width="46" height="17"/>
    </entry>
    <entry id="53" name="cel:CELE_C18E9.1 cel:CELE_T21H3.3" type="gene"
        link="http://www.kegg.jp/dbget-bin/www_bget?cel:CELE_C18E9.1+cel:CELE_T21H3.3">
        <graphics name="cal-2..." fgcolor="#000000" bgcolor="#BFFFBF"
             type="rectangle" x="786" y="398" width="46" height="17"/>
    </entry>
    <entry id="54" name="ko:K05865 ko:K12042" type="ortholog"
        link="http://www.kegg.jp/dbget-bin/www_bget?K05865+K12042">
        <graphics name="K05865..." fgcolor="#000000" bgcolor="#FFFFFF"
             type="rectangle" x="873" y="229" width="46" height="17"/>
    </entry>
    <entry id="55" name="cel:CELE_C47E12.2 cel:CELE_F25B4.7 cel:CELE_K01H12.2 cel:CELE_T01B11.4 cel:CELE_T27E9.1 cel:CELE_W02D3.6" type="gene"
        link="http://www.kegg.jp/dbget-bin/www_bget?cel:CELE_C47E12.2+cel:CELE_F25B4.7+cel:CELE_K01H12.2+cel:CELE_T01B11.4+cel:CELE_T27E9.1+cel:CELE_W02D3.6">
        <graphics name="C47E12.2..." fgcolor="#000000" bgcolor="#BFFFBF"
             type="rectangle" x="916" y="134" width="46" height="17"/>
    </entry>
    <entry id="57" name="cel:CELE_F17C8.1" type="gene"
        link="http://www.kegg.jp/dbget-bin/www_bget?cel:CELE_F17C8.1">
        <graphics name="acy-1" fgcolor="#000000" bgcolor="#BFFFBF"
             type="rectangle" x="354" y="202" width="46" height="17"/>
    </entry>
    <entry id="58" name="cel:CELE_K11D9.2" type="gene"
        link="http://www.kegg.jp/dbget-bin/www_bget?cel:CELE_K11D9.2">
        <graphics name="sca-1" fgcolor="#000000" bgcolor="#BFFFBF"
             type="rectangle" x="612" y="304" width="46" height="17"/>
    </entry>
    <entry id="59" name="cel:CELE_C09B7.1 cel:CELE_Y40H4A.1" type="gene"
        link="http://www.kegg.jp/dbget-bin/www_bget?cel:CELE_C09B7.1+cel:CELE_Y40H4A.1">
        <graphics name="ser-7..." fgcolor="#000000" bgcolor="#BFFFBF"
             type="rectangle" x="182" y="202" width="46" height="17"/>
    </entry>
    <entry id="60" name="ko:K05852" type="ortholog"
        link="http://www.kegg.jp/dbget-bin/www_bget?K05852">
        <graphics name="K05852" fgcolor="#000000" bgcolor="#FFFFFF"
             type="rectangle" x="612" y="202" width="46" height="17"/>
    </entry>
    <entry id="61" name="cel:CELE_ZK909.2" type="gene"
        link="http://www.kegg.jp/dbget-bin/www_bget?cel:CELE_ZK909.2">
        <graphics name="kin-1" fgcolor="#000000" bgcolor="#BFFFBF"
             type="rectangle" x="479" y="202" width="46" height="17"/>
    </entry>
    <entry id="62" name="cel:CELE_R06A10.2" type="gene"
        link="http://www.kegg.jp/dbget-bin/www_bget?cel:CELE_R06A10.2">
        <graphics name="gsa-1" fgcolor="#000000" bgcolor="#BFFFBF"
             type="rectangle" x="268" y="202" width="46" height="17"/>
    </entry>
    <entry id="63" name="cel:CELE_C54D2.5" type="gene"
        link="http://www.kegg.jp/dbget-bin/www_bget?cel:CELE_C54D2.5">
        <graphics name="cca-1" fgcolor="#000000" bgcolor="#BFFFBF"
             type="rectangle" x="182" y="339" width="46" height="17"/>
    </entry>
    <entry id="64" name="cpd:C01330" type="compound"
        link="http://www.kegg.jp/dbget-bin/www_bget?C01330">
        <graphics name="C01330" fgcolor="#000000" bgcolor="#FFFFFF"
             type="circle" x="129" y="121" width="8" height="8"/>
    </entry>
    <entry id="65" name="cel:CELE_Y67D8C.10" type="gene"
        link="http://www.kegg.jp/dbget-bin/www_bget?cel:CELE_Y67D8C.10">
        <graphics name="mca-3" fgcolor="#000000" bgcolor="#BFFFBF"
             type="rectangle" x="182" y="158" width="46" height="17"/>
    </entry>
    <entry id="66" name="path:cel04020" type="map"
        link="http://www.kegg.jp/dbget-bin/www_bget?cel04020">
        <graphics name="TITLE:Calcium signaling pathway" fgcolor="#000000" bgcolor="#FFFFFF"
             type="roundrectangle" x="165" y="58" width="250" height="25"/>
    </entry>
    <entry id="67" name="cel:CELE_Y55B1BM.1" type="gene"
        link="http://www.kegg.jp/dbget-bin/www_bget?cel:CELE_Y55B1BM.1">
        <graphics name="stim-1" fgcolor="#000000" bgcolor="#BFFFBF"
             type="rectangle" x="510" y="246" width="46" height="17"/>
    </entry>
    <entry id="68" name="undefined" type="group">
        <graphics fgcolor="#000000" bgcolor="#FFFFFF"
             type="rectangle" x="893" y="137" width="91" height="24"/>
        <component id="10"/>
        <component id="55"/>
    </entry>
    <relation entry1="59" entry2="62" type="PPrel">
        <subtype name="activation" value="--&gt;"/>
    </relation>
    <relation entry1="62" entry2="57" type="PPrel">
        <subtype name="activation" value="--&gt;"/>
    </relation>
    <relation entry1="34" entry2="37" type="PPrel">
        <subtype name="activation" value="--&gt;"/>
    </relation>
    <relation entry1="53" entry2="42" type="PPrel">
        <subtype name="activation" value="--&gt;"/>
    </relation>
    <relation entry1="45" entry2="53" type="PPrel">
        <subtype name="binding/association" value="---"/>
    </relation>
    <relation entry1="26" entry2="53" type="PPrel">
        <subtype name="binding/association" value="---"/>
    </relation>
    <relation entry1="57" entry2="61" type="PPrel">
        <subtype name="compound" value="23"/>
    </relation>
    <relation entry1="43" entry2="44" type="PPrel">
        <subtype name="compound" value="21"/>
    </relation>
    <relation entry1="47" entry2="44" type="PPrel">
        <subtype name="compound" value="21"/>
    </relation>
    <relation entry1="37" entry2="44" type="PPrel">
        <subtype name="compound" value="21"/>
    </relation>
    <relation entry1="32" entry2="44" type="PPrel">
        <subtype name="compound" value="21"/>
    </relation>
    <relation entry1="43" entry2="27" type="PPrel">
        <subtype name="compound" value="19"/>
    </relation>
    <relation entry1="47" entry2="27" type="PPrel">
        <subtype name="compound" value="19"/>
    </relation>
    <relation entry1="37" entry2="27" type="PPrel">
        <subtype name="compound" value="19"/>
    </relation>
    <relation entry1="32" entry2="27" type="PPrel">
        <subtype name="compound" value="19"/>
    </relation>
    <relation entry1="20" entry2="64" type="PCrel">
    </relation>
    <relation entry1="32" entry2="22" type="PCrel">
    </relation>
    <relation entry1="20" entry2="13" type="PCrel">
    </relation>
    <relation entry1="58" entry2="13" type="PCrel">
    </relation>
    <relation entry1="68" entry2="13" type="PCrel">
    </relation>
    <relation entry1="65" entry2="13" type="PCrel">
    </relation>
    <relation entry1="52" entry2="35" type="PPrel">
        <subtype name="activation" value="--&gt;"/>
    </relation>
    <relation entry1="35" entry2="47" type="PPrel">
        <subtype name="activation" value="--&gt;"/>
    </relation>
    <relation entry1="46" entry2="13" type="PCrel">
    </relation>
    <relation entry1="44" entry2="13" type="PCrel">
    </relation>
    <relation entry1="53" entry2="13" type="PCrel">
    </relation>
    <relation entry1="27" entry2="13" type="PCrel">
    </relation>
    <relation entry1="53" entry2="8" type="PPrel">
        <subtype name="activation" value="--&gt;"/>
    </relation>
    <relation entry1="24" entry2="12" type="PCrel">
    </relation>
    <relation entry1="24" entry2="13" type="PCrel">
    </relation>
    <relation entry1="50" entry2="13" type="PCrel">
    </relation>
    <relation entry1="63" entry2="13" type="PCrel">
    </relation>
    <relation entry1="36" entry2="13" type="PCrel">
    </relation>
    <relation entry1="13" entry2="43" type="PCrel">
    </relation>
</pathway>
