<?xml version="1.0"?>
<!DOCTYPE pathway SYSTEM "http://www.kegg.jp/kegg/xml/KGML_v0.7.1_.dtd">
<!-- Creation date: Nov 20, 2012 11:18:55 +0900 (GMT+09:00) -->
<pathway name="path:cel00514" org="cel" number="00514"
         title="Other types of O-glycan biosynthesis"
         image="http://www.kegg.jp/kegg/pathway/cel/cel00514.png"
         link="http://www.kegg.jp/kegg-bin/show_pathway?cel00514">
    <entry id="1" name="path:cel00514" type="map"
        link="http://www.kegg.jp/dbget-bin/www_bget?cel00514">
        <graphics name="TITLE:Other types of O-glycan biosynthesis" fgcolor="#000000" bgcolor="#FFFFFF"
             type="roundrectangle" x="207" y="58" width="333" height="25"/>
    </entry>
    <entry id="2" name="cel:CELE_D2045.9" type="gene" reaction="rn:R03380"
        link="http://www.kegg.jp/dbget-bin/www_bget?cel:CELE_D2045.9">
        <graphics name="CELE_D2045.9" fgcolor="#66CC66" bgcolor="#FFFFFF"
             type="line" coords="627,464,657,464"/>
    </entry>
    <entry id="3" name="ko:K13675" type="ortholog" reaction="rn:R09316"
        link="http://www.kegg.jp/dbget-bin/www_bget?K13675">
        <graphics name="K13675" fgcolor="#000000" bgcolor="#FFFFFF"
             type="line" coords="754,287,769,272"/>
    </entry>
    <entry id="4" name="ko:K13646" type="ortholog" reaction="rn:R04491"
        link="http://www.kegg.jp/dbget-bin/www_bget?K13646">
        <graphics name="K13646" fgcolor="#000000" bgcolor="#FFFFFF"
             type="line" coords="554,464,584,464"/>
    </entry>
    <entry id="5" name="ko:K00781 ko:K00778 ko:K00779" type="ortholog" reaction="rn:R09297 rn:R09298"
        link="http://www.kegg.jp/dbget-bin/www_bget?K00781+K00778+K00779">
        <graphics name="K00781..." fgcolor="#000000" bgcolor="#FFFFFF"
             type="line" coords="577,243,607,243"/>
    </entry>
    <entry id="6" name="ko:K05948" type="ortholog" reaction="rn:R09296"
        link="http://www.kegg.jp/dbget-bin/www_bget?K05948">
        <graphics name="K05948" fgcolor="#000000" bgcolor="#FFFFFF"
             type="line" coords="756,243,771,258"/>
    </entry>
    <entry id="7" name="cel:CELE_Y73E7A.7" type="gene" reaction="rn:R09299"
        link="http://www.kegg.jp/dbget-bin/www_bget?cel:CELE_Y73E7A.7">
        <graphics name="bre-4" fgcolor="#66CC66" bgcolor="#FFFFFF"
             type="line" coords="664,243,694,243"/>
    </entry>
    <entry id="8" name="cel:CELE_C15C7.7 cel:CELE_K10G9.3" type="gene" reaction="rn:R09295"
        link="http://www.kegg.jp/dbget-bin/www_bget?cel:CELE_C15C7.7+cel:CELE_K10G9.3">
        <graphics name="C15C7.7..." fgcolor="#66CC66" bgcolor="#FFFFFF"
             type="line" coords="819,266,849,266"/>
    </entry>
    <entry id="10" name="ko:K13667" type="ortholog" reaction="rn:R09315"
        link="http://www.kegg.jp/dbget-bin/www_bget?K13667">
        <graphics name="K13667" fgcolor="#000000" bgcolor="#FFFFFF"
             type="line" coords="700,367,730,367"/>
    </entry>
    <entry id="11" name="ko:K13676" type="ortholog" reaction="rn:R09290"
        link="http://www.kegg.jp/dbget-bin/www_bget?K13676">
        <graphics name="K13676" fgcolor="#000000" bgcolor="#FFFFFF"
             type="line" coords="628,367,658,367"/>
    </entry>
    <entry id="12" name="cel:CELE_H12D21.10 cel:CELE_K04G7.3" type="gene" reaction="rn:R09304"
        link="http://www.kegg.jp/dbget-bin/www_bget?cel:CELE_H12D21.10+cel:CELE_K04G7.3">
        <graphics name="H12D21.10..." fgcolor="#66CC66" bgcolor="#FFFFFF"
             type="line" coords="576,147,606,147"/>
    </entry>
    <entry id="13" name="ko:K05538 ko:K10968 ko:K10969" type="ortholog" reaction="rn:R09303"
        link="http://www.kegg.jp/dbget-bin/www_bget?K05538+K10968+K10969">
        <graphics name="K05538..." fgcolor="#000000" bgcolor="#FFFFFF"
             type="line" coords="96,471,126,471"/>
    </entry>
    <entry id="14" name="ko:K05538 ko:K10968 ko:K10969" type="ortholog" reaction="rn:R09302"
        link="http://www.kegg.jp/dbget-bin/www_bget?K05538+K10968+K10969">
        <graphics name="K05538..." fgcolor="#000000" bgcolor="#FFFFFF"
             type="line" coords="169,471,199,471"/>
    </entry>
    <entry id="15" name="ko:K10967" type="ortholog" reaction="rn:R09301"
        link="http://www.kegg.jp/dbget-bin/www_bget?K10967">
        <graphics name="K10967" fgcolor="#000000" bgcolor="#FFFFFF"
             type="line" coords="241,471,271,471"/>
    </entry>
    <entry id="16" name="ko:K10967" type="ortholog" reaction="rn:R09300"
        link="http://www.kegg.jp/dbget-bin/www_bget?K10967">
        <graphics name="K10967" fgcolor="#000000" bgcolor="#FFFFFF"
             type="line" coords="316,471,346,471"/>
    </entry>
    <entry id="17" name="ko:K00728" type="ortholog" reaction="rn:R07620"
        link="http://www.kegg.jp/dbget-bin/www_bget?K00728">
        <graphics name="K00728" fgcolor="#000000" bgcolor="#FFFFFF"
             type="line" coords="388,471,418,471"/>
    </entry>
    <entry id="18" name="ko:K10970" type="ortholog"
        link="http://www.kegg.jp/dbget-bin/www_bget?K10970">
        <graphics name="K10970" fgcolor="#000000" bgcolor="#FFFFFF"
             type="line" coords="96,495,126,495"/>
    </entry>
    <entry id="19" name="ko:K10970" type="ortholog"
        link="http://www.kegg.jp/dbget-bin/www_bget?K10970">
        <graphics name="K10970" fgcolor="#000000" bgcolor="#FFFFFF"
             type="line" coords="169,495,199,495"/>
    </entry>
    <entry id="20" name="ko:K10967" type="ortholog" reaction="rn:R09301"
        link="http://www.kegg.jp/dbget-bin/www_bget?K10967">
        <graphics name="K10967" fgcolor="#000000" bgcolor="#FFFFFF"
             type="line" coords="241,495,271,495"/>
    </entry>
    <entry id="21" name="ko:K10967" type="ortholog" reaction="rn:R09300"
        link="http://www.kegg.jp/dbget-bin/www_bget?K10967">
        <graphics name="K10967" fgcolor="#000000" bgcolor="#FFFFFF"
             type="line" coords="316,495,346,495"/>
    </entry>
    <entry id="22" name="ko:K00728" type="ortholog" reaction="rn:R07620"
        link="http://www.kegg.jp/dbget-bin/www_bget?K00728">
        <graphics name="K00728" fgcolor="#000000" bgcolor="#FFFFFF"
             type="line" coords="388,495,418,495"/>
    </entry>
    <entry id="25" name="ko:K10967" type="ortholog" reaction="rn:R09301"
        link="http://www.kegg.jp/dbget-bin/www_bget?K10967">
        <graphics name="K10967" fgcolor="#000000" bgcolor="#FFFFFF"
             type="line" coords="241,520,271,520"/>
    </entry>
    <entry id="26" name="ko:K10967" type="ortholog" reaction="rn:R09300"
        link="http://www.kegg.jp/dbget-bin/www_bget?K10967">
        <graphics name="K10967" fgcolor="#000000" bgcolor="#FFFFFF"
             type="line" coords="316,520,346,520"/>
    </entry>
    <entry id="27" name="ko:K00728" type="ortholog" reaction="rn:R07620"
        link="http://www.kegg.jp/dbget-bin/www_bget?K00728">
        <graphics name="K00728" fgcolor="#000000" bgcolor="#FFFFFF"
             type="line" coords="388,520,418,520"/>
    </entry>
    <entry id="29" name="ko:K10971" type="ortholog"
        link="http://www.kegg.jp/dbget-bin/www_bget?K10971">
        <graphics name="K10971" fgcolor="#000000" bgcolor="#FFFFFF"
             type="line" coords="94,594,110,578"/>
    </entry>
    <entry id="30" name="ko:K10967" type="ortholog" reaction="rn:R09301"
        link="http://www.kegg.jp/dbget-bin/www_bget?K10967">
        <graphics name="K10967" fgcolor="#000000" bgcolor="#FFFFFF"
             type="line" coords="155,573,185,573"/>
    </entry>
    <entry id="31" name="ko:K10967" type="ortholog" reaction="rn:R09300"
        link="http://www.kegg.jp/dbget-bin/www_bget?K10967">
        <graphics name="K10967" fgcolor="#000000" bgcolor="#FFFFFF"
             type="line" coords="228,573,258,573"/>
    </entry>
    <entry id="32" name="ko:K00728" type="ortholog" reaction="rn:R07620"
        link="http://www.kegg.jp/dbget-bin/www_bget?K00728">
        <graphics name="K00728" fgcolor="#000000" bgcolor="#FFFFFF"
             type="line" coords="300,573,330,573"/>
    </entry>
    <entry id="33" name="ko:K00781" type="ortholog"
        link="http://www.kegg.jp/dbget-bin/www_bget?K00781">
        <graphics name="K00781" fgcolor="#000000" bgcolor="#FFFFFF"
             type="line" coords="114,150,144,150"/>
    </entry>
    <entry id="34" name="cel:CELE_Y73E7A.7" type="gene"
        link="http://www.kegg.jp/dbget-bin/www_bget?cel:CELE_Y73E7A.7">
        <graphics name="bre-4" fgcolor="#66CC66" bgcolor="#FFFFFF"
             type="line" coords="184,150,214,150"/>
    </entry>
    <entry id="35" name="cel:CELE_M70.4" type="gene" reaction="rn:R07619"
        link="http://www.kegg.jp/dbget-bin/www_bget?cel:CELE_M70.4">
        <graphics name="M70.4" fgcolor="#66CC66" bgcolor="#FFFFFF"
             type="line" coords="272,150,302,150"/>
    </entry>
    <entry id="36" name="ko:K00728" type="ortholog" reaction="rn:R07620"
        link="http://www.kegg.jp/dbget-bin/www_bget?K00728">
        <graphics name="K00728" fgcolor="#000000" bgcolor="#FFFFFF"
             type="line" coords="346,150,376,150"/>
    </entry>
    <entry id="37" name="cel:CELE_Y73E7A.7" type="gene"
        link="http://www.kegg.jp/dbget-bin/www_bget?cel:CELE_Y73E7A.7">
        <graphics name="bre-4" fgcolor="#66CC66" bgcolor="#FFFFFF"
             type="line" coords="113,215,94,196"/>
    </entry>
    <entry id="38" name="ko:K03663 ko:K07632 ko:K07635" type="ortholog"
        link="http://www.kegg.jp/dbget-bin/www_bget?K03663+K07632+K07635">
        <graphics name="K03663..." fgcolor="#000000" bgcolor="#FFFFFF"
             type="line" coords="94,249,113,230"/>
    </entry>
    <entry id="39" name="cel:CELE_M70.4" type="gene" reaction="rn:R07619"
        link="http://www.kegg.jp/dbget-bin/www_bget?cel:CELE_M70.4">
        <graphics name="M70.4" fgcolor="#66CC66" bgcolor="#FFFFFF"
             type="line" coords="171,224,201,224"/>
    </entry>
    <entry id="40" name="ko:K00728" type="ortholog" reaction="rn:R07620"
        link="http://www.kegg.jp/dbget-bin/www_bget?K00728">
        <graphics name="K00728" fgcolor="#000000" bgcolor="#FFFFFF"
             type="line" coords="245,224,275,224"/>
    </entry>
    <entry id="41" name="ko:K00781" type="ortholog"
        link="http://www.kegg.jp/dbget-bin/www_bget?K00781">
        <graphics name="K00781" fgcolor="#000000" bgcolor="#FFFFFF"
             type="line" coords="113,291,143,291"/>
    </entry>
    <entry id="42" name="cel:CELE_Y73E7A.7" type="gene"
        link="http://www.kegg.jp/dbget-bin/www_bget?cel:CELE_Y73E7A.7">
        <graphics name="bre-4" fgcolor="#66CC66" bgcolor="#FFFFFF"
             type="line" coords="183,290,213,290"/>
    </entry>
    <entry id="43" name="ko:K09661" type="ortholog" reaction="rn:R07621"
        link="http://www.kegg.jp/dbget-bin/www_bget?K09661">
        <graphics name="K09661" fgcolor="#000000" bgcolor="#FFFFFF"
             type="line" coords="289,310,271,292"/>
    </entry>
    <entry id="44" name="cel:CELE_M70.4" type="gene" reaction="rn:R07619"
        link="http://www.kegg.jp/dbget-bin/www_bget?cel:CELE_M70.4">
        <graphics name="M70.4" fgcolor="#66CC66" bgcolor="#FFFFFF"
             type="line" coords="272,341,289,324"/>
    </entry>
    <entry id="45" name="ko:K00728" type="ortholog" reaction="rn:R07620"
        link="http://www.kegg.jp/dbget-bin/www_bget?K00728">
        <graphics name="K00728" fgcolor="#000000" bgcolor="#FFFFFF"
             type="line" coords="335,318,365,318"/>
    </entry>
    <entry id="46" name="ko:K00781" type="ortholog"
        link="http://www.kegg.jp/dbget-bin/www_bget?K00781">
        <graphics name="K00781" fgcolor="#000000" bgcolor="#FFFFFF"
             type="line" coords="113,343,143,343"/>
    </entry>
    <entry id="47" name="cel:CELE_Y73E7A.7" type="gene"
        link="http://www.kegg.jp/dbget-bin/www_bget?cel:CELE_Y73E7A.7">
        <graphics name="bre-4" fgcolor="#66CC66" bgcolor="#FFFFFF"
             type="line" coords="183,342,213,342"/>
    </entry>
    <entry id="48" name="ko:K09674" type="ortholog"
        link="http://www.kegg.jp/dbget-bin/www_bget?K09674">
        <graphics name="K09674" fgcolor="#000000" bgcolor="#FFFFFF"
             type="line" coords="69,386,99,386"/>
    </entry>
    <entry id="49" name="ko:K00735 ko:K10157" type="ortholog"
        link="http://www.kegg.jp/dbget-bin/www_bget?K00735+K10157">
        <graphics name="K00735..." fgcolor="#000000" bgcolor="#FFFFFF"
             type="line" coords="144,386,174,386"/>
    </entry>
    <entry id="50" name="ko:K00715" type="ortholog"
        link="http://www.kegg.jp/dbget-bin/www_bget?K00715">
        <graphics name="K00715" fgcolor="#000000" bgcolor="#FFFFFF"
             type="line" coords="213,386,243,386"/>
    </entry>
    <entry id="51" name="ko:K00728" type="ortholog" reaction="rn:R07620"
        link="http://www.kegg.jp/dbget-bin/www_bget?K00728">
        <graphics name="K00728" fgcolor="#000000" bgcolor="#FFFFFF"
             type="line" coords="372,386,402,386"/>
    </entry>
    <entry id="52" name="cel:CELE_M70.4" type="gene" reaction="rn:R07619"
        link="http://www.kegg.jp/dbget-bin/www_bget?cel:CELE_M70.4">
        <graphics name="M70.4" fgcolor="#66CC66" bgcolor="#FFFFFF"
             type="line" coords="298,386,328,386"/>
    </entry>
</pathway>
