<?xml version="1.0"?>
<!DOCTYPE pathway SYSTEM "http://www.kegg.jp/kegg/xml/KGML_v0.7.1_.dtd">
<!-- Creation date: Oct 1, 2009 10:13:56 +0900 (JST) -->
<pathway name="path:cel00785" org="cel" number="00785"
         title="Lipoic acid metabolism"
         image="http://www.kegg.jp/kegg/pathway/cel/cel00785.png"
         link="http://www.kegg.jp/kegg-bin/show_pathway?cel00785">
    <entry id="5" name="cel:CELE_M01F1.3" type="gene" reaction="rn:R07768"
        link="http://www.kegg.jp/dbget-bin/www_bget?cel:CELE_M01F1.3">
        <graphics name="M01F1.3" fgcolor="#000000" bgcolor="#BFFFBF"
             type="rectangle" x="180" y="205" width="46" height="17"/>
    </entry>
    <entry id="6" name="ko:K03801" type="ortholog" reaction="rn:R07769"
        link="http://www.kegg.jp/dbget-bin/www_bget?K03801">
        <graphics name="K03801" fgcolor="#000000" bgcolor="#FFFFFF"
             type="rectangle" x="180" y="305" width="46" height="17"/>
    </entry>
    <entry id="7" name="cpd:C16239" type="compound"
        link="http://www.kegg.jp/dbget-bin/www_bget?C16239">
        <graphics name="C16239" fgcolor="#000000" bgcolor="#FFFFFF"
             type="circle" x="179" y="257" width="8" height="8"/>
    </entry>
    <entry id="8" name="ko:K03800" type="ortholog" reaction="rn:R07771"
        link="http://www.kegg.jp/dbget-bin/www_bget?K03800">
        <graphics name="K03800" fgcolor="#000000" bgcolor="#FFFFFF"
             type="rectangle" x="396" y="305" width="46" height="17"/>
    </entry>
    <entry id="9" name="path:cel00785" type="map"
        link="http://www.kegg.jp/dbget-bin/www_bget?cel00785">
        <graphics name="TITLE:Lipoic acid metabolism" fgcolor="#000000" bgcolor="#FFFFFF"
             type="roundrectangle" x="143" y="58" width="206" height="25"/>
    </entry>
    <entry id="10" name="path:cel00061" type="map"
        link="http://www.kegg.jp/dbget-bin/www_bget?cel00061">
        <graphics name="Fatty acid biosynthesis" fgcolor="#000000" bgcolor="#FFFFFF"
             type="roundrectangle" x="85" y="162" width="86" height="34"/>
    </entry>
    <entry id="11" name="cel:CELE_M01F1.3" type="gene" reaction="rn:R07767"
        link="http://www.kegg.jp/dbget-bin/www_bget?cel:CELE_M01F1.3">
        <graphics name="M01F1.3" fgcolor="#000000" bgcolor="#BFFFBF"
             type="rectangle" x="280" y="305" width="46" height="17"/>
    </entry>
    <entry id="12" name="ko:K03801" type="ortholog" reaction="rn:R07766"
        link="http://www.kegg.jp/dbget-bin/www_bget?K03801">
        <graphics name="K03801" fgcolor="#000000" bgcolor="#FFFFFF"
             type="rectangle" x="280" y="205" width="46" height="17"/>
    </entry>
    <entry id="13" name="ko:K03800" type="ortholog" reaction="rn:R07770"
        link="http://www.kegg.jp/dbget-bin/www_bget?K03800">
        <graphics name="K03800" fgcolor="#000000" bgcolor="#FFFFFF"
             type="rectangle" x="396" y="205" width="46" height="17"/>
    </entry>
    <entry id="15" name="cel:CELE_C45G3.3" type="gene" reaction="rn:R07771"
        link="http://www.kegg.jp/dbget-bin/www_bget?cel:CELE_C45G3.3">
        <graphics name="C45G3.3" fgcolor="#000000" bgcolor="#BFFFBF"
             type="rectangle" x="446" y="305" width="46" height="17"/>
    </entry>
    <entry id="16" name="cpd:C05752" type="compound"
        link="http://www.kegg.jp/dbget-bin/www_bget?C05752">
        <graphics name="C05752" fgcolor="#000000" bgcolor="#FFFFFF"
             type="circle" x="179" y="162" width="8" height="8"/>
    </entry>
    <entry id="17" name="cpd:C00725" type="compound"
        link="http://www.kegg.jp/dbget-bin/www_bget?C00725">
        <graphics name="C00725" fgcolor="#000000" bgcolor="#FFFFFF"
             type="circle" x="421" y="162" width="8" height="8"/>
    </entry>
    <entry id="18" name="cpd:C16238" type="compound"
        link="http://www.kegg.jp/dbget-bin/www_bget?C16238">
        <graphics name="C16238" fgcolor="#000000" bgcolor="#FFFFFF"
             type="circle" x="421" y="257" width="8" height="8"/>
    </entry>
    <entry id="19" name="cpd:C16236" type="compound"
        link="http://www.kegg.jp/dbget-bin/www_bget?C16236">
        <graphics name="C16236" fgcolor="#000000" bgcolor="#FFFFFF"
             type="circle" x="279" y="257" width="8" height="8"/>
    </entry>
    <entry id="20" name="cpd:C16237" type="compound"
        link="http://www.kegg.jp/dbget-bin/www_bget?C16237">
        <graphics name="C16237" fgcolor="#000000" bgcolor="#FFFFFF"
             type="circle" x="279" y="353" width="8" height="8"/>
    </entry>
    <relation entry1="11" entry2="15" type="ECrel">
        <subtype name="compound" value="20"/>
    </relation>
    <relation entry1="5" entry2="10" type="maplink">
        <subtype name="compound" value="16"/>
    </relation>
    <reaction id="5" name="rn:R07768" type="irreversible">
        <substrate id="16" name="cpd:C05752"/>
        <product id="7" name="cpd:C16239"/>
    </reaction>
    <reaction id="11" name="rn:R07767" type="irreversible">
        <substrate id="19" name="cpd:C16236"/>
        <product id="20" name="cpd:C16237"/>
    </reaction>
    <reaction id="15" name="rn:R07771" type="irreversible">
        <substrate id="18" name="cpd:C16238"/>
        <product id="20" name="cpd:C16237"/>
    </reaction>
</pathway>
