<?xml version="1.0"?>
<!DOCTYPE pathway SYSTEM "http://www.kegg.jp/kegg/xml/KGML_v0.7.1_.dtd">
<!-- Creation date: Jun 19, 2015 11:24:10 +0900 (GMT+9) -->
<pathway name="path:cel04142" org="cel" number="04142"
         title="Lysosome"
         image="http://www.kegg.jp/kegg/pathway/cel/cel04142.png"
         link="http://www.kegg.jp/kegg-bin/show_pathway?cel04142">
    <entry id="1" name="path:cel04140" type="map"
        link="http://www.kegg.jp/dbget-bin/www_bget?cel04140">
        <graphics name="Regulation of autophagy" fgcolor="#000000" bgcolor="#FFFFFF"
             type="roundrectangle" x="416" y="618" width="124" height="25"/>
    </entry>
    <entry id="2" name="cel:CELE_C26H9A.1 cel:CELE_C30F8.2 cel:CELE_F35H10.4 cel:CELE_F52E1.10 cel:CELE_R10E11.2 cel:CELE_R10E11.8 cel:CELE_T01H3.1 cel:CELE_T14F9.1 cel:CELE_VW02B12L.1 cel:CELE_Y38F2AL.4 cel:CELE_Y55H10A.1 cel:CELE_ZK637.8" type="gene"
        link="http://www.kegg.jp/dbget-bin/www_bget?cel:CELE_C26H9A.1+cel:CELE_C30F8.2+cel:CELE_F35H10.4+cel:CELE_F52E1.10+cel:CELE_R10E11.2+cel:CELE_R10E11.8+cel:CELE_T01H3.1+cel:CELE_T14F9.1+cel:CELE_VW02B12L.1+cel:CELE_Y38F2AL.4+cel:CELE_Y55H10A.1+cel:CELE_ZK637.8">
        <graphics name="vha-7..." fgcolor="#000000" bgcolor="#BFFFBF"
             type="rectangle" x="811" y="212" width="46" height="17"/>
    </entry>
    <entry id="3" name="cpd:C00002" type="compound"
        link="http://www.kegg.jp/dbget-bin/www_bget?C00002">
        <graphics name="C00002" fgcolor="#000000" bgcolor="#FFFFFF"
             type="circle" x="768" y="179" width="8" height="8"/>
    </entry>
    <entry id="4" name="cpd:C00008" type="compound"
        link="http://www.kegg.jp/dbget-bin/www_bget?C00008">
        <graphics name="C00008" fgcolor="#000000" bgcolor="#FFFFFF"
             type="circle" x="858" y="180" width="8" height="8"/>
    </entry>
    <entry id="5" name="path:cel04142" type="map"
        link="http://www.kegg.jp/dbget-bin/www_bget?cel04142">
        <graphics name="TITLE:Lysosome" fgcolor="#000000" bgcolor="#FFFFFF"
             type="roundrectangle" x="95" y="58" width="110" height="25"/>
    </entry>
    <entry id="6" name="cel:CELE_C52E4.1 cel:CELE_F13D12.6 cel:CELE_F32B5.8 cel:CELE_F32H5.1 cel:CELE_F41C3.5 cel:CELE_F41E6.6 cel:CELE_F44C4.3 cel:CELE_H22K11.1 cel:CELE_M04G12.2 cel:CELE_R12H7.2 cel:CELE_T03E6.7 cel:CELE_T10H4.12 cel:CELE_W07B8.1 cel:CELE_W07B8.4 cel:CELE_W07B8.5 cel:CELE_Y16B4A.2 cel:CELE_Y40D12A.2" type="gene"
        link="http://www.kegg.jp/dbget-bin/www_bget?cel:CELE_C52E4.1+cel:CELE_F13D12.6+cel:CELE_F32B5.8+cel:CELE_F32H5.1+cel:CELE_F41C3.5+cel:CELE_F41E6.6+cel:CELE_F44C4.3+cel:CELE_H22K11.1+cel:CELE_M04G12.2+cel:CELE_R12H7.2+cel:CELE_T03E6.7+cel:CELE_T10H4.12+cel:CELE_W07B8.1+cel:CELE_W07B8.4+cel:CELE_W07B8.5+cel:CELE_Y16B4A.2+cel:CELE_Y40D12A.2">
        <graphics name="cpr-1..." fgcolor="#000000" bgcolor="#BFFFBF"
             type="rectangle" x="1072" y="126" width="46" height="17"/>
    </entry>
    <entry id="7" name="ko:K08565" type="ortholog"
        link="http://www.kegg.jp/dbget-bin/www_bget?K08565">
        <graphics name="K08565" fgcolor="#000000" bgcolor="#FFFFFF"
             type="rectangle" x="1127" y="126" width="46" height="17"/>
    </entry>
    <entry id="8" name="cel:CELE_T28H10.3" type="gene"
        link="http://www.kegg.jp/dbget-bin/www_bget?cel:CELE_T28H10.3">
        <graphics name="T28H10.3" fgcolor="#000000" bgcolor="#BFFFBF"
             type="rectangle" x="1182" y="126" width="46" height="17"/>
    </entry>
    <entry id="9" name="ko:K01279" type="ortholog"
        link="http://www.kegg.jp/dbget-bin/www_bget?K01279">
        <graphics name="K01279" fgcolor="#000000" bgcolor="#FFFFFF"
             type="rectangle" x="1237" y="126" width="46" height="17"/>
    </entry>
    <entry id="10" name="ko:K01189" type="ortholog"
        link="http://www.kegg.jp/dbget-bin/www_bget?K01189">
        <graphics name="K01189" fgcolor="#000000" bgcolor="#FFFFFF"
             type="rectangle" x="1072" y="168" width="46" height="17"/>
    </entry>
    <entry id="11" name="cel:CELE_T19B10.3" type="gene"
        link="http://www.kegg.jp/dbget-bin/www_bget?cel:CELE_T19B10.3">
        <graphics name="T19B10.3" fgcolor="#000000" bgcolor="#BFFFBF"
             type="rectangle" x="1127" y="168" width="46" height="17"/>
    </entry>
    <entry id="12" name="ko:K12316" type="ortholog"
        link="http://www.kegg.jp/dbget-bin/www_bget?K12316">
        <graphics name="K12316" fgcolor="#000000" bgcolor="#FFFFFF"
             type="rectangle" x="1182" y="168" width="45" height="17"/>
    </entry>
    <entry id="13" name="cel:CELE_C33C12.3 cel:CELE_C33C12.8 cel:CELE_F11E6.1 cel:CELE_Y4C6B.6" type="gene"
        link="http://www.kegg.jp/dbget-bin/www_bget?cel:CELE_C33C12.3+cel:CELE_C33C12.8+cel:CELE_F11E6.1+cel:CELE_Y4C6B.6">
        <graphics name="gba-1..." fgcolor="#000000" bgcolor="#BFFFBF"
             type="rectangle" x="1237" y="168" width="46" height="17"/>
    </entry>
    <entry id="14" name="cel:CELE_T14F9.3" type="gene"
        link="http://www.kegg.jp/dbget-bin/www_bget?cel:CELE_T14F9.3">
        <graphics name="hex-1" fgcolor="#000000" bgcolor="#BFFFBF"
             type="rectangle" x="1072" y="214" width="46" height="17"/>
    </entry>
    <entry id="15" name="cel:CELE_C33G3.4" type="gene"
        link="http://www.kegg.jp/dbget-bin/www_bget?cel:CELE_C33G3.4">
        <graphics name="C33G3.4" fgcolor="#000000" bgcolor="#BFFFBF"
             type="rectangle" x="1127" y="214" width="46" height="17"/>
    </entry>
    <entry id="16" name="cel:CELE_F55D10.1" type="gene"
        link="http://www.kegg.jp/dbget-bin/www_bget?cel:CELE_F55D10.1">
        <graphics name="aman-1" fgcolor="#000000" bgcolor="#BFFFBF"
             type="rectangle" x="1182" y="214" width="46" height="17"/>
    </entry>
    <entry id="17" name="ko:K01204" type="ortholog"
        link="http://www.kegg.jp/dbget-bin/www_bget?K01204">
        <graphics name="K01204" fgcolor="#000000" bgcolor="#FFFFFF"
             type="rectangle" x="1072" y="191" width="46" height="17"/>
    </entry>
    <entry id="18" name="cel:CELE_Y105E8B.9" type="gene"
        link="http://www.kegg.jp/dbget-bin/www_bget?cel:CELE_Y105E8B.9">
        <graphics name="Y105E8B.9" fgcolor="#000000" bgcolor="#BFFFBF"
             type="rectangle" x="1237" y="191" width="46" height="17"/>
    </entry>
    <entry id="19" name="ko:K01186" type="ortholog"
        link="http://www.kegg.jp/dbget-bin/www_bget?K01186">
        <graphics name="K01186" fgcolor="#000000" bgcolor="#FFFFFF"
             type="rectangle" x="1237" y="214" width="46" height="17"/>
    </entry>
    <entry id="20" name="ko:K01202" type="ortholog"
        link="http://www.kegg.jp/dbget-bin/www_bget?K01202">
        <graphics name="K01202" fgcolor="#000000" bgcolor="#FFFFFF"
             type="rectangle" x="1182" y="191" width="46" height="17"/>
    </entry>
    <entry id="21" name="cel:CELE_K09E4.4" type="gene"
        link="http://www.kegg.jp/dbget-bin/www_bget?cel:CELE_K09E4.4">
        <graphics name="K09E4.4" fgcolor="#000000" bgcolor="#BFFFBF"
             type="rectangle" x="1127" y="191" width="46" height="17"/>
    </entry>
    <entry id="22" name="ko:K01217" type="ortholog"
        link="http://www.kegg.jp/dbget-bin/www_bget?K01217">
        <graphics name="K01217" fgcolor="#000000" bgcolor="#FFFFFF"
             type="rectangle" x="1292" y="168" width="46" height="17"/>
    </entry>
    <entry id="24" name="ko:K01134 ko:K01135 ko:K12381" type="ortholog"
        link="http://www.kegg.jp/dbget-bin/www_bget?K01134+K01135+K12381">
        <graphics name="K01134..." fgcolor="#000000" bgcolor="#FFFFFF"
             type="rectangle" x="1072" y="256" width="46" height="17"/>
    </entry>
    <entry id="25" name="ko:K01137" type="ortholog"
        link="http://www.kegg.jp/dbget-bin/www_bget?K01137">
        <graphics name="K01137" fgcolor="#000000" bgcolor="#FFFFFF"
             type="rectangle" x="1182" y="256" width="46" height="17"/>
    </entry>
    <entry id="26" name="ko:K01136" type="ortholog"
        link="http://www.kegg.jp/dbget-bin/www_bget?K01136">
        <graphics name="K01136" fgcolor="#000000" bgcolor="#FFFFFF"
             type="rectangle" x="1237" y="256" width="46" height="17"/>
    </entry>
    <entry id="27" name="ko:K01565" type="ortholog"
        link="http://www.kegg.jp/dbget-bin/www_bget?K01565">
        <graphics name="K01565" fgcolor="#000000" bgcolor="#FFFFFF"
             type="rectangle" x="1292" y="256" width="46" height="17"/>
    </entry>
    <entry id="28" name="ko:K01132" type="ortholog"
        link="http://www.kegg.jp/dbget-bin/www_bget?K01132">
        <graphics name="K01132" fgcolor="#000000" bgcolor="#FFFFFF"
             type="rectangle" x="1127" y="256" width="46" height="17"/>
    </entry>
    <entry id="29" name="cel:CELE_F54F3.3 cel:CELE_ZK6.7" type="gene"
        link="http://www.kegg.jp/dbget-bin/www_bget?cel:CELE_F54F3.3+cel:CELE_ZK6.7">
        <graphics name="lipl-1..." fgcolor="#000000" bgcolor="#BFFFBF"
             type="rectangle" x="1072" y="298" width="46" height="17"/>
    </entry>
    <entry id="30" name="cel:CELE_M05B5.4" type="gene"
        link="http://www.kegg.jp/dbget-bin/www_bget?cel:CELE_M05B5.4">
        <graphics name="M05B5.4" fgcolor="#000000" bgcolor="#BFFFBF"
             type="rectangle" x="1127" y="298" width="46" height="17"/>
    </entry>
    <entry id="31" name="cel:CELE_C07B5.5 cel:CELE_F09G8.2 cel:CELE_K04H4.6" type="gene"
        link="http://www.kegg.jp/dbget-bin/www_bget?cel:CELE_C07B5.5+cel:CELE_F09G8.2+cel:CELE_K04H4.6">
        <graphics name="nuc-1..." fgcolor="#000000" bgcolor="#BFFFBF"
             type="rectangle" x="1182" y="298" width="46" height="17"/>
    </entry>
    <entry id="32" name="ko:K14410" type="ortholog"
        link="http://www.kegg.jp/dbget-bin/www_bget?K14410">
        <graphics name="K14410" fgcolor="#000000" bgcolor="#FFFFFF"
             type="rectangle" x="1237" y="298" width="46" height="17"/>
    </entry>
    <entry id="33" name="cel:CELE_B0252.2 cel:CELE_W03G1.7 cel:CELE_ZK455.4" type="gene"
        link="http://www.kegg.jp/dbget-bin/www_bget?cel:CELE_B0252.2+cel:CELE_W03G1.7+cel:CELE_ZK455.4">
        <graphics name="asm-1..." fgcolor="#000000" bgcolor="#BFFFBF"
             type="rectangle" x="1072" y="340" width="46" height="17"/>
    </entry>
    <entry id="34" name="cel:CELE_K11D2.2" type="gene"
        link="http://www.kegg.jp/dbget-bin/www_bget?cel:CELE_K11D2.2">
        <graphics name="asah-1" fgcolor="#000000" bgcolor="#BFFFBF"
             type="rectangle" x="1182" y="340" width="46" height="17"/>
    </entry>
    <entry id="35" name="cel:CELE_R04B3.2" type="gene"
        link="http://www.kegg.jp/dbget-bin/www_bget?cel:CELE_R04B3.2">
        <graphics name="R04B3.2" fgcolor="#000000" bgcolor="#BFFFBF"
             type="rectangle" x="1292" y="340" width="46" height="17"/>
    </entry>
    <entry id="36" name="path:cel04144" type="map"
        link="http://www.kegg.jp/dbget-bin/www_bget?cel04144">
        <graphics name="Endocytosis" fgcolor="#000000" bgcolor="#FFFFFF"
             type="roundrectangle" x="155" y="422" width="92" height="25"/>
    </entry>
    <entry id="37" name="path:cel00531" type="map"
        link="http://www.kegg.jp/dbget-bin/www_bget?cel00531">
        <graphics name="Glycosaminoglycan degradation" fgcolor="#000000" bgcolor="#FFFFFF"
             type="roundrectangle" x="794" y="524" width="120" height="34"/>
    </entry>
    <entry id="38" name="ko:K14410" type="ortholog"
        link="http://www.kegg.jp/dbget-bin/www_bget?K14410">
        <graphics name="K14410" fgcolor="#000000" bgcolor="#FFFFFF"
             type="rectangle" x="1182" y="529" width="46" height="17"/>
    </entry>
    <entry id="39" name="ko:K08239 ko:K10087" type="ortholog"
        link="http://www.kegg.jp/dbget-bin/www_bget?K08239+K10087">
        <graphics name="K08239..." fgcolor="#000000" bgcolor="#FFFFFF"
             type="rectangle" x="150" y="805" width="46" height="17"/>
    </entry>
    <entry id="40" name="ko:K12383" type="ortholog"
        link="http://www.kegg.jp/dbget-bin/www_bget?K12383">
        <graphics name="K12383" fgcolor="#000000" bgcolor="#FFFFFF"
             type="rectangle" x="1127" y="381" width="46" height="17"/>
    </entry>
    <entry id="41" name="cel:CELE_C28C12.7" type="gene"
        link="http://www.kegg.jp/dbget-bin/www_bget?cel:CELE_C28C12.7">
        <graphics name="spp-10" fgcolor="#000000" bgcolor="#BFFFBF"
             type="rectangle" x="1072" y="381" width="46" height="17"/>
    </entry>
    <entry id="42" name="cel:CELE_F44C4.5" type="gene"
        link="http://www.kegg.jp/dbget-bin/www_bget?cel:CELE_F44C4.5">
        <graphics name="ppt-1" fgcolor="#000000" bgcolor="#BFFFBF"
             type="rectangle" x="1182" y="381" width="46" height="17"/>
    </entry>
    <entry id="43" name="cel:CELE_C03B1.12" type="gene"
        link="http://www.kegg.jp/dbget-bin/www_bget?cel:CELE_C03B1.12">
        <graphics name="lmp-1" fgcolor="#000000" bgcolor="#BFFFBF"
             type="rectangle" x="1072" y="464" width="46" height="17"/>
    </entry>
    <entry id="44" name="cel:CELE_T23D8.2 cel:CELE_Y49E10.20" type="gene"
        link="http://www.kegg.jp/dbget-bin/www_bget?cel:CELE_T23D8.2+cel:CELE_Y49E10.20">
        <graphics name="tsp-7..." fgcolor="#000000" bgcolor="#BFFFBF"
             type="rectangle" x="1127" y="464" width="46" height="17"/>
    </entry>
    <entry id="45" name="cel:CELE_C41C4.7" type="gene"
        link="http://www.kegg.jp/dbget-bin/www_bget?cel:CELE_C41C4.7">
        <graphics name="ctns-1" fgcolor="#000000" bgcolor="#BFFFBF"
             type="rectangle" x="1127" y="506" width="46" height="17"/>
    </entry>
    <entry id="46" name="ko:K12301" type="ortholog"
        link="http://www.kegg.jp/dbget-bin/www_bget?K12301">
        <graphics name="K12301" fgcolor="#000000" bgcolor="#FFFFFF"
             type="rectangle" x="1182" y="506" width="46" height="17"/>
    </entry>
    <entry id="47" name="ko:K12387" type="ortholog"
        link="http://www.kegg.jp/dbget-bin/www_bget?K12387">
        <graphics name="K12387" fgcolor="#000000" bgcolor="#FFFFFF"
             type="rectangle" x="1292" y="506" width="46" height="17"/>
    </entry>
    <entry id="48" name="cel:CELE_Y50E8A.16 cel:CELE_ZK484.2" type="gene"
        link="http://www.kegg.jp/dbget-bin/www_bget?cel:CELE_Y50E8A.16+cel:CELE_ZK484.2">
        <graphics name="haf-7..." fgcolor="#000000" bgcolor="#BFFFBF"
             type="rectangle" x="1127" y="529" width="46" height="17"/>
    </entry>
    <entry id="49" name="ko:K05642" type="ortholog"
        link="http://www.kegg.jp/dbget-bin/www_bget?K05642">
        <graphics name="K05642" fgcolor="#000000" bgcolor="#FFFFFF"
             type="rectangle" x="1072" y="529" width="46" height="17"/>
    </entry>
    <entry id="50" name="cel:CELE_K11G12.3 cel:CELE_K11G12.4 cel:CELE_Y69A2AR.4" type="gene"
        link="http://www.kegg.jp/dbget-bin/www_bget?cel:CELE_K11G12.3+cel:CELE_K11G12.4+cel:CELE_Y69A2AR.4">
        <graphics name="smf-2..." fgcolor="#000000" bgcolor="#BFFFBF"
             type="rectangle" x="1237" y="506" width="46" height="17"/>
    </entry>
    <entry id="51" name="cel:CELE_F02E8.6 cel:CELE_R148.6" type="gene"
        link="http://www.kegg.jp/dbget-bin/www_bget?cel:CELE_F02E8.6+cel:CELE_R148.6">
        <graphics name="ncr-1..." fgcolor="#000000" bgcolor="#BFFFBF"
             type="rectangle" x="1072" y="506" width="46" height="17"/>
    </entry>
    <entry id="52" name="cel:CELE_F07B10.1" type="gene"
        link="http://www.kegg.jp/dbget-bin/www_bget?cel:CELE_F07B10.1">
        <graphics name="cln-3.1" fgcolor="#000000" bgcolor="#BFFFBF"
             type="rectangle" x="1127" y="552" width="46" height="17"/>
    </entry>
    <entry id="53" name="ko:K12390" type="ortholog"
        link="http://www.kegg.jp/dbget-bin/www_bget?K12390">
        <graphics name="K12390" fgcolor="#000000" bgcolor="#FFFFFF"
             type="rectangle" x="1182" y="552" width="46" height="17"/>
    </entry>
    <entry id="54" name="ko:K06546" type="ortholog"
        link="http://www.kegg.jp/dbget-bin/www_bget?K06546">
        <graphics name="K06546" fgcolor="#000000" bgcolor="#FFFFFF"
             type="rectangle" x="1237" y="529" width="46" height="17"/>
    </entry>
    <entry id="55" name="cel:CELE_R07E4.4" type="gene"
        link="http://www.kegg.jp/dbget-bin/www_bget?cel:CELE_R07E4.4">
        <graphics name="mig-23" fgcolor="#000000" bgcolor="#BFFFBF"
             type="rectangle" x="1292" y="529" width="46" height="17"/>
    </entry>
    <entry id="56" name="ko:K12388" type="ortholog"
        link="http://www.kegg.jp/dbget-bin/www_bget?K12388">
        <graphics name="K12388" fgcolor="#000000" bgcolor="#FFFFFF"
             type="rectangle" x="1072" y="552" width="46" height="17"/>
    </entry>
    <entry id="57" name="cel:CELE_Y53G8AR.7" type="gene"
        link="http://www.kegg.jp/dbget-bin/www_bget?cel:CELE_Y53G8AR.7">
        <graphics name="Y53G8AR.7" fgcolor="#000000" bgcolor="#BFFFBF"
             type="rectangle" x="1237" y="552" width="46" height="17"/>
    </entry>
    <entry id="58" name="ko:K10532" type="ortholog"
        link="http://www.kegg.jp/dbget-bin/www_bget?K10532">
        <graphics name="K10532" fgcolor="#000000" bgcolor="#FFFFFF"
             type="rectangle" x="1292" y="552" width="46" height="17"/>
    </entry>
    <entry id="59" name="cpd:C00159" type="compound"
        link="http://www.kegg.jp/dbget-bin/www_bget?C00159">
        <graphics name="C00159" fgcolor="#000000" bgcolor="#FFFFFF"
             type="circle" x="219" y="763" width="8" height="8"/>
    </entry>
    <entry id="60" name="cel:CELE_T20G5.1" type="gene"
        link="http://www.kegg.jp/dbget-bin/www_bget?cel:CELE_T20G5.1">
        <graphics name="chc-1" fgcolor="#000000" bgcolor="#BFFFBF"
             type="rectangle" x="483" y="829" width="46" height="17"/>
    </entry>
    <entry id="61" name="ko:K06564 ko:K10089" type="ortholog"
        link="http://www.kegg.jp/dbget-bin/www_bget?K06564+K10089">
        <graphics name="K06564..." fgcolor="#000000" bgcolor="#FFFFFF"
             type="rectangle" x="483" y="736" width="46" height="17"/>
    </entry>
    <entry id="62" name="ko:K01125" type="ortholog"
        link="http://www.kegg.jp/dbget-bin/www_bget?K01125">
        <graphics name="K01125" fgcolor="#000000" bgcolor="#FFFFFF"
             type="rectangle" x="150" y="825" width="46" height="17"/>
    </entry>
    <entry id="63" name="cpd:C00159" type="compound"
        link="http://www.kegg.jp/dbget-bin/www_bget?C00159">
        <graphics name="C00159" fgcolor="#000000" bgcolor="#FFFFFF"
             type="circle" x="960" y="848" width="8" height="8"/>
    </entry>
    <entry id="64" name="cel:CELE_F29G9.3 cel:CELE_F55A12.7 cel:CELE_K11D2.3 cel:CELE_Y105E8A.9" type="gene"
        link="http://www.kegg.jp/dbget-bin/www_bget?cel:CELE_F29G9.3+cel:CELE_F55A12.7+cel:CELE_K11D2.3+cel:CELE_Y105E8A.9">
        <graphics name="aps-1..." fgcolor="#000000" bgcolor="#BFFFBF"
             type="rectangle" x="553" y="806" width="46" height="17"/>
    </entry>
    <entry id="65" name="cel:CELE_F53H8.1 cel:CELE_W09G10.4 cel:CELE_Y48G8AL.14" type="gene"
        link="http://www.kegg.jp/dbget-bin/www_bget?cel:CELE_F53H8.1+cel:CELE_W09G10.4+cel:CELE_Y48G8AL.14">
        <graphics name="apm-3..." fgcolor="#000000" bgcolor="#BFFFBF"
             type="rectangle" x="604" y="806" width="46" height="17"/>
    </entry>
    <entry id="66" name="cel:CELE_F29G9.3 cel:CELE_F55A12.7 cel:CELE_K11D2.3 cel:CELE_Y105E8A.9" type="gene"
        link="http://www.kegg.jp/dbget-bin/www_bget?cel:CELE_F29G9.3+cel:CELE_F55A12.7+cel:CELE_K11D2.3+cel:CELE_Y105E8A.9">
        <graphics name="aps-1..." fgcolor="#000000" bgcolor="#BFFFBF"
             type="rectangle" x="754" y="876" width="46" height="17"/>
    </entry>
    <entry id="67" name="cel:CELE_C26H9A.1 cel:CELE_C30F8.2 cel:CELE_F35H10.4 cel:CELE_F52E1.10 cel:CELE_R10E11.2 cel:CELE_R10E11.8 cel:CELE_T01H3.1 cel:CELE_T14F9.1 cel:CELE_VW02B12L.1 cel:CELE_Y38F2AL.4 cel:CELE_Y55H10A.1 cel:CELE_ZK637.8" type="gene"
        link="http://www.kegg.jp/dbget-bin/www_bget?cel:CELE_C26H9A.1+cel:CELE_C30F8.2+cel:CELE_F35H10.4+cel:CELE_F52E1.10+cel:CELE_R10E11.2+cel:CELE_R10E11.8+cel:CELE_T01H3.1+cel:CELE_T14F9.1+cel:CELE_VW02B12L.1+cel:CELE_Y38F2AL.4+cel:CELE_Y55H10A.1+cel:CELE_ZK637.8">
        <graphics name="vha-7..." fgcolor="#000000" bgcolor="#BFFFBF"
             type="rectangle" x="989" y="773" width="46" height="17"/>
    </entry>
    <entry id="68" name="path:cel04130" type="map"
        link="http://www.kegg.jp/dbget-bin/www_bget?cel04130">
        <graphics name="SNARE interactions in vesicular transport" fgcolor="#000000" bgcolor="#FFFFFF"
             type="roundrectangle" x="125" y="871" width="108" height="35"/>
    </entry>
    <entry id="69" name="cel:CELE_W04G3.4" type="gene"
        link="http://www.kegg.jp/dbget-bin/www_bget?cel:CELE_W04G3.4">
        <graphics name="apt-9" fgcolor="#000000" bgcolor="#BFFFBF"
             type="rectangle" x="553" y="826" width="46" height="17"/>
    </entry>
    <entry id="70" name="cel:CELE_F53H8.1 cel:CELE_W09G10.4 cel:CELE_Y48G8AL.14" type="gene"
        link="http://www.kegg.jp/dbget-bin/www_bget?cel:CELE_F53H8.1+cel:CELE_W09G10.4+cel:CELE_Y48G8AL.14">
        <graphics name="apm-3..." fgcolor="#000000" bgcolor="#BFFFBF"
             type="rectangle" x="1063" y="810" width="46" height="17"/>
    </entry>
    <entry id="71" name="cel:CELE_F02E9.7" type="gene"
        link="http://www.kegg.jp/dbget-bin/www_bget?cel:CELE_F02E9.7">
        <graphics name="F02E9.7" fgcolor="#000000" bgcolor="#BFFFBF"
             type="rectangle" x="1292" y="298" width="46" height="17"/>
    </entry>
    <entry id="72" name="ko:K12400 ko:K12401 ko:K12402 ko:K12403" type="ortholog"
        link="http://www.kegg.jp/dbget-bin/www_bget?K12400+K12401+K12402+K12403">
        <graphics name="K12400..." fgcolor="#000000" bgcolor="#FFFFFF"
             type="rectangle" x="604" y="826" width="46" height="17"/>
    </entry>
    <entry id="73" name="path:cel00511" type="map"
        link="http://www.kegg.jp/dbget-bin/www_bget?cel00511">
        <graphics name="Other glycan degradation" fgcolor="#000000" bgcolor="#FFFFFF"
             type="roundrectangle" x="793" y="570" width="120" height="34"/>
    </entry>
    <entry id="75" name="ko:K13444" type="ortholog"
        link="http://www.kegg.jp/dbget-bin/www_bget?K13444">
        <graphics name="K13444" fgcolor="#000000" bgcolor="#FFFFFF"
             type="rectangle" x="121" y="723" width="46" height="17"/>
    </entry>
    <entry id="76" name="ko:K04992" type="ortholog"
        link="http://www.kegg.jp/dbget-bin/www_bget?K04992">
        <graphics name="K04992" fgcolor="#000000" bgcolor="#FFFFFF"
             type="rectangle" x="669" y="444" width="46" height="17"/>
    </entry>
    <entry id="77" name="ko:K04992" type="ortholog"
        link="http://www.kegg.jp/dbget-bin/www_bget?K04992">
        <graphics name="K04992" fgcolor="#000000" bgcolor="#FFFFFF"
             type="rectangle" x="1072" y="575" width="46" height="17"/>
    </entry>
    <entry id="78" name="cpd:C00275" type="compound"
        link="http://www.kegg.jp/dbget-bin/www_bget?C00275">
        <graphics name="C00275" fgcolor="#000000" bgcolor="#FFFFFF"
             type="circle" x="223" y="833" width="8" height="8"/>
    </entry>
    <entry id="79" name="cpd:C00275" type="compound"
        link="http://www.kegg.jp/dbget-bin/www_bget?C00275">
        <graphics name="C00275" fgcolor="#000000" bgcolor="#FFFFFF"
             type="circle" x="415" y="797" width="8" height="8"/>
    </entry>
    <entry id="80" name="cpd:C00275" type="compound"
        link="http://www.kegg.jp/dbget-bin/www_bget?C00275">
        <graphics name="C00275" fgcolor="#000000" bgcolor="#FFFFFF"
             type="circle" x="638" y="754" width="8" height="8"/>
    </entry>
    <entry id="81" name="cpd:C00275" type="compound"
        link="http://www.kegg.jp/dbget-bin/www_bget?C00275">
        <graphics name="C00275" fgcolor="#000000" bgcolor="#FFFFFF"
             type="circle" x="858" y="757" width="8" height="8"/>
    </entry>
    <entry id="82" name="cpd:C00275" type="compound"
        link="http://www.kegg.jp/dbget-bin/www_bget?C00275">
        <graphics name="C00275" fgcolor="#000000" bgcolor="#FFFFFF"
             type="circle" x="939" y="782" width="8" height="8"/>
    </entry>
    <entry id="83" name="cel:CELE_F36G3.3" type="gene"
        link="http://www.kegg.jp/dbget-bin/www_bget?cel:CELE_F36G3.3">
        <graphics name="F36G3.3" fgcolor="#000000" bgcolor="#BFFFBF"
             type="rectangle" x="1127" y="575" width="46" height="17"/>
    </entry>
</pathway>
