<?xml version="1.0"?>
<!DOCTYPE pathway SYSTEM "http://www.kegg.jp/kegg/xml/KGML_v0.7.1_.dtd">
<!-- Creation date: May 15, 2014 10:18:32 +0900 (GMT+09:00) -->
<pathway name="path:cel04122" org="cel" number="04122"
         title="Sulfur relay system"
         image="http://www.kegg.jp/kegg/pathway/cel/cel04122.png"
         link="http://www.kegg.jp/kegg-bin/show_pathway?cel04122">
    <entry id="1" name="path:cel04122" type="map"
        link="http://www.kegg.jp/dbget-bin/www_bget?cel04122">
        <graphics name="TITLE:Sulfur relay system" fgcolor="#000000" bgcolor="#FFFFFF"
             type="roundrectangle" x="140" y="58" width="200" height="25"/>
    </entry>
    <entry id="2" name="cpd:C00097" type="compound"
        link="http://www.kegg.jp/dbget-bin/www_bget?C00097">
        <graphics name="C00097" fgcolor="#000000" bgcolor="#FFFFFF"
             type="circle" x="184" y="269" width="8" height="8"/>
    </entry>
    <entry id="3" name="cpd:C00041" type="compound"
        link="http://www.kegg.jp/dbget-bin/www_bget?C00041">
        <graphics name="C00041" fgcolor="#000000" bgcolor="#FFFFFF"
             type="circle" x="217" y="270" width="8" height="8"/>
    </entry>
    <entry id="4" name="cel:CELE_F42G8.6" type="gene"
        link="http://www.kegg.jp/dbget-bin/www_bget?cel:CELE_F42G8.6">
        <graphics name="moc-3" fgcolor="#000000" bgcolor="#BFFFBF"
             type="rectangle" x="294" y="471" width="46" height="17"/>
    </entry>
    <entry id="5" name="ko:K12161" type="ortholog"
        link="http://www.kegg.jp/dbget-bin/www_bget?K12161">
        <graphics name="K12161" fgcolor="#000000" bgcolor="#FFFFFF"
             type="rectangle" x="200" y="471" width="46" height="17"/>
    </entry>
    <entry id="6" name="cel:CELE_B0205.6" type="gene"
        link="http://www.kegg.jp/dbget-bin/www_bget?cel:CELE_B0205.6">
        <graphics name="CELE_B0205.6" fgcolor="#000000" bgcolor="#BFFFBF"
             type="rectangle" x="293" y="398" width="46" height="17"/>
    </entry>
    <entry id="7" name="cel:CELE_F29F11.3" type="gene"
        link="http://www.kegg.jp/dbget-bin/www_bget?cel:CELE_F29F11.3">
        <graphics name="tut-2" fgcolor="#000000" bgcolor="#BFFFBF"
             type="rectangle" x="385" y="457" width="46" height="17"/>
    </entry>
    <entry id="8" name="cel:CELE_F29C4.6" type="gene"
        link="http://www.kegg.jp/dbget-bin/www_bget?cel:CELE_F29C4.6">
        <graphics name="tut-1" fgcolor="#000000" bgcolor="#BFFFBF"
             type="rectangle" x="385" y="440" width="46" height="17"/>
    </entry>
    <entry id="9" name="cel:CELE_D2023.5 cel:CELE_F11G11.9 cel:CELE_H12D21.4" type="gene"
        link="http://www.kegg.jp/dbget-bin/www_bget?cel:CELE_D2023.5+cel:CELE_F11G11.9+cel:CELE_H12D21.4">
        <graphics name="mpst-1..." fgcolor="#000000" bgcolor="#BFFFBF"
             type="rectangle" x="292" y="434" width="46" height="17"/>
    </entry>
    <entry id="10" name="ko:K14171" type="ortholog"
        link="http://www.kegg.jp/dbget-bin/www_bget?K14171">
        <graphics name="K14171" fgcolor="#000000" bgcolor="#FFFFFF"
             type="rectangle" x="386" y="504" width="46" height="17"/>
    </entry>
    <entry id="11" name="path:cel04120" type="map"
        link="http://www.kegg.jp/dbget-bin/www_bget?cel04120">
        <graphics name="Ubiquitin mediated proteolysis" fgcolor="#000000" bgcolor="#FFFFFF"
             type="roundrectangle" x="58" y="141" width="95" height="34"/>
    </entry>
    <entry id="12" name="ko:K04085" type="ortholog"
        link="http://www.kegg.jp/dbget-bin/www_bget?K04085">
        <graphics name="K04085" fgcolor="#000000" bgcolor="#FFFFFF"
             type="rectangle" x="294" y="628" width="46" height="17"/>
    </entry>
    <entry id="13" name="cel:CELE_B0205.6" type="gene"
        link="http://www.kegg.jp/dbget-bin/www_bget?cel:CELE_B0205.6">
        <graphics name="CELE_B0205.6" fgcolor="#000000" bgcolor="#BFFFBF"
             type="rectangle" x="294" y="592" width="46" height="17"/>
    </entry>
    <entry id="14" name="cpd:C00868" type="compound"
        link="http://www.kegg.jp/dbget-bin/www_bget?C00868">
        <graphics name="C00868" fgcolor="#000000" bgcolor="#FFFFFF"
             type="circle" x="461" y="456" width="8" height="8"/>
    </entry>
    <entry id="15" name="cpd:C17322" type="compound"
        link="http://www.kegg.jp/dbget-bin/www_bget?C17322">
        <graphics name="C17322" fgcolor="#000000" bgcolor="#FFFFFF"
             type="circle" x="504" y="467" width="8" height="8"/>
    </entry>
    <entry id="16" name="ko:K07237" type="ortholog"
        link="http://www.kegg.jp/dbget-bin/www_bget?K07237">
        <graphics name="K07237" fgcolor="#000000" bgcolor="#FFFFFF"
             type="rectangle" x="200" y="683" width="46" height="17"/>
    </entry>
    <entry id="17" name="ko:K07236" type="ortholog"
        link="http://www.kegg.jp/dbget-bin/www_bget?K07236">
        <graphics name="K07236" fgcolor="#000000" bgcolor="#FFFFFF"
             type="rectangle" x="294" y="683" width="46" height="17"/>
    </entry>
    <entry id="18" name="ko:K07235" type="ortholog"
        link="http://www.kegg.jp/dbget-bin/www_bget?K07235">
        <graphics name="K07235" fgcolor="#000000" bgcolor="#FFFFFF"
             type="rectangle" x="294" y="666" width="46" height="17"/>
    </entry>
    <entry id="19" name="cpd:C00868" type="compound"
        link="http://www.kegg.jp/dbget-bin/www_bget?C00868">
        <graphics name="C00868" fgcolor="#000000" bgcolor="#FFFFFF"
             type="circle" x="462" y="654" width="8" height="8"/>
    </entry>
    <entry id="20" name="cpd:C17322" type="compound"
        link="http://www.kegg.jp/dbget-bin/www_bget?C17322">
        <graphics name="C17322" fgcolor="#000000" bgcolor="#FFFFFF"
             type="circle" x="504" y="662" width="8" height="8"/>
    </entry>
    <entry id="21" name="ko:K11179" type="ortholog"
        link="http://www.kegg.jp/dbget-bin/www_bget?K11179">
        <graphics name="K11179" fgcolor="#000000" bgcolor="#FFFFFF"
             type="rectangle" x="364" y="666" width="46" height="17"/>
    </entry>
    <entry id="22" name="ko:K03154" type="ortholog"
        link="http://www.kegg.jp/dbget-bin/www_bget?K03154">
        <graphics name="K03154" fgcolor="#000000" bgcolor="#FFFFFF"
             type="rectangle" x="724" y="756" width="46" height="17"/>
    </entry>
    <entry id="23" name="ko:K03148" type="ortholog"
        link="http://www.kegg.jp/dbget-bin/www_bget?K03148">
        <graphics name="K03148" fgcolor="#000000" bgcolor="#FFFFFF"
             type="rectangle" x="818" y="756" width="46" height="17"/>
    </entry>
    <entry id="24" name="cel:CELE_B0035.16" type="gene"
        link="http://www.kegg.jp/dbget-bin/www_bget?cel:CELE_B0035.16">
        <graphics name="CELE_B0035.16" fgcolor="#000000" bgcolor="#BFFFBF"
             type="rectangle" x="429" y="666" width="46" height="17"/>
    </entry>
    <entry id="25" name="cel:CELE_B0205.6" type="gene"
        link="http://www.kegg.jp/dbget-bin/www_bget?cel:CELE_B0205.6">
        <graphics name="CELE_B0205.6" fgcolor="#000000" bgcolor="#BFFFBF"
             type="rectangle" x="818" y="683" width="46" height="17"/>
    </entry>
    <entry id="26" name="ko:K03151" type="ortholog"
        link="http://www.kegg.jp/dbget-bin/www_bget?K03151">
        <graphics name="K03151" fgcolor="#000000" bgcolor="#FFFFFF"
             type="rectangle" x="818" y="720" width="46" height="17"/>
    </entry>
    <entry id="27" name="path:cel00730" type="map"
        link="http://www.kegg.jp/dbget-bin/www_bget?cel00730">
        <graphics name="Thiamine metabolism" fgcolor="#000000" bgcolor="#FFFFFF"
             type="roundrectangle" x="929" y="729" width="92" height="34"/>
    </entry>
    <entry id="28" name="cel:CELE_B0205.6" type="gene"
        link="http://www.kegg.jp/dbget-bin/www_bget?cel:CELE_B0205.6">
        <graphics name="CELE_B0205.6" fgcolor="#000000" bgcolor="#BFFFBF"
             type="rectangle" x="818" y="552" width="46" height="17"/>
    </entry>
    <entry id="29" name="cel:CELE_K10D2.7 cel:CELE_T27A3.6" type="gene"
        link="http://www.kegg.jp/dbget-bin/www_bget?cel:CELE_K10D2.7+cel:CELE_T27A3.6">
        <graphics name="K10D2.7..." fgcolor="#000000" bgcolor="#BFFFBF"
             type="rectangle" x="888" y="588" width="46" height="17"/>
    </entry>
    <entry id="30" name="ko:K03636" type="ortholog"
        link="http://www.kegg.jp/dbget-bin/www_bget?K03636">
        <graphics name="K03636" fgcolor="#000000" bgcolor="#FFFFFF"
             type="rectangle" x="724" y="588" width="46" height="17"/>
    </entry>
    <entry id="31" name="cel:CELE_F42G8.6" type="gene"
        link="http://www.kegg.jp/dbget-bin/www_bget?cel:CELE_F42G8.6">
        <graphics name="moc-3" fgcolor="#000000" bgcolor="#BFFFBF"
             type="rectangle" x="818" y="588" width="46" height="17"/>
    </entry>
    <entry id="32" name="cpd:C00378" type="compound"
        link="http://www.kegg.jp/dbget-bin/www_bget?C00378">
        <graphics name="C00378" fgcolor="#000000" bgcolor="#FFFFFF"
             type="circle" x="1037" y="756" width="8" height="8"/>
    </entry>
    <entry id="33" name="cpd:C05924" type="compound"
        link="http://www.kegg.jp/dbget-bin/www_bget?C05924">
        <graphics name="C05924" fgcolor="#000000" bgcolor="#FFFFFF"
             type="circle" x="1038" y="589" width="8" height="8"/>
    </entry>
    <entry id="34" name="cpd:C18239" type="compound"
        link="http://www.kegg.jp/dbget-bin/www_bget?C18239">
        <graphics name="C18239" fgcolor="#000000" bgcolor="#FFFFFF"
             type="circle" x="986" y="573" width="8" height="8"/>
    </entry>
    <entry id="35" name="cpd:C00044" type="compound"
        link="http://www.kegg.jp/dbget-bin/www_bget?C00044">
        <graphics name="C00044" fgcolor="#000000" bgcolor="#FFFFFF"
             type="circle" x="858" y="569" width="8" height="8"/>
    </entry>
    <entry id="36" name="cpd:C00019" type="compound"
        link="http://www.kegg.jp/dbget-bin/www_bget?C00019">
        <graphics name="C00019" fgcolor="#000000" bgcolor="#FFFFFF"
             type="circle" x="882" y="556" width="8" height="8"/>
    </entry>
    <entry id="37" name="cpd:C18237" type="compound"
        link="http://www.kegg.jp/dbget-bin/www_bget?C18237">
        <graphics name="C18237" fgcolor="#000000" bgcolor="#FFFFFF"
             type="circle" x="1182" y="585" width="8" height="8"/>
    </entry>
    <entry id="38" name="ko:K03637" type="ortholog"
        link="http://www.kegg.jp/dbget-bin/www_bget?K03637">
        <graphics name="K03637" fgcolor="#000000" bgcolor="#FFFFFF"
             type="rectangle" x="940" y="566" width="46" height="17"/>
    </entry>
    <entry id="39" name="cel:CELE_B0205.6" type="gene"
        link="http://www.kegg.jp/dbget-bin/www_bget?cel:CELE_B0205.6">
        <graphics name="CELE_B0205.6" fgcolor="#000000" bgcolor="#BFFFBF"
             type="rectangle" x="818" y="435" width="46" height="17"/>
    </entry>
    <entry id="40" name="cel:CELE_K10D2.7 cel:CELE_T27A3.6" type="gene"
        link="http://www.kegg.jp/dbget-bin/www_bget?cel:CELE_K10D2.7+cel:CELE_T27A3.6">
        <graphics name="K10D2.7..." fgcolor="#000000" bgcolor="#BFFFBF"
             type="rectangle" x="724" y="471" width="46" height="17"/>
    </entry>
    <entry id="41" name="cel:CELE_F42G8.6" type="gene"
        link="http://www.kegg.jp/dbget-bin/www_bget?cel:CELE_F42G8.6">
        <graphics name="moc-3" fgcolor="#000000" bgcolor="#BFFFBF"
             type="rectangle" x="818" y="471" width="46" height="17"/>
    </entry>
    <entry id="42" name="cpd:C05924" type="compound"
        link="http://www.kegg.jp/dbget-bin/www_bget?C05924">
        <graphics name="C05924" fgcolor="#000000" bgcolor="#FFFFFF"
             type="circle" x="1039" y="470" width="8" height="8"/>
    </entry>
    <entry id="43" name="cpd:C18239" type="compound"
        link="http://www.kegg.jp/dbget-bin/www_bget?C18239">
        <graphics name="C18239" fgcolor="#000000" bgcolor="#FFFFFF"
             type="circle" x="987" y="455" width="8" height="8"/>
    </entry>
    <entry id="44" name="cpd:C00044" type="compound"
        link="http://www.kegg.jp/dbget-bin/www_bget?C00044">
        <graphics name="C00044" fgcolor="#000000" bgcolor="#FFFFFF"
             type="circle" x="858" y="452" width="8" height="8"/>
    </entry>
    <entry id="45" name="cpd:C00019" type="compound"
        link="http://www.kegg.jp/dbget-bin/www_bget?C00019">
        <graphics name="C00019" fgcolor="#000000" bgcolor="#FFFFFF"
             type="circle" x="880" y="438" width="8" height="8"/>
    </entry>
    <entry id="46" name="cpd:C18237" type="compound"
        link="http://www.kegg.jp/dbget-bin/www_bget?C18237">
        <graphics name="C18237" fgcolor="#000000" bgcolor="#FFFFFF"
             type="circle" x="1182" y="468" width="8" height="8"/>
    </entry>
    <entry id="47" name="cel:CELE_F49E2.1 cel:CELE_F49H6.5" type="gene"
        link="http://www.kegg.jp/dbget-bin/www_bget?cel:CELE_F49E2.1+cel:CELE_F49H6.5">
        <graphics name="F49E2.1..." fgcolor="#000000" bgcolor="#BFFFBF"
             type="rectangle" x="937" y="451" width="46" height="17"/>
    </entry>
    <entry id="48" name="cel:CELE_F49E2.1 cel:CELE_F49H6.5" type="gene"
        link="http://www.kegg.jp/dbget-bin/www_bget?cel:CELE_F49E2.1+cel:CELE_F49H6.5">
        <graphics name="F49E2.1..." fgcolor="#000000" bgcolor="#BFFFBF"
             type="rectangle" x="939" y="544" width="46" height="17"/>
    </entry>
    <entry id="49" name="cpd:C00097" type="compound"
        link="http://www.kegg.jp/dbget-bin/www_bget?C00097">
        <graphics name="C00097" fgcolor="#000000" bgcolor="#FFFFFF"
             type="circle" x="761" y="272" width="8" height="8"/>
    </entry>
    <entry id="50" name="cpd:C00041" type="compound"
        link="http://www.kegg.jp/dbget-bin/www_bget?C00041">
        <graphics name="C00041" fgcolor="#000000" bgcolor="#FFFFFF"
             type="circle" x="794" y="273" width="8" height="8"/>
    </entry>
    <entry id="51" name="ko:K03831" type="ortholog"
        link="http://www.kegg.jp/dbget-bin/www_bget?K03831">
        <graphics name="K03831" fgcolor="#000000" bgcolor="#FFFFFF"
             type="rectangle" x="989" y="589" width="46" height="17"/>
    </entry>
    <entry id="52" name="cel:CELE_K10D2.7 cel:CELE_T27A3.6" type="gene"
        link="http://www.kegg.jp/dbget-bin/www_bget?cel:CELE_K10D2.7+cel:CELE_T27A3.6">
        <graphics name="K10D2.7..." fgcolor="#000000" bgcolor="#BFFFBF"
             type="rectangle" x="887" y="471" width="46" height="17"/>
    </entry>
    <relation entry1="6" entry2="9" type="PPrel">
        <subtype name="activation" value="--&gt;"/>
    </relation>
    <relation entry1="9" entry2="4" type="PPrel">
        <subtype name="activation" value="--&gt;"/>
    </relation>
    <relation entry1="39" entry2="41" type="PPrel">
        <subtype name="activation" value="--&gt;"/>
    </relation>
    <relation entry1="28" entry2="31" type="PPrel">
        <subtype name="activation" value="--&gt;"/>
    </relation>
    <relation entry1="8" entry2="7" type="PPrel">
        <subtype name="activation" value="--&gt;"/>
    </relation>
    <relation entry1="40" entry2="41" type="PPrel">
        <subtype name="binding/association" value="---"/>
    </relation>
    <relation entry1="40" entry2="52" type="PPrel">
        <subtype name="binding/association" value="---"/>
    </relation>
</pathway>
