<?xml version="1.0"?>
<!DOCTYPE pathway SYSTEM "http://www.kegg.jp/kegg/xml/KGML_v0.7.1_.dtd">
<!-- Creation date: Oct 27, 2015 10:48:13 +0900 (GMT+9) -->
<pathway name="path:cel00260" org="cel" number="00260"
         title="Glycine, serine and threonine metabolism"
         image="http://www.kegg.jp/kegg/pathway/cel/cel00260.png"
         link="http://www.kegg.jp/kegg-bin/show_pathway?cel00260">
    <entry id="46" name="ko:K17755" type="ortholog" reaction="rn:R08211"
        link="http://www.kegg.jp/dbget-bin/www_bget?K17755">
        <graphics name="K17755" fgcolor="#000000" bgcolor="#FFFFFF"
             type="rectangle" x="162" y="547" width="46" height="17"/>
    </entry>
    <entry id="47" name="ko:K12235" type="ortholog" reaction="rn:R00589"
        link="http://www.kegg.jp/dbget-bin/www_bget?K12235">
        <graphics name="K12235" fgcolor="#000000" bgcolor="#FFFFFF"
             type="rectangle" x="688" y="222" width="46" height="17"/>
    </entry>
    <entry id="48" name="cpd:C16432" type="compound"
        link="http://www.kegg.jp/dbget-bin/www_bget?C16432">
        <graphics name="C16432" fgcolor="#000000" bgcolor="#FFFFFF"
             type="circle" x="1079" y="930" width="8" height="8"/>
    </entry>
    <entry id="49" name="ko:K10674" type="ortholog" reaction="rn:R08050"
        link="http://www.kegg.jp/dbget-bin/www_bget?K10674">
        <graphics name="K10674" fgcolor="#000000" bgcolor="#FFFFFF"
             type="rectangle" x="1023" y="930" width="46" height="17"/>
    </entry>
    <entry id="50" name="ko:K00499" type="ortholog" reaction="rn:R07409"
        link="http://www.kegg.jp/dbget-bin/www_bget?K00499">
        <graphics name="K00499" fgcolor="#000000" bgcolor="#FFFFFF"
             type="rectangle" x="99" y="464" width="46" height="17"/>
    </entry>
    <entry id="51" name="cpd:C06231" type="compound"
        link="http://www.kegg.jp/dbget-bin/www_bget?C06231">
        <graphics name="C06231" fgcolor="#000000" bgcolor="#FFFFFF"
             type="circle" x="978" y="930" width="8" height="8"/>
    </entry>
    <entry id="52" name="cpd:C06442" type="compound"
        link="http://www.kegg.jp/dbget-bin/www_bget?C06442">
        <graphics name="C06442" fgcolor="#000000" bgcolor="#FFFFFF"
             type="circle" x="861" y="930" width="8" height="8"/>
    </entry>
    <entry id="53" name="cpd:C03283" type="compound"
        link="http://www.kegg.jp/dbget-bin/www_bget?C03283">
        <graphics name="C03283" fgcolor="#000000" bgcolor="#FFFFFF"
             type="circle" x="734" y="930" width="8" height="8"/>
    </entry>
    <entry id="54" name="ko:K06720" type="ortholog" reaction="rn:R06979"
        link="http://www.kegg.jp/dbget-bin/www_bget?K06720">
        <graphics name="K06720" fgcolor="#000000" bgcolor="#FFFFFF"
             type="rectangle" x="915" y="931" width="46" height="17"/>
    </entry>
    <entry id="55" name="ko:K06718" type="ortholog" reaction="rn:R06978"
        link="http://www.kegg.jp/dbget-bin/www_bget?K06718">
        <graphics name="K06718" fgcolor="#000000" bgcolor="#FFFFFF"
             type="rectangle" x="792" y="931" width="46" height="17"/>
    </entry>
    <entry id="56" name="ko:K00836" type="ortholog" reaction="rn:R06977"
        link="http://www.kegg.jp/dbget-bin/www_bget?K00836">
        <graphics name="K00836" fgcolor="#000000" bgcolor="#FFFFFF"
             type="rectangle" x="663" y="930" width="46" height="17"/>
    </entry>
    <entry id="57" name="ko:K17755" type="ortholog" reaction="rn:R01022"
        link="http://www.kegg.jp/dbget-bin/www_bget?K17755">
        <graphics name="K17755" fgcolor="#000000" bgcolor="#FFFFFF"
             type="rectangle" x="99" y="483" width="46" height="17"/>
    </entry>
    <entry id="58" name="cel:CELE_C34C6.4" type="gene" reaction="rn:R01025"
        link="http://www.kegg.jp/dbget-bin/www_bget?cel:CELE_C34C6.4">
        <graphics name="C34C6.4" fgcolor="#000000" bgcolor="#BFFFBF"
             type="rectangle" x="149" y="464" width="46" height="17"/>
    </entry>
    <entry id="60" name="cel:CELE_F01F1.6" type="gene" reaction="rn:R02565 rn:R02566"
        link="http://www.kegg.jp/dbget-bin/www_bget?cel:CELE_F01F1.6">
        <graphics name="alh-9" fgcolor="#000000" bgcolor="#BFFFBF"
             type="rectangle" x="162" y="526" width="46" height="17"/>
    </entry>
    <entry id="61" name="cel:CELE_C13B9.2" type="gene" reaction="rn:R01514"
        link="http://www.kegg.jp/dbget-bin/www_bget?cel:CELE_C13B9.2">
        <graphics name="C13B9.2" fgcolor="#000000" bgcolor="#BFFFBF"
             type="rectangle" x="292" y="186" width="46" height="17"/>
    </entry>
    <entry id="62" name="path:cel00250" type="map"
        link="http://www.kegg.jp/dbget-bin/www_bget?cel00250">
        <graphics name="Alanine, aspartate and glutamate metabolism" fgcolor="#000000" bgcolor="#FFFFFF"
             type="roundrectangle" x="202" y="930" width="143" height="34"/>
    </entry>
    <entry id="63" name="path:cel00270" type="map"
        link="http://www.kegg.jp/dbget-bin/www_bget?cel00270">
        <graphics name="Cysteine and methionine metabolism" fgcolor="#000000" bgcolor="#FFFFFF"
             type="roundrectangle" x="317" y="421" width="133" height="34"/>
    </entry>
    <entry id="64" name="ko:K00544" type="ortholog" reaction="rn:R02821"
        link="http://www.kegg.jp/dbget-bin/www_bget?K00544">
        <graphics name="K00544" fgcolor="#000000" bgcolor="#FFFFFF"
             type="rectangle" x="247" y="537" width="46" height="17"/>
    </entry>
    <entry id="65" name="path:cel00230" type="map"
        link="http://www.kegg.jp/dbget-bin/www_bget?cel00230">
        <graphics name="Purine metabolism" fgcolor="#000000" bgcolor="#FFFFFF"
             type="roundrectangle" x="450" y="613" width="109" height="25"/>
    </entry>
    <entry id="66" name="cel:CELE_T14D7.1" type="gene" reaction="rn:R00588"
        link="http://www.kegg.jp/dbget-bin/www_bget?cel:CELE_T14D7.1">
        <graphics name="T14D7.1" fgcolor="#000000" bgcolor="#BFFFBF"
             type="rectangle" x="561" y="381" width="46" height="17"/>
    </entry>
    <entry id="67" name="cel:CELE_T14D7.1" type="gene" reaction="rn:R00585"
        link="http://www.kegg.jp/dbget-bin/www_bget?cel:CELE_T14D7.1">
        <graphics name="T14D7.1" fgcolor="#000000" bgcolor="#BFFFBF"
             type="rectangle" x="258" y="301" width="46" height="17"/>
    </entry>
    <entry id="68" name="path:cel00290" type="map"
        link="http://www.kegg.jp/dbget-bin/www_bget?cel00290">
        <graphics name="Valine, leucine and isoleucine biosynthesis" fgcolor="#000000" bgcolor="#FFFFFF"
             type="roundrectangle" x="272" y="749" width="131" height="34"/>
    </entry>
    <entry id="69" name="ko:K00542" type="ortholog" reaction="rn:R01883"
        link="http://www.kegg.jp/dbget-bin/www_bget?K00542">
        <graphics name="K00542" fgcolor="#000000" bgcolor="#FFFFFF"
             type="rectangle" x="435" y="462" width="46" height="17"/>
    </entry>
    <entry id="70" name="cel:CELE_C31C9.2" type="gene" reaction="rn:R01513"
        link="http://www.kegg.jp/dbget-bin/www_bget?cel:CELE_C31C9.2">
        <graphics name="C31C9.2" fgcolor="#000000" bgcolor="#BFFFBF"
             type="rectangle" x="403" y="193" width="46" height="17"/>
    </entry>
    <entry id="71" name="ko:K00018 ko:K15893 ko:K15919" type="ortholog" reaction="rn:R01388"
        link="http://www.kegg.jp/dbget-bin/www_bget?K00018+K15893+K15919">
        <graphics name="K00018..." fgcolor="#000000" bgcolor="#FFFFFF"
             type="rectangle" x="139" y="182" width="46" height="17"/>
    </entry>
    <entry id="72" name="ko:K00315" type="ortholog" reaction="rn:R01565"
        link="http://www.kegg.jp/dbget-bin/www_bget?K00315">
        <graphics name="K00315" fgcolor="#000000" bgcolor="#FFFFFF"
             type="rectangle" x="335" y="536" width="46" height="17"/>
    </entry>
    <entry id="73" name="cel:CELE_F54A3.4 cel:CELE_ZC373.1" type="gene" reaction="rn:R01290"
        link="http://www.kegg.jp/dbget-bin/www_bget?cel:CELE_F54A3.4+cel:CELE_ZC373.1">
        <graphics name="cbs-2..." fgcolor="#000000" bgcolor="#BFFFBF"
             type="rectangle" x="460" y="326" width="46" height="17"/>
    </entry>
    <entry id="74" name="cel:CELE_C12C8.2 cel:CELE_F22B8.6 cel:CELE_ZK1127.10" type="gene" reaction="rn:R01001"
        link="http://www.kegg.jp/dbget-bin/www_bget?cel:CELE_C12C8.2+cel:CELE_F22B8.6+cel:CELE_ZK1127.10">
        <graphics name="cbl-1..." fgcolor="#000000" bgcolor="#BFFFBF"
             type="rectangle" x="460" y="390" width="46" height="17"/>
    </entry>
    <entry id="75" name="ko:K00613" type="ortholog" reaction="rn:R00565"
        link="http://www.kegg.jp/dbget-bin/www_bget?K00613">
        <graphics name="K00613" fgcolor="#000000" bgcolor="#FFFFFF"
             type="rectangle" x="519" y="460" width="46" height="17"/>
    </entry>
    <entry id="76" name="ko:K00928 ko:K12524 ko:K12525 ko:K12526" type="ortholog" reaction="rn:R00480"
        link="http://www.kegg.jp/dbget-bin/www_bget?K00928+K12524+K12525+K12526">
        <graphics name="K00928..." fgcolor="#000000" bgcolor="#FFFFFF"
             type="rectangle" x="388" y="931" width="46" height="17"/>
    </entry>
    <entry id="77" name="path:cel00630" type="map"
        link="http://www.kegg.jp/dbget-bin/www_bget?cel00630">
        <graphics name="Glyoxylate and dicarboxylate metabolism" fgcolor="#000000" bgcolor="#FFFFFF"
             type="roundrectangle" x="82" y="131" width="80" height="34"/>
    </entry>
    <entry id="78" name="cel:CELE_F26H9.5" type="gene" reaction="rn:R04173"
        link="http://www.kegg.jp/dbget-bin/www_bget?cel:CELE_F26H9.5">
        <graphics name="F26H9.5" fgcolor="#000000" bgcolor="#BFFFBF"
             type="rectangle" x="532" y="194" width="46" height="17"/>
    </entry>
    <entry id="79" name="cel:CELE_C15B12.1" type="gene" reaction="rn:R00610"
        link="http://www.kegg.jp/dbget-bin/www_bget?cel:CELE_C15B12.1">
        <graphics name="C15B12.1" fgcolor="#000000" bgcolor="#BFFFBF"
             type="rectangle" x="489" y="526" width="46" height="17"/>
    </entry>
    <entry id="80" name="ko:K00314" type="ortholog" reaction="rn:R00611"
        link="http://www.kegg.jp/dbget-bin/www_bget?K00314">
        <graphics name="K00314" fgcolor="#000000" bgcolor="#FFFFFF"
             type="rectangle" x="489" y="547" width="46" height="17"/>
    </entry>
    <entry id="81" name="cel:CELE_Y62E10A.13" type="gene" reaction="rn:R00582"
        link="http://www.kegg.jp/dbget-bin/www_bget?cel:CELE_Y62E10A.13">
        <graphics name="Y62E10A.13" fgcolor="#000000" bgcolor="#BFFFBF"
             type="rectangle" x="595" y="218" width="46" height="17"/>
    </entry>
    <entry id="82" name="cel:CELE_C05D11.11" type="gene" reaction="rn:R00945"
        link="http://www.kegg.jp/dbget-bin/www_bget?cel:CELE_C05D11.11">
        <graphics name="mel-32" fgcolor="#000000" bgcolor="#BFFFBF"
             type="rectangle" x="591" y="405" width="46" height="17"/>
    </entry>
    <entry id="83" name="cel:CELE_K01C8.1 cel:CELE_Y51H7C.9" type="gene" reaction="rn:R00996"
        link="http://www.kegg.jp/dbget-bin/www_bget?cel:CELE_K01C8.1+cel:CELE_Y51H7C.9">
        <graphics name="K01C8.1..." fgcolor="#000000" bgcolor="#BFFFBF"
             type="rectangle" x="540" y="750" width="46" height="17"/>
    </entry>
    <entry id="84" name="cel:CELE_R102.4" type="gene" reaction="rn:R00751"
        link="http://www.kegg.jp/dbget-bin/www_bget?cel:CELE_R102.4">
        <graphics name="R102.4" fgcolor="#000000" bgcolor="#BFFFBF"
             type="rectangle" x="598" y="705" width="46" height="17"/>
    </entry>
    <entry id="85" name="path:cel00270" type="map"
        link="http://www.kegg.jp/dbget-bin/www_bget?cel00270">
        <graphics name="Cysteine and methionine metabolism" fgcolor="#000000" bgcolor="#FFFFFF"
             type="roundrectangle" x="469" y="865" width="133" height="34"/>
    </entry>
    <entry id="86" name="cel:CELE_Y69A2AR.5" type="gene" reaction="rn:R00366"
        link="http://www.kegg.jp/dbget-bin/www_bget?cel:CELE_Y69A2AR.5">
        <graphics name="daao-1" fgcolor="#000000" bgcolor="#BFFFBF"
             type="rectangle" x="639" y="462" width="46" height="17"/>
    </entry>
    <entry id="87" name="ko:K01733" type="ortholog" reaction="rn:R01466"
        link="http://www.kegg.jp/dbget-bin/www_bget?K01733">
        <graphics name="K01733" fgcolor="#000000" bgcolor="#FFFFFF"
             type="rectangle" x="598" y="785" width="46" height="17"/>
    </entry>
    <entry id="88" name="ko:K14272" type="ortholog" reaction="rn:R00372"
        link="http://www.kegg.jp/dbget-bin/www_bget?K14272">
        <graphics name="K14272" fgcolor="#000000" bgcolor="#FFFFFF"
             type="rectangle" x="663" y="495" width="46" height="17"/>
    </entry>
    <entry id="89" name="cel:CELE_F08F3.4" type="gene" reaction="rn:R01465"
        link="http://www.kegg.jp/dbget-bin/www_bget?cel:CELE_F08F3.4">
        <graphics name="F08F3.4" fgcolor="#000000" bgcolor="#BFFFBF"
             type="rectangle" x="725" y="722" width="46" height="17"/>
    </entry>
    <entry id="90" name="path:cel00600" type="map"
        link="http://www.kegg.jp/dbget-bin/www_bget?cel00600">
        <graphics name="Sphingolipid metabolism" fgcolor="#000000" bgcolor="#FFFFFF"
             type="roundrectangle" x="398" y="269" width="141" height="25"/>
    </entry>
    <entry id="91" name="path:map00680" type="map"
        link="http://www.kegg.jp/dbget-bin/www_bget?map00680">
        <graphics name="Methane metabolism" fgcolor="#000000" bgcolor="#FFFFFF"
             type="roundrectangle" x="410" y="239" width="119" height="25"/>
    </entry>
    <entry id="92" name="cel:CELE_T25B9.1" type="gene" reaction="rn:R00371"
        link="http://www.kegg.jp/dbget-bin/www_bget?cel:CELE_T25B9.1">
        <graphics name="T25B9.1" fgcolor="#000000" bgcolor="#BFFFBF"
             type="rectangle" x="661" y="679" width="46" height="17"/>
    </entry>
    <entry id="93" name="ko:K00133" type="ortholog" reaction="rn:R02291"
        link="http://www.kegg.jp/dbget-bin/www_bget?K00133">
        <graphics name="K00133" fgcolor="#000000" bgcolor="#FFFFFF"
             type="rectangle" x="526" y="931" width="46" height="17"/>
    </entry>
    <entry id="95" name="ko:K17989 ko:K01752" type="ortholog" reaction="rn:R00220"
        link="http://www.kegg.jp/dbget-bin/www_bget?K17989+K01752">
        <graphics name="K17989..." fgcolor="#000000" bgcolor="#FFFFFF"
             type="rectangle" x="689" y="284" width="46" height="17"/>
    </entry>
    <entry id="96" name="path:cel00300" type="map"
        link="http://www.kegg.jp/dbget-bin/www_bget?cel00300">
        <graphics name="Lysine biosynthesis" fgcolor="#000000" bgcolor="#FFFFFF"
             type="roundrectangle" x="596" y="1014" width="80" height="34"/>
    </entry>
    <entry id="97" name="path:cel00460" type="map"
        link="http://www.kegg.jp/dbget-bin/www_bget?cel00460">
        <graphics name="Cyanoamino acid metabolism" fgcolor="#000000" bgcolor="#FFFFFF"
             type="roundrectangle" x="770" y="394" width="167" height="25"/>
    </entry>
    <entry id="98" name="path:cel00920" type="map"
        link="http://www.kegg.jp/dbget-bin/www_bget?cel00920">
        <graphics name="Sulfur metabolism" fgcolor="#000000" bgcolor="#FFFFFF"
             type="roundrectangle" x="740" y="364" width="108" height="25"/>
    </entry>
    <entry id="99" name="ko:K00872 ko:K02204 ko:K02203" type="ortholog" reaction="rn:R01771"
        link="http://www.kegg.jp/dbget-bin/www_bget?K00872+K02204+K02203">
        <graphics name="K00872..." fgcolor="#000000" bgcolor="#FFFFFF"
             type="rectangle" x="598" y="843" width="46" height="17"/>
    </entry>
    <entry id="100" name="path:cel00630" type="map"
        link="http://www.kegg.jp/dbget-bin/www_bget?cel00630">
        <graphics name="Glyoxylate and dicarboxylate metabolism" fgcolor="#000000" bgcolor="#FFFFFF"
             type="roundrectangle" x="770" y="450" width="75" height="34"/>
    </entry>
    <entry id="101" name="cel:CELE_R12C12.1" type="gene" reaction="rn:R03425"
        link="http://www.kegg.jp/dbget-bin/www_bget?cel:CELE_R12C12.1">
        <graphics name="R12C12.1" fgcolor="#000000" bgcolor="#BFFFBF"
             type="rectangle" x="777" y="537" width="46" height="17"/>
    </entry>
    <entry id="102" name="ko:K00643" type="ortholog" reaction="rn:R00830"
        link="http://www.kegg.jp/dbget-bin/www_bget?K00643">
        <graphics name="K00643" fgcolor="#000000" bgcolor="#FFFFFF"
             type="rectangle" x="725" y="585" width="46" height="17"/>
    </entry>
    <entry id="103" name="ko:K00003 ko:K12524 ko:K12525" type="ortholog" reaction="rn:R01773 rn:R01775"
        link="http://www.kegg.jp/dbget-bin/www_bget?K00003+K12524+K12525">
        <graphics name="K00003..." fgcolor="#000000" bgcolor="#FFFFFF"
             type="rectangle" x="598" y="899" width="46" height="17"/>
    </entry>
    <entry id="104" name="ko:K01753" type="ortholog" reaction="rn:R00221"
        link="http://www.kegg.jp/dbget-bin/www_bget?K01753">
        <graphics name="K01753" fgcolor="#000000" bgcolor="#FFFFFF"
             type="rectangle" x="787" y="265" width="46" height="17"/>
    </entry>
    <entry id="105" name="ko:K00274" type="ortholog" reaction="rn:R02529"
        link="http://www.kegg.jp/dbget-bin/www_bget?K00274">
        <graphics name="K00274" fgcolor="#000000" bgcolor="#FFFFFF"
             type="rectangle" x="817" y="704" width="46" height="17"/>
    </entry>
    <entry id="106" name="ko:K00049 ko:K00050 ko:K12972" type="ortholog" reaction="rn:R01388 rn:R01392"
        link="http://www.kegg.jp/dbget-bin/www_bget?K00049+K00050+K12972">
        <graphics name="K00049..." fgcolor="#000000" bgcolor="#FFFFFF"
             type="rectangle" x="139" y="203" width="46" height="17"/>
    </entry>
    <entry id="107" name="ko:K00276" type="ortholog" reaction="rn:R02529"
        link="http://www.kegg.jp/dbget-bin/www_bget?K00276">
        <graphics name="K00276" fgcolor="#000000" bgcolor="#FFFFFF"
             type="rectangle" x="867" y="704" width="46" height="17"/>
    </entry>
    <entry id="109" name="path:cel00620" type="map"
        link="http://www.kegg.jp/dbget-bin/www_bget?cel00620">
        <graphics name="Pyruvate metabolism" fgcolor="#000000" bgcolor="#FFFFFF"
             type="roundrectangle" x="923" y="293" width="75" height="34"/>
    </entry>
    <entry id="110" name="cel:CELE_F25B4.1" type="gene" reaction="rn:R04125"
        link="http://www.kegg.jp/dbget-bin/www_bget?cel:CELE_F25B4.1">
        <graphics name="gcst-1" fgcolor="#000000" bgcolor="#BFFFBF"
             type="rectangle" x="884" y="484" width="46" height="17"/>
    </entry>
    <entry id="112" name="path:cel00860" type="map"
        link="http://www.kegg.jp/dbget-bin/www_bget?cel00860">
        <graphics name="Porphyrin and chlorophyll metabolism" fgcolor="#000000" bgcolor="#FFFFFF"
             type="roundrectangle" x="938" y="584" width="81" height="34"/>
    </entry>
    <entry id="113" name="cel:CELE_LLC1.3" type="gene" reaction="rn:R03815"
        link="http://www.kegg.jp/dbget-bin/www_bget?cel:CELE_LLC1.3">
        <graphics name="dld-1" fgcolor="#000000" bgcolor="#BFFFBF"
             type="rectangle" x="1019" y="505" width="46" height="17"/>
    </entry>
    <entry id="115" name="ko:K00552" type="ortholog" reaction="rn:R00367"
        link="http://www.kegg.jp/dbget-bin/www_bget?K00552">
        <graphics name="K00552" fgcolor="#000000" bgcolor="#FFFFFF"
             type="rectangle" x="489" y="570" width="46" height="17"/>
    </entry>
    <entry id="116" name="cel:CELE_K01C8.1 cel:CELE_Y51H7C.9" type="gene" reaction="rn:R00220"
        link="http://www.kegg.jp/dbget-bin/www_bget?cel:CELE_K01C8.1+cel:CELE_Y51H7C.9">
        <graphics name="K01C8.1..." fgcolor="#000000" bgcolor="#BFFFBF"
             type="rectangle" x="689" y="305" width="46" height="17"/>
    </entry>
    <entry id="117" name="cpd:C02855" type="compound"
        link="http://www.kegg.jp/dbget-bin/www_bget?C02855">
        <graphics name="C02855" fgcolor="#000000" bgcolor="#FFFFFF"
             type="circle" x="965" y="232" width="8" height="8"/>
    </entry>
    <entry id="118" name="cpd:C02972" type="compound"
        link="http://www.kegg.jp/dbget-bin/www_bget?C02972">
        <graphics name="C02972" fgcolor="#000000" bgcolor="#FFFFFF"
             type="circle" x="1019" y="454" width="8" height="8"/>
    </entry>
    <entry id="119" name="cpd:C02051" type="compound"
        link="http://www.kegg.jp/dbget-bin/www_bget?C02051">
        <graphics name="C02051" fgcolor="#000000" bgcolor="#FFFFFF"
             type="circle" x="1019" y="559" width="8" height="8"/>
    </entry>
    <entry id="120" name="cpd:C00258" type="compound"
        link="http://www.kegg.jp/dbget-bin/www_bget?C00258">
        <graphics name="C00258" fgcolor="#000000" bgcolor="#FFFFFF"
             type="circle" x="195" y="192" width="8" height="8"/>
    </entry>
    <entry id="121" name="cpd:C00114" type="compound"
        link="http://www.kegg.jp/dbget-bin/www_bget?C00114">
        <graphics name="C00114" fgcolor="#000000" bgcolor="#FFFFFF"
             type="circle" x="124" y="425" width="8" height="8"/>
    </entry>
    <entry id="122" name="cpd:C00576" type="compound"
        link="http://www.kegg.jp/dbget-bin/www_bget?C00576">
        <graphics name="C00576" fgcolor="#000000" bgcolor="#FFFFFF"
             type="circle" x="124" y="536" width="8" height="8"/>
    </entry>
    <entry id="123" name="cpd:C00719" type="compound"
        link="http://www.kegg.jp/dbget-bin/www_bget?C00719">
        <graphics name="C00719" fgcolor="#000000" bgcolor="#FFFFFF"
             type="circle" x="208" y="536" width="8" height="8"/>
    </entry>
    <entry id="124" name="cpd:C00197" type="compound"
        link="http://www.kegg.jp/dbget-bin/www_bget?C00197">
        <graphics name="C00197" fgcolor="#000000" bgcolor="#FFFFFF"
             type="circle" x="339" y="192" width="8" height="8"/>
    </entry>
    <entry id="125" name="cpd:C00300" type="compound"
        link="http://www.kegg.jp/dbget-bin/www_bget?C00300">
        <graphics name="C00300" fgcolor="#000000" bgcolor="#FFFFFF"
             type="circle" x="385" y="460" width="8" height="8"/>
    </entry>
    <entry id="126" name="cpd:C01026" type="compound"
        link="http://www.kegg.jp/dbget-bin/www_bget?C01026">
        <graphics name="C01026" fgcolor="#000000" bgcolor="#FFFFFF"
             type="circle" x="294" y="536" width="8" height="8"/>
    </entry>
    <entry id="128" name="cel:CELE_R102.4" type="gene" reaction="rn:R06171"
        link="http://www.kegg.jp/dbget-bin/www_bget?cel:CELE_R102.4">
        <graphics name="R102.4" fgcolor="#000000" bgcolor="#BFFFBF"
             type="rectangle" x="661" y="614" width="46" height="17"/>
    </entry>
    <entry id="129" name="cpd:C05519" type="compound"
        link="http://www.kegg.jp/dbget-bin/www_bget?C05519">
        <graphics name="C05519" fgcolor="#000000" bgcolor="#FFFFFF"
             type="circle" x="725" y="614" width="8" height="8"/>
    </entry>
    <entry id="130" name="cpd:C00581" type="compound"
        link="http://www.kegg.jp/dbget-bin/www_bget?C00581">
        <graphics name="C00581" fgcolor="#000000" bgcolor="#FFFFFF"
             type="circle" x="473" y="460" width="8" height="8"/>
    </entry>
    <entry id="131" name="cpd:C00049" type="compound"
        link="http://www.kegg.jp/dbget-bin/www_bget?C00049">
        <graphics name="C00049" fgcolor="#000000" bgcolor="#FFFFFF"
             type="circle" x="321" y="930" width="8" height="8"/>
    </entry>
    <entry id="132" name="cpd:C03232" type="compound"
        link="http://www.kegg.jp/dbget-bin/www_bget?C03232">
        <graphics name="C03232" fgcolor="#000000" bgcolor="#FFFFFF"
             type="circle" x="464" y="192" width="8" height="8"/>
    </entry>
    <entry id="133" name="cpd:C02291" type="compound"
        link="http://www.kegg.jp/dbget-bin/www_bget?C02291">
        <graphics name="C02291" fgcolor="#000000" bgcolor="#FFFFFF"
             type="circle" x="460" y="359" width="8" height="8"/>
    </entry>
    <entry id="134" name="cpd:C00097" type="compound"
        link="http://www.kegg.jp/dbget-bin/www_bget?C00097">
        <graphics name="C00097" fgcolor="#000000" bgcolor="#FFFFFF"
             type="circle" x="460" y="420" width="8" height="8"/>
    </entry>
    <entry id="135" name="cpd:C00213" type="compound"
        link="http://www.kegg.jp/dbget-bin/www_bget?C00213">
        <graphics name="C00213" fgcolor="#000000" bgcolor="#FFFFFF"
             type="circle" x="385" y="536" width="8" height="8"/>
    </entry>
    <entry id="136" name="cpd:C01005" type="compound"
        link="http://www.kegg.jp/dbget-bin/www_bget?C01005">
        <graphics name="C01005" fgcolor="#000000" bgcolor="#FFFFFF"
             type="circle" x="595" y="192" width="8" height="8"/>
    </entry>
    <entry id="137" name="cpd:C00037" type="compound"
        link="http://www.kegg.jp/dbget-bin/www_bget?C00037">
        <graphics name="C00037" fgcolor="#000000" bgcolor="#FFFFFF"
             type="circle" x="595" y="535" width="8" height="8"/>
    </entry>
    <entry id="138" name="cpd:C00188" type="compound"
        link="http://www.kegg.jp/dbget-bin/www_bget?C00188">
        <graphics name="C00188" fgcolor="#000000" bgcolor="#FFFFFF"
             type="circle" x="598" y="749" width="8" height="8"/>
    </entry>
    <entry id="139" name="cpd:C00109" type="compound"
        link="http://www.kegg.jp/dbget-bin/www_bget?C00109">
        <graphics name="C00109" fgcolor="#000000" bgcolor="#FFFFFF"
             type="circle" x="466" y="749" width="8" height="8"/>
    </entry>
    <entry id="140" name="cpd:C03082" type="compound"
        link="http://www.kegg.jp/dbget-bin/www_bget?C03082">
        <graphics name="C03082" fgcolor="#000000" bgcolor="#FFFFFF"
             type="circle" x="457" y="930" width="8" height="8"/>
    </entry>
    <entry id="141" name="cpd:C00065" type="compound"
        link="http://www.kegg.jp/dbget-bin/www_bget?C00065">
        <graphics name="C00065" fgcolor="#000000" bgcolor="#FFFFFF"
             type="circle" x="595" y="294" width="8" height="8"/>
    </entry>
    <entry id="142" name="cpd:C00048" type="compound"
        link="http://www.kegg.jp/dbget-bin/www_bget?C00048">
        <graphics name="C00048" fgcolor="#000000" bgcolor="#FFFFFF"
             type="circle" x="688" y="451" width="8" height="8"/>
    </entry>
    <entry id="143" name="cpd:C01102" type="compound"
        link="http://www.kegg.jp/dbget-bin/www_bget?C01102">
        <graphics name="C01102" fgcolor="#000000" bgcolor="#FFFFFF"
             type="circle" x="598" y="809" width="8" height="8"/>
    </entry>
    <entry id="144" name="cpd:C03508" type="compound"
        link="http://www.kegg.jp/dbget-bin/www_bget?C03508">
        <graphics name="C03508" fgcolor="#000000" bgcolor="#FFFFFF"
             type="circle" x="725" y="678" width="8" height="8"/>
    </entry>
    <entry id="145" name="cpd:C00263" type="compound"
        link="http://www.kegg.jp/dbget-bin/www_bget?C00263">
        <graphics name="C00263" fgcolor="#000000" bgcolor="#FFFFFF"
             type="circle" x="598" y="865" width="8" height="8"/>
    </entry>
    <entry id="146" name="cpd:C00441" type="compound"
        link="http://www.kegg.jp/dbget-bin/www_bget?C00441">
        <graphics name="C00441" fgcolor="#000000" bgcolor="#FFFFFF"
             type="circle" x="598" y="930" width="8" height="8"/>
    </entry>
    <entry id="147" name="cpd:C00740" type="compound"
        link="http://www.kegg.jp/dbget-bin/www_bget?C00740">
        <graphics name="C00740" fgcolor="#000000" bgcolor="#FFFFFF"
             type="circle" x="787" y="232" width="8" height="8"/>
    </entry>
    <entry id="148" name="cpd:C00022" type="compound"
        link="http://www.kegg.jp/dbget-bin/www_bget?C00022">
        <graphics name="C00022" fgcolor="#000000" bgcolor="#FFFFFF"
             type="circle" x="787" y="294" width="8" height="8"/>
    </entry>
    <entry id="149" name="cpd:C00011" type="compound"
        link="http://www.kegg.jp/dbget-bin/www_bget?C00011">
        <graphics name="C00011" fgcolor="#000000" bgcolor="#FFFFFF"
             type="circle" x="814" y="500" width="8" height="8"/>
    </entry>
    <entry id="150" name="cpd:C00430" type="compound"
        link="http://www.kegg.jp/dbget-bin/www_bget?C00430">
        <graphics name="C00430" fgcolor="#000000" bgcolor="#FFFFFF"
             type="circle" x="824" y="584" width="8" height="8"/>
    </entry>
    <entry id="151" name="cpd:C00168" type="compound"
        link="http://www.kegg.jp/dbget-bin/www_bget?C00168">
        <graphics name="C00168" fgcolor="#000000" bgcolor="#FFFFFF"
             type="circle" x="80" y="192" width="8" height="8"/>
    </entry>
    <entry id="152" name="cpd:C00014" type="compound"
        link="http://www.kegg.jp/dbget-bin/www_bget?C00014">
        <graphics name="C00014" fgcolor="#000000" bgcolor="#FFFFFF"
             type="circle" x="853" y="454" width="8" height="8"/>
    </entry>
    <entry id="153" name="cpd:C00101" type="compound"
        link="http://www.kegg.jp/dbget-bin/www_bget?C00101">
        <graphics name="C00101" fgcolor="#000000" bgcolor="#FFFFFF"
             type="circle" x="855" y="515" width="8" height="8"/>
    </entry>
    <entry id="154" name="cpd:C01726" type="compound"
        link="http://www.kegg.jp/dbget-bin/www_bget?C01726">
        <graphics name="C01726" fgcolor="#000000" bgcolor="#FFFFFF"
             type="circle" x="858" y="232" width="8" height="8"/>
    </entry>
    <entry id="155" name="cpd:C01888" type="compound"
        link="http://www.kegg.jp/dbget-bin/www_bget?C01888">
        <graphics name="C01888" fgcolor="#000000" bgcolor="#FFFFFF"
             type="circle" x="842" y="678" width="8" height="8"/>
    </entry>
    <entry id="156" name="cpd:C00546" type="compound"
        link="http://www.kegg.jp/dbget-bin/www_bget?C00546">
        <graphics name="C00546" fgcolor="#000000" bgcolor="#FFFFFF"
             type="circle" x="842" y="735" width="8" height="8"/>
    </entry>
    <entry id="157" name="cpd:C00143" type="compound"
        link="http://www.kegg.jp/dbget-bin/www_bget?C00143">
        <graphics name="C00143" fgcolor="#000000" bgcolor="#FFFFFF"
             type="circle" x="884" y="424" width="8" height="8"/>
    </entry>
    <entry id="158" name="cpd:C01242" type="compound"
        link="http://www.kegg.jp/dbget-bin/www_bget?C01242">
        <graphics name="C01242" fgcolor="#000000" bgcolor="#FFFFFF"
             type="circle" x="884" y="536" width="8" height="8"/>
    </entry>
    <entry id="159" name="cpd:C03194" type="compound"
        link="http://www.kegg.jp/dbget-bin/www_bget?C03194">
        <graphics name="C03194" fgcolor="#000000" bgcolor="#FFFFFF"
             type="circle" x="938" y="678" width="8" height="8"/>
    </entry>
    <entry id="165" name="ko:K11440" type="ortholog" reaction="rn:R08557 rn:R08558"
        link="http://www.kegg.jp/dbget-bin/www_bget?K11440">
        <graphics name="K11440" fgcolor="#000000" bgcolor="#FFFFFF"
             type="rectangle" x="149" y="483" width="46" height="17"/>
    </entry>
    <entry id="167" name="path:cel00010" type="map"
        link="http://www.kegg.jp/dbget-bin/www_bget?cel00010">
        <graphics name="Glycolysis / Gluconeogenesis" fgcolor="#000000" bgcolor="#FFFFFF"
             type="roundrectangle" x="439" y="135" width="105" height="34"/>
    </entry>
    <entry id="168" name="path:cel00564" type="map"
        link="http://www.kegg.jp/dbget-bin/www_bget?cel00564">
        <graphics name="Glycerophospholipid metabolism" fgcolor="#000000" bgcolor="#FFFFFF"
             type="roundrectangle" x="127" y="369" width="118" height="34"/>
    </entry>
    <entry id="170" name="ko:K08688" type="ortholog" reaction="rn:R01566"
        link="http://www.kegg.jp/dbget-bin/www_bget?K08688">
        <graphics name="K08688" fgcolor="#000000" bgcolor="#FFFFFF"
             type="rectangle" x="385" y="487" width="46" height="17"/>
    </entry>
    <entry id="171" name="path:cel00330" type="map"
        link="http://www.kegg.jp/dbget-bin/www_bget?cel00330">
        <graphics name="Arginine and proline metabolism" fgcolor="#000000" bgcolor="#FFFFFF"
             type="roundrectangle" x="254" y="460" width="118" height="34"/>
    </entry>
    <entry id="173" name="ko:K17103 ko:K00998" type="ortholog" reaction="rn:R01800"
        link="http://www.kegg.jp/dbget-bin/www_bget?K17103+K00998">
        <graphics name="K17103..." fgcolor="#000000" bgcolor="#FFFFFF"
             type="rectangle" x="357" y="327" width="46" height="17"/>
    </entry>
    <entry id="174" name="cpd:C02737" type="compound"
        link="http://www.kegg.jp/dbget-bin/www_bget?C02737">
        <graphics name="C02737" fgcolor="#000000" bgcolor="#FFFFFF"
             type="circle" x="357" y="369" width="8" height="8"/>
    </entry>
    <entry id="176" name="cpd:C00078" type="compound"
        link="http://www.kegg.jp/dbget-bin/www_bget?C00078">
        <graphics name="C00078" fgcolor="#000000" bgcolor="#FFFFFF"
             type="circle" x="749" y="336" width="8" height="8"/>
    </entry>
    <entry id="177" name="ko:K01695 ko:K01696 ko:K06001 ko:K01694" type="ortholog" reaction="rn:R02722"
        link="http://www.kegg.jp/dbget-bin/www_bget?K01695+K01696+K06001+K01694">
        <graphics name="K01695..." fgcolor="#000000" bgcolor="#FFFFFF"
             type="rectangle" x="672" y="337" width="46" height="17"/>
    </entry>
    <entry id="178" name="path:cel00620" type="map"
        link="http://www.kegg.jp/dbget-bin/www_bget?cel00620">
        <graphics name="Pyruvate metabolism" fgcolor="#000000" bgcolor="#FFFFFF"
             type="roundrectangle" x="890" y="336" width="135" height="25"/>
    </entry>
    <entry id="179" name="cel:CELE_T14D7.1" type="gene" reaction="rn:R00588"
        link="http://www.kegg.jp/dbget-bin/www_bget?cel:CELE_T14D7.1">
        <graphics name="T14D7.1" fgcolor="#000000" bgcolor="#BFFFBF"
             type="rectangle" x="258" y="280" width="46" height="17"/>
    </entry>
    <entry id="180" name="cel:CELE_F54A3.4 cel:CELE_ZC373.1" type="gene" reaction="rn:R00891"
        link="http://www.kegg.jp/dbget-bin/www_bget?cel:CELE_F54A3.4+cel:CELE_ZC373.1">
        <graphics name="cbs-2..." fgcolor="#000000" bgcolor="#BFFFBF"
             type="rectangle" x="512" y="358" width="46" height="17"/>
    </entry>
    <entry id="181" name="path:cel00260" type="map"
        link="http://www.kegg.jp/dbget-bin/www_bget?cel00260">
        <graphics name="TITLE:Glycine, serine and threonine metabolism" fgcolor="#000000" bgcolor="#FFFFFF"
             type="roundrectangle" x="226" y="58" width="372" height="25"/>
    </entry>
    <entry id="182" name="path:cel00020" type="map"
        link="http://www.kegg.jp/dbget-bin/www_bget?cel00020">
        <graphics name="Citrate cycle (TCA cycle)" fgcolor="#000000" bgcolor="#FFFFFF"
             type="roundrectangle" x="922" y="260" width="75" height="25"/>
    </entry>
    <entry id="183" name="cel:CELE_T09B4.8 cel:CELE_T14D7.1" type="gene" reaction="rn:R00372"
        link="http://www.kegg.jp/dbget-bin/www_bget?cel:CELE_T09B4.8+cel:CELE_T14D7.1">
        <graphics name="T09B4.8..." fgcolor="#000000" bgcolor="#BFFFBF"
             type="rectangle" x="713" y="495" width="46" height="17"/>
    </entry>
    <entry id="185" name="cpd:C00986" type="compound"
        link="http://www.kegg.jp/dbget-bin/www_bget?C00986">
        <graphics name="C00986" fgcolor="#000000" bgcolor="#FFFFFF"
             type="circle" x="734" y="847" width="8" height="8"/>
    </entry>
    <entry id="186" name="ko:K13745" type="ortholog" reaction="rn:R07650"
        link="http://www.kegg.jp/dbget-bin/www_bget?K13745">
        <graphics name="K13745" fgcolor="#000000" bgcolor="#FFFFFF"
             type="rectangle" x="735" y="885" width="46" height="17"/>
    </entry>
    <entry id="187" name="path:cel00330" type="map"
        link="http://www.kegg.jp/dbget-bin/www_bget?cel00330">
        <graphics name="Arginine and proline metabolism" fgcolor="#000000" bgcolor="#FFFFFF"
             type="roundrectangle" x="870" y="847" width="118" height="34"/>
    </entry>
    <entry id="189" name="cpd:C00631" type="compound"
        link="http://www.kegg.jp/dbget-bin/www_bget?C00631">
        <graphics name="C00631" fgcolor="#000000" bgcolor="#FFFFFF"
             type="circle" x="195" y="135" width="8" height="8"/>
    </entry>
    <entry id="191" name="ko:K11529" type="ortholog" reaction="rn:R08572"
        link="http://www.kegg.jp/dbget-bin/www_bget?K11529">
        <graphics name="K11529" fgcolor="#000000" bgcolor="#FFFFFF"
             type="rectangle" x="195" y="169" width="46" height="17"/>
    </entry>
    <entry id="192" name="ko:K01834 ko:K01837" type="ortholog" reaction="rn:R01518"
        link="http://www.kegg.jp/dbget-bin/www_bget?K01834+K01837">
        <graphics name="K01834..." fgcolor="#000000" bgcolor="#FFFFFF"
             type="rectangle" x="259" y="125" width="46" height="17"/>
    </entry>
    <entry id="194" name="ko:K15783" type="ortholog" reaction="rn:R09800"
        link="http://www.kegg.jp/dbget-bin/www_bget?K15783">
        <graphics name="K15783" fgcolor="#000000" bgcolor="#FFFFFF"
             type="rectangle" x="915" y="977" width="46" height="17"/>
    </entry>
    <entry id="195" name="cpd:C19929" type="compound"
        link="http://www.kegg.jp/dbget-bin/www_bget?C19929">
        <graphics name="C19929" fgcolor="#000000" bgcolor="#FFFFFF"
             type="circle" x="861" y="976" width="8" height="8"/>
    </entry>
    <entry id="197" name="ko:K15784" type="ortholog" reaction="rn:R09801"
        link="http://www.kegg.jp/dbget-bin/www_bget?K15784">
        <graphics name="K15784" fgcolor="#000000" bgcolor="#FFFFFF"
             type="rectangle" x="792" y="977" width="46" height="17"/>
    </entry>
    <entry id="199" name="ko:K15785" type="ortholog" reaction="rn:R06977"
        link="http://www.kegg.jp/dbget-bin/www_bget?K15785">
        <graphics name="K15785" fgcolor="#000000" bgcolor="#FFFFFF"
             type="rectangle" x="663" y="977" width="46" height="17"/>
    </entry>
    <entry id="201" name="ko:K15786" type="ortholog" reaction="rn:R09805"
        link="http://www.kegg.jp/dbget-bin/www_bget?K15786">
        <graphics name="K15786" fgcolor="#000000" bgcolor="#FFFFFF"
             type="rectangle" x="456" y="977" width="46" height="17"/>
    </entry>
    <entry id="202" name="cel:CELE_F57B10.3" type="gene" reaction="rn:R01518"
        link="http://www.kegg.jp/dbget-bin/www_bget?cel:CELE_F57B10.3">
        <graphics name="ipgm-1" fgcolor="#000000" bgcolor="#BFFFBF"
             type="rectangle" x="259" y="146" width="46" height="17"/>
    </entry>
    <entry id="203" name="cel:CELE_D1025.2 cel:CELE_F52A8.5" type="gene"
        link="http://www.kegg.jp/dbget-bin/www_bget?cel:CELE_D1025.2+cel:CELE_F52A8.5">
        <graphics name="gcsh-1..." fgcolor="#000000" bgcolor="#BFFFBF"
             type="rectangle" x="953" y="493" width="46" height="17"/>
    </entry>
    <entry id="206" name="ko:K18896" type="ortholog" reaction="rn:R10060"
        link="http://www.kegg.jp/dbget-bin/www_bget?K18896">
        <graphics name="K18896" fgcolor="#000000" bgcolor="#FFFFFF"
             type="rectangle" x="411" y="585" width="46" height="17"/>
    </entry>
    <entry id="207" name="ko:K18897" type="ortholog" reaction="rn:R10061"
        link="http://www.kegg.jp/dbget-bin/www_bget?K18897">
        <graphics name="K18897" fgcolor="#000000" bgcolor="#FFFFFF"
             type="rectangle" x="292" y="504" width="46" height="17"/>
    </entry>
    <entry id="209" name="ko:K13042" type="ortholog" reaction="rn:R07244"
        link="http://www.kegg.jp/dbget-bin/www_bget?K13042">
        <graphics name="K13042" fgcolor="#000000" bgcolor="#FFFFFF"
             type="rectangle" x="247" y="584" width="46" height="17"/>
    </entry>
    <entry id="211" name="ko:K16066" type="ortholog" reaction="rn:R10851"
        link="http://www.kegg.jp/dbget-bin/www_bget?K16066">
        <graphics name="K16066" fgcolor="#000000" bgcolor="#FFFFFF"
             type="rectangle" x="725" y="643" width="46" height="17"/>
    </entry>
    <entry id="212" name="path:cel00640" type="map"
        link="http://www.kegg.jp/dbget-bin/www_bget?cel00640">
        <graphics name="Propanoate metabolism" fgcolor="#000000" bgcolor="#FFFFFF"
             type="roundrectangle" x="270" y="783" width="127" height="25"/>
    </entry>
    <relation entry1="61" entry2="70" type="ECrel">
        <subtype name="compound" value="124"/>
    </relation>
    <relation entry1="70" entry2="78" type="ECrel">
        <subtype name="compound" value="132"/>
    </relation>
    <relation entry1="78" entry2="81" type="ECrel">
        <subtype name="compound" value="136"/>
    </relation>
    <relation entry1="67" entry2="73" type="ECrel">
        <subtype name="compound" value="141"/>
    </relation>
    <relation entry1="66" entry2="67" type="ECrel">
        <subtype name="compound" value="141"/>
    </relation>
    <relation entry1="67" entry2="82" type="ECrel">
        <subtype name="compound" value="141"/>
    </relation>
    <relation entry1="67" entry2="116" type="ECrel">
        <subtype name="compound" value="141"/>
    </relation>
    <relation entry1="67" entry2="81" type="ECrel">
        <subtype name="compound" value="141"/>
    </relation>
    <relation entry1="66" entry2="73" type="ECrel">
        <subtype name="compound" value="141"/>
    </relation>
    <relation entry1="73" entry2="82" type="ECrel">
        <subtype name="compound" value="141"/>
    </relation>
    <relation entry1="73" entry2="116" type="ECrel">
        <subtype name="compound" value="141"/>
    </relation>
    <relation entry1="73" entry2="81" type="ECrel">
        <subtype name="compound" value="141"/>
    </relation>
    <relation entry1="66" entry2="116" type="ECrel">
        <subtype name="compound" value="141"/>
    </relation>
    <relation entry1="66" entry2="81" type="ECrel">
        <subtype name="compound" value="141"/>
    </relation>
    <relation entry1="82" entry2="116" type="ECrel">
        <subtype name="compound" value="141"/>
    </relation>
    <relation entry1="81" entry2="82" type="ECrel">
        <subtype name="compound" value="141"/>
    </relation>
    <relation entry1="81" entry2="116" type="ECrel">
        <subtype name="compound" value="141"/>
    </relation>
    <relation entry1="58" entry2="60" type="ECrel">
        <subtype name="compound" value="122"/>
    </relation>
    <relation entry1="82" entry2="110" type="ECrel">
        <subtype name="compound" value="157"/>
    </relation>
    <relation entry1="110" entry2="113" type="ECrel">
        <subtype name="compound" value="118"/>
    </relation>
    <relation entry1="101" entry2="113" type="ECrel">
        <subtype name="compound" value="119"/>
    </relation>
    <relation entry1="89" entry2="92" type="ECrel">
        <subtype name="compound" value="144"/>
    </relation>
    <relation entry1="83" entry2="84" type="ECrel">
        <subtype name="compound" value="138"/>
    </relation>
    <relation entry1="84" entry2="89" type="ECrel">
        <subtype name="compound" value="138"/>
    </relation>
    <relation entry1="83" entry2="89" type="ECrel">
        <subtype name="compound" value="138"/>
    </relation>
    <relation entry1="73" entry2="74" type="ECrel">
        <subtype name="compound" value="133"/>
    </relation>
    <relation entry1="67" entry2="77" type="maplink">
        <subtype name="compound" value="151"/>
    </relation>
    <relation entry1="67" entry2="98" type="maplink">
        <subtype name="compound" value="141"/>
    </relation>
    <relation entry1="67" entry2="97" type="maplink">
        <subtype name="compound" value="141"/>
    </relation>
    <relation entry1="67" entry2="91" type="maplink">
        <subtype name="compound" value="141"/>
    </relation>
    <relation entry1="67" entry2="90" type="maplink">
        <subtype name="compound" value="141"/>
    </relation>
    <relation entry1="73" entry2="98" type="maplink">
        <subtype name="compound" value="141"/>
    </relation>
    <relation entry1="73" entry2="97" type="maplink">
        <subtype name="compound" value="141"/>
    </relation>
    <relation entry1="73" entry2="91" type="maplink">
        <subtype name="compound" value="141"/>
    </relation>
    <relation entry1="73" entry2="90" type="maplink">
        <subtype name="compound" value="141"/>
    </relation>
    <relation entry1="66" entry2="98" type="maplink">
        <subtype name="compound" value="141"/>
    </relation>
    <relation entry1="66" entry2="97" type="maplink">
        <subtype name="compound" value="141"/>
    </relation>
    <relation entry1="66" entry2="91" type="maplink">
        <subtype name="compound" value="141"/>
    </relation>
    <relation entry1="66" entry2="90" type="maplink">
        <subtype name="compound" value="141"/>
    </relation>
    <relation entry1="82" entry2="98" type="maplink">
        <subtype name="compound" value="141"/>
    </relation>
    <relation entry1="82" entry2="97" type="maplink">
        <subtype name="compound" value="141"/>
    </relation>
    <relation entry1="82" entry2="91" type="maplink">
        <subtype name="compound" value="141"/>
    </relation>
    <relation entry1="82" entry2="90" type="maplink">
        <subtype name="compound" value="141"/>
    </relation>
    <relation entry1="97" entry2="98" type="maplink">
        <subtype name="compound" value="141"/>
    </relation>
    <relation entry1="116" entry2="98" type="maplink">
        <subtype name="compound" value="141"/>
    </relation>
    <relation entry1="91" entry2="98" type="maplink">
        <subtype name="compound" value="141"/>
    </relation>
    <relation entry1="90" entry2="98" type="maplink">
        <subtype name="compound" value="141"/>
    </relation>
    <relation entry1="81" entry2="98" type="maplink">
        <subtype name="compound" value="141"/>
    </relation>
    <relation entry1="116" entry2="97" type="maplink">
        <subtype name="compound" value="141"/>
    </relation>
    <relation entry1="91" entry2="97" type="maplink">
        <subtype name="compound" value="141"/>
    </relation>
    <relation entry1="90" entry2="97" type="maplink">
        <subtype name="compound" value="141"/>
    </relation>
    <relation entry1="81" entry2="97" type="maplink">
        <subtype name="compound" value="141"/>
    </relation>
    <relation entry1="116" entry2="91" type="maplink">
        <subtype name="compound" value="141"/>
    </relation>
    <relation entry1="116" entry2="90" type="maplink">
        <subtype name="compound" value="141"/>
    </relation>
    <relation entry1="90" entry2="91" type="maplink">
        <subtype name="compound" value="141"/>
    </relation>
    <relation entry1="81" entry2="91" type="maplink">
        <subtype name="compound" value="141"/>
    </relation>
    <relation entry1="81" entry2="90" type="maplink">
        <subtype name="compound" value="141"/>
    </relation>
    <relation entry1="116" entry2="109" type="maplink">
        <subtype name="compound" value="148"/>
    </relation>
    <relation entry1="86" entry2="100" type="maplink">
        <subtype name="compound" value="142"/>
    </relation>
    <relation entry1="74" entry2="63" type="maplink">
        <subtype name="compound" value="134"/>
    </relation>
    <relation entry1="82" entry2="79" type="ECrel">
        <subtype name="compound" value="137"/>
    </relation>
    <relation entry1="82" entry2="65" type="maplink">
        <subtype name="compound" value="137"/>
    </relation>
    <relation entry1="82" entry2="128" type="ECrel">
        <subtype name="compound" value="137"/>
    </relation>
    <relation entry1="82" entry2="84" type="ECrel">
        <subtype name="compound" value="137"/>
    </relation>
    <relation entry1="82" entry2="92" type="ECrel">
        <subtype name="compound" value="137"/>
    </relation>
    <relation entry1="82" entry2="101" type="ECrel">
        <subtype name="compound" value="137"/>
    </relation>
    <relation entry1="82" entry2="86" type="ECrel">
        <subtype name="compound" value="137"/>
    </relation>
    <relation entry1="66" entry2="79" type="ECrel">
        <subtype name="compound" value="137"/>
    </relation>
    <relation entry1="66" entry2="65" type="maplink">
        <subtype name="compound" value="137"/>
    </relation>
    <relation entry1="66" entry2="128" type="ECrel">
        <subtype name="compound" value="137"/>
    </relation>
    <relation entry1="66" entry2="84" type="ECrel">
        <subtype name="compound" value="137"/>
    </relation>
    <relation entry1="66" entry2="92" type="ECrel">
        <subtype name="compound" value="137"/>
    </relation>
    <relation entry1="66" entry2="101" type="ECrel">
        <subtype name="compound" value="137"/>
    </relation>
    <relation entry1="66" entry2="86" type="ECrel">
        <subtype name="compound" value="137"/>
    </relation>
    <relation entry1="79" entry2="65" type="maplink">
        <subtype name="compound" value="137"/>
    </relation>
    <relation entry1="79" entry2="128" type="ECrel">
        <subtype name="compound" value="137"/>
    </relation>
    <relation entry1="79" entry2="84" type="ECrel">
        <subtype name="compound" value="137"/>
    </relation>
    <relation entry1="79" entry2="92" type="ECrel">
        <subtype name="compound" value="137"/>
    </relation>
    <relation entry1="79" entry2="101" type="ECrel">
        <subtype name="compound" value="137"/>
    </relation>
    <relation entry1="79" entry2="86" type="ECrel">
        <subtype name="compound" value="137"/>
    </relation>
    <relation entry1="65" entry2="128" type="maplink">
        <subtype name="compound" value="137"/>
    </relation>
    <relation entry1="65" entry2="84" type="maplink">
        <subtype name="compound" value="137"/>
    </relation>
    <relation entry1="65" entry2="92" type="maplink">
        <subtype name="compound" value="137"/>
    </relation>
    <relation entry1="65" entry2="101" type="maplink">
        <subtype name="compound" value="137"/>
    </relation>
    <relation entry1="65" entry2="86" type="maplink">
        <subtype name="compound" value="137"/>
    </relation>
    <relation entry1="128" entry2="84" type="ECrel">
        <subtype name="compound" value="137"/>
    </relation>
    <relation entry1="128" entry2="92" type="ECrel">
        <subtype name="compound" value="137"/>
    </relation>
    <relation entry1="128" entry2="101" type="ECrel">
        <subtype name="compound" value="137"/>
    </relation>
    <relation entry1="128" entry2="86" type="ECrel">
        <subtype name="compound" value="137"/>
    </relation>
    <relation entry1="84" entry2="92" type="ECrel">
        <subtype name="compound" value="137"/>
    </relation>
    <relation entry1="84" entry2="101" type="ECrel">
        <subtype name="compound" value="137"/>
    </relation>
    <relation entry1="84" entry2="86" type="ECrel">
        <subtype name="compound" value="137"/>
    </relation>
    <relation entry1="92" entry2="101" type="ECrel">
        <subtype name="compound" value="137"/>
    </relation>
    <relation entry1="92" entry2="86" type="ECrel">
        <subtype name="compound" value="137"/>
    </relation>
    <relation entry1="101" entry2="86" type="ECrel">
        <subtype name="compound" value="137"/>
    </relation>
    <relation entry1="83" entry2="68" type="maplink">
        <subtype name="compound" value="139"/>
    </relation>
    <relation entry1="168" entry2="58" type="maplink">
        <subtype name="compound" value="121"/>
    </relation>
    <relation entry1="101" entry2="110" type="ECrel">
        <subtype name="compound" value="158"/>
    </relation>
    <relation entry1="116" entry2="179" type="ECrel">
        <subtype name="compound" value="141"/>
    </relation>
    <relation entry1="98" entry2="179" type="maplink">
        <subtype name="compound" value="141"/>
    </relation>
    <relation entry1="97" entry2="179" type="maplink">
        <subtype name="compound" value="141"/>
    </relation>
    <relation entry1="82" entry2="179" type="ECrel">
        <subtype name="compound" value="141"/>
    </relation>
    <relation entry1="66" entry2="179" type="ECrel">
        <subtype name="compound" value="141"/>
    </relation>
    <relation entry1="73" entry2="179" type="ECrel">
        <subtype name="compound" value="141"/>
    </relation>
    <relation entry1="179" entry2="90" type="maplink">
        <subtype name="compound" value="141"/>
    </relation>
    <relation entry1="179" entry2="91" type="maplink">
        <subtype name="compound" value="141"/>
    </relation>
    <relation entry1="179" entry2="81" type="ECrel">
        <subtype name="compound" value="141"/>
    </relation>
    <relation entry1="167" entry2="61" type="maplink">
        <subtype name="compound" value="124"/>
    </relation>
    <relation entry1="167" entry2="70" type="maplink">
        <subtype name="compound" value="124"/>
    </relation>
    <relation entry1="180" entry2="66" type="ECrel">
        <subtype name="compound" value="141"/>
    </relation>
    <relation entry1="180" entry2="82" type="ECrel">
        <subtype name="compound" value="141"/>
    </relation>
    <relation entry1="180" entry2="97" type="maplink">
        <subtype name="compound" value="141"/>
    </relation>
    <relation entry1="180" entry2="98" type="maplink">
        <subtype name="compound" value="141"/>
    </relation>
    <relation entry1="180" entry2="116" type="ECrel">
        <subtype name="compound" value="141"/>
    </relation>
    <relation entry1="180" entry2="81" type="ECrel">
        <subtype name="compound" value="141"/>
    </relation>
    <relation entry1="180" entry2="91" type="maplink">
        <subtype name="compound" value="141"/>
    </relation>
    <relation entry1="180" entry2="90" type="maplink">
        <subtype name="compound" value="141"/>
    </relation>
    <relation entry1="180" entry2="179" type="ECrel">
        <subtype name="compound" value="141"/>
    </relation>
    <relation entry1="180" entry2="67" type="ECrel">
        <subtype name="compound" value="141"/>
    </relation>
    <relation entry1="116" entry2="182" type="maplink">
        <subtype name="compound" value="148"/>
    </relation>
    <relation entry1="109" entry2="182" type="maplink">
        <subtype name="compound" value="148"/>
    </relation>
    <relation entry1="183" entry2="100" type="maplink">
        <subtype name="compound" value="142"/>
    </relation>
    <relation entry1="183" entry2="82" type="ECrel">
        <subtype name="compound" value="137"/>
    </relation>
    <relation entry1="183" entry2="66" type="ECrel">
        <subtype name="compound" value="137"/>
    </relation>
    <relation entry1="183" entry2="79" type="ECrel">
        <subtype name="compound" value="137"/>
    </relation>
    <relation entry1="183" entry2="65" type="maplink">
        <subtype name="compound" value="137"/>
    </relation>
    <relation entry1="183" entry2="128" type="ECrel">
        <subtype name="compound" value="137"/>
    </relation>
    <relation entry1="183" entry2="84" type="ECrel">
        <subtype name="compound" value="137"/>
    </relation>
    <relation entry1="183" entry2="92" type="ECrel">
        <subtype name="compound" value="137"/>
    </relation>
    <relation entry1="183" entry2="101" type="ECrel">
        <subtype name="compound" value="137"/>
    </relation>
    <relation entry1="202" entry2="61" type="ECrel">
        <subtype name="compound" value="124"/>
    </relation>
    <relation entry1="202" entry2="70" type="ECrel">
        <subtype name="compound" value="124"/>
    </relation>
    <relation entry1="202" entry2="167" type="maplink">
        <subtype name="compound" value="124"/>
    </relation>
    <relation entry1="212" entry2="68" type="maplink">
        <subtype name="compound" value="139"/>
    </relation>
    <relation entry1="212" entry2="83" type="maplink">
        <subtype name="compound" value="139"/>
    </relation>
    <relation entry1="85" entry2="83" type="maplink">
        <subtype name="compound" value="139"/>
    </relation>
    <relation entry1="85" entry2="68" type="maplink">
        <subtype name="compound" value="139"/>
    </relation>
    <relation entry1="85" entry2="212" type="maplink">
        <subtype name="compound" value="139"/>
    </relation>
    <reaction id="58" name="rn:R01025" type="irreversible">
        <substrate id="121" name="cpd:C00114"/>
        <product id="122" name="cpd:C00576"/>
    </reaction>
    <reaction id="60" name="rn:R02565 rn:R02566" type="irreversible">
        <substrate id="122" name="cpd:C00576"/>
        <product id="123" name="cpd:C00719"/>
    </reaction>
    <reaction id="61" name="rn:R01514" type="reversible">
        <substrate id="120" name="cpd:C00258"/>
        <product id="124" name="cpd:C00197"/>
    </reaction>
    <reaction id="66" name="rn:R00588" type="reversible">
        <substrate id="141" name="cpd:C00065"/>
        <product id="137" name="cpd:C00037"/>
    </reaction>
    <reaction id="67" name="rn:R00585" type="reversible">
        <substrate id="141" name="cpd:C00065"/>
        <product id="151" name="cpd:C00168"/>
    </reaction>
    <reaction id="70" name="rn:R01513" type="reversible">
        <substrate id="124" name="cpd:C00197"/>
        <product id="132" name="cpd:C03232"/>
    </reaction>
    <reaction id="73" name="rn:R01290" type="irreversible">
        <substrate id="141" name="cpd:C00065"/>
        <product id="133" name="cpd:C02291"/>
    </reaction>
    <reaction id="74" name="rn:R01001" type="reversible">
        <substrate id="133" name="cpd:C02291"/>
        <product id="134" name="cpd:C00097"/>
    </reaction>
    <reaction id="128" name="rn:R06171" type="reversible">
        <substrate id="137" name="cpd:C00037"/>
        <product id="129" name="cpd:C05519"/>
    </reaction>
    <reaction id="78" name="rn:R04173" type="reversible">
        <substrate id="136" name="cpd:C01005"/>
        <product id="132" name="cpd:C03232"/>
    </reaction>
    <reaction id="79" name="rn:R00610" type="irreversible">
        <substrate id="135" name="cpd:C00213"/>
        <product id="137" name="cpd:C00037"/>
    </reaction>
    <reaction id="81" name="rn:R00582" type="irreversible">
        <substrate id="136" name="cpd:C01005"/>
        <product id="141" name="cpd:C00065"/>
    </reaction>
    <reaction id="82" name="rn:R00945" type="reversible">
        <substrate id="137" name="cpd:C00037"/>
        <substrate id="157" name="cpd:C00143"/>
        <product id="141" name="cpd:C00065"/>
    </reaction>
    <reaction id="83" name="rn:R00996" type="irreversible">
        <substrate id="138" name="cpd:C00188"/>
        <product id="139" name="cpd:C00109"/>
    </reaction>
    <reaction id="84" name="rn:R00751" type="reversible">
        <substrate id="138" name="cpd:C00188"/>
        <product id="137" name="cpd:C00037"/>
    </reaction>
    <reaction id="86" name="rn:R00366" type="irreversible">
        <substrate id="137" name="cpd:C00037"/>
        <product id="142" name="cpd:C00048"/>
    </reaction>
    <reaction id="89" name="rn:R01465" type="reversible">
        <substrate id="138" name="cpd:C00188"/>
        <product id="144" name="cpd:C03508"/>
    </reaction>
    <reaction id="92" name="rn:R00371" type="reversible">
        <substrate id="137" name="cpd:C00037"/>
        <product id="144" name="cpd:C03508"/>
    </reaction>
    <reaction id="101" name="rn:R03425" type="irreversible">
        <substrate id="137" name="cpd:C00037"/>
        <substrate id="119" name="cpd:C02051"/>
        <product id="149" name="cpd:C00011"/>
        <product id="158" name="cpd:C01242"/>
    </reaction>
    <reaction id="110" name="rn:R04125" type="irreversible">
        <substrate id="153" name="cpd:C00101"/>
        <substrate id="158" name="cpd:C01242"/>
        <product id="118" name="cpd:C02972"/>
        <product id="152" name="cpd:C00014"/>
        <product id="157" name="cpd:C00143"/>
    </reaction>
    <reaction id="113" name="rn:R03815" type="irreversible">
        <substrate id="118" name="cpd:C02972"/>
        <product id="119" name="cpd:C02051"/>
    </reaction>
    <reaction id="116" name="rn:R00220" type="reversible">
        <substrate id="141" name="cpd:C00065"/>
        <product id="148" name="cpd:C00022"/>
    </reaction>
    <reaction id="179" name="rn:R00588" type="reversible">
        <substrate id="141" name="cpd:C00065"/>
        <product id="151" name="cpd:C00168"/>
    </reaction>
    <reaction id="180" name="rn:R00891" type="irreversible">
        <substrate id="141" name="cpd:C00065"/>
        <product id="134" name="cpd:C00097"/>
    </reaction>
    <reaction id="183" name="rn:R00372" type="reversible">
        <substrate id="137" name="cpd:C00037"/>
        <product id="142" name="cpd:C00048"/>
    </reaction>
    <reaction id="202" name="rn:R01518" type="irreversible">
        <substrate id="189" name="cpd:C00631"/>
        <product id="124" name="cpd:C00197"/>
    </reaction>
</pathway>
