<?xml version="1.0"?>
<!DOCTYPE pathway SYSTEM "http://www.kegg.jp/kegg/xml/KGML_v0.7.1_.dtd">
<!-- Creation date: Jul 22, 2015 10:56:14 +0900 (GMT+9) -->
<pathway name="path:cel04144" org="cel" number="04144"
         title="Endocytosis"
         image="http://www.kegg.jp/kegg/pathway/cel/cel04144.png"
         link="http://www.kegg.jp/kegg-bin/show_pathway?cel04144">
    <entry id="1" name="path:cel04144" type="map"
        link="http://www.kegg.jp/dbget-bin/www_bget?cel04144">
        <graphics name="TITLE:Endocytosis" fgcolor="#000000" bgcolor="#FFFFFF"
             type="roundrectangle" x="100" y="58" width="120" height="25"/>
    </entry>
    <entry id="2" name="cel:CELE_C34G6.7" type="gene"
        link="http://www.kegg.jp/dbget-bin/www_bget?cel:CELE_C34G6.7">
        <graphics name="stam-1" fgcolor="#000000" bgcolor="#BFFFBF"
             type="rectangle" x="461" y="753" width="46" height="17"/>
    </entry>
    <entry id="3" name="cel:CELE_C07G1.5" type="gene"
        link="http://www.kegg.jp/dbget-bin/www_bget?cel:CELE_C07G1.5">
        <graphics name="hgrs-1" fgcolor="#000000" bgcolor="#BFFFBF"
             type="rectangle" x="461" y="770" width="46" height="17"/>
    </entry>
    <entry id="4" name="cpd:C04549" type="compound"
        link="http://www.kegg.jp/dbget-bin/www_bget?C04549">
        <graphics name="C04549" fgcolor="#000000" bgcolor="#FFFFFF"
             type="circle" x="634" y="783" width="8" height="8"/>
    </entry>
    <entry id="5" name="cpd:C04549" type="compound"
        link="http://www.kegg.jp/dbget-bin/www_bget?C04549">
        <graphics name="C04549" fgcolor="#000000" bgcolor="#FFFFFF"
             type="circle" x="428" y="783" width="8" height="8"/>
    </entry>
    <entry id="6" name="ko:K11866" type="ortholog"
        link="http://www.kegg.jp/dbget-bin/www_bget?K11866">
        <graphics name="K11866" fgcolor="#000000" bgcolor="#FFFFFF"
             type="rectangle" x="1006" y="828" width="46" height="17"/>
    </entry>
    <entry id="7" name="cel:CELE_E01B7.1" type="gene"
        link="http://www.kegg.jp/dbget-bin/www_bget?cel:CELE_E01B7.1">
        <graphics name="E01B7.1" fgcolor="#000000" bgcolor="#BFFFBF"
             type="rectangle" x="1006" y="806" width="46" height="17"/>
    </entry>
    <entry id="8" name="path:cel04142" type="map"
        link="http://www.kegg.jp/dbget-bin/www_bget?cel04142">
        <graphics name="Lysosome" fgcolor="#000000" bgcolor="#FFFFFF"
             type="roundrectangle" x="677" y="950" width="104" height="26"/>
    </entry>
    <entry id="9" name="ko:K04357" type="ortholog"
        link="http://www.kegg.jp/dbget-bin/www_bget?K04357">
        <graphics name="K04357" fgcolor="#000000" bgcolor="#FFFFFF"
             type="rectangle" x="284" y="144" width="46" height="17"/>
    </entry>
    <entry id="10" name="cel:CELE_C02C6.1" type="gene"
        link="http://www.kegg.jp/dbget-bin/www_bget?cel:CELE_C02C6.1">
        <graphics name="dyn-1" fgcolor="#000000" bgcolor="#BFFFBF"
             type="rectangle" x="270" y="181" width="46" height="17"/>
    </entry>
    <entry id="11" name="cel:CELE_M02A10.3 cel:CELE_Y65B4BR.4 cel:CELE_Y92H12A.2" type="gene"
        link="http://www.kegg.jp/dbget-bin/www_bget?cel:CELE_M02A10.3+cel:CELE_Y65B4BR.4+cel:CELE_Y92H12A.2">
        <graphics name="sli-1..." fgcolor="#000000" bgcolor="#BFFFBF"
             type="rectangle" x="379" y="271" width="46" height="17"/>
    </entry>
    <entry id="12" name="ko:K12473" type="ortholog"
        link="http://www.kegg.jp/dbget-bin/www_bget?K12473">
        <graphics name="K12473" fgcolor="#000000" bgcolor="#FFFFFF"
             type="rectangle" x="533" y="181" width="46" height="17"/>
    </entry>
    <entry id="13" name="cel:CELE_T20G5.1" type="gene"
        link="http://www.kegg.jp/dbget-bin/www_bget?cel:CELE_T20G5.1">
        <graphics name="chc-1" fgcolor="#000000" bgcolor="#BFFFBF"
             type="rectangle" x="292" y="269" width="46" height="17"/>
    </entry>
    <entry id="14" name="cel:CELE_F02E8.3 cel:CELE_R160.1 cel:CELE_T20B5.1 cel:CELE_Y71H2B.10" type="gene"
        link="http://www.kegg.jp/dbget-bin/www_bget?cel:CELE_F02E8.3+cel:CELE_R160.1+cel:CELE_T20B5.1+cel:CELE_Y71H2B.10">
        <graphics name="aps-2..." fgcolor="#000000" bgcolor="#BFFFBF"
             type="rectangle" x="292" y="286" width="46" height="17"/>
    </entry>
    <entry id="15" name="cel:CELE_C06A6.3" type="gene"
        link="http://www.kegg.jp/dbget-bin/www_bget?cel:CELE_C06A6.3">
        <graphics name="mvb-12" fgcolor="#000000" bgcolor="#BFFFBF"
             type="rectangle" x="547" y="753" width="46" height="17"/>
    </entry>
    <entry id="16" name="cel:CELE_CD4.4" type="gene"
        link="http://www.kegg.jp/dbget-bin/www_bget?cel:CELE_CD4.4">
        <graphics name="vps-37" fgcolor="#000000" bgcolor="#BFFFBF"
             type="rectangle" x="593" y="770" width="46" height="17"/>
    </entry>
    <entry id="17" name="ko:K12184" type="ortholog"
        link="http://www.kegg.jp/dbget-bin/www_bget?K12184">
        <graphics name="K12184" fgcolor="#000000" bgcolor="#FFFFFF"
             type="rectangle" x="593" y="753" width="46" height="17"/>
    </entry>
    <entry id="18" name="cel:CELE_C12C8.1 cel:CELE_F11F1.1 cel:CELE_F26D10.3 cel:CELE_F44E5.4 cel:CELE_F44E5.5" type="gene"
        link="http://www.kegg.jp/dbget-bin/www_bget?cel:CELE_C12C8.1+cel:CELE_F11F1.1+cel:CELE_F26D10.3+cel:CELE_F44E5.4+cel:CELE_F44E5.5">
        <graphics name="hsp-70..." fgcolor="#000000" bgcolor="#BFFFBF"
             type="rectangle" x="385" y="467" width="46" height="17"/>
    </entry>
    <entry id="19" name="ko:K09526" type="ortholog"
        link="http://www.kegg.jp/dbget-bin/www_bget?K09526">
        <graphics name="K09526" fgcolor="#000000" bgcolor="#FFFFFF"
             type="rectangle" x="385" y="484" width="46" height="17"/>
    </entry>
    <entry id="20" name="cel:CELE_F17C11.8" type="gene"
        link="http://www.kegg.jp/dbget-bin/www_bget?cel:CELE_F17C11.8">
        <graphics name="vps-36" fgcolor="#000000" bgcolor="#BFFFBF"
             type="rectangle" x="665" y="753" width="46" height="17"/>
    </entry>
    <entry id="21" name="cel:CELE_C09G12.9" type="gene"
        link="http://www.kegg.jp/dbget-bin/www_bget?cel:CELE_C09G12.9">
        <graphics name="tsg-101" fgcolor="#000000" bgcolor="#BFFFBF"
             type="rectangle" x="547" y="770" width="46" height="17"/>
    </entry>
    <entry id="22" name="cel:CELE_W02A11.2" type="gene"
        link="http://www.kegg.jp/dbget-bin/www_bget?cel:CELE_W02A11.2">
        <graphics name="vps-25" fgcolor="#000000" bgcolor="#BFFFBF"
             type="rectangle" x="711" y="760" width="46" height="17"/>
    </entry>
    <entry id="23" name="cel:CELE_C27F2.5" type="gene"
        link="http://www.kegg.jp/dbget-bin/www_bget?cel:CELE_C27F2.5">
        <graphics name="vps-22" fgcolor="#000000" bgcolor="#BFFFBF"
             type="rectangle" x="665" y="770" width="46" height="17"/>
    </entry>
    <entry id="24" name="cel:CELE_Y65B4A.3" type="gene"
        link="http://www.kegg.jp/dbget-bin/www_bget?cel:CELE_Y65B4A.3">
        <graphics name="vps-20" fgcolor="#000000" bgcolor="#BFFFBF"
             type="rectangle" x="757" y="771" width="46" height="17"/>
    </entry>
    <entry id="25" name="cel:CELE_T27F7.1" type="gene"
        link="http://www.kegg.jp/dbget-bin/www_bget?cel:CELE_T27F7.1">
        <graphics name="vps-24" fgcolor="#000000" bgcolor="#BFFFBF"
             type="rectangle" x="849" y="771" width="46" height="17"/>
    </entry>
    <entry id="26" name="cel:CELE_C37C3.3 cel:CELE_C56C10.3 cel:CELE_R12C12.5" type="gene"
        link="http://www.kegg.jp/dbget-bin/www_bget?cel:CELE_C37C3.3+cel:CELE_C56C10.3+cel:CELE_R12C12.5">
        <graphics name="vps-32.2..." fgcolor="#000000" bgcolor="#BFFFBF"
             type="rectangle" x="803" y="771" width="46" height="17"/>
    </entry>
    <entry id="27" name="cel:CELE_F23C8.6" type="gene"
        link="http://www.kegg.jp/dbget-bin/www_bget?cel:CELE_F23C8.6">
        <graphics name="did-2" fgcolor="#000000" bgcolor="#BFFFBF"
             type="rectangle" x="848" y="722" width="46" height="17"/>
    </entry>
    <entry id="28" name="cel:CELE_C01A2.4 cel:CELE_Y46G5A.12" type="gene"
        link="http://www.kegg.jp/dbget-bin/www_bget?cel:CELE_C01A2.4+cel:CELE_Y46G5A.12">
        <graphics name="C01A2.4..." fgcolor="#000000" bgcolor="#BFFFBF"
             type="rectangle" x="849" y="754" width="46" height="17"/>
    </entry>
    <entry id="29" name="cel:CELE_R10E12.1" type="gene"
        link="http://www.kegg.jp/dbget-bin/www_bget?cel:CELE_R10E12.1">
        <graphics name="alx-1" fgcolor="#000000" bgcolor="#BFFFBF"
             type="rectangle" x="630" y="730" width="46" height="17"/>
    </entry>
    <entry id="30" name="cel:CELE_Y34D9A.10" type="gene"
        link="http://www.kegg.jp/dbget-bin/www_bget?cel:CELE_Y34D9A.10">
        <graphics name="vps-4" fgcolor="#000000" bgcolor="#BFFFBF"
             type="rectangle" x="916" y="715" width="46" height="17"/>
    </entry>
    <entry id="31" name="ko:K12199" type="ortholog"
        link="http://www.kegg.jp/dbget-bin/www_bget?K12199">
        <graphics name="K12199" fgcolor="#000000" bgcolor="#FFFFFF"
             type="rectangle" x="916" y="731" width="46" height="17"/>
    </entry>
    <entry id="32" name="cel:CELE_F41E6.9" type="gene"
        link="http://www.kegg.jp/dbget-bin/www_bget?cel:CELE_F41E6.9">
        <graphics name="vps-60" fgcolor="#000000" bgcolor="#BFFFBF"
             type="rectangle" x="793" y="709" width="46" height="17"/>
    </entry>
    <entry id="33" name="cel:CELE_R07G3.1 cel:CELE_Y32F6B.3" type="gene"
        link="http://www.kegg.jp/dbget-bin/www_bget?cel:CELE_R07G3.1+cel:CELE_Y32F6B.3">
        <graphics name="cdc-42..." fgcolor="#000000" bgcolor="#BFFFBF"
             type="rectangle" x="887" y="352" width="46" height="17"/>
    </entry>
    <entry id="34" name="cel:CELE_F09E5.1" type="gene"
        link="http://www.kegg.jp/dbget-bin/www_bget?cel:CELE_F09E5.1">
        <graphics name="pkc-3" fgcolor="#000000" bgcolor="#BFFFBF"
             type="rectangle" x="887" y="335" width="46" height="17"/>
    </entry>
    <entry id="35" name="cel:CELE_T26E3.3" type="gene"
        link="http://www.kegg.jp/dbget-bin/www_bget?cel:CELE_T26E3.3">
        <graphics name="par-6" fgcolor="#000000" bgcolor="#BFFFBF"
             type="rectangle" x="842" y="352" width="46" height="17"/>
    </entry>
    <entry id="36" name="cel:CELE_F54E7.3" type="gene"
        link="http://www.kegg.jp/dbget-bin/www_bget?cel:CELE_F54E7.3">
        <graphics name="par-3" fgcolor="#000000" bgcolor="#BFFFBF"
             type="rectangle" x="842" y="335" width="46" height="17"/>
    </entry>
    <entry id="37" name="cel:CELE_Y116A8C.12" type="gene"
        link="http://www.kegg.jp/dbget-bin/www_bget?cel:CELE_Y116A8C.12">
        <graphics name="arf-6" fgcolor="#000000" bgcolor="#BFFFBF"
             type="rectangle" x="880" y="101" width="46" height="17"/>
    </entry>
    <entry id="38" name="ko:K02833" type="ortholog"
        link="http://www.kegg.jp/dbget-bin/www_bget?K02833">
        <graphics name="K02833" fgcolor="#000000" bgcolor="#FFFFFF"
             type="rectangle" x="933" y="123" width="46" height="17"/>
    </entry>
    <entry id="39" name="cel:CELE_Y92H12A.1" type="gene"
        link="http://www.kegg.jp/dbget-bin/www_bget?cel:CELE_Y92H12A.1">
        <graphics name="src-1" fgcolor="#000000" bgcolor="#BFFFBF"
             type="rectangle" x="933" y="101" width="46" height="17"/>
    </entry>
    <entry id="40" name="cel:CELE_F53G12.1 cel:CELE_W04G5.2" type="gene"
        link="http://www.kegg.jp/dbget-bin/www_bget?cel:CELE_F53G12.1+cel:CELE_W04G5.2">
        <graphics name="rab-11.1..." fgcolor="#000000" bgcolor="#BFFFBF"
             type="rectangle" x="758" y="399" width="46" height="17"/>
    </entry>
    <entry id="41" name="cpd:C05981" type="compound"
        link="http://www.kegg.jp/dbget-bin/www_bget?C05981">
        <graphics name="C05981" fgcolor="#000000" bgcolor="#FFFFFF"
             type="circle" x="1089" y="351" width="8" height="8"/>
    </entry>
    <entry id="42" name="path:map04060" type="map"
        link="http://www.kegg.jp/dbget-bin/www_bget?map04060">
        <graphics name="Cytokine-cytokine receptor interaction" fgcolor="#000000" bgcolor="#FFFFFF"
             type="roundrectangle" x="602" y="115" width="152" height="38"/>
    </entry>
    <entry id="43" name="ko:K06503" type="ortholog"
        link="http://www.kegg.jp/dbget-bin/www_bget?K06503">
        <graphics name="K06503" fgcolor="#000000" bgcolor="#FFFFFF"
             type="rectangle" x="143" y="181" width="46" height="17"/>
    </entry>
    <entry id="44" name="cel:CELE_T04C10.2" type="gene"
        link="http://www.kegg.jp/dbget-bin/www_bget?cel:CELE_T04C10.2">
        <graphics name="epn-1" fgcolor="#000000" bgcolor="#BFFFBF"
             type="rectangle" x="235" y="246" width="46" height="17"/>
    </entry>
    <entry id="45" name="cel:CELE_ZK1248.3" type="gene"
        link="http://www.kegg.jp/dbget-bin/www_bget?cel:CELE_ZK1248.3">
        <graphics name="ehs-1" fgcolor="#000000" bgcolor="#BFFFBF"
             type="rectangle" x="235" y="263" width="46" height="17"/>
    </entry>
    <entry id="46" name="cel:CELE_E01B7.1" type="gene"
        link="http://www.kegg.jp/dbget-bin/www_bget?cel:CELE_E01B7.1">
        <graphics name="E01B7.1" fgcolor="#000000" bgcolor="#BFFFBF"
             type="rectangle" x="335" y="712" width="46" height="17"/>
    </entry>
    <entry id="47" name="cel:CELE_F26H9.6" type="gene"
        link="http://www.kegg.jp/dbget-bin/www_bget?cel:CELE_F26H9.6">
        <graphics name="rab-5" fgcolor="#000000" bgcolor="#BFFFBF"
             type="rectangle" x="651" y="567" width="46" height="17"/>
    </entry>
    <entry id="48" name="cel:CELE_Y116A8C.12" type="gene"
        link="http://www.kegg.jp/dbget-bin/www_bget?cel:CELE_Y116A8C.12">
        <graphics name="arf-6" fgcolor="#000000" bgcolor="#BFFFBF"
             type="rectangle" x="931" y="593" width="46" height="17"/>
    </entry>
    <entry id="49" name="ko:K11866" type="ortholog"
        link="http://www.kegg.jp/dbget-bin/www_bget?K11866">
        <graphics name="K11866" fgcolor="#000000" bgcolor="#FFFFFF"
             type="rectangle" x="335" y="734" width="46" height="17"/>
    </entry>
    <entry id="50" name="ko:K12474" type="ortholog"
        link="http://www.kegg.jp/dbget-bin/www_bget?K12474">
        <graphics name="K12474" fgcolor="#000000" bgcolor="#FFFFFF"
             type="rectangle" x="532" y="247" width="46" height="17"/>
    </entry>
    <entry id="51" name="ko:K12475" type="ortholog"
        link="http://www.kegg.jp/dbget-bin/www_bget?K12475">
        <graphics name="K12475" fgcolor="#000000" bgcolor="#FFFFFF"
             type="rectangle" x="532" y="264" width="46" height="17"/>
    </entry>
    <entry id="52" name="ko:K04180 ko:K04175 ko:K05050 ko:K04189 ko:K03914 ko:K04141 ko:K04142 ko:K04143" type="ortholog"
        link="http://www.kegg.jp/dbget-bin/www_bget?K04180+K04175+K05050+K04189+K03914+K04141+K04142+K04143">
        <graphics name="K04180..." fgcolor="#000000" bgcolor="#FFFFFF"
             type="rectangle" x="583" y="181" width="46" height="17"/>
    </entry>
    <entry id="53" name="cel:CELE_F59F3.1 cel:CELE_T17A3.1 cel:CELE_ZK1067.1" type="gene"
        link="http://www.kegg.jp/dbget-bin/www_bget?cel:CELE_F59F3.1+cel:CELE_T17A3.1+cel:CELE_ZK1067.1">
        <graphics name="ver-3..." fgcolor="#000000" bgcolor="#BFFFBF"
             type="rectangle" x="215" y="181" width="46" height="17"/>
    </entry>
    <entry id="54" name="ko:K12470" type="ortholog"
        link="http://www.kegg.jp/dbget-bin/www_bget?K12470">
        <graphics name="K12470" fgcolor="#000000" bgcolor="#FFFFFF"
             type="rectangle" x="184" y="263" width="46" height="17"/>
    </entry>
    <entry id="55" name="cel:CELE_F35A5.8 cel:CELE_T04D1.3" type="gene"
        link="http://www.kegg.jp/dbget-bin/www_bget?cel:CELE_F35A5.8+cel:CELE_T04D1.3">
        <graphics name="erp-1..." fgcolor="#000000" bgcolor="#BFFFBF"
             type="rectangle" x="184" y="280" width="46" height="17"/>
    </entry>
    <entry id="56" name="cel:CELE_F19C6.1 cel:CELE_W02B3.2" type="gene"
        link="http://www.kegg.jp/dbget-bin/www_bget?cel:CELE_F19C6.1+cel:CELE_W02B3.2">
        <graphics name="grk-1..." fgcolor="#000000" bgcolor="#BFFFBF"
             type="rectangle" x="583" y="247" width="46" height="17"/>
    </entry>
    <entry id="57" name="cel:CELE_F53H8.2" type="gene"
        link="http://www.kegg.jp/dbget-bin/www_bget?cel:CELE_F53H8.2">
        <graphics name="arr-1" fgcolor="#000000" bgcolor="#BFFFBF"
             type="rectangle" x="583" y="264" width="46" height="17"/>
    </entry>
    <entry id="58" name="cel:CELE_Y116A8C.12" type="gene"
        link="http://www.kegg.jp/dbget-bin/www_bget?cel:CELE_Y116A8C.12">
        <graphics name="arf-6" fgcolor="#000000" bgcolor="#BFFFBF"
             type="rectangle" x="444" y="101" width="46" height="17"/>
    </entry>
    <entry id="59" name="ko:K12484" type="ortholog"
        link="http://www.kegg.jp/dbget-bin/www_bget?K12484">
        <graphics name="K12484" fgcolor="#000000" bgcolor="#FFFFFF"
             type="rectangle" x="804" y="399" width="46" height="17"/>
    </entry>
    <entry id="60" name="cel:CELE_C04G6.3" type="gene"
        link="http://www.kegg.jp/dbget-bin/www_bget?cel:CELE_C04G6.3">
        <graphics name="pld-1" fgcolor="#000000" bgcolor="#BFFFBF"
             type="rectangle" x="887" y="379" width="46" height="17"/>
    </entry>
    <entry id="61" name="cel:CELE_C04G6.3" type="gene"
        link="http://www.kegg.jp/dbget-bin/www_bget?cel:CELE_C04G6.3">
        <graphics name="pld-1" fgcolor="#000000" bgcolor="#BFFFBF"
             type="rectangle" x="445" y="144" width="46" height="17"/>
    </entry>
    <entry id="62" name="cel:CELE_F55A12.3 cel:CELE_VF11C1L.1" type="gene"
        link="http://www.kegg.jp/dbget-bin/www_bget?cel:CELE_F55A12.3+cel:CELE_VF11C1L.1">
        <graphics name="ppk-1..." fgcolor="#000000" bgcolor="#BFFFBF"
             type="rectangle" x="880" y="123" width="46" height="17"/>
    </entry>
    <entry id="63" name="cel:CELE_F55A12.3 cel:CELE_VF11C1L.1" type="gene"
        link="http://www.kegg.jp/dbget-bin/www_bget?cel:CELE_F55A12.3+cel:CELE_VF11C1L.1">
        <graphics name="ppk-1..." fgcolor="#000000" bgcolor="#BFFFBF"
             type="rectangle" x="445" y="123" width="46" height="17"/>
    </entry>
    <entry id="64" name="cpd:C04549" type="compound"
        link="http://www.kegg.jp/dbget-bin/www_bget?C04549">
        <graphics name="C04549" fgcolor="#000000" bgcolor="#FFFFFF"
             type="circle" x="612" y="595" width="8" height="8"/>
    </entry>
    <entry id="65" name="cel:CELE_T10G3.5" type="gene"
        link="http://www.kegg.jp/dbget-bin/www_bget?cel:CELE_T10G3.5">
        <graphics name="eea-1" fgcolor="#000000" bgcolor="#BFFFBF"
             type="rectangle" x="583" y="589" width="46" height="17"/>
    </entry>
    <entry id="66" name="ko:K12480" type="ortholog"
        link="http://www.kegg.jp/dbget-bin/www_bget?K12480">
        <graphics name="K12480" fgcolor="#000000" bgcolor="#FFFFFF"
             type="rectangle" x="650" y="545" width="46" height="17"/>
    </entry>
    <entry id="67" name="cel:CELE_C24H11.7 cel:CELE_K06H7.4 cel:CELE_M02B7.5 cel:CELE_Y55D9A.1 cel:CELE_Y6B3A.1" type="gene"
        link="http://www.kegg.jp/dbget-bin/www_bget?cel:CELE_C24H11.7+cel:CELE_K06H7.4+cel:CELE_M02B7.5+cel:CELE_Y55D9A.1+cel:CELE_Y6B3A.1">
        <graphics name="gbf-1..." fgcolor="#000000" bgcolor="#BFFFBF"
             type="rectangle" x="170" y="554" width="46" height="17"/>
    </entry>
    <entry id="68" name="cel:CELE_F07F6.4 cel:CELE_K02B12.7 cel:CELE_W09D10.1 cel:CELE_Y17G7B.15 cel:CELE_Y39A1A.15" type="gene"
        link="http://www.kegg.jp/dbget-bin/www_bget?cel:CELE_F07F6.4+cel:CELE_K02B12.7+cel:CELE_W09D10.1+cel:CELE_Y17G7B.15+cel:CELE_Y39A1A.15">
        <graphics name="F07F6.4..." fgcolor="#000000" bgcolor="#BFFFBF"
             type="rectangle" x="66" y="554" width="46" height="17"/>
    </entry>
    <entry id="69" name="path:cel04070" type="map"
        link="http://www.kegg.jp/dbget-bin/www_bget?cel04070">
        <graphics name="Phosphatidylinositol signaling system" fgcolor="#000000" bgcolor="#FFFFFF"
             type="roundrectangle" x="983" y="289" width="113" height="38"/>
    </entry>
    <entry id="70" name="cel:CELE_W06H8.1" type="gene"
        link="http://www.kegg.jp/dbget-bin/www_bget?cel:CELE_W06H8.1">
        <graphics name="rme-1" fgcolor="#000000" bgcolor="#BFFFBF"
             type="rectangle" x="765" y="589" width="46" height="17"/>
    </entry>
    <entry id="71" name="ko:K12483" type="ortholog"
        link="http://www.kegg.jp/dbget-bin/www_bget?K12483">
        <graphics name="K12483" fgcolor="#000000" bgcolor="#FFFFFF"
             type="rectangle" x="996" y="512" width="46" height="17"/>
    </entry>
    <entry id="72" name="ko:K07879" type="ortholog"
        link="http://www.kegg.jp/dbget-bin/www_bget?K07879">
        <graphics name="K07879" fgcolor="#000000" bgcolor="#FFFFFF"
             type="rectangle" x="708" y="545" width="46" height="17"/>
    </entry>
    <entry id="73" name="ko:K12477" type="ortholog"
        link="http://www.kegg.jp/dbget-bin/www_bget?K12477">
        <graphics name="K12477" fgcolor="#000000" bgcolor="#FFFFFF"
             type="rectangle" x="651" y="589" width="46" height="17"/>
    </entry>
    <entry id="74" name="ko:K12469" type="ortholog"
        link="http://www.kegg.jp/dbget-bin/www_bget?K12469">
        <graphics name="K12469" fgcolor="#000000" bgcolor="#FFFFFF"
             type="rectangle" x="293" y="315" width="46" height="17"/>
    </entry>
    <entry id="75" name="cel:CELE_Y42H9AR.3" type="gene"
        link="http://www.kegg.jp/dbget-bin/www_bget?cel:CELE_Y42H9AR.3">
        <graphics name="rabs-5" fgcolor="#000000" bgcolor="#BFFFBF"
             type="rectangle" x="767" y="545" width="46" height="17"/>
    </entry>
    <entry id="76" name="ko:K12483" type="ortholog"
        link="http://www.kegg.jp/dbget-bin/www_bget?K12483">
        <graphics name="K12483" fgcolor="#000000" bgcolor="#FFFFFF"
             type="rectangle" x="748" y="498" width="46" height="17"/>
    </entry>
    <entry id="77" name="ko:K12482" type="ortholog"
        link="http://www.kegg.jp/dbget-bin/www_bget?K12482">
        <graphics name="K12482" fgcolor="#000000" bgcolor="#FFFFFF"
             type="rectangle" x="708" y="589" width="46" height="17"/>
    </entry>
    <entry id="78" name="ko:K12479" type="ortholog"
        link="http://www.kegg.jp/dbget-bin/www_bget?K12479">
        <graphics name="K12479" fgcolor="#000000" bgcolor="#FFFFFF"
             type="rectangle" x="824" y="545" width="46" height="17"/>
    </entry>
    <entry id="79" name="ko:K06751" type="ortholog"
        link="http://www.kegg.jp/dbget-bin/www_bget?K06751">
        <graphics name="K06751" fgcolor="#000000" bgcolor="#FFFFFF"
             type="rectangle" x="931" y="182" width="46" height="17"/>
    </entry>
    <entry id="80" name="cel:CELE_W03C9.3" type="gene"
        link="http://www.kegg.jp/dbget-bin/www_bget?cel:CELE_W03C9.3">
        <graphics name="rab-7" fgcolor="#000000" bgcolor="#BFFFBF"
             type="rectangle" x="460" y="728" width="46" height="17"/>
    </entry>
    <entry id="81" name="ko:K07879" type="ortholog"
        link="http://www.kegg.jp/dbget-bin/www_bget?K07879">
        <graphics name="K07879" fgcolor="#000000" bgcolor="#FFFFFF"
             type="rectangle" x="497" y="399" width="46" height="17"/>
    </entry>
    <entry id="82" name="cel:CELE_W03C9.3" type="gene"
        link="http://www.kegg.jp/dbget-bin/www_bget?cel:CELE_W03C9.3">
        <graphics name="rab-7" fgcolor="#000000" bgcolor="#BFFFBF"
             type="rectangle" x="723" y="924" width="46" height="17"/>
    </entry>
    <entry id="83" name="ko:K13375 ko:K13376 ko:K13377" type="ortholog"
        link="http://www.kegg.jp/dbget-bin/www_bget?K13375+K13376+K13377">
        <graphics name="K13375..." fgcolor="#000000" bgcolor="#FFFFFF"
             type="rectangle" x="54" y="144" width="46" height="17"/>
    </entry>
    <entry id="84" name="ko:K04674 ko:K04388" type="ortholog"
        link="http://www.kegg.jp/dbget-bin/www_bget?K04674+K04388">
        <graphics name="K04674..." fgcolor="#000000" bgcolor="#FFFFFF"
             type="rectangle" x="93" y="181" width="46" height="17"/>
    </entry>
    <entry id="85" name="ko:K04679" type="ortholog"
        link="http://www.kegg.jp/dbget-bin/www_bget?K04679">
        <graphics name="K04679" fgcolor="#000000" bgcolor="#FFFFFF"
             type="rectangle" x="94" y="246" width="46" height="17"/>
    </entry>
    <entry id="86" name="ko:K04500" type="ortholog"
        link="http://www.kegg.jp/dbget-bin/www_bget?K04500">
        <graphics name="K04500" fgcolor="#000000" bgcolor="#FFFFFF"
             type="rectangle" x="43" y="262" width="46" height="17"/>
    </entry>
    <entry id="87" name="path:cel04350" type="map"
        link="http://www.kegg.jp/dbget-bin/www_bget?cel04350">
        <graphics name="TGF-beta signaling pathway" fgcolor="#000000" bgcolor="#FFFFFF"
             type="roundrectangle" x="65" y="319" width="101" height="38"/>
    </entry>
    <entry id="88" name="ko:K10054" type="ortholog"
        link="http://www.kegg.jp/dbget-bin/www_bget?K10054">
        <graphics name="K10054" fgcolor="#000000" bgcolor="#FFFFFF"
             type="rectangle" x="94" y="263" width="46" height="17"/>
    </entry>
    <entry id="89" name="cel:CELE_C56A3.7 cel:CELE_T13F2.8" type="gene"
        link="http://www.kegg.jp/dbget-bin/www_bget?cel:CELE_C56A3.7+cel:CELE_T13F2.8">
        <graphics name="cav-2..." fgcolor="#000000" bgcolor="#BFFFBF"
             type="rectangle" x="1288" y="246" width="46" height="17"/>
    </entry>
    <entry id="90" name="ko:K05068 ko:K05069 ko:K05070" type="ortholog"
        link="http://www.kegg.jp/dbget-bin/www_bget?K05068+K05069+K05070">
        <graphics name="K05068..." fgcolor="#000000" bgcolor="#FFFFFF"
             type="rectangle" x="878" y="181" width="46" height="17"/>
    </entry>
    <entry id="91" name="cel:CELE_Y51H4A.3" type="gene"
        link="http://www.kegg.jp/dbget-bin/www_bget?cel:CELE_Y51H4A.3">
        <graphics name="rho-1" fgcolor="#000000" bgcolor="#BFFFBF"
             type="rectangle" x="882" y="244" width="46" height="17"/>
    </entry>
    <entry id="92" name="cel:CELE_M02A10.3" type="gene"
        link="http://www.kegg.jp/dbget-bin/www_bget?cel:CELE_M02A10.3">
        <graphics name="sli-1" fgcolor="#000000" bgcolor="#BFFFBF"
             type="rectangle" x="184" y="246" width="46" height="17"/>
    </entry>
    <entry id="93" name="cel:CELE_C04G6.3" type="gene"
        link="http://www.kegg.jp/dbget-bin/www_bget?cel:CELE_C04G6.3">
        <graphics name="pld-1" fgcolor="#000000" bgcolor="#BFFFBF"
             type="rectangle" x="881" y="144" width="46" height="17"/>
    </entry>
    <entry id="94" name="cel:CELE_F26H9.6" type="gene"
        link="http://www.kegg.jp/dbget-bin/www_bget?cel:CELE_F26H9.6">
        <graphics name="rab-5" fgcolor="#000000" bgcolor="#BFFFBF"
             type="rectangle" x="1186" y="607" width="46" height="17"/>
    </entry>
    <entry id="95" name="cel:CELE_Y92H12A.1" type="gene"
        link="http://www.kegg.jp/dbget-bin/www_bget?cel:CELE_Y92H12A.1">
        <graphics name="src-1" fgcolor="#000000" bgcolor="#BFFFBF"
             type="rectangle" x="1290" y="288" width="46" height="17"/>
    </entry>
    <entry id="96" name="ko:K13649" type="ortholog"
        link="http://www.kegg.jp/dbget-bin/www_bget?K13649">
        <graphics name="K13649" fgcolor="#000000" bgcolor="#FFFFFF"
             type="rectangle" x="1119" y="182" width="46" height="17"/>
    </entry>
    <entry id="97" name="cpd:C05981" type="compound"
        link="http://www.kegg.jp/dbget-bin/www_bget?C05981">
        <graphics name="C05981" fgcolor="#000000" bgcolor="#FFFFFF"
             type="circle" x="1088" y="195" width="8" height="8"/>
    </entry>
    <entry id="98" name="cpd:C11556" type="compound"
        link="http://www.kegg.jp/dbget-bin/www_bget?C11556">
        <graphics name="C11556" fgcolor="#000000" bgcolor="#FFFFFF"
             type="circle" x="851" y="783" width="8" height="8"/>
    </entry>
    <entry id="99" name="cpd:C04637" type="compound"
        link="http://www.kegg.jp/dbget-bin/www_bget?C04637">
        <graphics name="C04637" fgcolor="#000000" bgcolor="#FFFFFF"
             type="circle" x="989" y="205" width="8" height="8"/>
    </entry>
    <entry id="100" name="cpd:C04637" type="compound"
        link="http://www.kegg.jp/dbget-bin/www_bget?C04637">
        <graphics name="C04637" fgcolor="#000000" bgcolor="#FFFFFF"
             type="circle" x="1088" y="329" width="8" height="8"/>
    </entry>
    <entry id="101" name="cpd:C04637" type="compound"
        link="http://www.kegg.jp/dbget-bin/www_bget?C04637">
        <graphics name="C04637" fgcolor="#000000" bgcolor="#FFFFFF"
             type="circle" x="449" y="194" width="8" height="8"/>
    </entry>
    <entry id="102" name="cel:CELE_T24B8.2" type="gene"
        link="http://www.kegg.jp/dbget-bin/www_bget?cel:CELE_T24B8.2">
        <graphics name="T24B8.2" fgcolor="#000000" bgcolor="#BFFFBF"
             type="rectangle" x="794" y="739" width="46" height="17"/>
    </entry>
    <entry id="103" name="cel:CELE_B0336.2 cel:CELE_Y116A8C.12" type="gene"
        link="http://www.kegg.jp/dbget-bin/www_bget?cel:CELE_B0336.2+cel:CELE_Y116A8C.12">
        <graphics name="arf-1.2..." fgcolor="#000000" bgcolor="#BFFFBF"
             type="rectangle" x="104" y="509" width="46" height="17"/>
    </entry>
    <entry id="104" name="cel:CELE_B0336.2 cel:CELE_Y116A8C.12" type="gene"
        link="http://www.kegg.jp/dbget-bin/www_bget?cel:CELE_B0336.2+cel:CELE_Y116A8C.12">
        <graphics name="arf-1.2..." fgcolor="#000000" bgcolor="#BFFFBF"
             type="rectangle" x="104" y="627" width="46" height="17"/>
    </entry>
    <entry id="105" name="cpd:C00035" type="compound"
        link="http://www.kegg.jp/dbget-bin/www_bget?C00035">
        <graphics name="C00035" fgcolor="#000000" bgcolor="#FFFFFF"
             type="circle" x="134" y="508" width="8" height="8"/>
    </entry>
    <entry id="106" name="cpd:C00044" type="compound"
        link="http://www.kegg.jp/dbget-bin/www_bget?C00044">
        <graphics name="C00044" fgcolor="#000000" bgcolor="#FFFFFF"
             type="circle" x="134" y="627" width="8" height="8"/>
    </entry>
    <entry id="107" name="ko:K19368" type="ortholog"
        link="http://www.kegg.jp/dbget-bin/www_bget?K19368">
        <graphics name="K19368" fgcolor="#000000" bgcolor="#FFFFFF"
             type="rectangle" x="758" y="459" width="46" height="17"/>
    </entry>
    <entry id="108" name="cel:CELE_R05D3.7" type="gene"
        link="http://www.kegg.jp/dbget-bin/www_bget?cel:CELE_R05D3.7">
        <graphics name="unc-116" fgcolor="#000000" bgcolor="#BFFFBF"
             type="rectangle" x="804" y="459" width="46" height="17"/>
    </entry>
    <entry id="109" name="cel:CELE_Y48E1B.1" type="gene"
        link="http://www.kegg.jp/dbget-bin/www_bget?cel:CELE_Y48E1B.1">
        <graphics name="ddl-2" fgcolor="#000000" bgcolor="#BFFFBF"
             type="rectangle" x="363" y="648" width="46" height="17"/>
    </entry>
    <entry id="110" name="ko:K18462" type="ortholog"
        link="http://www.kegg.jp/dbget-bin/www_bget?K18462">
        <graphics name="K18462" fgcolor="#000000" bgcolor="#FFFFFF"
             type="rectangle" x="409" y="647" width="46" height="17"/>
    </entry>
    <entry id="111" name="cel:CELE_F59E12.10" type="gene"
        link="http://www.kegg.jp/dbget-bin/www_bget?cel:CELE_F59E12.10">
        <graphics name="ddl-1" fgcolor="#000000" bgcolor="#BFFFBF"
             type="rectangle" x="387" y="664" width="46" height="17"/>
    </entry>
    <entry id="112" name="cel:CELE_Y53F4B.21" type="gene"
        link="http://www.kegg.jp/dbget-bin/www_bget?cel:CELE_Y53F4B.21">
        <graphics name="Y53F4B.21" fgcolor="#000000" bgcolor="#BFFFBF"
             type="rectangle" x="409" y="614" width="46" height="17"/>
    </entry>
    <entry id="113" name="cel:CELE_T05E7.3" type="gene"
        link="http://www.kegg.jp/dbget-bin/www_bget?cel:CELE_T05E7.3">
        <graphics name="T05E7.3" fgcolor="#000000" bgcolor="#BFFFBF"
             type="rectangle" x="409" y="631" width="46" height="17"/>
    </entry>
    <entry id="114" name="cel:CELE_D2024.6" type="gene"
        link="http://www.kegg.jp/dbget-bin/www_bget?cel:CELE_D2024.6">
        <graphics name="cap-1" fgcolor="#000000" bgcolor="#BFFFBF"
             type="rectangle" x="339" y="622" width="46" height="17"/>
    </entry>
    <entry id="115" name="cel:CELE_F57B10.9" type="gene"
        link="http://www.kegg.jp/dbget-bin/www_bget?cel:CELE_F57B10.9">
        <graphics name="F57B10.9" fgcolor="#000000" bgcolor="#BFFFBF"
             type="rectangle" x="235" y="280" width="46" height="17"/>
    </entry>
    <entry id="116" name="cel:CELE_M106.5" type="gene"
        link="http://www.kegg.jp/dbget-bin/www_bget?cel:CELE_M106.5">
        <graphics name="cap-2" fgcolor="#000000" bgcolor="#BFFFBF"
             type="rectangle" x="339" y="605" width="46" height="17"/>
    </entry>
    <entry id="117" name="cel:CELE_Y47D3A.25" type="gene"
        link="http://www.kegg.jp/dbget-bin/www_bget?cel:CELE_Y47D3A.25">
        <graphics name="rab-35" fgcolor="#000000" bgcolor="#BFFFBF"
             type="rectangle" x="551" y="399" width="46" height="17"/>
    </entry>
    <entry id="118" name="cel:CELE_T23H2.5" type="gene"
        link="http://www.kegg.jp/dbget-bin/www_bget?cel:CELE_T23H2.5">
        <graphics name="rab-10" fgcolor="#000000" bgcolor="#BFFFBF"
             type="rectangle" x="824" y="522" width="46" height="17"/>
    </entry>
    <entry id="119" name="ko:K17919" type="ortholog"
        link="http://www.kegg.jp/dbget-bin/www_bget?K17919">
        <graphics name="K17919" fgcolor="#000000" bgcolor="#FFFFFF"
             type="rectangle" x="824" y="567" width="46" height="17"/>
    </entry>
    <entry id="120" name="cel:CELE_T20D3.7" type="gene"
        link="http://www.kegg.jp/dbget-bin/www_bget?cel:CELE_T20D3.7">
        <graphics name="vps-26" fgcolor="#000000" bgcolor="#BFFFBF"
             type="rectangle" x="568" y="692" width="46" height="17"/>
    </entry>
    <entry id="121" name="ko:K07891" type="ortholog"
        link="http://www.kegg.jp/dbget-bin/www_bget?K07891">
        <graphics name="K07891" fgcolor="#000000" bgcolor="#FFFFFF"
             type="rectangle" x="824" y="500" width="46" height="17"/>
    </entry>
    <entry id="122" name="cel:CELE_ZK1128.8" type="gene"
        link="http://www.kegg.jp/dbget-bin/www_bget?cel:CELE_ZK1128.8">
        <graphics name="vps-29" fgcolor="#000000" bgcolor="#BFFFBF"
             type="rectangle" x="522" y="692" width="46" height="17"/>
    </entry>
    <entry id="123" name="cel:CELE_F59G1.3" type="gene"
        link="http://www.kegg.jp/dbget-bin/www_bget?cel:CELE_F59G1.3">
        <graphics name="vps-35" fgcolor="#000000" bgcolor="#BFFFBF"
             type="rectangle" x="614" y="692" width="46" height="17"/>
    </entry>
    <entry id="124" name="cel:CELE_D1037.4" type="gene"
        link="http://www.kegg.jp/dbget-bin/www_bget?cel:CELE_D1037.4">
        <graphics name="rab-8" fgcolor="#000000" bgcolor="#BFFFBF"
             type="rectangle" x="877" y="545" width="46" height="17"/>
    </entry>
    <entry id="125" name="cel:CELE_F55C12.1" type="gene"
        link="http://www.kegg.jp/dbget-bin/www_bget?cel:CELE_F55C12.1">
        <graphics name="rfip-1" fgcolor="#000000" bgcolor="#BFFFBF"
             type="rectangle" x="959" y="619" width="46" height="17"/>
    </entry>
    <entry id="126" name="cel:CELE_F53G12.1 cel:CELE_W04G5.2" type="gene"
        link="http://www.kegg.jp/dbget-bin/www_bget?cel:CELE_F53G12.1+cel:CELE_W04G5.2">
        <graphics name="rab-11.1..." fgcolor="#000000" bgcolor="#BFFFBF"
             type="rectangle" x="982" y="593" width="46" height="17"/>
    </entry>
    <entry id="127" name="cel:CELE_Y47D3A.25" type="gene"
        link="http://www.kegg.jp/dbget-bin/www_bget?cel:CELE_Y47D3A.25">
        <graphics name="rab-35" fgcolor="#000000" bgcolor="#BFFFBF"
             type="rectangle" x="877" y="567" width="46" height="17"/>
    </entry>
    <entry id="128" name="cel:CELE_F58G6.1" type="gene"
        link="http://www.kegg.jp/dbget-bin/www_bget?cel:CELE_F58G6.1">
        <graphics name="amph-1" fgcolor="#000000" bgcolor="#BFFFBF"
             type="rectangle" x="184" y="327" width="46" height="17"/>
    </entry>
    <entry id="129" name="ko:K19367" type="ortholog"
        link="http://www.kegg.jp/dbget-bin/www_bget?K19367">
        <graphics name="K19367" fgcolor="#000000" bgcolor="#FFFFFF"
             type="rectangle" x="365" y="867" width="46" height="17"/>
    </entry>
    <entry id="130" name="cel:CELE_C35D10.16 cel:CELE_C46H11.3 cel:CELE_M01B12.3 cel:CELE_Y37D8A.1 cel:CELE_Y6D11A.2 cel:CELE_Y79H2A.6" type="gene"
        link="http://www.kegg.jp/dbget-bin/www_bget?cel:CELE_C35D10.16+cel:CELE_C46H11.3+cel:CELE_M01B12.3+cel:CELE_Y37D8A.1+cel:CELE_Y6D11A.2+cel:CELE_Y79H2A.6">
        <graphics name="arx-6..." fgcolor="#000000" bgcolor="#BFFFBF"
             type="rectangle" x="304" y="648" width="46" height="17"/>
    </entry>
    <entry id="131" name="cel:CELE_W06D4.5" type="gene"
        link="http://www.kegg.jp/dbget-bin/www_bget?cel:CELE_W06D4.5">
        <graphics name="snx-3" fgcolor="#000000" bgcolor="#BFFFBF"
             type="rectangle" x="523" y="716" width="45" height="17"/>
    </entry>
    <entry id="132" name="path:cel04130" type="map"
        link="http://www.kegg.jp/dbget-bin/www_bget?cel04130">
        <graphics name="SNARE interactions in vesicular transport" fgcolor="#000000" bgcolor="#FFFFFF"
             type="roundrectangle" x="283" y="850" width="110" height="38"/>
    </entry>
    <entry id="133" name="cel:CELE_C05D9.1" type="gene"
        link="http://www.kegg.jp/dbget-bin/www_bget?cel:CELE_C05D9.1">
        <graphics name="snx-1" fgcolor="#000000" bgcolor="#BFFFBF"
             type="rectangle" x="423" y="912" width="46" height="17"/>
    </entry>
    <entry id="134" name="cel:CELE_Y59A8B.22" type="gene"
        link="http://www.kegg.jp/dbget-bin/www_bget?cel:CELE_Y59A8B.22">
        <graphics name="snx-6" fgcolor="#000000" bgcolor="#BFFFBF"
             type="rectangle" x="469" y="912" width="46" height="17"/>
    </entry>
    <entry id="135" name="ko:K06564" type="ortholog"
        link="http://www.kegg.jp/dbget-bin/www_bget?K06564">
        <graphics name="K06564" fgcolor="#000000" bgcolor="#FFFFFF"
             type="rectangle" x="402" y="889" width="46" height="17"/>
    </entry>
    <entry id="136" name="cel:CELE_C07G1.4" type="gene"
        link="http://www.kegg.jp/dbget-bin/www_bget?cel:CELE_C07G1.4">
        <graphics name="wsp-1" fgcolor="#000000" bgcolor="#BFFFBF"
             type="rectangle" x="413" y="329" width="46" height="17"/>
    </entry>
    <entry id="137" name="ko:K19475" type="ortholog"
        link="http://www.kegg.jp/dbget-bin/www_bget?K19475">
        <graphics name="K19475" fgcolor="#000000" bgcolor="#FFFFFF"
             type="rectangle" x="413" y="358" width="46" height="17"/>
    </entry>
    <entry id="138" name="cel:CELE_C35D10.16 cel:CELE_C46H11.3 cel:CELE_M01B12.3 cel:CELE_Y37D8A.1 cel:CELE_Y6D11A.2 cel:CELE_Y79H2A.6" type="gene"
        link="http://www.kegg.jp/dbget-bin/www_bget?cel:CELE_C35D10.16+cel:CELE_C46H11.3+cel:CELE_M01B12.3+cel:CELE_Y37D8A.1+cel:CELE_Y6D11A.2+cel:CELE_Y79H2A.6">
        <graphics name="arx-6..." fgcolor="#000000" bgcolor="#BFFFBF"
             type="rectangle" x="472" y="329" width="46" height="17"/>
    </entry>
    <entry id="139" name="cel:CELE_K10C8.3" type="gene"
        link="http://www.kegg.jp/dbget-bin/www_bget?cel:CELE_K10C8.3">
        <graphics name="istr-1" fgcolor="#000000" bgcolor="#BFFFBF"
             type="rectangle" x="847" y="698" width="46" height="17"/>
    </entry>
    <entry id="140" name="undefined" type="group">
        <graphics fgcolor="#000000" bgcolor="#FFFFFF"
             type="rectangle" x="235" y="254" width="46" height="34"/>
        <component id="44"/>
        <component id="45"/>
    </entry>
    <entry id="141" name="undefined" type="group">
        <graphics fgcolor="#000000" bgcolor="#FFFFFF"
             type="rectangle" x="184" y="263" width="46" height="51"/>
        <component id="55"/>
        <component id="92"/>
    </entry>
    <relation entry1="11" entry2="53" type="PPrel">
        <subtype name="ubiquitination" value="+u"/>
    </relation>
    <relation entry1="140" entry2="53" type="PPrel">
        <subtype name="binding/association" value="---"/>
    </relation>
    <relation entry1="141" entry2="53" type="PPrel">
        <subtype name="binding/association" value="---"/>
    </relation>
    <relation entry1="70" entry2="75" type="PPrel">
        <subtype name="binding/association" value="---"/>
    </relation>
    <relation entry1="15" entry2="29" type="PPrel">
        <subtype name="binding/association" value="---"/>
    </relation>
    <relation entry1="26" entry2="29" type="PPrel">
        <subtype name="binding/association" value="---"/>
    </relation>
    <relation entry1="3" entry2="2" type="PPrel">
        <subtype name="binding/association" value="---"/>
    </relation>
    <relation entry1="27" entry2="30" type="PPrel">
        <subtype name="binding/association" value="---"/>
    </relation>
    <relation entry1="32" entry2="30" type="PPrel">
        <subtype name="binding/association" value="---"/>
    </relation>
    <relation entry1="27" entry2="28" type="PPrel">
        <subtype name="binding/association" value="---"/>
    </relation>
    <relation entry1="102" entry2="26" type="PPrel">
        <subtype name="binding/association" value="---"/>
    </relation>
    <relation entry1="95" entry2="89" type="PPrel">
        <subtype name="phosphorylation" value="+p"/>
    </relation>
</pathway>
