<?xml version="1.0"?>
<!DOCTYPE pathway SYSTEM "http://www.kegg.jp/kegg/xml/KGML_v0.7.1_.dtd">
<!-- Creation date: May 14, 2014 17:50:40 +0900 (GMT+09:00) -->
<pathway name="path:cel04146" org="cel" number="04146"
         title="Peroxisome"
         image="http://www.kegg.jp/kegg/pathway/cel/cel04146.png"
         link="http://www.kegg.jp/kegg-bin/show_pathway?cel04146">
    <entry id="1" name="path:cel04146" type="map"
        link="http://www.kegg.jp/dbget-bin/www_bget?cel04146">
        <graphics name="TITLE:Peroxisome" fgcolor="#000000" bgcolor="#FFFFFF"
             type="roundrectangle" x="100" y="58" width="120" height="25"/>
    </entry>
    <entry id="2" name="cel:CELE_R07H5.1" type="gene"
        link="http://www.kegg.jp/dbget-bin/www_bget?cel:CELE_R07H5.1">
        <graphics name="prx-14" fgcolor="#000000" bgcolor="#BFFFBF"
             type="rectangle" x="617" y="221" width="46" height="17"/>
    </entry>
    <entry id="3" name="cel:CELE_ZK809.7" type="gene"
        link="http://www.kegg.jp/dbget-bin/www_bget?cel:CELE_ZK809.7">
        <graphics name="prx-2" fgcolor="#000000" bgcolor="#BFFFBF"
             type="rectangle" x="386" y="221" width="46" height="17"/>
    </entry>
    <entry id="4" name="ko:K13338" type="ortholog"
        link="http://www.kegg.jp/dbget-bin/www_bget?K13338">
        <graphics name="K13338" fgcolor="#000000" bgcolor="#FFFFFF"
             type="rectangle" x="221" y="193" width="46" height="17"/>
    </entry>
    <entry id="5" name="ko:K13339" type="ortholog"
        link="http://www.kegg.jp/dbget-bin/www_bget?K13339">
        <graphics name="K13339" fgcolor="#000000" bgcolor="#FFFFFF"
             type="rectangle" x="267" y="193" width="46" height="17"/>
    </entry>
    <entry id="6" name="ko:K13340" type="ortholog"
        link="http://www.kegg.jp/dbget-bin/www_bget?K13340">
        <graphics name="K13340" fgcolor="#000000" bgcolor="#FFFFFF"
             type="rectangle" x="267" y="221" width="46" height="17"/>
    </entry>
    <entry id="7" name="cel:CELE_F32A5.6" type="gene"
        link="http://www.kegg.jp/dbget-bin/www_bget?cel:CELE_F32A5.6">
        <graphics name="prx-13" fgcolor="#000000" bgcolor="#BFFFBF"
             type="rectangle" x="571" y="221" width="46" height="17"/>
    </entry>
    <entry id="8" name="ko:K13346" type="ortholog"
        link="http://www.kegg.jp/dbget-bin/www_bget?K13346">
        <graphics name="K13346" fgcolor="#000000" bgcolor="#FFFFFF"
             type="rectangle" x="431" y="221" width="46" height="17"/>
    </entry>
    <entry id="9" name="cel:CELE_F08B12.2" type="gene"
        link="http://www.kegg.jp/dbget-bin/www_bget?cel:CELE_F08B12.2">
        <graphics name="prx-12" fgcolor="#000000" bgcolor="#BFFFBF"
             type="rectangle" x="476" y="221" width="46" height="17"/>
    </entry>
    <entry id="10" name="cel:CELE_C34C6.6" type="gene"
        link="http://www.kegg.jp/dbget-bin/www_bget?cel:CELE_C34C6.6">
        <graphics name="prx-5" fgcolor="#000000" bgcolor="#BFFFBF"
             type="rectangle" x="619" y="150" width="46" height="17"/>
    </entry>
    <entry id="11" name="ko:K13341" type="ortholog"
        link="http://www.kegg.jp/dbget-bin/www_bget?K13341">
        <graphics name="K13341" fgcolor="#000000" bgcolor="#FFFFFF"
             type="rectangle" x="550" y="150" width="46" height="17"/>
    </entry>
    <entry id="12" name="cel:CELE_F54F2.8" type="gene"
        link="http://www.kegg.jp/dbget-bin/www_bget?cel:CELE_F54F2.8">
        <graphics name="prx-19" fgcolor="#000000" bgcolor="#BFFFBF"
             type="rectangle" x="175" y="302" width="46" height="17"/>
    </entry>
    <entry id="13" name="cel:CELE_C47B2.8" type="gene"
        link="http://www.kegg.jp/dbget-bin/www_bget?cel:CELE_C47B2.8">
        <graphics name="prx-11" fgcolor="#000000" bgcolor="#BFFFBF"
             type="rectangle" x="626" y="436" width="46" height="17"/>
    </entry>
    <entry id="14" name="ko:K13335" type="ortholog"
        link="http://www.kegg.jp/dbget-bin/www_bget?K13335">
        <graphics name="K13335" fgcolor="#000000" bgcolor="#FFFFFF"
             type="rectangle" x="151" y="222" width="46" height="17"/>
    </entry>
    <entry id="15" name="cel:CELE_C15H9.8" type="gene"
        link="http://www.kegg.jp/dbget-bin/www_bget?cel:CELE_C15H9.8">
        <graphics name="prx-3" fgcolor="#000000" bgcolor="#BFFFBF"
             type="rectangle" x="151" y="239" width="46" height="17"/>
    </entry>
    <entry id="16" name="cel:CELE_C44B7.9" type="gene"
        link="http://www.kegg.jp/dbget-bin/www_bget?cel:CELE_C44B7.9">
        <graphics name="pmp-2" fgcolor="#000000" bgcolor="#BFFFBF"
             type="rectangle" x="232" y="302" width="46" height="17"/>
    </entry>
    <entry id="17" name="cel:CELE_C34C6.6" type="gene"
        link="http://www.kegg.jp/dbget-bin/www_bget?cel:CELE_C34C6.6">
        <graphics name="prx-5" fgcolor="#000000" bgcolor="#BFFFBF"
             type="rectangle" x="267" y="170" width="46" height="17"/>
    </entry>
    <entry id="18" name="cel:CELE_Y46G5A.21" type="gene"
        link="http://www.kegg.jp/dbget-bin/www_bget?cel:CELE_Y46G5A.21">
        <graphics name="acl-7" fgcolor="#000000" bgcolor="#BFFFBF"
             type="rectangle" x="373" y="609" width="46" height="17"/>
    </entry>
    <entry id="19" name="cel:CELE_Y50D7A.7" type="gene"
        link="http://www.kegg.jp/dbget-bin/www_bget?cel:CELE_Y50D7A.7">
        <graphics name="ads-1" fgcolor="#000000" bgcolor="#BFFFBF"
             type="rectangle" x="372" y="649" width="46" height="17"/>
    </entry>
    <entry id="20" name="cel:CELE_ZK550.6" type="gene"
        link="http://www.kegg.jp/dbget-bin/www_bget?cel:CELE_ZK550.6">
        <graphics name="ZK550.6" fgcolor="#000000" bgcolor="#BFFFBF"
             type="rectangle" x="133" y="609" width="46" height="17"/>
    </entry>
    <entry id="21" name="ko:K07513" type="ortholog"
        link="http://www.kegg.jp/dbget-bin/www_bget?K07513">
        <graphics name="K07513" fgcolor="#000000" bgcolor="#FFFFFF"
             type="rectangle" x="133" y="769" width="46" height="17"/>
    </entry>
    <entry id="22" name="cel:CELE_C48B4.1 cel:CELE_F08A8.1 cel:CELE_F08A8.3 cel:CELE_F08A8.4 cel:CELE_F58F9.7 cel:CELE_F59F4.1" type="gene"
        link="http://www.kegg.jp/dbget-bin/www_bget?cel:CELE_C48B4.1+cel:CELE_F08A8.1+cel:CELE_F08A8.3+cel:CELE_F08A8.4+cel:CELE_F58F9.7+cel:CELE_F59F4.1">
        <graphics name="C48B4.1..." fgcolor="#000000" bgcolor="#BFFFBF"
             type="rectangle" x="73" y="674" width="46" height="17"/>
    </entry>
    <entry id="23" name="ko:K12405" type="ortholog"
        link="http://www.kegg.jp/dbget-bin/www_bget?K12405">
        <graphics name="K12405" fgcolor="#000000" bgcolor="#FFFFFF"
             type="rectangle" x="73" y="694" width="46" height="17"/>
    </entry>
    <entry id="24" name="cel:CELE_Y54G11A.13 cel:CELE_Y54G11A.5 cel:CELE_Y54G11A.6" type="gene"
        link="http://www.kegg.jp/dbget-bin/www_bget?cel:CELE_Y54G11A.13+cel:CELE_Y54G11A.5+cel:CELE_Y54G11A.6">
        <graphics name="ctl-3..." fgcolor="#000000" bgcolor="#BFFFBF"
             type="rectangle" x="633" y="609" width="46" height="17"/>
    </entry>
    <entry id="25" name="cel:CELE_Y57A10C.6" type="gene"
        link="http://www.kegg.jp/dbget-bin/www_bget?cel:CELE_Y57A10C.6">
        <graphics name="daf-22" fgcolor="#000000" bgcolor="#BFFFBF"
             type="rectangle" x="73" y="714" width="46" height="17"/>
    </entry>
    <entry id="26" name="cel:CELE_C15B12.1" type="gene"
        link="http://www.kegg.jp/dbget-bin/www_bget?cel:CELE_C15B12.1">
        <graphics name="C15B12.1" fgcolor="#000000" bgcolor="#BFFFBF"
             type="rectangle" x="423" y="914" width="46" height="17"/>
    </entry>
    <entry id="27" name="cel:CELE_T14D7.1" type="gene"
        link="http://www.kegg.jp/dbget-bin/www_bget?cel:CELE_T14D7.1">
        <graphics name="T14D7.1" fgcolor="#000000" bgcolor="#BFFFBF"
             type="rectangle" x="373" y="894" width="46" height="17"/>
    </entry>
    <entry id="28" name="cel:CELE_C24A3.4" type="gene"
        link="http://www.kegg.jp/dbget-bin/www_bget?cel:CELE_C24A3.4">
        <graphics name="C24A3.4" fgcolor="#000000" bgcolor="#BFFFBF"
             type="rectangle" x="73" y="654" width="46" height="17"/>
    </entry>
    <entry id="29" name="cel:CELE_Y42G9A.4" type="gene"
        link="http://www.kegg.jp/dbget-bin/www_bget?cel:CELE_Y42G9A.4">
        <graphics name="mvk-1" fgcolor="#000000" bgcolor="#BFFFBF"
             type="rectangle" x="373" y="771" width="46" height="17"/>
    </entry>
    <entry id="30" name="cel:CELE_Y25C1A.13" type="gene"
        link="http://www.kegg.jp/dbget-bin/www_bget?cel:CELE_Y25C1A.13">
        <graphics name="Y25C1A.13" fgcolor="#000000" bgcolor="#BFFFBF"
             type="rectangle" x="73" y="849" width="46" height="17"/>
    </entry>
    <entry id="31" name="ko:K00308" type="ortholog"
        link="http://www.kegg.jp/dbget-bin/www_bget?K00308">
        <graphics name="K00308" fgcolor="#000000" bgcolor="#FFFFFF"
             type="rectangle" x="373" y="914" width="46" height="17"/>
    </entry>
    <entry id="32" name="path:cel00900" type="map"
        link="http://www.kegg.jp/dbget-bin/www_bget?cel00900">
        <graphics name="Terpenoid backbone biosynthesis" fgcolor="#000000" bgcolor="#FFFFFF"
             type="roundrectangle" x="468" y="774" width="105" height="34"/>
    </entry>
    <entry id="33" name="ko:K13273" type="ortholog"
        link="http://www.kegg.jp/dbget-bin/www_bget?K13273">
        <graphics name="K13273" fgcolor="#000000" bgcolor="#FFFFFF"
             type="rectangle" x="373" y="791" width="46" height="17"/>
    </entry>
    <entry id="34" name="cel:CELE_T20B3.1" type="gene"
        link="http://www.kegg.jp/dbget-bin/www_bget?cel:CELE_T20B3.1">
        <graphics name="T20B3.1" fgcolor="#000000" bgcolor="#BFFFBF"
             type="rectangle" x="173" y="914" width="46" height="17"/>
    </entry>
    <entry id="35" name="path:map00120" type="map"
        link="http://www.kegg.jp/dbget-bin/www_bget?map00120">
        <graphics name="Primary bile acid biosynthesis" fgcolor="#000000" bgcolor="#FFFFFF"
             type="roundrectangle" x="214" y="685" width="120" height="34"/>
    </entry>
    <entry id="36" name="ko:K00659" type="ortholog"
        link="http://www.kegg.jp/dbget-bin/www_bget?K00659">
        <graphics name="K00659" fgcolor="#000000" bgcolor="#FFFFFF"
             type="rectangle" x="73" y="734" width="46" height="17"/>
    </entry>
    <entry id="37" name="path:cel00565" type="map"
        link="http://www.kegg.jp/dbget-bin/www_bget?cel00565">
        <graphics name="Ether lipid metabolism" fgcolor="#000000" bgcolor="#FFFFFF"
             type="roundrectangle" x="470" y="642" width="110" height="34"/>
    </entry>
    <entry id="38" name="path:cel00071" type="map"
        link="http://www.kegg.jp/dbget-bin/www_bget?cel00071">
        <graphics name="Fatty acid degradation" fgcolor="#000000" bgcolor="#FFFFFF"
             type="roundrectangle" x="225" y="597" width="95" height="34"/>
    </entry>
    <entry id="39" name="cel:CELE_Y71G12B.10" type="gene"
        link="http://www.kegg.jp/dbget-bin/www_bget?cel:CELE_Y71G12B.10">
        <graphics name="Y71G12B.10" fgcolor="#000000" bgcolor="#BFFFBF"
             type="rectangle" x="473" y="914" width="46" height="17"/>
    </entry>
    <entry id="40" name="path:cel00564" type="map"
        link="http://www.kegg.jp/dbget-bin/www_bget?cel00564">
        <graphics name="Glycerophospholipid metabolism" fgcolor="#000000" bgcolor="#FFFFFF"
             type="roundrectangle" x="470" y="597" width="110" height="34"/>
    </entry>
    <entry id="41" name="path:map03320" type="map"
        link="http://www.kegg.jp/dbget-bin/www_bget?map03320">
        <graphics name="PPAR signaling pathway" fgcolor="#000000" bgcolor="#FFFFFF"
             type="roundrectangle" x="227" y="642" width="95" height="34"/>
    </entry>
    <entry id="42" name="cel:CELE_B0395.3" type="gene"
        link="http://www.kegg.jp/dbget-bin/www_bget?cel:CELE_B0395.3">
        <graphics name="CELE_B0395.3" fgcolor="#000000" bgcolor="#BFFFBF"
             type="rectangle" x="123" y="914" width="46" height="17"/>
    </entry>
    <entry id="43" name="cel:CELE_Y69A2AR.5" type="gene"
        link="http://www.kegg.jp/dbget-bin/www_bget?cel:CELE_Y69A2AR.5">
        <graphics name="daao-1" fgcolor="#000000" bgcolor="#BFFFBF"
             type="rectangle" x="423" y="894" width="46" height="17"/>
    </entry>
    <entry id="44" name="cel:CELE_C47A10.5 cel:CELE_F18E3.7" type="gene"
        link="http://www.kegg.jp/dbget-bin/www_bget?cel:CELE_C47A10.5+cel:CELE_F18E3.7">
        <graphics name="ddo-1..." fgcolor="#000000" bgcolor="#BFFFBF"
             type="rectangle" x="473" y="894" width="46" height="17"/>
    </entry>
    <entry id="45" name="cel:CELE_F36H9.3 cel:CELE_F54F3.4" type="gene"
        link="http://www.kegg.jp/dbget-bin/www_bget?cel:CELE_F36H9.3+cel:CELE_F54F3.4">
        <graphics name="dhs-13..." fgcolor="#000000" bgcolor="#BFFFBF"
             type="rectangle" x="633" y="892" width="46" height="17"/>
    </entry>
    <entry id="46" name="cel:CELE_F35G12.1" type="gene"
        link="http://www.kegg.jp/dbget-bin/www_bget?cel:CELE_F35G12.1">
        <graphics name="mlcd-1" fgcolor="#000000" bgcolor="#BFFFBF"
             type="rectangle" x="223" y="914" width="46" height="17"/>
    </entry>
    <entry id="47" name="cel:CELE_B0334.3" type="gene"
        link="http://www.kegg.jp/dbget-bin/www_bget?cel:CELE_B0334.3">
        <graphics name="CELE_B0334.3" fgcolor="#000000" bgcolor="#BFFFBF"
             type="rectangle" x="73" y="609" width="46" height="17"/>
    </entry>
    <entry id="48" name="ko:K07514" type="ortholog"
        link="http://www.kegg.jp/dbget-bin/www_bget?K07514">
        <graphics name="K07514" fgcolor="#000000" bgcolor="#FFFFFF"
             type="rectangle" x="73" y="769" width="46" height="17"/>
    </entry>
    <entry id="49" name="ko:K07753" type="ortholog"
        link="http://www.kegg.jp/dbget-bin/www_bget?K07753">
        <graphics name="K07753" fgcolor="#000000" bgcolor="#FFFFFF"
             type="rectangle" x="73" y="894" width="46" height="17"/>
    </entry>
    <entry id="50" name="cel:CELE_R06F6.9" type="gene"
        link="http://www.kegg.jp/dbget-bin/www_bget?cel:CELE_R06F6.9">
        <graphics name="ech-4" fgcolor="#000000" bgcolor="#BFFFBF"
             type="rectangle" x="123" y="894" width="46" height="17"/>
    </entry>
    <entry id="51" name="cel:CELE_F13H10.2" type="gene"
        link="http://www.kegg.jp/dbget-bin/www_bget?cel:CELE_F13H10.2">
        <graphics name="ndx-9" fgcolor="#000000" bgcolor="#BFFFBF"
             type="rectangle" x="223" y="894" width="46" height="17"/>
    </entry>
    <entry id="52" name="cel:CELE_F25E2.3" type="gene"
        link="http://www.kegg.jp/dbget-bin/www_bget?cel:CELE_F25E2.3">
        <graphics name="F25E2.3" fgcolor="#000000" bgcolor="#BFFFBF"
             type="rectangle" x="73" y="914" width="46" height="17"/>
    </entry>
    <entry id="53" name="ko:K13355" type="ortholog"
        link="http://www.kegg.jp/dbget-bin/www_bget?K13355">
        <graphics name="K13355" fgcolor="#000000" bgcolor="#FFFFFF"
             type="rectangle" x="273" y="894" width="46" height="17"/>
    </entry>
    <entry id="54" name="ko:K13237" type="ortholog"
        link="http://www.kegg.jp/dbget-bin/www_bget?K13237">
        <graphics name="K13237" fgcolor="#000000" bgcolor="#FFFFFF"
             type="rectangle" x="73" y="829" width="46" height="17"/>
    </entry>
    <entry id="55" name="cel:CELE_C44B7.9" type="gene"
        link="http://www.kegg.jp/dbget-bin/www_bget?cel:CELE_C44B7.9">
        <graphics name="pmp-2" fgcolor="#000000" bgcolor="#BFFFBF"
             type="rectangle" x="133" y="829" width="46" height="17"/>
    </entry>
    <entry id="56" name="cel:CELE_C46F4.2 cel:CELE_F28F8.2 cel:CELE_F37C12.7 cel:CELE_F47G6.2 cel:CELE_R07C3.4 cel:CELE_R09E10.3 cel:CELE_R09E10.4 cel:CELE_T08B1.6 cel:CELE_Y65B4BL.5 cel:CELE_Y76A2B.3" type="gene"
        link="http://www.kegg.jp/dbget-bin/www_bget?cel:CELE_C46F4.2+cel:CELE_F28F8.2+cel:CELE_F37C12.7+cel:CELE_F47G6.2+cel:CELE_R07C3.4+cel:CELE_R09E10.3+cel:CELE_R09E10.4+cel:CELE_T08B1.6+cel:CELE_Y65B4BL.5+cel:CELE_Y76A2B.3">
        <graphics name="acs-17..." fgcolor="#000000" bgcolor="#BFFFBF"
             type="rectangle" x="133" y="849" width="46" height="17"/>
    </entry>
    <entry id="57" name="ko:K08746" type="ortholog"
        link="http://www.kegg.jp/dbget-bin/www_bget?K08746">
        <graphics name="K08746" fgcolor="#000000" bgcolor="#FFFFFF"
             type="rectangle" x="183" y="829" width="46" height="17"/>
    </entry>
    <entry id="58" name="cel:CELE_C34F6.8 cel:CELE_F59B8.2" type="gene"
        link="http://www.kegg.jp/dbget-bin/www_bget?cel:CELE_C34F6.8+cel:CELE_F59B8.2">
        <graphics name="idh-2..." fgcolor="#000000" bgcolor="#BFFFBF"
             type="rectangle" x="523" y="894" width="46" height="17"/>
    </entry>
    <entry id="59" name="cel:CELE_F41E6.5" type="gene"
        link="http://www.kegg.jp/dbget-bin/www_bget?cel:CELE_F41E6.5">
        <graphics name="F41E6.5" fgcolor="#000000" bgcolor="#BFFFBF"
             type="rectangle" x="523" y="914" width="46" height="17"/>
    </entry>
    <entry id="60" name="path:cel00230" type="map"
        link="http://www.kegg.jp/dbget-bin/www_bget?cel00230">
        <graphics name="Purine metabolism" fgcolor="#000000" bgcolor="#FFFFFF"
             type="roundrectangle" x="730" y="825" width="110" height="34"/>
    </entry>
    <entry id="61" name="cel:CELE_F55B11.1" type="gene"
        link="http://www.kegg.jp/dbget-bin/www_bget?cel:CELE_F55B11.1">
        <graphics name="F55B11.1" fgcolor="#000000" bgcolor="#BFFFBF"
             type="rectangle" x="633" y="821" width="46" height="16"/>
    </entry>
    <entry id="62" name="cel:CELE_Y71H10A.2" type="gene"
        link="http://www.kegg.jp/dbget-bin/www_bget?cel:CELE_Y71H10A.2">
        <graphics name="fard-1" fgcolor="#000000" bgcolor="#BFFFBF"
             type="rectangle" x="373" y="694" width="46" height="17"/>
    </entry>
    <entry id="63" name="path:cel00830" type="map"
        link="http://www.kegg.jp/dbget-bin/www_bget?cel00830">
        <graphics name="Retinol metabolism" fgcolor="#000000" bgcolor="#FFFFFF"
             type="roundrectangle" x="730" y="899" width="110" height="34"/>
    </entry>
    <entry id="64" name="ko:K11187" type="ortholog"
        link="http://www.kegg.jp/dbget-bin/www_bget?K11187">
        <graphics name="K11187" fgcolor="#000000" bgcolor="#FFFFFF"
             type="rectangle" x="633" y="629" width="46" height="17"/>
    </entry>
    <entry id="65" name="cel:CELE_C08A9.1 cel:CELE_C15F1.7 cel:CELE_F10D11.1 cel:CELE_F55H2.1 cel:CELE_ZK430.3" type="gene"
        link="http://www.kegg.jp/dbget-bin/www_bget?cel:CELE_C08A9.1+cel:CELE_C15F1.7+cel:CELE_F10D11.1+cel:CELE_F55H2.1+cel:CELE_ZK430.3">
        <graphics name="sod-3..." fgcolor="#000000" bgcolor="#BFFFBF"
             type="rectangle" x="684" y="609" width="46" height="17"/>
    </entry>
    <entry id="66" name="cel:CELE_ZK1320.1" type="gene"
        link="http://www.kegg.jp/dbget-bin/www_bget?cel:CELE_ZK1320.1">
        <graphics name="gstk-1" fgcolor="#000000" bgcolor="#BFFFBF"
             type="rectangle" x="633" y="764" width="46" height="17"/>
    </entry>
    <entry id="67" name="ko:K08726" type="ortholog"
        link="http://www.kegg.jp/dbget-bin/www_bget?K08726">
        <graphics name="K08726" fgcolor="#000000" bgcolor="#FFFFFF"
             type="rectangle" x="633" y="694" width="46" height="17"/>
    </entry>
    <entry id="68" name="ko:K13241" type="ortholog"
        link="http://www.kegg.jp/dbget-bin/www_bget?K13241">
        <graphics name="K13241" fgcolor="#000000" bgcolor="#FFFFFF"
             type="rectangle" x="734" y="609" width="46" height="17"/>
    </entry>
    <entry id="69" name="ko:K13279" type="ortholog"
        link="http://www.kegg.jp/dbget-bin/www_bget?K13279">
        <graphics name="K13279" fgcolor="#000000" bgcolor="#FFFFFF"
             type="rectangle" x="684" y="629" width="46" height="17"/>
    </entry>
    <entry id="70" name="ko:K13347" type="ortholog"
        link="http://www.kegg.jp/dbget-bin/www_bget?K13347">
        <graphics name="K13347" fgcolor="#000000" bgcolor="#FFFFFF"
             type="rectangle" x="293" y="435" width="46" height="17"/>
    </entry>
    <entry id="71" name="cel:CELE_T18D3.9" type="gene"
        link="http://www.kegg.jp/dbget-bin/www_bget?cel:CELE_T18D3.9">
        <graphics name="T18D3.9" fgcolor="#000000" bgcolor="#BFFFBF"
             type="rectangle" x="366" y="435" width="46" height="17"/>
    </entry>
    <entry id="72" name="cel:CELE_F18F11.1" type="gene"
        link="http://www.kegg.jp/dbget-bin/www_bget?cel:CELE_F18F11.1">
        <graphics name="F18F11.1" fgcolor="#000000" bgcolor="#BFFFBF"
             type="rectangle" x="438" y="435" width="46" height="17"/>
    </entry>
    <entry id="73" name="ko:K13354" type="ortholog"
        link="http://www.kegg.jp/dbget-bin/www_bget?K13354">
        <graphics name="K13354" fgcolor="#000000" bgcolor="#FFFFFF"
             type="rectangle" x="701" y="312" width="46" height="17"/>
    </entry>
    <entry id="74" name="ko:K17879" type="ortholog"
        link="http://www.kegg.jp/dbget-bin/www_bget?K17879">
        <graphics name="K17879" fgcolor="#000000" bgcolor="#FFFFFF"
             type="rectangle" x="173" y="894" width="46" height="17"/>
    </entry>
    <relation entry1="10" entry2="2" type="PPrel">
    </relation>
    <relation entry1="7" entry2="2" type="PPrel">
    </relation>
</pathway>
