<?xml version="1.0"?>
<!DOCTYPE pathway SYSTEM "http://www.kegg.jp/kegg/xml/KGML_v0.7.1_.dtd">
<!-- Creation date: Jan 22, 2014 15:08:02 +0900 (GMT+09:00) -->
<pathway name="path:cel04140" org="cel" number="04140"
         title="Regulation of autophagy"
         image="http://www.kegg.jp/kegg/pathway/cel/cel04140.png"
         link="http://www.kegg.jp/kegg-bin/show_pathway?cel04140">
    <entry id="1" name="cel:CELE_M7.5" type="gene"
        link="http://www.kegg.jp/dbget-bin/www_bget?cel:CELE_M7.5">
        <graphics name="atg-7" fgcolor="#000000" bgcolor="#BFFFBF"
             type="rectangle" x="424" y="512" width="46" height="17"/>
    </entry>
    <entry id="2" name="cpd:C00350" type="compound"
        link="http://www.kegg.jp/dbget-bin/www_bget?C00350">
        <graphics name="C00350" fgcolor="#000000" bgcolor="#FFFFFF"
             type="circle" x="566" y="512" width="8" height="8"/>
    </entry>
    <entry id="3" name="cpd:C04549" type="compound"
        link="http://www.kegg.jp/dbget-bin/www_bget?C04549">
        <graphics name="C04549" fgcolor="#000000" bgcolor="#FFFFFF"
             type="circle" x="567" y="373" width="8" height="8"/>
    </entry>
    <entry id="4" name="cpd:C01194" type="compound"
        link="http://www.kegg.jp/dbget-bin/www_bget?C01194">
        <graphics name="C01194" fgcolor="#000000" bgcolor="#FFFFFF"
             type="circle" x="503" y="373" width="8" height="8"/>
    </entry>
    <entry id="5" name="cel:CELE_Y55F3AM.4" type="gene"
        link="http://www.kegg.jp/dbget-bin/www_bget?cel:CELE_Y55F3AM.4">
        <graphics name="atg-3" fgcolor="#000000" bgcolor="#BFFFBF"
             type="rectangle" x="503" y="512" width="46" height="17"/>
    </entry>
    <entry id="6" name="cel:CELE_Y87G2A.3" type="gene"
        link="http://www.kegg.jp/dbget-bin/www_bget?cel:CELE_Y87G2A.3">
        <graphics name="atg-4.1" fgcolor="#000000" bgcolor="#BFFFBF"
             type="rectangle" x="345" y="512" width="46" height="17"/>
    </entry>
    <entry id="7" name="cel:CELE_C32D5.9" type="gene"
        link="http://www.kegg.jp/dbget-bin/www_bget?cel:CELE_C32D5.9">
        <graphics name="lgg-1" fgcolor="#000000" bgcolor="#BFFFBF"
             type="rectangle" x="266" y="512" width="46" height="17"/>
    </entry>
    <entry id="8" name="cel:CELE_F02E8.5 cel:CELE_K06A1.5" type="gene"
        link="http://www.kegg.jp/dbget-bin/www_bget?cel:CELE_F02E8.5+cel:CELE_K06A1.5">
        <graphics name="atg-16.1..." fgcolor="#000000" bgcolor="#BFFFBF"
             type="rectangle" x="661" y="452" width="46" height="17"/>
    </entry>
    <entry id="9" name="ko:K08339" type="ortholog"
        link="http://www.kegg.jp/dbget-bin/www_bget?K08339">
        <graphics name="K08339" fgcolor="#000000" bgcolor="#FFFFFF"
             type="rectangle" x="582" y="452" width="46" height="17"/>
    </entry>
    <entry id="10" name="cel:CELE_D2085.2" type="gene"
        link="http://www.kegg.jp/dbget-bin/www_bget?cel:CELE_D2085.2">
        <graphics name="atg-10" fgcolor="#000000" bgcolor="#BFFFBF"
             type="rectangle" x="503" y="452" width="46" height="17"/>
    </entry>
    <entry id="11" name="cel:CELE_M7.5" type="gene"
        link="http://www.kegg.jp/dbget-bin/www_bget?cel:CELE_M7.5">
        <graphics name="atg-7" fgcolor="#000000" bgcolor="#BFFFBF"
             type="rectangle" x="424" y="452" width="46" height="17"/>
    </entry>
    <entry id="12" name="cel:CELE_B0336.8" type="gene"
        link="http://www.kegg.jp/dbget-bin/www_bget?cel:CELE_B0336.8">
        <graphics name="lgg-3" fgcolor="#000000" bgcolor="#BFFFBF"
             type="rectangle" x="345" y="452" width="46" height="17"/>
    </entry>
    <entry id="13" name="cel:CELE_Y106G6A.2" type="gene"
        link="http://www.kegg.jp/dbget-bin/www_bget?cel:CELE_Y106G6A.2">
        <graphics name="epg-8" fgcolor="#000000" bgcolor="#BFFFBF"
             type="rectangle" x="503" y="311" width="46" height="17"/>
    </entry>
    <entry id="14" name="cel:CELE_ZK930.1" type="gene"
        link="http://www.kegg.jp/dbget-bin/www_bget?cel:CELE_ZK930.1">
        <graphics name="ZK930.1" fgcolor="#000000" bgcolor="#BFFFBF"
             type="rectangle" x="448" y="338" width="46" height="17"/>
    </entry>
    <entry id="15" name="ko:K08332" type="ortholog"
        link="http://www.kegg.jp/dbget-bin/www_bget?K08332">
        <graphics name="K08332" fgcolor="#000000" bgcolor="#FFFFFF"
             type="rectangle" x="538" y="220" width="46" height="17"/>
    </entry>
    <entry id="16" name="cel:CELE_D2007.5" type="gene"
        link="http://www.kegg.jp/dbget-bin/www_bget?cel:CELE_D2007.5">
        <graphics name="atg-13" fgcolor="#000000" bgcolor="#BFFFBF"
             type="rectangle" x="538" y="193" width="46" height="17"/>
    </entry>
    <entry id="17" name="cel:CELE_Y60A3A.1" type="gene"
        link="http://www.kegg.jp/dbget-bin/www_bget?cel:CELE_Y60A3A.1">
        <graphics name="unc-51" fgcolor="#000000" bgcolor="#BFFFBF"
             type="rectangle" x="468" y="193" width="46" height="17"/>
    </entry>
    <entry id="18" name="ko:K08329" type="ortholog"
        link="http://www.kegg.jp/dbget-bin/www_bget?K08329">
        <graphics name="K08329" fgcolor="#000000" bgcolor="#FFFFFF"
             type="rectangle" x="468" y="166" width="46" height="17"/>
    </entry>
    <entry id="19" name="ko:K08330" type="ortholog"
        link="http://www.kegg.jp/dbget-bin/www_bget?K08330">
        <graphics name="K08330" fgcolor="#000000" bgcolor="#FFFFFF"
             type="rectangle" x="468" y="220" width="46" height="17"/>
    </entry>
    <entry id="20" name="path:cel04130" type="map"
        link="http://www.kegg.jp/dbget-bin/www_bget?cel04130">
        <graphics name="SNARE interactions in vesicular transport" fgcolor="#000000" bgcolor="#FFFFFF"
             type="roundrectangle" x="504" y="598" width="109" height="40"/>
    </entry>
    <entry id="21" name="cpd:C00913" type="compound"
        link="http://www.kegg.jp/dbget-bin/www_bget?C00913">
        <graphics name="C00913" fgcolor="#000000" bgcolor="#FFFFFF"
             type="circle" x="581" y="345" width="8" height="8"/>
    </entry>
    <entry id="23" name="cpd:C15181" type="compound"
        link="http://www.kegg.jp/dbget-bin/www_bget?C15181">
        <graphics name="C15181" fgcolor="#000000" bgcolor="#FFFFFF"
             type="circle" x="581" y="330" width="8" height="8"/>
    </entry>
    <entry id="24" name="ko:K04687" type="ortholog"
        link="http://www.kegg.jp/dbget-bin/www_bget?K04687">
        <graphics name="K04687" fgcolor="#000000" bgcolor="#FFFFFF"
             type="rectangle" x="765" y="247" width="46" height="17"/>
    </entry>
    <entry id="25" name="ko:K05414" type="ortholog"
        link="http://www.kegg.jp/dbget-bin/www_bget?K05414">
        <graphics name="K05414" fgcolor="#000000" bgcolor="#FFFFFF"
             type="rectangle" x="765" y="225" width="46" height="17"/>
    </entry>
    <entry id="26" name="cel:CELE_T19E7.3" type="gene"
        link="http://www.kegg.jp/dbget-bin/www_bget?cel:CELE_T19E7.3">
        <graphics name="bec-1" fgcolor="#000000" bgcolor="#BFFFBF"
             type="rectangle" x="503" y="284" width="46" height="17"/>
    </entry>
    <entry id="27" name="cel:CELE_B0025.1" type="gene"
        link="http://www.kegg.jp/dbget-bin/www_bget?cel:CELE_B0025.1">
        <graphics name="vps-34" fgcolor="#000000" bgcolor="#BFFFBF"
             type="rectangle" x="503" y="338" width="46" height="17"/>
    </entry>
    <entry id="28" name="ko:K04526" type="ortholog"
        link="http://www.kegg.jp/dbget-bin/www_bget?K04526">
        <graphics name="K04526" fgcolor="#000000" bgcolor="#FFFFFF"
             type="rectangle" x="55" y="193" width="46" height="17"/>
    </entry>
    <entry id="29" name="cel:CELE_PAR2.3 cel:CELE_T01C8.1" type="gene"
        link="http://www.kegg.jp/dbget-bin/www_bget?cel:CELE_PAR2.3+cel:CELE_T01C8.1">
        <graphics name="aak-1..." fgcolor="#000000" bgcolor="#BFFFBF"
             type="rectangle" x="238" y="249" width="46" height="17"/>
    </entry>
    <entry id="30" name="path:cel04140" type="map"
        link="http://www.kegg.jp/dbget-bin/www_bget?cel04140">
        <graphics name="TITLE:Regulation of autophagy" fgcolor="#000000" bgcolor="#FFFFFF"
             type="roundrectangle" x="158" y="58" width="235" height="25"/>
    </entry>
    <entry id="31" name="path:map04210" type="map"
        link="http://www.kegg.jp/dbget-bin/www_bget?map04210">
        <graphics name="Apoptosis" fgcolor="#000000" bgcolor="#FFFFFF"
             type="roundrectangle" x="849" y="567" width="93" height="40"/>
    </entry>
    <entry id="32" name="path:map04612" type="map"
        link="http://www.kegg.jp/dbget-bin/www_bget?map04612">
        <graphics name="Antigen processing and presentation" fgcolor="#000000" bgcolor="#FFFFFF"
             type="roundrectangle" x="709" y="598" width="109" height="40"/>
    </entry>
    <entry id="33" name="path:cel04010" type="map"
        link="http://www.kegg.jp/dbget-bin/www_bget?cel04010">
        <graphics name="MAPK signaling pathway" fgcolor="#000000" bgcolor="#FFFFFF"
             type="roundrectangle" x="331" y="118" width="109" height="40"/>
    </entry>
    <entry id="34" name="path:cel04150" type="map"
        link="http://www.kegg.jp/dbget-bin/www_bget?cel04150">
        <graphics name="mTOR signaling pathway" fgcolor="#000000" bgcolor="#FFFFFF"
             type="roundrectangle" x="331" y="192" width="109" height="40"/>
    </entry>
    <entry id="35" name="path:map04910" type="map"
        link="http://www.kegg.jp/dbget-bin/www_bget?map04910">
        <graphics name="Insulin signaling pathway" fgcolor="#000000" bgcolor="#FFFFFF"
             type="roundrectangle" x="163" y="192" width="109" height="40"/>
    </entry>
    <relation entry1="16" entry2="17" type="PPrel">
        <subtype name="binding/association" value="---"/>
    </relation>
    <relation entry1="13" entry2="26" type="PPrel">
        <subtype name="binding/association" value="---"/>
    </relation>
    <relation entry1="13" entry2="27" type="PPrel">
        <subtype name="binding/association" value="---"/>
    </relation>
    <relation entry1="14" entry2="27" type="PPrel">
        <subtype name="binding/association" value="---"/>
    </relation>
    <relation entry1="27" entry2="4" type="PCrel">
        <subtype name="binding/association" value="---"/>
    </relation>
    <relation entry1="23" entry2="27" type="PCrel">
        <subtype name="inhibition" value="--|"/>
    </relation>
    <relation entry1="21" entry2="27" type="PCrel">
        <subtype name="inhibition" value="--|"/>
    </relation>
    <relation entry1="12" entry2="11" type="PPrel">
        <subtype name="activation" value="--&gt;"/>
    </relation>
    <relation entry1="11" entry2="10" type="PPrel">
        <subtype name="activation" value="--&gt;"/>
    </relation>
    <relation entry1="7" entry2="1" type="PPrel">
        <subtype name="activation" value="--&gt;"/>
    </relation>
    <relation entry1="1" entry2="1" type="PPrel">
        <subtype name="activation" value="--&gt;"/>
    </relation>
    <relation entry1="1" entry2="5" type="PPrel">
        <subtype name="activation" value="--&gt;"/>
    </relation>
    <relation entry1="5" entry2="2" type="PCrel">
        <subtype name="activation" value="--&gt;"/>
    </relation>
</pathway>
