<?xml version="1.0"?>
<!DOCTYPE pathway SYSTEM "http://www.kegg.jp/kegg/xml/KGML_v0.7.1_.dtd">
<!-- Creation date: Jan 8, 2016 14:39:38 +0900 (GMT+9) -->
<pathway name="path:cel00590" org="cel" number="00590"
         title="Arachidonic acid metabolism"
         image="http://www.kegg.jp/kegg/pathway/cel/cel00590.png"
         link="http://www.kegg.jp/kegg-bin/show_pathway?cel00590">
    <entry id="49" name="path:map07034" type="map"
        link="http://www.kegg.jp/dbget-bin/www_bget?map07034">
        <graphics name="Eicosanoids" fgcolor="#000000" bgcolor="#FFFFFF"
             type="roundrectangle" x="627" y="318" width="73" height="25"/>
    </entry>
    <entry id="50" name="ko:K08726" type="ortholog" reaction="rn:R07111"
        link="http://www.kegg.jp/dbget-bin/www_bget?K08726">
        <graphics name="K08726" fgcolor="#000000" bgcolor="#FFFFFF"
             type="rectangle" x="877" y="501" width="46" height="17"/>
    </entry>
    <entry id="51" name="ko:K08726" type="ortholog" reaction="rn:R07110"
        link="http://www.kegg.jp/dbget-bin/www_bget?K08726">
        <graphics name="K08726" fgcolor="#000000" bgcolor="#FFFFFF"
             type="rectangle" x="823" y="501" width="46" height="17"/>
    </entry>
    <entry id="52" name="ko:K08726" type="ortholog" reaction="rn:R07109"
        link="http://www.kegg.jp/dbget-bin/www_bget?K08726">
        <graphics name="K08726" fgcolor="#000000" bgcolor="#FFFFFF"
             type="rectangle" x="745" y="501" width="46" height="17"/>
    </entry>
    <entry id="53" name="ko:K08726" type="ortholog" reaction="rn:R07108"
        link="http://www.kegg.jp/dbget-bin/www_bget?K08726">
        <graphics name="K08726" fgcolor="#000000" bgcolor="#FFFFFF"
             type="rectangle" x="667" y="501" width="46" height="17"/>
    </entry>
    <entry id="55" name="cpd:C03577" type="compound"
        link="http://www.kegg.jp/dbget-bin/www_bget?C03577">
        <graphics name="C03577" fgcolor="#000000" bgcolor="#FFFFFF"
             type="circle" x="423" y="122" width="8" height="8"/>
    </entry>
    <entry id="56" name="cpd:C14811" type="compound"
        link="http://www.kegg.jp/dbget-bin/www_bget?C14811">
        <graphics name="C14811" fgcolor="#000000" bgcolor="#FFFFFF"
             type="circle" x="1227" y="469" width="8" height="8"/>
    </entry>
    <entry id="57" name="cpd:C14809" type="compound"
        link="http://www.kegg.jp/dbget-bin/www_bget?C14809">
        <graphics name="C14809" fgcolor="#000000" bgcolor="#FFFFFF"
             type="circle" x="1177" y="469" width="8" height="8"/>
    </entry>
    <entry id="58" name="cpd:C14810" type="compound"
        link="http://www.kegg.jp/dbget-bin/www_bget?C14810">
        <graphics name="C14810" fgcolor="#000000" bgcolor="#FFFFFF"
             type="circle" x="1227" y="403" width="8" height="8"/>
    </entry>
    <entry id="59" name="cpd:C14808" type="compound"
        link="http://www.kegg.jp/dbget-bin/www_bget?C14808">
        <graphics name="C14808" fgcolor="#000000" bgcolor="#FFFFFF"
             type="circle" x="1177" y="403" width="8" height="8"/>
    </entry>
    <entry id="60" name="cpd:C14807" type="compound"
        link="http://www.kegg.jp/dbget-bin/www_bget?C14807">
        <graphics name="C14807" fgcolor="#000000" bgcolor="#FFFFFF"
             type="circle" x="1227" y="230" width="8" height="8"/>
    </entry>
    <entry id="61" name="cpd:C14777" type="compound"
        link="http://www.kegg.jp/dbget-bin/www_bget?C14777">
        <graphics name="C14777" fgcolor="#000000" bgcolor="#FFFFFF"
             type="circle" x="1126" y="231" width="8" height="8"/>
    </entry>
    <entry id="62" name="cpd:C14812" type="compound"
        link="http://www.kegg.jp/dbget-bin/www_bget?C14812">
        <graphics name="C14812" fgcolor="#000000" bgcolor="#FFFFFF"
             type="circle" x="1071" y="284" width="8" height="8"/>
    </entry>
    <entry id="63" name="cpd:C14822" type="compound"
        link="http://www.kegg.jp/dbget-bin/www_bget?C14822">
        <graphics name="C14822" fgcolor="#000000" bgcolor="#FFFFFF"
             type="circle" x="1071" y="230" width="8" height="8"/>
    </entry>
    <entry id="64" name="cpd:C14820" type="compound"
        link="http://www.kegg.jp/dbget-bin/www_bget?C14820">
        <graphics name="C14820" fgcolor="#000000" bgcolor="#FFFFFF"
             type="circle" x="1011" y="284" width="8" height="8"/>
    </entry>
    <entry id="65" name="cpd:C14780" type="compound"
        link="http://www.kegg.jp/dbget-bin/www_bget?C14780">
        <graphics name="C14780" fgcolor="#000000" bgcolor="#FFFFFF"
             type="circle" x="1011" y="230" width="8" height="8"/>
    </entry>
    <entry id="66" name="cpd:C14821" type="compound"
        link="http://www.kegg.jp/dbget-bin/www_bget?C14821">
        <graphics name="C14821" fgcolor="#000000" bgcolor="#FFFFFF"
             type="circle" x="954" y="284" width="8" height="8"/>
    </entry>
    <entry id="67" name="cpd:C14779" type="compound"
        link="http://www.kegg.jp/dbget-bin/www_bget?C14779">
        <graphics name="C14779" fgcolor="#000000" bgcolor="#FFFFFF"
             type="circle" x="954" y="230" width="8" height="8"/>
    </entry>
    <entry id="68" name="cpd:C14823" type="compound"
        link="http://www.kegg.jp/dbget-bin/www_bget?C14823">
        <graphics name="C14823" fgcolor="#000000" bgcolor="#FFFFFF"
             type="circle" x="895" y="284" width="8" height="8"/>
    </entry>
    <entry id="69" name="cpd:C14776" type="compound"
        link="http://www.kegg.jp/dbget-bin/www_bget?C14776">
        <graphics name="C14776" fgcolor="#000000" bgcolor="#FFFFFF"
             type="circle" x="895" y="230" width="8" height="8"/>
    </entry>
    <entry id="70" name="cpd:C04822" type="compound"
        link="http://www.kegg.jp/dbget-bin/www_bget?C04822">
        <graphics name="C04822" fgcolor="#000000" bgcolor="#FFFFFF"
             type="circle" x="841" y="284" width="8" height="8"/>
    </entry>
    <entry id="71" name="cpd:C14824" type="compound"
        link="http://www.kegg.jp/dbget-bin/www_bget?C14824">
        <graphics name="C14824" fgcolor="#000000" bgcolor="#FFFFFF"
             type="circle" x="841" y="230" width="8" height="8"/>
    </entry>
    <entry id="72" name="cpd:C14748" type="compound"
        link="http://www.kegg.jp/dbget-bin/www_bget?C14748">
        <graphics name="C14748" fgcolor="#000000" bgcolor="#FFFFFF"
             type="circle" x="749" y="129" width="8" height="8"/>
    </entry>
    <entry id="73" name="cpd:C14749" type="compound"
        link="http://www.kegg.jp/dbget-bin/www_bget?C14749">
        <graphics name="C14749" fgcolor="#000000" bgcolor="#FFFFFF"
             type="circle" x="625" y="232" width="8" height="8"/>
    </entry>
    <entry id="74" name="cpd:C14795" type="compound"
        link="http://www.kegg.jp/dbget-bin/www_bget?C14795">
        <graphics name="C14795" fgcolor="#000000" bgcolor="#FFFFFF"
             type="circle" x="954" y="532" width="8" height="8"/>
    </entry>
    <entry id="75" name="cpd:C14794" type="compound"
        link="http://www.kegg.jp/dbget-bin/www_bget?C14794">
        <graphics name="C14794" fgcolor="#000000" bgcolor="#FFFFFF"
             type="circle" x="1023" y="469" width="8" height="8"/>
    </entry>
    <entry id="76" name="cpd:C13809" type="compound"
        link="http://www.kegg.jp/dbget-bin/www_bget?C13809">
        <graphics name="C13809" fgcolor="#000000" bgcolor="#FFFFFF"
             type="circle" x="954" y="469" width="8" height="8"/>
    </entry>
    <entry id="77" name="cpd:C14772" type="compound"
        link="http://www.kegg.jp/dbget-bin/www_bget?C14772">
        <graphics name="C14772" fgcolor="#000000" bgcolor="#FFFFFF"
             type="circle" x="877" y="532" width="8" height="8"/>
    </entry>
    <entry id="78" name="cpd:C14773" type="compound"
        link="http://www.kegg.jp/dbget-bin/www_bget?C14773">
        <graphics name="C14773" fgcolor="#000000" bgcolor="#FFFFFF"
             type="circle" x="823" y="532" width="8" height="8"/>
    </entry>
    <entry id="79" name="cpd:C14774" type="compound"
        link="http://www.kegg.jp/dbget-bin/www_bget?C14774">
        <graphics name="C14774" fgcolor="#000000" bgcolor="#FFFFFF"
             type="circle" x="745" y="532" width="8" height="8"/>
    </entry>
    <entry id="80" name="cpd:C14775" type="compound"
        link="http://www.kegg.jp/dbget-bin/www_bget?C14775">
        <graphics name="C14775" fgcolor="#000000" bgcolor="#FFFFFF"
             type="circle" x="666" y="532" width="8" height="8"/>
    </entry>
    <entry id="81" name="cpd:C14768" type="compound"
        link="http://www.kegg.jp/dbget-bin/www_bget?C14768">
        <graphics name="C14768" fgcolor="#000000" bgcolor="#FFFFFF"
             type="circle" x="877" y="470" width="8" height="8"/>
    </entry>
    <entry id="82" name="cpd:C14769" type="compound"
        link="http://www.kegg.jp/dbget-bin/www_bget?C14769">
        <graphics name="C14769" fgcolor="#000000" bgcolor="#FFFFFF"
             type="circle" x="823" y="470" width="8" height="8"/>
    </entry>
    <entry id="83" name="cpd:C14770" type="compound"
        link="http://www.kegg.jp/dbget-bin/www_bget?C14770">
        <graphics name="C14770" fgcolor="#000000" bgcolor="#FFFFFF"
             type="circle" x="745" y="470" width="8" height="8"/>
    </entry>
    <entry id="84" name="cpd:C14771" type="compound"
        link="http://www.kegg.jp/dbget-bin/www_bget?C14771">
        <graphics name="C14771" fgcolor="#000000" bgcolor="#FFFFFF"
             type="circle" x="666" y="470" width="8" height="8"/>
    </entry>
    <entry id="85" name="cpd:C14778" type="compound"
        link="http://www.kegg.jp/dbget-bin/www_bget?C14778">
        <graphics name="C14778" fgcolor="#000000" bgcolor="#FFFFFF"
             type="circle" x="610" y="439" width="8" height="8"/>
    </entry>
    <entry id="86" name="cpd:C14732" type="compound"
        link="http://www.kegg.jp/dbget-bin/www_bget?C14732">
        <graphics name="C14732" fgcolor="#000000" bgcolor="#FFFFFF"
             type="circle" x="601" y="172" width="8" height="8"/>
    </entry>
    <entry id="87" name="cpd:C14782" type="compound"
        link="http://www.kegg.jp/dbget-bin/www_bget?C14782">
        <graphics name="C14782" fgcolor="#000000" bgcolor="#FFFFFF"
             type="circle" x="551" y="590" width="8" height="8"/>
    </entry>
    <entry id="88" name="cpd:C14814" type="compound"
        link="http://www.kegg.jp/dbget-bin/www_bget?C14814">
        <graphics name="C14814" fgcolor="#000000" bgcolor="#FFFFFF"
             type="circle" x="484" y="590" width="8" height="8"/>
    </entry>
    <entry id="89" name="cpd:C14781" type="compound"
        link="http://www.kegg.jp/dbget-bin/www_bget?C14781">
        <graphics name="C14781" fgcolor="#000000" bgcolor="#FFFFFF"
             type="circle" x="551" y="534" width="8" height="8"/>
    </entry>
    <entry id="90" name="cpd:C14813" type="compound"
        link="http://www.kegg.jp/dbget-bin/www_bget?C14813">
        <graphics name="C14813" fgcolor="#000000" bgcolor="#FFFFFF"
             type="circle" x="484" y="534" width="8" height="8"/>
    </entry>
    <entry id="91" name="cpd:C14815" type="compound"
        link="http://www.kegg.jp/dbget-bin/www_bget?C14815">
        <graphics name="C14815" fgcolor="#000000" bgcolor="#FFFFFF"
             type="circle" x="484" y="439" width="8" height="8"/>
    </entry>
    <entry id="92" name="cpd:C04577" type="compound"
        link="http://www.kegg.jp/dbget-bin/www_bget?C04577">
        <graphics name="C04577" fgcolor="#000000" bgcolor="#FFFFFF"
             type="circle" x="366" y="533" width="8" height="8"/>
    </entry>
    <entry id="93" name="cpd:C04742" type="compound"
        link="http://www.kegg.jp/dbget-bin/www_bget?C04742">
        <graphics name="C04742" fgcolor="#000000" bgcolor="#FFFFFF"
             type="circle" x="366" y="470" width="8" height="8"/>
    </entry>
    <entry id="94" name="cpd:C06315" type="compound"
        link="http://www.kegg.jp/dbget-bin/www_bget?C06315">
        <graphics name="C06315" fgcolor="#000000" bgcolor="#FFFFFF"
             type="circle" x="365" y="439" width="8" height="8"/>
    </entry>
    <entry id="95" name="cpd:C06314" type="compound"
        link="http://www.kegg.jp/dbget-bin/www_bget?C06314">
        <graphics name="C06314" fgcolor="#000000" bgcolor="#FFFFFF"
             type="circle" x="365" y="404" width="8" height="8"/>
    </entry>
    <entry id="96" name="cel:CELE_T13C5.1" type="gene" reaction="rn:R07052"
        link="http://www.kegg.jp/dbget-bin/www_bget?cel:CELE_T13C5.1">
        <graphics name="daf-9" fgcolor="#000000" bgcolor="#BFFFBF"
             type="rectangle" x="877" y="431" width="46" height="17"/>
    </entry>
    <entry id="97" name="cel:CELE_T13C5.1" type="gene" reaction="rn:R07051"
        link="http://www.kegg.jp/dbget-bin/www_bget?cel:CELE_T13C5.1">
        <graphics name="daf-9" fgcolor="#000000" bgcolor="#BFFFBF"
             type="rectangle" x="823" y="431" width="46" height="17"/>
    </entry>
    <entry id="98" name="cel:CELE_T13C5.1" type="gene" reaction="rn:R07050"
        link="http://www.kegg.jp/dbget-bin/www_bget?cel:CELE_T13C5.1">
        <graphics name="daf-9" fgcolor="#000000" bgcolor="#BFFFBF"
             type="rectangle" x="720" y="431" width="46" height="17"/>
    </entry>
    <entry id="99" name="cel:CELE_T13C5.1" type="gene" reaction="rn:R07048"
        link="http://www.kegg.jp/dbget-bin/www_bget?cel:CELE_T13C5.1">
        <graphics name="daf-9" fgcolor="#000000" bgcolor="#BFFFBF"
             type="rectangle" x="667" y="431" width="46" height="17"/>
    </entry>
    <entry id="100" name="cel:CELE_T13C5.1" type="gene" reaction="rn:R07044"
        link="http://www.kegg.jp/dbget-bin/www_bget?cel:CELE_T13C5.1">
        <graphics name="daf-9" fgcolor="#000000" bgcolor="#BFFFBF"
             type="rectangle" x="553" y="557" width="46" height="17"/>
    </entry>
    <entry id="101" name="cel:CELE_T13C5.1" type="gene" reaction="rn:R07045"
        link="http://www.kegg.jp/dbget-bin/www_bget?cel:CELE_T13C5.1">
        <graphics name="daf-9" fgcolor="#000000" bgcolor="#BFFFBF"
             type="rectangle" x="485" y="557" width="46" height="17"/>
    </entry>
    <entry id="102" name="cel:CELE_T13C5.1" type="gene" reaction="rn:R07042"
        link="http://www.kegg.jp/dbget-bin/www_bget?cel:CELE_T13C5.1">
        <graphics name="daf-9" fgcolor="#000000" bgcolor="#BFFFBF"
             type="rectangle" x="551" y="501" width="46" height="17"/>
    </entry>
    <entry id="103" name="cel:CELE_T13C5.1" type="gene" reaction="rn:R07043"
        link="http://www.kegg.jp/dbget-bin/www_bget?cel:CELE_T13C5.1">
        <graphics name="daf-9" fgcolor="#000000" bgcolor="#BFFFBF"
             type="rectangle" x="484" y="501" width="46" height="17"/>
    </entry>
    <entry id="104" name="ko:K07413" type="ortholog" reaction="rn:R07054"
        link="http://www.kegg.jp/dbget-bin/www_bget?K07413">
        <graphics name="K07413" fgcolor="#000000" bgcolor="#FFFFFF"
             type="rectangle" x="610" y="391" width="46" height="17"/>
    </entry>
    <entry id="105" name="ko:K08022" type="ortholog" reaction="rn:R07053"
        link="http://www.kegg.jp/dbget-bin/www_bget?K08022">
        <graphics name="K08022" fgcolor="#000000" bgcolor="#FFFFFF"
             type="rectangle" x="896" y="318" width="46" height="17"/>
    </entry>
    <entry id="106" name="ko:K08021" type="ortholog" reaction="rn:R07038"
        link="http://www.kegg.jp/dbget-bin/www_bget?K08021">
        <graphics name="K08021" fgcolor="#000000" bgcolor="#FFFFFF"
             type="rectangle" x="1071" y="318" width="46" height="17"/>
    </entry>
    <entry id="107" name="ko:K07422" type="ortholog" reaction="rn:R07041"
        link="http://www.kegg.jp/dbget-bin/www_bget?K07422">
        <graphics name="K07422" fgcolor="#000000" bgcolor="#FFFFFF"
             type="rectangle" x="751" y="182" width="46" height="17"/>
    </entry>
    <entry id="108" name="path:cel00591" type="map"
        link="http://www.kegg.jp/dbget-bin/www_bget?cel00591">
        <graphics name="Linoleic acid metabolism" fgcolor="#000000" bgcolor="#FFFFFF"
             type="roundrectangle" x="880" y="383" width="135" height="25"/>
    </entry>
    <entry id="111" name="cel:CELE_C11E4.1 cel:CELE_C11E4.2 cel:CELE_F26E4.12 cel:CELE_R03G5.5 cel:CELE_R05H10.5" type="gene" reaction="rn:R07035"
        link="http://www.kegg.jp/dbget-bin/www_bget?cel:CELE_C11E4.1+cel:CELE_C11E4.2+cel:CELE_F26E4.12+cel:CELE_R03G5.5+cel:CELE_R05H10.5">
        <graphics name="gpx-5..." fgcolor="#000000" bgcolor="#BFFFBF"
             type="rectangle" x="474" y="471" width="46" height="17"/>
    </entry>
    <entry id="117" name="ko:K07422" type="ortholog" reaction="rn:R07046"
        link="http://www.kegg.jp/dbget-bin/www_bget?K07422">
        <graphics name="K07422" fgcolor="#000000" bgcolor="#FFFFFF"
             type="rectangle" x="666" y="254" width="46" height="17"/>
    </entry>
    <entry id="118" name="ko:K17726" type="ortholog" reaction="rn:R07041"
        link="http://www.kegg.jp/dbget-bin/www_bget?K17726">
        <graphics name="K17726" fgcolor="#000000" bgcolor="#FFFFFF"
             type="rectangle" x="774" y="163" width="46" height="17"/>
    </entry>
    <entry id="119" name="ko:K17687 ko:K07425" type="ortholog" reaction="rn:R07041"
        link="http://www.kegg.jp/dbget-bin/www_bget?K17687+K07425">
        <graphics name="K17687..." fgcolor="#000000" bgcolor="#FFFFFF"
             type="rectangle" x="724" y="163" width="46" height="17"/>
    </entry>
    <entry id="123" name="cpd:C04805" type="compound"
        link="http://www.kegg.jp/dbget-bin/www_bget?C04805">
        <graphics name="C04805" fgcolor="#000000" bgcolor="#FFFFFF"
             type="circle" x="601" y="225" width="8" height="8"/>
    </entry>
    <entry id="124" name="cel:CELE_C11E4.1 cel:CELE_C11E4.2 cel:CELE_F26E4.12 cel:CELE_R03G5.5 cel:CELE_R05H10.5" type="gene" reaction="rn:R07034"
        link="http://www.kegg.jp/dbget-bin/www_bget?cel:CELE_C11E4.1+cel:CELE_C11E4.2+cel:CELE_F26E4.12+cel:CELE_R03G5.5+cel:CELE_R05H10.5">
        <graphics name="gpx-5..." fgcolor="#000000" bgcolor="#BFFFBF"
             type="rectangle" x="601" y="257" width="46" height="17"/>
    </entry>
    <entry id="125" name="path:cel00590" type="map"
        link="http://www.kegg.jp/dbget-bin/www_bget?cel00590">
        <graphics name="TITLE:Arachidonic acid metabolism" fgcolor="#000000" bgcolor="#FFFFFF"
             type="roundrectangle" x="169" y="58" width="257" height="25"/>
    </entry>
    <entry id="126" name="ko:K00458" type="ortholog" reaction="rn:R01596"
        link="http://www.kegg.jp/dbget-bin/www_bget?K00458">
        <graphics name="K00458" fgcolor="#000000" bgcolor="#FFFFFF"
             type="rectangle" x="1126" y="318" width="46" height="17"/>
    </entry>
    <entry id="127" name="ko:K00460 ko:K08022 ko:K19246" type="ortholog" reaction="rn:R01593"
        link="http://www.kegg.jp/dbget-bin/www_bget?K00460+K08022+K19246">
        <graphics name="K00460..." fgcolor="#000000" bgcolor="#FFFFFF"
             type="rectangle" x="556" y="391" width="46" height="17"/>
    </entry>
    <entry id="128" name="ko:K00509 ko:K11987" type="ortholog" reaction="rn:R00073"
        link="http://www.kegg.jp/dbget-bin/www_bget?K00509+K11987">
        <graphics name="K00509..." fgcolor="#000000" bgcolor="#FFFFFF"
             type="rectangle" x="375" y="347" width="46" height="17"/>
    </entry>
    <entry id="129" name="cel:CELE_C07E3.9 cel:CELE_F47A4.5 cel:CELE_W07A8.2" type="gene" reaction="rn:R01317"
        link="http://www.kegg.jp/dbget-bin/www_bget?cel:CELE_C07E3.9+cel:CELE_F47A4.5+cel:CELE_W07A8.2">
        <graphics name="C07E3.9..." fgcolor="#000000" bgcolor="#BFFFBF"
             type="rectangle" x="808" y="201" width="46" height="17"/>
    </entry>
    <entry id="130" name="ko:K00461" type="ortholog" reaction="rn:R03058"
        link="http://www.kegg.jp/dbget-bin/www_bget?K00461">
        <graphics name="K00461" fgcolor="#000000" bgcolor="#FFFFFF"
             type="rectangle" x="567" y="284" width="46" height="17"/>
    </entry>
    <entry id="131" name="ko:K00461" type="ortholog" reaction="rn:R01595"
        link="http://www.kegg.jp/dbget-bin/www_bget?K00461">
        <graphics name="K00461" fgcolor="#000000" bgcolor="#FFFFFF"
             type="rectangle" x="693" y="284" width="46" height="17"/>
    </entry>
    <entry id="132" name="cel:CELE_ZC416.6" type="gene" reaction="rn:R03057"
        link="http://www.kegg.jp/dbget-bin/www_bget?cel:CELE_ZC416.6">
        <graphics name="ZC416.6" fgcolor="#000000" bgcolor="#BFFFBF"
             type="rectangle" x="474" y="279" width="46" height="17"/>
    </entry>
    <entry id="133" name="ko:K17726" type="ortholog" reaction="rn:R03866"
        link="http://www.kegg.jp/dbget-bin/www_bget?K17726">
        <graphics name="K17726" fgcolor="#000000" bgcolor="#FFFFFF"
             type="rectangle" x="423" y="257" width="46" height="17"/>
    </entry>
    <entry id="134" name="ko:K00807" type="ortholog" reaction="rn:R03059"
        link="http://www.kegg.jp/dbget-bin/www_bget?K00807">
        <graphics name="K00807" fgcolor="#000000" bgcolor="#FFFFFF"
             type="rectangle" x="518" y="257" width="46" height="17"/>
    </entry>
    <entry id="135" name="cel:CELE_C53D5.5 cel:CELE_T03D8.6" type="gene" reaction="rn:R09875"
        link="http://www.kegg.jp/dbget-bin/www_bget?cel:CELE_C53D5.5+cel:CELE_T03D8.6">
        <graphics name="C53D5.5..." fgcolor="#000000" bgcolor="#BFFFBF"
             type="rectangle" x="518" y="204" width="46" height="17"/>
    </entry>
    <entry id="136" name="ko:K00509 ko:K11987" type="ortholog" reaction="rn:R01590"
        link="http://www.kegg.jp/dbget-bin/www_bget?K00509+K11987">
        <graphics name="K00509..." fgcolor="#000000" bgcolor="#FFFFFF"
             type="rectangle" x="522" y="346" width="46" height="17"/>
    </entry>
    <entry id="137" name="ko:K01831" type="ortholog" reaction="rn:R02267"
        link="http://www.kegg.jp/dbget-bin/www_bget?K01831">
        <graphics name="K01831" fgcolor="#000000" bgcolor="#FFFFFF"
             type="rectangle" x="300" y="431" width="46" height="17"/>
    </entry>
    <entry id="138" name="cel:CELE_R11A8.5 cel:CELE_ZC395.10" type="gene" reaction="rn:R02265"
        link="http://www.kegg.jp/dbget-bin/www_bget?cel:CELE_R11A8.5+cel:CELE_ZC395.10">
        <graphics name="pges-2..." fgcolor="#000000" bgcolor="#BFFFBF"
             type="rectangle" x="252" y="347" width="46" height="17"/>
    </entry>
    <entry id="139" name="ko:K01832" type="ortholog" reaction="rn:R02268"
        link="http://www.kegg.jp/dbget-bin/www_bget?K01832">
        <graphics name="K01832" fgcolor="#000000" bgcolor="#FFFFFF"
             type="rectangle" x="319" y="318" width="46" height="17"/>
    </entry>
    <entry id="140" name="ko:K04119" type="ortholog" reaction="rn:R02799"
        link="http://www.kegg.jp/dbget-bin/www_bget?K04119">
        <graphics name="K04119" fgcolor="#000000" bgcolor="#FFFFFF"
             type="rectangle" x="198" y="431" width="46" height="17"/>
    </entry>
    <entry id="141" name="cel:CELE_R11G1.3" type="gene" reaction="rn:R02266"
        link="http://www.kegg.jp/dbget-bin/www_bget?cel:CELE_R11G1.3">
        <graphics name="gst-11" fgcolor="#000000" bgcolor="#BFFFBF"
             type="rectangle" x="251" y="403" width="46" height="17"/>
    </entry>
    <entry id="143" name="ko:K00079 ko:K00081 ko:K00084" type="ortholog" reaction="rn:R02581"
        link="http://www.kegg.jp/dbget-bin/www_bget?K00079+K00081+K00084">
        <graphics name="K00079..." fgcolor="#000000" bgcolor="#FFFFFF"
             type="rectangle" x="174" y="318" width="46" height="17"/>
    </entry>
    <entry id="144" name="ko:K00079" type="ortholog" reaction="rn:R02581"
        link="http://www.kegg.jp/dbget-bin/www_bget?K00079">
        <graphics name="K00079" fgcolor="#000000" bgcolor="#FFFFFF"
             type="rectangle" x="224" y="318" width="46" height="17"/>
    </entry>
    <entry id="147" name="cpd:C00219" type="compound"
        link="http://www.kegg.jp/dbget-bin/www_bget?C00219">
        <graphics name="C00219" fgcolor="#000000" bgcolor="#FFFFFF"
             type="circle" x="750" y="354" width="8" height="8"/>
    </entry>
    <entry id="148" name="cpd:C02198" type="compound"
        link="http://www.kegg.jp/dbget-bin/www_bget?C02198">
        <graphics name="C02198" fgcolor="#000000" bgcolor="#FFFFFF"
             type="circle" x="300" y="278" width="8" height="8"/>
    </entry>
    <entry id="149" name="cpd:C00157" type="compound"
        link="http://www.kegg.jp/dbget-bin/www_bget?C00157">
        <graphics name="C00157" fgcolor="#000000" bgcolor="#FFFFFF"
             type="circle" x="859" y="200" width="8" height="8"/>
    </entry>
    <entry id="150" name="cpd:C02165" type="compound"
        link="http://www.kegg.jp/dbget-bin/www_bget?C02165">
        <graphics name="C02165" fgcolor="#000000" bgcolor="#FFFFFF"
             type="circle" x="423" y="279" width="8" height="8"/>
    </entry>
    <entry id="151" name="cpd:C00909" type="compound"
        link="http://www.kegg.jp/dbget-bin/www_bget?C00909">
        <graphics name="C00909" fgcolor="#000000" bgcolor="#FFFFFF"
             type="circle" x="518" y="283" width="8" height="8"/>
    </entry>
    <entry id="152" name="cpd:C05356" type="compound"
        link="http://www.kegg.jp/dbget-bin/www_bget?C05356">
        <graphics name="C05356" fgcolor="#000000" bgcolor="#FFFFFF"
             type="circle" x="601" y="283" width="8" height="8"/>
    </entry>
    <entry id="153" name="cpd:C02166" type="compound"
        link="http://www.kegg.jp/dbget-bin/www_bget?C02166">
        <graphics name="C02166" fgcolor="#000000" bgcolor="#FFFFFF"
             type="circle" x="518" y="225" width="8" height="8"/>
    </entry>
    <entry id="154" name="cpd:C01312" type="compound"
        link="http://www.kegg.jp/dbget-bin/www_bget?C01312">
        <graphics name="C01312" fgcolor="#000000" bgcolor="#FFFFFF"
             type="circle" x="300" y="470" width="8" height="8"/>
    </entry>
    <entry id="155" name="cpd:C00584" type="compound"
        link="http://www.kegg.jp/dbget-bin/www_bget?C00584">
        <graphics name="C00584" fgcolor="#000000" bgcolor="#FFFFFF"
             type="circle" x="199" y="347" width="8" height="8"/>
    </entry>
    <entry id="156" name="cpd:C00639" type="compound"
        link="http://www.kegg.jp/dbget-bin/www_bget?C00639">
        <graphics name="C00639" fgcolor="#000000" bgcolor="#FFFFFF"
             type="circle" x="199" y="284" width="8" height="8"/>
    </entry>
    <entry id="157" name="cpd:C00427" type="compound"
        link="http://www.kegg.jp/dbget-bin/www_bget?C00427">
        <graphics name="C00427" fgcolor="#000000" bgcolor="#FFFFFF"
             type="circle" x="296" y="347" width="8" height="8"/>
    </entry>
    <entry id="158" name="cpd:C05957" type="compound"
        link="http://www.kegg.jp/dbget-bin/www_bget?C05957">
        <graphics name="C05957" fgcolor="#000000" bgcolor="#FFFFFF"
             type="circle" x="146" y="403" width="8" height="8"/>
    </entry>
    <entry id="159" name="cpd:C14717" type="compound"
        link="http://www.kegg.jp/dbget-bin/www_bget?C14717">
        <graphics name="C14717" fgcolor="#000000" bgcolor="#FFFFFF"
             type="circle" x="146" y="532" width="8" height="8"/>
    </entry>
    <entry id="160" name="cpd:C05966" type="compound"
        link="http://www.kegg.jp/dbget-bin/www_bget?C05966">
        <graphics name="C05966" fgcolor="#000000" bgcolor="#FFFFFF"
             type="circle" x="551" y="474" width="8" height="8"/>
    </entry>
    <entry id="161" name="cpd:C05965" type="compound"
        link="http://www.kegg.jp/dbget-bin/www_bget?C05965">
        <graphics name="C05965" fgcolor="#000000" bgcolor="#FFFFFF"
             type="circle" x="1126" y="284" width="8" height="8"/>
    </entry>
    <entry id="162" name="cpd:C05956" type="compound"
        link="http://www.kegg.jp/dbget-bin/www_bget?C05956">
        <graphics name="C05956" fgcolor="#000000" bgcolor="#FFFFFF"
             type="circle" x="423" y="346" width="8" height="8"/>
    </entry>
    <entry id="163" name="cpd:C05949" type="compound"
        link="http://www.kegg.jp/dbget-bin/www_bget?C05949">
        <graphics name="C05949" fgcolor="#000000" bgcolor="#FFFFFF"
             type="circle" x="364" y="279" width="8" height="8"/>
    </entry>
    <entry id="164" name="cpd:C04853" type="compound"
        link="http://www.kegg.jp/dbget-bin/www_bget?C04853">
        <graphics name="C04853" fgcolor="#000000" bgcolor="#FFFFFF"
             type="circle" x="423" y="225" width="8" height="8"/>
    </entry>
    <entry id="165" name="cpd:C05950" type="compound"
        link="http://www.kegg.jp/dbget-bin/www_bget?C05950">
        <graphics name="C05950" fgcolor="#000000" bgcolor="#FFFFFF"
             type="circle" x="423" y="172" width="8" height="8"/>
    </entry>
    <entry id="166" name="cpd:C05951" type="compound"
        link="http://www.kegg.jp/dbget-bin/www_bget?C05951">
        <graphics name="C05951" fgcolor="#000000" bgcolor="#FFFFFF"
             type="circle" x="518" y="172" width="8" height="8"/>
    </entry>
    <entry id="167" name="cpd:C05952" type="compound"
        link="http://www.kegg.jp/dbget-bin/www_bget?C05952">
        <graphics name="C05952" fgcolor="#000000" bgcolor="#FFFFFF"
             type="circle" x="518" y="122" width="8" height="8"/>
    </entry>
    <entry id="168" name="cpd:C05963" type="compound"
        link="http://www.kegg.jp/dbget-bin/www_bget?C05963">
        <graphics name="C05963" fgcolor="#000000" bgcolor="#FFFFFF"
             type="circle" x="300" y="225" width="8" height="8"/>
    </entry>
    <entry id="169" name="cpd:C05964" type="compound"
        link="http://www.kegg.jp/dbget-bin/www_bget?C05964">
        <graphics name="C05964" fgcolor="#000000" bgcolor="#FFFFFF"
             type="circle" x="300" y="172" width="8" height="8"/>
    </entry>
    <entry id="170" name="cpd:C05958" type="compound"
        link="http://www.kegg.jp/dbget-bin/www_bget?C05958">
        <graphics name="C05958" fgcolor="#000000" bgcolor="#FFFFFF"
             type="circle" x="146" y="470" width="8" height="8"/>
    </entry>
    <entry id="171" name="cpd:C00696" type="compound"
        link="http://www.kegg.jp/dbget-bin/www_bget?C00696">
        <graphics name="C00696" fgcolor="#000000" bgcolor="#FFFFFF"
             type="circle" x="198" y="403" width="8" height="8"/>
    </entry>
    <entry id="172" name="cpd:C05959" type="compound"
        link="http://www.kegg.jp/dbget-bin/www_bget?C05959">
        <graphics name="C05959" fgcolor="#000000" bgcolor="#FFFFFF"
             type="circle" x="198" y="470" width="8" height="8"/>
    </entry>
    <entry id="173" name="cpd:C05960" type="compound"
        link="http://www.kegg.jp/dbget-bin/www_bget?C05960">
        <graphics name="C05960" fgcolor="#000000" bgcolor="#FFFFFF"
             type="circle" x="199" y="225" width="8" height="8"/>
    </entry>
    <entry id="174" name="cpd:C05953" type="compound"
        link="http://www.kegg.jp/dbget-bin/www_bget?C05953">
        <graphics name="C05953" fgcolor="#000000" bgcolor="#FFFFFF"
             type="circle" x="147" y="347" width="8" height="8"/>
    </entry>
    <entry id="175" name="cpd:C05955" type="compound"
        link="http://www.kegg.jp/dbget-bin/www_bget?C05955">
        <graphics name="C05955" fgcolor="#000000" bgcolor="#FFFFFF"
             type="circle" x="92" y="347" width="8" height="8"/>
    </entry>
    <entry id="176" name="cpd:C05954" type="compound"
        link="http://www.kegg.jp/dbget-bin/www_bget?C05954">
        <graphics name="C05954" fgcolor="#000000" bgcolor="#FFFFFF"
             type="circle" x="44" y="347" width="8" height="8"/>
    </entry>
    <entry id="177" name="cpd:C05961" type="compound"
        link="http://www.kegg.jp/dbget-bin/www_bget?C05961">
        <graphics name="C05961" fgcolor="#000000" bgcolor="#FFFFFF"
             type="circle" x="300" y="532" width="8" height="8"/>
    </entry>
    <entry id="178" name="cpd:C05962" type="compound"
        link="http://www.kegg.jp/dbget-bin/www_bget?C05962">
        <graphics name="C05962" fgcolor="#000000" bgcolor="#FFFFFF"
             type="circle" x="300" y="590" width="8" height="8"/>
    </entry>
    <entry id="179" name="cpd:C06462" type="compound"
        link="http://www.kegg.jp/dbget-bin/www_bget?C06462">
        <graphics name="C06462" fgcolor="#000000" bgcolor="#FFFFFF"
             type="circle" x="518" y="68" width="8" height="8"/>
    </entry>
    <entry id="208" name="cel:CELE_T13C5.1" type="gene" reaction="rn:R07046"
        link="http://www.kegg.jp/dbget-bin/www_bget?cel:CELE_T13C5.1">
        <graphics name="daf-9" fgcolor="#000000" bgcolor="#BFFFBF"
             type="rectangle" x="714" y="233" width="46" height="17"/>
    </entry>
    <entry id="209" name="ko:K15717" type="ortholog" reaction="rn:R09506"
        link="http://www.kegg.jp/dbget-bin/www_bget?K15717">
        <graphics name="K15717" fgcolor="#000000" bgcolor="#FFFFFF"
             type="rectangle" x="252" y="285" width="46" height="17"/>
    </entry>
    <entry id="210" name="ko:K17687 ko:K07425" type="ortholog" reaction="rn:R07046"
        link="http://www.kegg.jp/dbget-bin/www_bget?K17687+K07425">
        <graphics name="K17687..." fgcolor="#000000" bgcolor="#FFFFFF"
             type="rectangle" x="714" y="254" width="46" height="17"/>
    </entry>
    <entry id="211" name="ko:K07425" type="ortholog" reaction="rn:R07050"
        link="http://www.kegg.jp/dbget-bin/www_bget?K07425">
        <graphics name="K07425" fgcolor="#000000" bgcolor="#FFFFFF"
             type="rectangle" x="770" y="431" width="46" height="17"/>
    </entry>
    <entry id="212" name="ko:K17721" type="ortholog" reaction="rn:R07046"
        link="http://www.kegg.jp/dbget-bin/www_bget?K17721">
        <graphics name="K17721" fgcolor="#000000" bgcolor="#FFFFFF"
             type="rectangle" x="666" y="214" width="46" height="17"/>
    </entry>
    <entry id="213" name="ko:K17728" type="ortholog" reaction="rn:R07046"
        link="http://www.kegg.jp/dbget-bin/www_bget?K17728">
        <graphics name="K17728" fgcolor="#000000" bgcolor="#FFFFFF"
             type="rectangle" x="714" y="214" width="46" height="17"/>
    </entry>
    <entry id="214" name="ko:K07415" type="ortholog" reaction="rn:R07046"
        link="http://www.kegg.jp/dbget-bin/www_bget?K07415">
        <graphics name="K07415" fgcolor="#000000" bgcolor="#FFFFFF"
             type="rectangle" x="666" y="233" width="46" height="17"/>
    </entry>
    <relation entry1="138" entry2="141" type="ECrel">
        <subtype name="compound" value="157"/>
    </relation>
    <relation entry1="103" entry2="111" type="ECrel">
        <subtype name="compound" value="160"/>
    </relation>
    <relation entry1="102" entry2="111" type="ECrel">
        <subtype name="compound" value="160"/>
    </relation>
    <relation entry1="99" entry2="129" type="ECrel">
        <subtype name="compound" value="147"/>
    </relation>
    <relation entry1="98" entry2="129" type="ECrel">
        <subtype name="compound" value="147"/>
    </relation>
    <relation entry1="97" entry2="129" type="ECrel">
        <subtype name="compound" value="147"/>
    </relation>
    <relation entry1="96" entry2="129" type="ECrel">
        <subtype name="compound" value="147"/>
    </relation>
    <relation entry1="129" entry2="49" type="maplink">
        <subtype name="compound" value="147"/>
    </relation>
    <relation entry1="129" entry2="108" type="maplink">
        <subtype name="compound" value="147"/>
    </relation>
    <relation entry1="99" entry2="49" type="maplink">
        <subtype name="compound" value="147"/>
    </relation>
    <relation entry1="98" entry2="49" type="maplink">
        <subtype name="compound" value="147"/>
    </relation>
    <relation entry1="97" entry2="49" type="maplink">
        <subtype name="compound" value="147"/>
    </relation>
    <relation entry1="96" entry2="49" type="maplink">
        <subtype name="compound" value="147"/>
    </relation>
    <relation entry1="49" entry2="108" type="maplink">
        <subtype name="compound" value="147"/>
    </relation>
    <relation entry1="99" entry2="108" type="maplink">
        <subtype name="compound" value="147"/>
    </relation>
    <relation entry1="98" entry2="108" type="maplink">
        <subtype name="compound" value="147"/>
    </relation>
    <relation entry1="97" entry2="108" type="maplink">
        <subtype name="compound" value="147"/>
    </relation>
    <relation entry1="96" entry2="108" type="maplink">
        <subtype name="compound" value="147"/>
    </relation>
    <relation entry1="129" entry2="208" type="ECrel">
        <subtype name="compound" value="147"/>
    </relation>
    <relation entry1="108" entry2="208" type="maplink">
        <subtype name="compound" value="147"/>
    </relation>
    <relation entry1="49" entry2="208" type="maplink">
        <subtype name="compound" value="147"/>
    </relation>
    <relation entry1="96" entry2="208" type="ECrel">
        <subtype name="compound" value="147"/>
    </relation>
    <relation entry1="97" entry2="208" type="ECrel">
        <subtype name="compound" value="147"/>
    </relation>
    <relation entry1="98" entry2="208" type="ECrel">
        <subtype name="compound" value="147"/>
    </relation>
    <relation entry1="99" entry2="208" type="ECrel">
        <subtype name="compound" value="147"/>
    </relation>
    <reaction id="96" name="rn:R07052" type="irreversible">
        <substrate id="147" name="cpd:C00219"/>
        <product id="81" name="cpd:C14768"/>
    </reaction>
    <reaction id="97" name="rn:R07051" type="irreversible">
        <substrate id="147" name="cpd:C00219"/>
        <product id="82" name="cpd:C14769"/>
    </reaction>
    <reaction id="98" name="rn:R07050" type="irreversible">
        <substrate id="147" name="cpd:C00219"/>
        <product id="83" name="cpd:C14770"/>
    </reaction>
    <reaction id="99" name="rn:R07048" type="irreversible">
        <substrate id="147" name="cpd:C00219"/>
        <product id="84" name="cpd:C14771"/>
    </reaction>
    <reaction id="100" name="rn:R07044" type="irreversible">
        <substrate id="89" name="cpd:C14781"/>
        <product id="87" name="cpd:C14782"/>
    </reaction>
    <reaction id="101" name="rn:R07045" type="irreversible">
        <substrate id="90" name="cpd:C14813"/>
        <product id="88" name="cpd:C14814"/>
    </reaction>
    <reaction id="102" name="rn:R07042" type="irreversible">
        <substrate id="160" name="cpd:C05966"/>
        <product id="89" name="cpd:C14781"/>
    </reaction>
    <reaction id="103" name="rn:R07043" type="irreversible">
        <substrate id="160" name="cpd:C05966"/>
        <product id="90" name="cpd:C14813"/>
    </reaction>
    <reaction id="111" name="rn:R07035" type="irreversible">
        <substrate id="160" name="cpd:C05966"/>
        <product id="93" name="cpd:C04742"/>
    </reaction>
    <reaction id="124" name="rn:R07034" type="irreversible">
        <substrate id="152" name="cpd:C05356"/>
        <product id="123" name="cpd:C04805"/>
    </reaction>
    <reaction id="129" name="rn:R01317" type="reversible">
        <substrate id="149" name="cpd:C00157"/>
        <product id="147" name="cpd:C00219"/>
    </reaction>
    <reaction id="132" name="rn:R03057" type="irreversible">
        <substrate id="151" name="cpd:C00909"/>
        <product id="150" name="cpd:C02165"/>
    </reaction>
    <reaction id="135" name="rn:R09875" type="irreversible">
        <substrate id="153" name="cpd:C02166"/>
        <product id="166" name="cpd:C05951"/>
    </reaction>
    <reaction id="138" name="rn:R02265" type="irreversible">
        <substrate id="157" name="cpd:C00427"/>
        <product id="155" name="cpd:C00584"/>
    </reaction>
    <reaction id="141" name="rn:R02266" type="irreversible">
        <substrate id="157" name="cpd:C00427"/>
        <product id="171" name="cpd:C00696"/>
    </reaction>
    <reaction id="208" name="rn:R07046" type="irreversible">
        <substrate id="147" name="cpd:C00219"/>
        <product id="73" name="cpd:C14749"/>
    </reaction>
</pathway>
