<?xml version="1.0"?>
<!DOCTYPE pathway SYSTEM "http://www.kegg.jp/kegg/xml/KGML_v0.7.1_.dtd">
<!-- Creation date: May 14, 2014 17:02:04 +0900 (GMT+09:00) -->
<pathway name="path:cel04145" org="cel" number="04145"
         title="Phagosome"
         image="http://www.kegg.jp/kegg/pathway/cel/cel04145.png"
         link="http://www.kegg.jp/kegg-bin/show_pathway?cel04145">
    <entry id="1" name="path:cel04145" type="map"
        link="http://www.kegg.jp/dbget-bin/www_bget?cel04145">
        <graphics name="TITLE:Phagosome" fgcolor="#000000" bgcolor="#FFFFFF"
             type="roundrectangle" x="90" y="58" width="100" height="25"/>
    </entry>
    <entry id="2" name="path:map04666" type="map"
        link="http://www.kegg.jp/dbget-bin/www_bget?map04666">
        <graphics name="Fc gamma R-mediated phagocytosis" fgcolor="#000000" bgcolor="#FFFFFF"
             type="roundrectangle" x="338" y="85" width="116" height="34"/>
    </entry>
    <entry id="3" name="path:cel04144" type="map"
        link="http://www.kegg.jp/dbget-bin/www_bget?cel04144">
        <graphics name="Endocytosis" fgcolor="#000000" bgcolor="#FFFFFF"
             type="roundrectangle" x="136" y="119" width="92" height="25"/>
    </entry>
    <entry id="4" name="cel:CELE_F55A4.1" type="gene"
        link="http://www.kegg.jp/dbget-bin/www_bget?cel:CELE_F55A4.1">
        <graphics name="sec-22" fgcolor="#000000" bgcolor="#BFFFBF"
             type="rectangle" x="667" y="196" width="46" height="17"/>
    </entry>
    <entry id="5" name="cel:CELE_T10H9.3" type="gene"
        link="http://www.kegg.jp/dbget-bin/www_bget?cel:CELE_T10H9.3">
        <graphics name="syx-18" fgcolor="#000000" bgcolor="#BFFFBF"
             type="rectangle" x="667" y="175" width="46" height="17"/>
    </entry>
    <entry id="6" name="ko:K13505" type="ortholog"
        link="http://www.kegg.jp/dbget-bin/www_bget?K13505">
        <graphics name="K13505" fgcolor="#000000" bgcolor="#FFFFFF"
             type="rectangle" x="320" y="192" width="46" height="17"/>
    </entry>
    <entry id="7" name="ko:K06513" type="ortholog"
        link="http://www.kegg.jp/dbget-bin/www_bget?K06513">
        <graphics name="K06513" fgcolor="#000000" bgcolor="#FFFFFF"
             type="rectangle" x="870" y="131" width="46" height="17"/>
    </entry>
    <entry id="8" name="ko:K06498 ko:K06472 ko:K12560 ko:K16824 ko:K06463" type="ortholog"
        link="http://www.kegg.jp/dbget-bin/www_bget?K06498+K06472+K12560+K16824+K06463">
        <graphics name="K06498..." fgcolor="#000000" bgcolor="#FFFFFF"
             type="rectangle" x="920" y="131" width="46" height="17"/>
    </entry>
    <entry id="9" name="ko:K01330" type="ortholog"
        link="http://www.kegg.jp/dbget-bin/www_bget?K01330">
        <graphics name="K01330" fgcolor="#000000" bgcolor="#FFFFFF"
             type="rectangle" x="870" y="176" width="46" height="17"/>
    </entry>
    <entry id="10" name="ko:K06461 ko:K06464" type="ortholog"
        link="http://www.kegg.jp/dbget-bin/www_bget?K06461+K06464">
        <graphics name="K06461..." fgcolor="#000000" bgcolor="#FFFFFF"
             type="rectangle" x="920" y="176" width="46" height="17"/>
    </entry>
    <entry id="11" name="ko:K06487 ko:K06493" type="ortholog"
        link="http://www.kegg.jp/dbget-bin/www_bget?K06487+K06493">
        <graphics name="K06487..." fgcolor="#000000" bgcolor="#FFFFFF"
             type="rectangle" x="920" y="252" width="46" height="17"/>
    </entry>
    <entry id="12" name="cel:CELE_ZK1058.2" type="gene"
        link="http://www.kegg.jp/dbget-bin/www_bget?cel:CELE_ZK1058.2">
        <graphics name="pat-3" fgcolor="#000000" bgcolor="#BFFFBF"
             type="rectangle" x="970" y="273" width="46" height="17"/>
    </entry>
    <entry id="13" name="ko:K06560" type="ortholog"
        link="http://www.kegg.jp/dbget-bin/www_bget?K06560">
        <graphics name="K06560" fgcolor="#000000" bgcolor="#FFFFFF"
             type="rectangle" x="870" y="392" width="46" height="17"/>
    </entry>
    <entry id="14" name="ko:K06558" type="ortholog"
        link="http://www.kegg.jp/dbget-bin/www_bget?K06558">
        <graphics name="K06558" fgcolor="#000000" bgcolor="#FFFFFF"
             type="rectangle" x="870" y="432" width="46" height="17"/>
    </entry>
    <entry id="15" name="ko:K06487 ko:K06588" type="ortholog"
        link="http://www.kegg.jp/dbget-bin/www_bget?K06487+K06588">
        <graphics name="K06487..." fgcolor="#000000" bgcolor="#FFFFFF"
             type="rectangle" x="970" y="252" width="46" height="17"/>
    </entry>
    <entry id="16" name="ko:K06461 ko:K06464" type="ortholog"
        link="http://www.kegg.jp/dbget-bin/www_bget?K06461+K06464">
        <graphics name="K06461..." fgcolor="#000000" bgcolor="#FFFFFF"
             type="rectangle" x="870" y="252" width="46" height="17"/>
    </entry>
    <entry id="17" name="cel:CELE_ZK1058.2" type="gene"
        link="http://www.kegg.jp/dbget-bin/www_bget?cel:CELE_ZK1058.2">
        <graphics name="pat-3" fgcolor="#000000" bgcolor="#BFFFBF"
             type="rectangle" x="870" y="273" width="46" height="17"/>
    </entry>
    <entry id="18" name="cel:CELE_ZK1058.2" type="gene"
        link="http://www.kegg.jp/dbget-bin/www_bget?cel:CELE_ZK1058.2">
        <graphics name="pat-3" fgcolor="#000000" bgcolor="#BFFFBF"
             type="rectangle" x="920" y="273" width="46" height="17"/>
    </entry>
    <entry id="19" name="cel:CELE_M03F4.2 cel:CELE_T04C12.4 cel:CELE_T04C12.5 cel:CELE_T04C12.6" type="gene"
        link="http://www.kegg.jp/dbget-bin/www_bget?cel:CELE_M03F4.2+cel:CELE_T04C12.4+cel:CELE_T04C12.5+cel:CELE_T04C12.6">
        <graphics name="act-4..." fgcolor="#000000" bgcolor="#BFFFBF"
             type="rectangle" x="462" y="106" width="46" height="17"/>
    </entry>
    <entry id="20" name="cel:CELE_B0025.1" type="gene"
        link="http://www.kegg.jp/dbget-bin/www_bget?cel:CELE_B0025.1">
        <graphics name="vps-34" fgcolor="#000000" bgcolor="#BFFFBF"
             type="rectangle" x="442" y="283" width="46" height="17"/>
    </entry>
    <entry id="21" name="cel:CELE_T10G3.5" type="gene"
        link="http://www.kegg.jp/dbget-bin/www_bget?cel:CELE_T10G3.5">
        <graphics name="eea-1" fgcolor="#000000" bgcolor="#BFFFBF"
             type="rectangle" x="353" y="300" width="46" height="17"/>
    </entry>
    <entry id="22" name="cel:CELE_F26H9.6" type="gene"
        link="http://www.kegg.jp/dbget-bin/www_bget?cel:CELE_F26H9.6">
        <graphics name="rab-5" fgcolor="#000000" bgcolor="#BFFFBF"
             type="rectangle" x="353" y="283" width="46" height="17"/>
    </entry>
    <entry id="23" name="cel:CELE_W03C9.3" type="gene"
        link="http://www.kegg.jp/dbget-bin/www_bget?cel:CELE_W03C9.3">
        <graphics name="rab-7" fgcolor="#000000" bgcolor="#BFFFBF"
             type="rectangle" x="353" y="461" width="46" height="17"/>
    </entry>
    <entry id="24" name="ko:K08008" type="ortholog"
        link="http://www.kegg.jp/dbget-bin/www_bget?K08008">
        <graphics name="K08008" fgcolor="#000000" bgcolor="#FFFFFF"
             type="rectangle" x="856" y="629" width="46" height="17"/>
    </entry>
    <entry id="25" name="ko:K13883" type="ortholog"
        link="http://www.kegg.jp/dbget-bin/www_bget?K13883">
        <graphics name="K13883" fgcolor="#000000" bgcolor="#FFFFFF"
             type="rectangle" x="353" y="478" width="46" height="17"/>
    </entry>
    <entry id="26" name="ko:K08009" type="ortholog"
        link="http://www.kegg.jp/dbget-bin/www_bget?K08009">
        <graphics name="K08009" fgcolor="#000000" bgcolor="#FFFFFF"
             type="rectangle" x="811" y="629" width="46" height="17"/>
    </entry>
    <entry id="27" name="ko:K08012" type="ortholog"
        link="http://www.kegg.jp/dbget-bin/www_bget?K08012">
        <graphics name="K08012" fgcolor="#000000" bgcolor="#FFFFFF"
             type="rectangle" x="1054" y="641" width="46" height="17"/>
    </entry>
    <entry id="28" name="ko:K08011" type="ortholog"
        link="http://www.kegg.jp/dbget-bin/www_bget?K08011">
        <graphics name="K08011" fgcolor="#000000" bgcolor="#FFFFFF"
             type="rectangle" x="963" y="646" width="46" height="17"/>
    </entry>
    <entry id="29" name="ko:K08010" type="ortholog"
        link="http://www.kegg.jp/dbget-bin/www_bget?K08010">
        <graphics name="K08010" fgcolor="#000000" bgcolor="#FFFFFF"
             type="rectangle" x="1009" y="646" width="46" height="17"/>
    </entry>
    <entry id="30" name="cel:CELE_C09G12.8 cel:CELE_C35C5.4 cel:CELE_K03D3.10" type="gene"
        link="http://www.kegg.jp/dbget-bin/www_bget?cel:CELE_C09G12.8+cel:CELE_C35C5.4+cel:CELE_K03D3.10">
        <graphics name="ced-10..." fgcolor="#000000" bgcolor="#BFFFBF"
             type="rectangle" x="885" y="657" width="46" height="17"/>
    </entry>
    <entry id="31" name="ko:K08008" type="ortholog"
        link="http://www.kegg.jp/dbget-bin/www_bget?K08008">
        <graphics name="K08008" fgcolor="#000000" bgcolor="#FFFFFF"
             type="rectangle" x="1009" y="629" width="46" height="17"/>
    </entry>
    <entry id="32" name="ko:K08009" type="ortholog"
        link="http://www.kegg.jp/dbget-bin/www_bget?K08009">
        <graphics name="K08009" fgcolor="#000000" bgcolor="#FFFFFF"
             type="rectangle" x="963" y="629" width="46" height="17"/>
    </entry>
    <entry id="33" name="ko:K08011" type="ortholog"
        link="http://www.kegg.jp/dbget-bin/www_bget?K08011">
        <graphics name="K08011" fgcolor="#000000" bgcolor="#FFFFFF"
             type="rectangle" x="784" y="689" width="46" height="17"/>
    </entry>
    <entry id="34" name="ko:K08010" type="ortholog"
        link="http://www.kegg.jp/dbget-bin/www_bget?K08010">
        <graphics name="K08010" fgcolor="#000000" bgcolor="#FFFFFF"
             type="rectangle" x="830" y="689" width="46" height="17"/>
    </entry>
    <entry id="35" name="ko:K08012" type="ortholog"
        link="http://www.kegg.jp/dbget-bin/www_bget?K08012">
        <graphics name="K08012" fgcolor="#000000" bgcolor="#FFFFFF"
             type="rectangle" x="876" y="689" width="46" height="17"/>
    </entry>
    <entry id="36" name="cel:CELE_C09G12.8 cel:CELE_C35C5.4 cel:CELE_K03D3.10" type="gene"
        link="http://www.kegg.jp/dbget-bin/www_bget?cel:CELE_C09G12.8+cel:CELE_C35C5.4+cel:CELE_K03D3.10">
        <graphics name="ced-10..." fgcolor="#000000" bgcolor="#BFFFBF"
             type="rectangle" x="988" y="663" width="46" height="17"/>
    </entry>
    <entry id="37" name="cel:CELE_C17H12.1 cel:CELE_C39E9.14 cel:CELE_F18C12.1 cel:CELE_T21E12.4" type="gene"
        link="http://www.kegg.jp/dbget-bin/www_bget?cel:CELE_C17H12.1+cel:CELE_C39E9.14+cel:CELE_F18C12.1+cel:CELE_T21E12.4">
        <graphics name="dyci-1..." fgcolor="#000000" bgcolor="#BFFFBF"
             type="rectangle" x="353" y="495" width="46" height="17"/>
    </entry>
    <entry id="38" name="cel:CELE_C44B11.3 cel:CELE_F44F4.11" type="gene"
        link="http://www.kegg.jp/dbget-bin/www_bget?cel:CELE_C44B11.3+cel:CELE_F44F4.11">
        <graphics name="mec-12..." fgcolor="#000000" bgcolor="#BFFFBF"
             type="rectangle" x="376" y="525" width="46" height="17"/>
    </entry>
    <entry id="39" name="cel:CELE_B0272.1 cel:CELE_C36E8.5 cel:CELE_C54C6.2 cel:CELE_K01G5.7 cel:CELE_T04H1.9 cel:CELE_ZK154.3" type="gene"
        link="http://www.kegg.jp/dbget-bin/www_bget?cel:CELE_B0272.1+cel:CELE_C36E8.5+cel:CELE_C54C6.2+cel:CELE_K01G5.7+cel:CELE_T04H1.9+cel:CELE_ZK154.3">
        <graphics name="tbb-4..." fgcolor="#000000" bgcolor="#BFFFBF"
             type="rectangle" x="376" y="542" width="46" height="17"/>
    </entry>
    <entry id="40" name="cel:CELE_C07G1.5" type="gene"
        link="http://www.kegg.jp/dbget-bin/www_bget?cel:CELE_C07G1.5">
        <graphics name="hgrs-1" fgcolor="#000000" bgcolor="#BFFFBF"
             type="rectangle" x="353" y="406" width="46" height="17"/>
    </entry>
    <entry id="41" name="ko:K10089" type="ortholog"
        link="http://www.kegg.jp/dbget-bin/www_bget?K10089">
        <graphics name="K10089" fgcolor="#000000" bgcolor="#FFFFFF"
             type="rectangle" x="353" y="664" width="46" height="17"/>
    </entry>
    <entry id="42" name="cel:CELE_C17H12.14 cel:CELE_C26H9A.1 cel:CELE_C30F8.2 cel:CELE_F20B6.2 cel:CELE_F35H10.4 cel:CELE_F46F11.5 cel:CELE_F49C12.13 cel:CELE_F52E1.10 cel:CELE_F55H2.2 cel:CELE_R10E11.2 cel:CELE_R10E11.8 cel:CELE_T01H3.1 cel:CELE_T14F9.1 cel:CELE_VW02B12L.1 cel:CELE_Y110A7A.12 cel:CELE_Y38F2AL.3 cel:CELE_Y38F2AL.4 cel:CELE_Y49A3A.2 cel:CELE_Y55H10A.1 cel:CELE_ZK637.8 cel:CELE_ZK970.4" type="gene"
        link="http://www.kegg.jp/dbget-bin/www_bget?cel:CELE_C17H12.14+cel:CELE_C26H9A.1+cel:CELE_C30F8.2+cel:CELE_F20B6.2+cel:CELE_F35H10.4+cel:CELE_F46F11.5+cel:CELE_F49C12.13+cel:CELE_F52E1.10+cel:CELE_F55H2.2+cel:CELE_R10E11.2+cel:CELE_R10E11.8+cel:CELE_T01H3.1+cel:CELE_T14F9.1+cel:CELE_VW02B12L.1+cel:CELE_Y110A7A.12+cel:CELE_Y38F2AL.3+cel:CELE_Y38F2AL.4+cel:CELE_Y49A3A.2+cel:CELE_Y55H10A.1+cel:CELE_ZK637.8+cel:CELE_ZK970.4">
        <graphics name="vha-8..." fgcolor="#000000" bgcolor="#BFFFBF"
             type="rectangle" x="438" y="358" width="46" height="17"/>
    </entry>
    <entry id="43" name="cel:CELE_C03B1.12" type="gene"
        link="http://www.kegg.jp/dbget-bin/www_bget?cel:CELE_C03B1.12">
        <graphics name="lmp-1" fgcolor="#000000" bgcolor="#BFFFBF"
             type="rectangle" x="353" y="614" width="46" height="17"/>
    </entry>
    <entry id="44" name="cel:CELE_C17H12.14 cel:CELE_C26H9A.1 cel:CELE_C30F8.2 cel:CELE_F20B6.2 cel:CELE_F35H10.4 cel:CELE_F46F11.5 cel:CELE_F49C12.13 cel:CELE_F52E1.10 cel:CELE_F55H2.2 cel:CELE_R10E11.2 cel:CELE_R10E11.8 cel:CELE_T01H3.1 cel:CELE_T14F9.1 cel:CELE_VW02B12L.1 cel:CELE_Y110A7A.12 cel:CELE_Y38F2AL.3 cel:CELE_Y38F2AL.4 cel:CELE_Y49A3A.2 cel:CELE_Y55H10A.1 cel:CELE_ZK637.8 cel:CELE_ZK970.4" type="gene"
        link="http://www.kegg.jp/dbget-bin/www_bget?cel:CELE_C17H12.14+cel:CELE_C26H9A.1+cel:CELE_C30F8.2+cel:CELE_F20B6.2+cel:CELE_F35H10.4+cel:CELE_F46F11.5+cel:CELE_F49C12.13+cel:CELE_F52E1.10+cel:CELE_F55H2.2+cel:CELE_R10E11.2+cel:CELE_R10E11.8+cel:CELE_T01H3.1+cel:CELE_T14F9.1+cel:CELE_VW02B12L.1+cel:CELE_Y110A7A.12+cel:CELE_Y38F2AL.3+cel:CELE_Y38F2AL.4+cel:CELE_Y49A3A.2+cel:CELE_Y55H10A.1+cel:CELE_ZK637.8+cel:CELE_ZK970.4">
        <graphics name="vha-8..." fgcolor="#000000" bgcolor="#BFFFBF"
             type="rectangle" x="439" y="702" width="46" height="17"/>
    </entry>
    <entry id="45" name="ko:K10789" type="ortholog"
        link="http://www.kegg.jp/dbget-bin/www_bget?K10789">
        <graphics name="K10789" fgcolor="#000000" bgcolor="#FFFFFF"
             type="rectangle" x="518" y="655" width="46" height="17"/>
    </entry>
    <entry id="46" name="ko:K00921" type="ortholog"
        link="http://www.kegg.jp/dbget-bin/www_bget?K00921">
        <graphics name="K00921" fgcolor="#000000" bgcolor="#FFFFFF"
             type="rectangle" x="353" y="639" width="46" height="17"/>
    </entry>
    <entry id="47" name="ko:K13813" type="ortholog"
        link="http://www.kegg.jp/dbget-bin/www_bget?K13813">
        <graphics name="K13813" fgcolor="#000000" bgcolor="#FFFFFF"
             type="rectangle" x="223" y="316" width="46" height="17"/>
    </entry>
    <entry id="48" name="cel:CELE_F36F2.4" type="gene"
        link="http://www.kegg.jp/dbget-bin/www_bget?cel:CELE_F36F2.4">
        <graphics name="syx-7" fgcolor="#000000" bgcolor="#BFFFBF"
             type="rectangle" x="223" y="491" width="46" height="17"/>
    </entry>
    <entry id="49" name="ko:K06259" type="ortholog"
        link="http://www.kegg.jp/dbget-bin/www_bget?K06259">
        <graphics name="K06259" fgcolor="#000000" bgcolor="#FFFFFF"
             type="rectangle" x="920" y="456" width="46" height="17"/>
    </entry>
    <entry id="50" name="ko:K13884" type="ortholog"
        link="http://www.kegg.jp/dbget-bin/www_bget?K13884">
        <graphics name="K13884" fgcolor="#000000" bgcolor="#FFFFFF"
             type="rectangle" x="920" y="432" width="46" height="17"/>
    </entry>
    <entry id="51" name="ko:K08763" type="ortholog"
        link="http://www.kegg.jp/dbget-bin/www_bget?K08763">
        <graphics name="K08763" fgcolor="#000000" bgcolor="#FFFFFF"
             type="rectangle" x="970" y="432" width="46" height="17"/>
    </entry>
    <entry id="52" name="ko:K04391" type="ortholog"
        link="http://www.kegg.jp/dbget-bin/www_bget?K04391">
        <graphics name="K04391" fgcolor="#000000" bgcolor="#FFFFFF"
             type="rectangle" x="970" y="321" width="46" height="17"/>
    </entry>
    <entry id="53" name="ko:K10159" type="ortholog"
        link="http://www.kegg.jp/dbget-bin/www_bget?K10159">
        <graphics name="K10159" fgcolor="#000000" bgcolor="#FFFFFF"
             type="rectangle" x="870" y="321" width="46" height="17"/>
    </entry>
    <entry id="54" name="ko:K10169" type="ortholog"
        link="http://www.kegg.jp/dbget-bin/www_bget?K10169">
        <graphics name="K10169" fgcolor="#000000" bgcolor="#FFFFFF"
             type="rectangle" x="870" y="338" width="46" height="17"/>
    </entry>
    <entry id="55" name="ko:K10160" type="ortholog"
        link="http://www.kegg.jp/dbget-bin/www_bget?K10160">
        <graphics name="K10160" fgcolor="#000000" bgcolor="#FFFFFF"
             type="rectangle" x="920" y="321" width="46" height="17"/>
    </entry>
    <entry id="56" name="path:cel04142" type="map"
        link="http://www.kegg.jp/dbget-bin/www_bget?cel04142">
        <graphics name="Lysosome" fgcolor="#000000" bgcolor="#FFFFFF"
             type="roundrectangle" x="126" y="692" width="92" height="25"/>
    </entry>
    <entry id="57" name="ko:K13240" type="ortholog"
        link="http://www.kegg.jp/dbget-bin/www_bget?K13240">
        <graphics name="K13240" fgcolor="#000000" bgcolor="#FFFFFF"
             type="rectangle" x="411" y="614" width="46" height="17"/>
    </entry>
    <entry id="58" name="ko:K13885" type="ortholog"
        link="http://www.kegg.jp/dbget-bin/www_bget?K13885">
        <graphics name="K13885" fgcolor="#000000" bgcolor="#FFFFFF"
             type="rectangle" x="870" y="456" width="46" height="17"/>
    </entry>
    <entry id="59" name="ko:K06856" type="ortholog"
        link="http://www.kegg.jp/dbget-bin/www_bget?K06856">
        <graphics name="K06856" fgcolor="#000000" bgcolor="#FFFFFF"
             type="rectangle" x="1035" y="131" width="46" height="17"/>
    </entry>
    <entry id="60" name="ko:K03990" type="ortholog"
        link="http://www.kegg.jp/dbget-bin/www_bget?K03990">
        <graphics name="K03990" fgcolor="#000000" bgcolor="#FFFFFF"
             type="rectangle" x="1035" y="176" width="46" height="17"/>
    </entry>
    <entry id="61" name="ko:K16857 ko:K04659" type="ortholog"
        link="http://www.kegg.jp/dbget-bin/www_bget?K16857+K04659">
        <graphics name="K16857..." fgcolor="#000000" bgcolor="#FFFFFF"
             type="rectangle" x="1035" y="252" width="46" height="17"/>
    </entry>
    <entry id="62" name="path:map04610" type="map"
        link="http://www.kegg.jp/dbget-bin/www_bget?map04610">
        <graphics name="Complement and coagulation cascades" fgcolor="#000000" bgcolor="#FFFFFF"
             type="roundrectangle" x="911" y="207" width="105" height="34"/>
    </entry>
    <entry id="63" name="ko:K10066 ko:K10062 ko:K03991 ko:K10067 ko:K10068" type="ortholog"
        link="http://www.kegg.jp/dbget-bin/www_bget?K10066+K10062+K03991+K10067+K10068">
        <graphics name="K10066..." fgcolor="#000000" bgcolor="#FFFFFF"
             type="rectangle" x="1035" y="198" width="46" height="17"/>
    </entry>
    <entry id="64" name="path:map04620" type="map"
        link="http://www.kegg.jp/dbget-bin/www_bget?map04620">
        <graphics name="Toll-like receptor signaling pathway" fgcolor="#000000" bgcolor="#FFFFFF"
             type="roundrectangle" x="996" y="357" width="105" height="34"/>
    </entry>
    <entry id="65" name="path:map04612" type="map"
        link="http://www.kegg.jp/dbget-bin/www_bget?map04612">
        <graphics name="Antigen processing and presentation" fgcolor="#000000" bgcolor="#FFFFFF"
             type="roundrectangle" x="717" y="428" width="100" height="34"/>
    </entry>
    <entry id="66" name="cel:CELE_F32D8.6 cel:CELE_Y38F2AR.9 cel:CELE_Y57G11C.15" type="gene"
        link="http://www.kegg.jp/dbget-bin/www_bget?cel:CELE_F32D8.6+cel:CELE_Y38F2AR.9+cel:CELE_Y57G11C.15">
        <graphics name="emo-1..." fgcolor="#000000" bgcolor="#BFFFBF"
             type="rectangle" x="630" y="688" width="46" height="17"/>
    </entry>
    <entry id="67" name="cel:CELE_Y38A10A.5" type="gene"
        link="http://www.kegg.jp/dbget-bin/www_bget?cel:CELE_Y38A10A.5">
        <graphics name="crt-1" fgcolor="#000000" bgcolor="#BFFFBF"
             type="rectangle" x="628" y="298" width="46" height="17"/>
    </entry>
    <entry id="68" name="cel:CELE_ZK632.6" type="gene"
        link="http://www.kegg.jp/dbget-bin/www_bget?cel:CELE_ZK632.6">
        <graphics name="cnx-1" fgcolor="#000000" bgcolor="#BFFFBF"
             type="rectangle" x="628" y="320" width="46" height="17"/>
    </entry>
    <entry id="69" name="ko:K06752" type="ortholog"
        link="http://www.kegg.jp/dbget-bin/www_bget?K06752">
        <graphics name="K06752" fgcolor="#000000" bgcolor="#FFFFFF"
             type="rectangle" x="719" y="473" width="46" height="17"/>
    </entry>
    <entry id="70" name="ko:K06752" type="ortholog"
        link="http://www.kegg.jp/dbget-bin/www_bget?K06752">
        <graphics name="K06752" fgcolor="#000000" bgcolor="#FFFFFF"
             type="rectangle" x="801" y="171" width="46" height="17"/>
    </entry>
    <entry id="71" name="ko:K06563" type="ortholog"
        link="http://www.kegg.jp/dbget-bin/www_bget?K06563">
        <graphics name="K06563" fgcolor="#000000" bgcolor="#FFFFFF"
             type="rectangle" x="921" y="392" width="46" height="17"/>
    </entry>
    <entry id="72" name="ko:K10074" type="ortholog"
        link="http://www.kegg.jp/dbget-bin/www_bget?K10074">
        <graphics name="K10074" fgcolor="#000000" bgcolor="#FFFFFF"
             type="rectangle" x="973" y="391" width="46" height="17"/>
    </entry>
    <entry id="73" name="ko:K05653 ko:K05654" type="ortholog"
        link="http://www.kegg.jp/dbget-bin/www_bget?K05653+K05654">
        <graphics name="K05653..." fgcolor="#000000" bgcolor="#FFFFFF"
             type="rectangle" x="644" y="664" width="46" height="17"/>
    </entry>
    <entry id="74" name="cel:CELE_T03E6.7" type="gene"
        link="http://www.kegg.jp/dbget-bin/www_bget?cel:CELE_T03E6.7">
        <graphics name="cpl-1" fgcolor="#000000" bgcolor="#BFFFBF"
             type="rectangle" x="522" y="702" width="46" height="17"/>
    </entry>
    <entry id="75" name="ko:K06751" type="ortholog"
        link="http://www.kegg.jp/dbget-bin/www_bget?K06751">
        <graphics name="K06751" fgcolor="#000000" bgcolor="#FFFFFF"
             type="rectangle" x="750" y="171" width="46" height="17"/>
    </entry>
    <entry id="76" name="ko:K05653 ko:K05654" type="ortholog"
        link="http://www.kegg.jp/dbget-bin/www_bget?K05653+K05654">
        <graphics name="K05653..." fgcolor="#000000" bgcolor="#FFFFFF"
             type="rectangle" x="705" y="300" width="46" height="17"/>
    </entry>
    <entry id="77" name="ko:K06751" type="ortholog"
        link="http://www.kegg.jp/dbget-bin/www_bget?K06751">
        <graphics name="K06751" fgcolor="#000000" bgcolor="#FFFFFF"
             type="rectangle" x="688" y="330" width="46" height="17"/>
    </entry>
    <entry id="78" name="ko:K06751" type="ortholog"
        link="http://www.kegg.jp/dbget-bin/www_bget?K06751">
        <graphics name="K06751" fgcolor="#000000" bgcolor="#FFFFFF"
             type="rectangle" x="625" y="608" width="46" height="17"/>
    </entry>
    <entry id="79" name="ko:K06503" type="ortholog"
        link="http://www.kegg.jp/dbget-bin/www_bget?K06503">
        <graphics name="K06503" fgcolor="#000000" bgcolor="#FFFFFF"
             type="rectangle" x="353" y="330" width="46" height="17"/>
    </entry>
    <entry id="80" name="ko:K13882" type="ortholog"
        link="http://www.kegg.jp/dbget-bin/www_bget?K13882">
        <graphics name="K13882" fgcolor="#000000" bgcolor="#FFFFFF"
             type="rectangle" x="421" y="160" width="46" height="17"/>
    </entry>
    <entry id="81" name="cel:CELE_C17H12.14 cel:CELE_C26H9A.1 cel:CELE_C30F8.2 cel:CELE_F20B6.2 cel:CELE_F35H10.4 cel:CELE_F46F11.5 cel:CELE_F49C12.13 cel:CELE_F52E1.10 cel:CELE_F55H2.2 cel:CELE_R10E11.2 cel:CELE_R10E11.8 cel:CELE_T01H3.1 cel:CELE_T14F9.1 cel:CELE_VW02B12L.1 cel:CELE_Y110A7A.12 cel:CELE_Y38F2AL.3 cel:CELE_Y38F2AL.4 cel:CELE_Y49A3A.2 cel:CELE_Y55H10A.1 cel:CELE_ZK637.8 cel:CELE_ZK970.4" type="gene"
        link="http://www.kegg.jp/dbget-bin/www_bget?cel:CELE_C17H12.14+cel:CELE_C26H9A.1+cel:CELE_C30F8.2+cel:CELE_F20B6.2+cel:CELE_F35H10.4+cel:CELE_F46F11.5+cel:CELE_F49C12.13+cel:CELE_F52E1.10+cel:CELE_F55H2.2+cel:CELE_R10E11.2+cel:CELE_R10E11.8+cel:CELE_T01H3.1+cel:CELE_T14F9.1+cel:CELE_VW02B12L.1+cel:CELE_Y110A7A.12+cel:CELE_Y38F2AL.3+cel:CELE_Y38F2AL.4+cel:CELE_Y49A3A.2+cel:CELE_Y55H10A.1+cel:CELE_ZK637.8+cel:CELE_ZK970.4">
        <graphics name="vha-8..." fgcolor="#000000" bgcolor="#BFFFBF"
             type="rectangle" x="438" y="512" width="46" height="17"/>
    </entry>
    <entry id="82" name="cpd:C04549" type="compound"
        link="http://www.kegg.jp/dbget-bin/www_bget?C04549">
        <graphics name="C04549" fgcolor="#000000" bgcolor="#FFFFFF"
             type="circle" x="520" y="282" width="8" height="8"/>
    </entry>
    <entry id="83" name="cpd:C04549" type="compound"
        link="http://www.kegg.jp/dbget-bin/www_bget?C04549">
        <graphics name="C04549" fgcolor="#000000" bgcolor="#FFFFFF"
             type="circle" x="1041" y="627" width="8" height="8"/>
    </entry>
    <entry id="84" name="undefined" type="group">
        <graphics fgcolor="#000000" bgcolor="#FFFFFF"
             type="rectangle" x="353" y="291" width="46" height="34"/>
        <component id="21"/>
        <component id="22"/>
    </entry>
    <entry id="85" name="undefined" type="group">
        <graphics fgcolor="#000000" bgcolor="#FFFFFF"
             type="rectangle" x="353" y="478" width="46" height="51"/>
        <component id="23"/>
        <component id="37"/>
    </entry>
    <entry id="86" name="undefined" type="group">
        <graphics fgcolor="#000000" bgcolor="#FFFFFF"
             type="rectangle" x="376" y="533" width="46" height="34"/>
        <component id="38"/>
        <component id="39"/>
    </entry>
    <relation entry1="84" entry2="20" type="PPrel">
        <subtype name="binding/association" value="---"/>
    </relation>
    <relation entry1="38" entry2="39" type="PPrel">
        <subtype name="binding/association" value="---"/>
    </relation>
    <relation entry1="85" entry2="86" type="PPrel">
        <subtype name="binding/association" value="---"/>
    </relation>
</pathway>
