<?xml version="1.0"?>
<!DOCTYPE pathway SYSTEM "http://www.kegg.jp/kegg/xml/KGML_v0.7.1_.dtd">
<!-- Creation date: Oct 23, 2015 09:25:25 +0900 (GMT+9) -->
<pathway name="path:cel04010" org="cel" number="04010"
         title="MAPK signaling pathway"
         image="http://www.kegg.jp/kegg/pathway/cel/cel04010.png"
         link="http://www.kegg.jp/kegg-bin/show_pathway?cel04010">
    <entry id="1" name="cpd:C00338" type="compound"
        link="http://www.kegg.jp/dbget-bin/www_bget?C00338">
        <graphics name="C00338" fgcolor="#000000" bgcolor="#FFFFFF"
             type="circle" x="138" y="743" width="8" height="8"/>
    </entry>
    <entry id="2" name="ko:K04349 ko:K12326" type="ortholog"
        link="http://www.kegg.jp/dbget-bin/www_bget?K04349+K12326">
        <graphics name="K04349..." fgcolor="#000000" bgcolor="#FFFFFF"
             type="rectangle" x="392" y="236" width="46" height="17"/>
    </entry>
    <entry id="3" name="cel:CELE_F08B1.1" type="gene"
        link="http://www.kegg.jp/dbget-bin/www_bget?cel:CELE_F08B1.1">
        <graphics name="vhp-1" fgcolor="#000000" bgcolor="#BFFFBF"
             type="rectangle" x="789" y="364" width="46" height="17"/>
    </entry>
    <entry id="4" name="ko:K04458 ko:K18018 ko:K18019 ko:K17614" type="ortholog"
        link="http://www.kegg.jp/dbget-bin/www_bget?K04458+K18018+K18019+K17614">
        <graphics name="K04458..." fgcolor="#000000" bgcolor="#FFFFFF"
             type="rectangle" x="740" y="364" width="46" height="17"/>
    </entry>
    <entry id="5" name="cel:CELE_F25D1.1" type="gene"
        link="http://www.kegg.jp/dbget-bin/www_bget?cel:CELE_F25D1.1">
        <graphics name="ppm-1" fgcolor="#000000" bgcolor="#BFFFBF"
             type="rectangle" x="596" y="770" width="46" height="17"/>
    </entry>
    <entry id="6" name="ko:K04389" type="ortholog"
        link="http://www.kegg.jp/dbget-bin/www_bget?K04389">
        <graphics name="K04389" fgcolor="#000000" bgcolor="#FFFFFF"
             type="rectangle" x="137" y="692" width="46" height="17"/>
    </entry>
    <entry id="7" name="cpd:C00165" type="compound"
        link="http://www.kegg.jp/dbget-bin/www_bget?C00165">
        <graphics name="C00165" fgcolor="#000000" bgcolor="#FFFFFF"
             type="circle" x="487" y="136" width="8" height="8"/>
    </entry>
    <entry id="8" name="cpd:C00575" type="compound"
        link="http://www.kegg.jp/dbget-bin/www_bget?C00575">
        <graphics name="C00575" fgcolor="#000000" bgcolor="#FFFFFF"
             type="circle" x="447" y="123" width="8" height="8"/>
    </entry>
    <entry id="9" name="cpd:C01245" type="compound"
        link="http://www.kegg.jp/dbget-bin/www_bget?C01245">
        <graphics name="C01245" fgcolor="#000000" bgcolor="#FFFFFF"
             type="circle" x="410" y="136" width="8" height="8"/>
    </entry>
    <entry id="10" name="cpd:C00076" type="compound"
        link="http://www.kegg.jp/dbget-bin/www_bget?C00076">
        <graphics name="C00076" fgcolor="#000000" bgcolor="#FFFFFF"
             type="circle" x="314" y="175" width="8" height="8"/>
    </entry>
    <entry id="11" name="ko:K04407" type="ortholog"
        link="http://www.kegg.jp/dbget-bin/www_bget?K04407">
        <graphics name="K04407" fgcolor="#000000" bgcolor="#FFFFFF"
             type="rectangle" x="494" y="487" width="46" height="17"/>
    </entry>
    <entry id="12" name="ko:K16342" type="ortholog"
        link="http://www.kegg.jp/dbget-bin/www_bget?K16342">
        <graphics name="K16342" fgcolor="#000000" bgcolor="#FFFFFF"
             type="rectangle" x="850" y="219" width="46" height="17"/>
    </entry>
    <entry id="13" name="ko:K04381" type="ortholog"
        link="http://www.kegg.jp/dbget-bin/www_bget?K04381">
        <graphics name="K04381" fgcolor="#000000" bgcolor="#FFFFFF"
             type="rectangle" x="850" y="195" width="46" height="17"/>
    </entry>
    <entry id="14" name="ko:K04380" type="ortholog"
        link="http://www.kegg.jp/dbget-bin/www_bget?K04380">
        <graphics name="K04380" fgcolor="#000000" bgcolor="#FFFFFF"
             type="rectangle" x="850" y="174" width="46" height="17"/>
    </entry>
    <entry id="15" name="ko:K02580 ko:K04469 ko:K04735 ko:K09253" type="ortholog"
        link="http://www.kegg.jp/dbget-bin/www_bget?K02580+K04469+K04735+K09253">
        <graphics name="K02580..." fgcolor="#000000" bgcolor="#FFFFFF"
             type="rectangle" x="914" y="131" width="46" height="17"/>
    </entry>
    <entry id="16" name="ko:K04467 ko:K07209 ko:K07210" type="ortholog"
        link="http://www.kegg.jp/dbget-bin/www_bget?K04467+K07209+K07210">
        <graphics name="K04467..." fgcolor="#000000" bgcolor="#FFFFFF"
             type="rectangle" x="786" y="142" width="46" height="17"/>
    </entry>
    <entry id="17" name="ko:K04466" type="ortholog"
        link="http://www.kegg.jp/dbget-bin/www_bget?K04466">
        <graphics name="K04466" fgcolor="#000000" bgcolor="#FFFFFF"
             type="rectangle" x="786" y="121" width="46" height="17"/>
    </entry>
    <entry id="18" name="cel:CELE_F43C1.2" type="gene"
        link="http://www.kegg.jp/dbget-bin/www_bget?cel:CELE_F43C1.2">
        <graphics name="mpk-1" fgcolor="#000000" bgcolor="#BFFFBF"
             type="rectangle" x="763" y="311" width="46" height="17"/>
    </entry>
    <entry id="19" name="ko:K04370" type="ortholog"
        link="http://www.kegg.jp/dbget-bin/www_bget?K04370">
        <graphics name="K04370" fgcolor="#000000" bgcolor="#FFFFFF"
             type="rectangle" x="737" y="286" width="46" height="17"/>
    </entry>
    <entry id="20" name="ko:K04369" type="ortholog"
        link="http://www.kegg.jp/dbget-bin/www_bget?K04369">
        <graphics name="K04369" fgcolor="#000000" bgcolor="#FFFFFF"
             type="rectangle" x="676" y="322" width="46" height="17"/>
    </entry>
    <entry id="21" name="cel:CELE_Y54E10BL.6" type="gene"
        link="http://www.kegg.jp/dbget-bin/www_bget?cel:CELE_Y54E10BL.6">
        <graphics name="mek-2" fgcolor="#000000" bgcolor="#BFFFBF"
             type="rectangle" x="676" y="300" width="46" height="17"/>
    </entry>
    <entry id="22" name="ko:K04367" type="ortholog"
        link="http://www.kegg.jp/dbget-bin/www_bget?K04367">
        <graphics name="K04367" fgcolor="#000000" bgcolor="#FFFFFF"
             type="rectangle" x="580" y="334" width="46" height="17"/>
    </entry>
    <entry id="23" name="ko:K04366" type="ortholog"
        link="http://www.kegg.jp/dbget-bin/www_bget?K04366">
        <graphics name="K04366" fgcolor="#000000" bgcolor="#FFFFFF"
             type="rectangle" x="580" y="311" width="46" height="17"/>
    </entry>
    <entry id="24" name="cel:CELE_Y73B6A.5" type="gene"
        link="http://www.kegg.jp/dbget-bin/www_bget?cel:CELE_Y73B6A.5">
        <graphics name="lin-45" fgcolor="#000000" bgcolor="#BFFFBF"
             type="rectangle" x="580" y="287" width="46" height="17"/>
    </entry>
    <entry id="25" name="ko:K04352" type="ortholog"
        link="http://www.kegg.jp/dbget-bin/www_bget?K04352">
        <graphics name="K04352" fgcolor="#000000" bgcolor="#FFFFFF"
             type="rectangle" x="462" y="369" width="46" height="17"/>
    </entry>
    <entry id="26" name="ko:K08052" type="ortholog"
        link="http://www.kegg.jp/dbget-bin/www_bget?K08052">
        <graphics name="K08052" fgcolor="#000000" bgcolor="#FFFFFF"
             type="rectangle" x="462" y="348" width="46" height="17"/>
    </entry>
    <entry id="27" name="cel:CELE_E01H11.1" type="gene"
        link="http://www.kegg.jp/dbget-bin/www_bget?cel:CELE_E01H11.1">
        <graphics name="pkc-2" fgcolor="#000000" bgcolor="#BFFFBF"
             type="rectangle" x="487" y="257" width="46" height="17"/>
    </entry>
    <entry id="28" name="cel:CELE_C27B7.8" type="gene"
        link="http://www.kegg.jp/dbget-bin/www_bget?cel:CELE_C27B7.8">
        <graphics name="rap-1" fgcolor="#000000" bgcolor="#BFFFBF"
             type="rectangle" x="528" y="219" width="46" height="17"/>
    </entry>
    <entry id="29" name="cel:CELE_ZK909.2" type="gene"
        link="http://www.kegg.jp/dbget-bin/www_bget?cel:CELE_ZK909.2">
        <graphics name="kin-1" fgcolor="#000000" bgcolor="#BFFFBF"
             type="rectangle" x="528" y="170" width="46" height="17"/>
    </entry>
    <entry id="30" name="cel:CELE_T14G10.2" type="gene"
        link="http://www.kegg.jp/dbget-bin/www_bget?cel:CELE_T14G10.2">
        <graphics name="pxf-1" fgcolor="#000000" bgcolor="#BFFFBF"
             type="rectangle" x="447" y="229" width="46" height="17"/>
    </entry>
    <entry id="31" name="ko:K08053" type="ortholog"
        link="http://www.kegg.jp/dbget-bin/www_bget?K08053">
        <graphics name="K08053" fgcolor="#000000" bgcolor="#FFFFFF"
             type="rectangle" x="357" y="364" width="46" height="17"/>
    </entry>
    <entry id="32" name="cel:CELE_C44C11.1 cel:CELE_F17C8.4 cel:CELE_ZK792.6" type="gene"
        link="http://www.kegg.jp/dbget-bin/www_bget?cel:CELE_C44C11.1+cel:CELE_F17C8.4+cel:CELE_ZK792.6">
        <graphics name="ras-1..." fgcolor="#000000" bgcolor="#BFFFBF"
             type="rectangle" x="408" y="311" width="46" height="17"/>
    </entry>
    <entry id="33" name="ko:K04350 ko:K12361 ko:K12362 ko:K12363" type="ortholog"
        link="http://www.kegg.jp/dbget-bin/www_bget?K04350+K12361+K12362+K12363">
        <graphics name="K04350..." fgcolor="#000000" bgcolor="#FFFFFF"
             type="rectangle" x="392" y="257" width="46" height="17"/>
    </entry>
    <entry id="34" name="cel:CELE_T28F12.3" type="gene"
        link="http://www.kegg.jp/dbget-bin/www_bget?cel:CELE_T28F12.3">
        <graphics name="sos-1" fgcolor="#000000" bgcolor="#BFFFBF"
             type="rectangle" x="346" y="311" width="46" height="17"/>
    </entry>
    <entry id="35" name="cel:CELE_F18G5.3" type="gene"
        link="http://www.kegg.jp/dbget-bin/www_bget?cel:CELE_F18G5.3">
        <graphics name="gpa-12" fgcolor="#000000" bgcolor="#BFFFBF"
             type="rectangle" x="262" y="364" width="46" height="17"/>
    </entry>
    <entry id="36" name="cel:CELE_C14F5.5" type="gene"
        link="http://www.kegg.jp/dbget-bin/www_bget?cel:CELE_C14F5.5">
        <graphics name="sem-5" fgcolor="#000000" bgcolor="#BFFFBF"
             type="rectangle" x="283" y="311" width="46" height="17"/>
    </entry>
    <entry id="37" name="ko:K04363 ko:K05089" type="ortholog"
        link="http://www.kegg.jp/dbget-bin/www_bget?K04363+K05089">
        <graphics name="K04363..." fgcolor="#000000" bgcolor="#FFFFFF"
             type="rectangle" x="220" y="332" width="46" height="17"/>
    </entry>
    <entry id="38" name="ko:K04362 ko:K05093 ko:K05094 ko:K05095" type="ortholog"
        link="http://www.kegg.jp/dbget-bin/www_bget?K04362+K05093+K05094+K05095">
        <graphics name="K04362..." fgcolor="#000000" bgcolor="#FFFFFF"
             type="rectangle" x="220" y="311" width="46" height="17"/>
    </entry>
    <entry id="39" name="cel:CELE_ZK1067.1" type="gene"
        link="http://www.kegg.jp/dbget-bin/www_bget?cel:CELE_ZK1067.1">
        <graphics name="let-23" fgcolor="#000000" bgcolor="#BFFFBF"
             type="rectangle" x="220" y="290" width="46" height="17"/>
    </entry>
    <entry id="40" name="ko:K03176 ko:K04360" type="ortholog"
        link="http://www.kegg.jp/dbget-bin/www_bget?K03176+K04360">
        <graphics name="K03176..." fgcolor="#000000" bgcolor="#FFFFFF"
             type="rectangle" x="220" y="244" width="46" height="17"/>
    </entry>
    <entry id="41" name="cel:CELE_C48A7.1 cel:CELE_C54D2.5 cel:CELE_T28F2.5" type="gene"
        link="http://www.kegg.jp/dbget-bin/www_bget?cel:CELE_C48A7.1+cel:CELE_C54D2.5+cel:CELE_T28F2.5">
        <graphics name="egl-19..." fgcolor="#000000" bgcolor="#BFFFBF"
             type="rectangle" x="220" y="176" width="46" height="17"/>
    </entry>
    <entry id="42" name="ko:K04359 ko:K17386" type="ortholog"
        link="http://www.kegg.jp/dbget-bin/www_bget?K04359+K17386">
        <graphics name="K04359..." fgcolor="#000000" bgcolor="#FFFFFF"
             type="rectangle" x="137" y="332" width="46" height="17"/>
    </entry>
    <entry id="43" name="cel:CELE_C05D11.4" type="gene"
        link="http://www.kegg.jp/dbget-bin/www_bget?cel:CELE_C05D11.4">
        <graphics name="let-756" fgcolor="#000000" bgcolor="#BFFFBF"
             type="rectangle" x="137" y="311" width="46" height="17"/>
    </entry>
    <entry id="44" name="ko:K04357" type="ortholog"
        link="http://www.kegg.jp/dbget-bin/www_bget?K04357">
        <graphics name="K04357" fgcolor="#000000" bgcolor="#FFFFFF"
             type="rectangle" x="137" y="290" width="46" height="17"/>
    </entry>
    <entry id="45" name="ko:K04356 ko:K12457" type="ortholog"
        link="http://www.kegg.jp/dbget-bin/www_bget?K04356+K12457">
        <graphics name="K04356..." fgcolor="#000000" bgcolor="#FFFFFF"
             type="rectangle" x="137" y="263" width="46" height="17"/>
    </entry>
    <entry id="46" name="ko:K04355" type="ortholog"
        link="http://www.kegg.jp/dbget-bin/www_bget?K04355">
        <graphics name="K04355" fgcolor="#000000" bgcolor="#FFFFFF"
             type="rectangle" x="137" y="242" width="46" height="17"/>
    </entry>
    <entry id="47" name="ko:K02582" type="ortholog"
        link="http://www.kegg.jp/dbget-bin/www_bget?K02582">
        <graphics name="K02582" fgcolor="#000000" bgcolor="#FFFFFF"
             type="rectangle" x="137" y="221" width="46" height="17"/>
    </entry>
    <entry id="48" name="path:cel04010" type="map"
        link="http://www.kegg.jp/dbget-bin/www_bget?cel04010">
        <graphics name="TITLE:MAPK signaling pathway" fgcolor="#000000" bgcolor="#FFFFFF"
             type="roundrectangle" x="154" y="58" width="228" height="25"/>
    </entry>
    <entry id="49" name="path:cel04070" type="map"
        link="http://www.kegg.jp/dbget-bin/www_bget?cel04070">
        <graphics name="Phosphatidylinositol signaling system" fgcolor="#000000" bgcolor="#FFFFFF"
             type="roundrectangle" x="630" y="86" width="121" height="38"/>
    </entry>
    <entry id="50" name="path:map04110" type="map"
        link="http://www.kegg.jp/dbget-bin/www_bget?map04110">
        <graphics name="Cell cycle" fgcolor="#000000" bgcolor="#FFFFFF"
             type="roundrectangle" x="1301" y="602" width="34" height="271"/>
    </entry>
    <entry id="51" name="path:map04210" type="map"
        link="http://www.kegg.jp/dbget-bin/www_bget?map04210">
        <graphics name="Apoptosis" fgcolor="#000000" bgcolor="#FFFFFF"
             type="roundrectangle" x="1223" y="623" width="94" height="26"/>
    </entry>
    <entry id="52" name="path:cel04310" type="map"
        link="http://www.kegg.jp/dbget-bin/www_bget?cel04310">
        <graphics name="Wnt signaling pathway" fgcolor="#000000" bgcolor="#FFFFFF"
             type="roundrectangle" x="1039" y="852" width="94" height="38"/>
    </entry>
    <entry id="53" name="path:map04115" type="map"
        link="http://www.kegg.jp/dbget-bin/www_bget?map04115">
        <graphics name="p53 signaling pathway" fgcolor="#000000" bgcolor="#FFFFFF"
             type="roundrectangle" x="1039" y="614" width="94" height="38"/>
    </entry>
    <entry id="54" name="ko:K04465" type="ortholog"
        link="http://www.kegg.jp/dbget-bin/www_bget?K04465">
        <graphics name="K04465" fgcolor="#000000" bgcolor="#FFFFFF"
             type="rectangle" x="914" y="915" width="46" height="17"/>
    </entry>
    <entry id="55" name="cel:CELE_C04G6.1" type="gene"
        link="http://www.kegg.jp/dbget-bin/www_bget?cel:CELE_C04G6.1">
        <graphics name="mpk-2" fgcolor="#000000" bgcolor="#BFFFBF"
             type="rectangle" x="763" y="915" width="46" height="17"/>
    </entry>
    <entry id="56" name="ko:K04463" type="ortholog"
        link="http://www.kegg.jp/dbget-bin/www_bget?K04463">
        <graphics name="K04463" fgcolor="#000000" bgcolor="#FFFFFF"
             type="rectangle" x="676" y="915" width="46" height="17"/>
    </entry>
    <entry id="57" name="cel:CELE_W06F12.1" type="gene"
        link="http://www.kegg.jp/dbget-bin/www_bget?cel:CELE_W06F12.1">
        <graphics name="lit-1" fgcolor="#000000" bgcolor="#BFFFBF"
             type="rectangle" x="786" y="852" width="46" height="17"/>
    </entry>
    <entry id="58" name="ko:K05866" type="ortholog"
        link="http://www.kegg.jp/dbget-bin/www_bget?K05866">
        <graphics name="K05866" fgcolor="#000000" bgcolor="#FFFFFF"
             type="rectangle" x="851" y="822" width="46" height="17"/>
    </entry>
    <entry id="59" name="cel:CELE_C54G4.1" type="gene"
        link="http://www.kegg.jp/dbget-bin/www_bget?cel:CELE_C54G4.1">
        <graphics name="rskn-2" fgcolor="#000000" bgcolor="#BFFFBF"
             type="rectangle" x="851" y="800" width="46" height="17"/>
    </entry>
    <entry id="60" name="ko:K04443 ko:K04444" type="ortholog"
        link="http://www.kegg.jp/dbget-bin/www_bget?K04443+K04444">
        <graphics name="K04443..." fgcolor="#000000" bgcolor="#FFFFFF"
             type="rectangle" x="851" y="779" width="46" height="17"/>
    </entry>
    <entry id="61" name="cel:CELE_T04C10.4" type="gene"
        link="http://www.kegg.jp/dbget-bin/www_bget?cel:CELE_T04C10.4">
        <graphics name="atf-5" fgcolor="#000000" bgcolor="#BFFFBF"
             type="rectangle" x="914" y="801" width="46" height="17"/>
    </entry>
    <entry id="62" name="ko:K04454" type="ortholog"
        link="http://www.kegg.jp/dbget-bin/www_bget?K04454">
        <graphics name="K04454" fgcolor="#000000" bgcolor="#FFFFFF"
             type="rectangle" x="914" y="736" width="46" height="17"/>
    </entry>
    <entry id="63" name="cel:CELE_F46G10.6" type="gene"
        link="http://www.kegg.jp/dbget-bin/www_bget?cel:CELE_F46G10.6">
        <graphics name="mxl-3" fgcolor="#000000" bgcolor="#BFFFBF"
             type="rectangle" x="914" y="714" width="46" height="17"/>
    </entry>
    <entry id="64" name="ko:K04452" type="ortholog"
        link="http://www.kegg.jp/dbget-bin/www_bget?K04452">
        <graphics name="K04452" fgcolor="#000000" bgcolor="#FFFFFF"
             type="rectangle" x="914" y="692" width="46" height="17"/>
    </entry>
    <entry id="65" name="ko:K04376" type="ortholog"
        link="http://www.kegg.jp/dbget-bin/www_bget?K04376">
        <graphics name="K04376" fgcolor="#000000" bgcolor="#FFFFFF"
             type="rectangle" x="914" y="670" width="46" height="17"/>
    </entry>
    <entry id="66" name="ko:K04451" type="ortholog"
        link="http://www.kegg.jp/dbget-bin/www_bget?K04451">
        <graphics name="K04451" fgcolor="#000000" bgcolor="#FFFFFF"
             type="rectangle" x="914" y="614" width="46" height="17"/>
    </entry>
    <entry id="67" name="cel:CELE_C37F5.1" type="gene"
        link="http://www.kegg.jp/dbget-bin/www_bget?cel:CELE_C37F5.1">
        <graphics name="lin-1" fgcolor="#000000" bgcolor="#BFFFBF"
             type="rectangle" x="914" y="593" width="46" height="17"/>
    </entry>
    <entry id="68" name="ko:K04450" type="ortholog"
        link="http://www.kegg.jp/dbget-bin/www_bget?K04450">
        <graphics name="K04450" fgcolor="#000000" bgcolor="#FFFFFF"
             type="rectangle" x="914" y="571" width="46" height="17"/>
    </entry>
    <entry id="69" name="cel:CELE_B0218.3 cel:CELE_F42G8.3 cel:CELE_F42G8.4" type="gene"
        link="http://www.kegg.jp/dbget-bin/www_bget?cel:CELE_B0218.3+cel:CELE_F42G8.3+cel:CELE_F42G8.4">
        <graphics name="pmk-1..." fgcolor="#000000" bgcolor="#BFFFBF"
             type="rectangle" x="763" y="703" width="46" height="17"/>
    </entry>
    <entry id="70" name="cel:CELE_Y39B6A.2" type="gene"
        link="http://www.kegg.jp/dbget-bin/www_bget?cel:CELE_Y39B6A.2">
        <graphics name="pph-5" fgcolor="#000000" bgcolor="#BFFFBF"
             type="rectangle" x="657" y="756" width="46" height="17"/>
    </entry>
    <entry id="71" name="cel:CELE_R03G5.2" type="gene"
        link="http://www.kegg.jp/dbget-bin/www_bget?cel:CELE_R03G5.2">
        <graphics name="sek-1" fgcolor="#000000" bgcolor="#BFFFBF"
             type="rectangle" x="676" y="719" width="46" height="17"/>
    </entry>
    <entry id="72" name="ko:K04432" type="ortholog"
        link="http://www.kegg.jp/dbget-bin/www_bget?K04432">
        <graphics name="K04432" fgcolor="#000000" bgcolor="#FFFFFF"
             type="rectangle" x="676" y="688" width="46" height="17"/>
    </entry>
    <entry id="73" name="cel:CELE_F08B1.1" type="gene"
        link="http://www.kegg.jp/dbget-bin/www_bget?cel:CELE_F08B1.1">
        <graphics name="vhp-1" fgcolor="#000000" bgcolor="#BFFFBF"
             type="rectangle" x="787" y="592" width="46" height="17"/>
    </entry>
    <entry id="74" name="ko:K04458 ko:K18018 ko:K18019 ko:K17614" type="ortholog"
        link="http://www.kegg.jp/dbget-bin/www_bget?K04458+K18018+K18019+K17614">
        <graphics name="K04458..." fgcolor="#000000" bgcolor="#FFFFFF"
             type="rectangle" x="743" y="614" width="46" height="17"/>
    </entry>
    <entry id="75" name="ko:K04457" type="ortholog"
        link="http://www.kegg.jp/dbget-bin/www_bget?K04457">
        <graphics name="K04457" fgcolor="#000000" bgcolor="#FFFFFF"
             type="rectangle" x="686" y="592" width="46" height="17"/>
    </entry>
    <entry id="76" name="cel:CELE_C12D8.10 cel:CELE_F28H6.1" type="gene"
        link="http://www.kegg.jp/dbget-bin/www_bget?cel:CELE_C12D8.10+cel:CELE_F28H6.1">
        <graphics name="akt-1..." fgcolor="#000000" bgcolor="#BFFFBF"
             type="rectangle" x="643" y="614" width="46" height="17"/>
    </entry>
    <entry id="77" name="cel:CELE_T17E9.1" type="gene"
        link="http://www.kegg.jp/dbget-bin/www_bget?cel:CELE_T17E9.1">
        <graphics name="kin-18" fgcolor="#000000" bgcolor="#BFFFBF"
             type="rectangle" x="580" y="827" width="46" height="17"/>
    </entry>
    <entry id="78" name="cel:CELE_B0414.7" type="gene"
        link="http://www.kegg.jp/dbget-bin/www_bget?cel:CELE_B0414.7">
        <graphics name="mtk-1" fgcolor="#000000" bgcolor="#BFFFBF"
             type="rectangle" x="580" y="800" width="46" height="17"/>
    </entry>
    <entry id="79" name="ko:K04455" type="ortholog"
        link="http://www.kegg.jp/dbget-bin/www_bget?K04455">
        <graphics name="K04455" fgcolor="#000000" bgcolor="#FFFFFF"
             type="rectangle" x="914" y="769" width="46" height="17"/>
    </entry>
    <entry id="80" name="cel:CELE_Y105C5A.24" type="gene"
        link="http://www.kegg.jp/dbget-bin/www_bget?cel:CELE_Y105C5A.24">
        <graphics name="Y105C5A.24" fgcolor="#000000" bgcolor="#BFFFBF"
             type="rectangle" x="580" y="733" width="46" height="17"/>
    </entry>
    <entry id="81" name="ko:K04426" type="ortholog"
        link="http://www.kegg.jp/dbget-bin/www_bget?K04426">
        <graphics name="K04426" fgcolor="#000000" bgcolor="#FFFFFF"
             type="rectangle" x="580" y="703" width="46" height="17"/>
    </entry>
    <entry id="82" name="ko:K04425" type="ortholog"
        link="http://www.kegg.jp/dbget-bin/www_bget?K04425">
        <graphics name="K04425" fgcolor="#000000" bgcolor="#FFFFFF"
             type="rectangle" x="580" y="673" width="46" height="17"/>
    </entry>
    <entry id="83" name="cel:CELE_R13F6.6" type="gene"
        link="http://www.kegg.jp/dbget-bin/www_bget?cel:CELE_R13F6.6">
        <graphics name="zak-1" fgcolor="#000000" bgcolor="#BFFFBF"
             type="rectangle" x="580" y="629" width="46" height="17"/>
    </entry>
    <entry id="84" name="ko:K04423" type="ortholog"
        link="http://www.kegg.jp/dbget-bin/www_bget?K04423">
        <graphics name="K04423" fgcolor="#000000" bgcolor="#FFFFFF"
             type="rectangle" x="580" y="609" width="46" height="17"/>
    </entry>
    <entry id="85" name="cel:CELE_F33E2.2" type="gene"
        link="http://www.kegg.jp/dbget-bin/www_bget?cel:CELE_F33E2.2">
        <graphics name="dlk-1" fgcolor="#000000" bgcolor="#BFFFBF"
             type="rectangle" x="580" y="589" width="46" height="17"/>
    </entry>
    <entry id="86" name="ko:K04414" type="ortholog"
        link="http://www.kegg.jp/dbget-bin/www_bget?K04414">
        <graphics name="K04414" fgcolor="#000000" bgcolor="#FFFFFF"
             type="rectangle" x="494" y="653" width="46" height="17"/>
    </entry>
    <entry id="87" name="cel:CELE_F14H12.4" type="gene"
        link="http://www.kegg.jp/dbget-bin/www_bget?cel:CELE_F14H12.4">
        <graphics name="cst-1" fgcolor="#000000" bgcolor="#BFFFBF"
             type="rectangle" x="494" y="613" width="46" height="17"/>
    </entry>
    <entry id="88" name="cel:CELE_Y17G9B.5" type="gene"
        link="http://www.kegg.jp/dbget-bin/www_bget?cel:CELE_Y17G9B.5">
        <graphics name="Y17G9B.5" fgcolor="#000000" bgcolor="#BFFFBF"
             type="rectangle" x="427" y="779" width="46" height="17"/>
    </entry>
    <entry id="89" name="ko:K04404" type="ortholog"
        link="http://www.kegg.jp/dbget-bin/www_bget?K04404">
        <graphics name="K04404" fgcolor="#000000" bgcolor="#FFFFFF"
             type="rectangle" x="427" y="755" width="46" height="17"/>
    </entry>
    <entry id="90" name="cel:CELE_C44H4.5" type="gene"
        link="http://www.kegg.jp/dbget-bin/www_bget?cel:CELE_C44H4.5">
        <graphics name="tap-1" fgcolor="#000000" bgcolor="#BFFFBF"
             type="rectangle" x="427" y="733" width="46" height="17"/>
    </entry>
    <entry id="91" name="ko:K04402" type="ortholog"
        link="http://www.kegg.jp/dbget-bin/www_bget?K04402">
        <graphics name="K04402" fgcolor="#000000" bgcolor="#FFFFFF"
             type="rectangle" x="361" y="800" width="46" height="17"/>
    </entry>
    <entry id="92" name="ko:K03175" type="ortholog"
        link="http://www.kegg.jp/dbget-bin/www_bget?K03175">
        <graphics name="K03175" fgcolor="#000000" bgcolor="#FFFFFF"
             type="rectangle" x="361" y="768" width="46" height="17"/>
    </entry>
    <entry id="93" name="ko:K02308" type="ortholog"
        link="http://www.kegg.jp/dbget-bin/www_bget?K02308">
        <graphics name="K02308" fgcolor="#000000" bgcolor="#FFFFFF"
             type="rectangle" x="408" y="702" width="46" height="17"/>
    </entry>
    <entry id="94" name="ko:K03173" type="ortholog"
        link="http://www.kegg.jp/dbget-bin/www_bget?K03173">
        <graphics name="K03173" fgcolor="#000000" bgcolor="#FFFFFF"
             type="rectangle" x="392" y="653" width="46" height="17"/>
    </entry>
    <entry id="95" name="ko:K02187" type="ortholog"
        link="http://www.kegg.jp/dbget-bin/www_bget?K02187">
        <graphics name="K02187" fgcolor="#000000" bgcolor="#FFFFFF"
             type="rectangle" x="392" y="613" width="46" height="17"/>
    </entry>
    <entry id="96" name="ko:K04391" type="ortholog"
        link="http://www.kegg.jp/dbget-bin/www_bget?K04391">
        <graphics name="K04391" fgcolor="#000000" bgcolor="#FFFFFF"
             type="rectangle" x="220" y="743" width="46" height="17"/>
    </entry>
    <entry id="97" name="ko:K04388 ko:K04674" type="ortholog"
        link="http://www.kegg.jp/dbget-bin/www_bget?K04388+K04674">
        <graphics name="K04388..." fgcolor="#000000" bgcolor="#FFFFFF"
             type="rectangle" x="220" y="714" width="46" height="17"/>
    </entry>
    <entry id="98" name="ko:K04390" type="ortholog"
        link="http://www.kegg.jp/dbget-bin/www_bget?K04390">
        <graphics name="K04390" fgcolor="#000000" bgcolor="#FFFFFF"
             type="rectangle" x="220" y="692" width="46" height="17"/>
    </entry>
    <entry id="99" name="ko:K04386 ko:K04387" type="ortholog"
        link="http://www.kegg.jp/dbget-bin/www_bget?K04386+K04387">
        <graphics name="K04386..." fgcolor="#000000" bgcolor="#FFFFFF"
             type="rectangle" x="220" y="663" width="46" height="17"/>
    </entry>
    <entry id="100" name="ko:K03158" type="ortholog"
        link="http://www.kegg.jp/dbget-bin/www_bget?K03158">
        <graphics name="K03158" fgcolor="#000000" bgcolor="#FFFFFF"
             type="rectangle" x="220" y="641" width="46" height="17"/>
    </entry>
    <entry id="101" name="ko:K13375 ko:K13376 ko:K13377" type="ortholog"
        link="http://www.kegg.jp/dbget-bin/www_bget?K13375+K13376+K13377">
        <graphics name="K13375..." fgcolor="#000000" bgcolor="#FFFFFF"
             type="rectangle" x="137" y="714" width="46" height="17"/>
    </entry>
    <entry id="102" name="ko:K04383 ko:K04519" type="ortholog"
        link="http://www.kegg.jp/dbget-bin/www_bget?K04383+K04519">
        <graphics name="K04383..." fgcolor="#000000" bgcolor="#FFFFFF"
             type="rectangle" x="137" y="663" width="46" height="17"/>
    </entry>
    <entry id="103" name="ko:K03156" type="ortholog"
        link="http://www.kegg.jp/dbget-bin/www_bget?K03156">
        <graphics name="K03156" fgcolor="#000000" bgcolor="#FFFFFF"
             type="rectangle" x="137" y="641" width="46" height="17"/>
    </entry>
    <entry id="104" name="ko:K04442" type="ortholog"
        link="http://www.kegg.jp/dbget-bin/www_bget?K04442">
        <graphics name="K04442" fgcolor="#000000" bgcolor="#FFFFFF"
             type="rectangle" x="851" y="757" width="46" height="17"/>
    </entry>
    <entry id="105" name="cel:CELE_C09G12.8 cel:CELE_C35C5.4 cel:CELE_K03D3.10 cel:CELE_R07G3.1 cel:CELE_Y32F6B.3" type="gene"
        link="http://www.kegg.jp/dbget-bin/www_bget?cel:CELE_C09G12.8+cel:CELE_C35C5.4+cel:CELE_K03D3.10+cel:CELE_R07G3.1+cel:CELE_Y32F6B.3">
        <graphics name="ced-10..." fgcolor="#000000" bgcolor="#BFFFBF"
             type="rectangle" x="408" y="552" width="46" height="17"/>
    </entry>
    <entry id="106" name="cel:CELE_C09B8.7 cel:CELE_Y38F1A.10" type="gene"
        link="http://www.kegg.jp/dbget-bin/www_bget?cel:CELE_C09B8.7+cel:CELE_Y38F1A.10">
        <graphics name="pak-1..." fgcolor="#000000" bgcolor="#BFFFBF"
             type="rectangle" x="494" y="552" width="46" height="17"/>
    </entry>
    <entry id="107" name="ko:K04420 ko:K04421" type="ortholog"
        link="http://www.kegg.jp/dbget-bin/www_bget?K04420+K04421">
        <graphics name="K04420..." fgcolor="#000000" bgcolor="#FFFFFF"
             type="rectangle" x="580" y="552" width="46" height="17"/>
    </entry>
    <entry id="108" name="ko:K04434 ko:K04435" type="ortholog"
        link="http://www.kegg.jp/dbget-bin/www_bget?K04434+K04435">
        <graphics name="K04434..." fgcolor="#000000" bgcolor="#FFFFFF"
             type="rectangle" x="724" y="531" width="46" height="17"/>
    </entry>
    <entry id="109" name="ko:K04419" type="ortholog"
        link="http://www.kegg.jp/dbget-bin/www_bget?K04419">
        <graphics name="K04419" fgcolor="#000000" bgcolor="#FFFFFF"
             type="rectangle" x="580" y="520" width="46" height="17"/>
    </entry>
    <entry id="110" name="cel:CELE_K08A8.1" type="gene"
        link="http://www.kegg.jp/dbget-bin/www_bget?cel:CELE_K08A8.1">
        <graphics name="mek-1" fgcolor="#000000" bgcolor="#BFFFBF"
             type="rectangle" x="676" y="520" width="46" height="17"/>
    </entry>
    <entry id="111" name="cel:CELE_B0478.1" type="gene"
        link="http://www.kegg.jp/dbget-bin/www_bget?cel:CELE_B0478.1">
        <graphics name="jnk-1" fgcolor="#000000" bgcolor="#BFFFBF"
             type="rectangle" x="763" y="503" width="46" height="17"/>
    </entry>
    <entry id="112" name="cel:CELE_F42G10.2" type="gene"
        link="http://www.kegg.jp/dbget-bin/www_bget?cel:CELE_F42G10.2">
        <graphics name="mkk-4" fgcolor="#000000" bgcolor="#BFFFBF"
             type="rectangle" x="676" y="487" width="46" height="17"/>
    </entry>
    <entry id="113" name="cel:CELE_Y41D4B.13" type="gene"
        link="http://www.kegg.jp/dbget-bin/www_bget?cel:CELE_Y41D4B.13">
        <graphics name="ced-2" fgcolor="#000000" bgcolor="#BFFFBF"
             type="rectangle" x="718" y="451" width="46" height="17"/>
    </entry>
    <entry id="114" name="cel:CELE_F53H8.2" type="gene"
        link="http://www.kegg.jp/dbget-bin/www_bget?cel:CELE_F53H8.2">
        <graphics name="arr-1" fgcolor="#000000" bgcolor="#BFFFBF"
             type="rectangle" x="665" y="451" width="46" height="17"/>
    </entry>
    <entry id="115" name="ko:K04462" type="ortholog"
        link="http://www.kegg.jp/dbget-bin/www_bget?K04462">
        <graphics name="K04462" fgcolor="#000000" bgcolor="#FFFFFF"
             type="rectangle" x="793" y="455" width="46" height="17"/>
    </entry>
    <entry id="116" name="cel:CELE_C12C8.1 cel:CELE_F11F1.1 cel:CELE_F26D10.3 cel:CELE_F44E5.4 cel:CELE_F44E5.5" type="gene"
        link="http://www.kegg.jp/dbget-bin/www_bget?cel:CELE_C12C8.1+cel:CELE_F11F1.1+cel:CELE_F26D10.3+cel:CELE_F44E5.4+cel:CELE_F44E5.5">
        <graphics name="hsp-70..." fgcolor="#000000" bgcolor="#BFFFBF"
             type="rectangle" x="793" y="434" width="46" height="17"/>
    </entry>
    <entry id="117" name="ko:K04449" type="ortholog"
        link="http://www.kegg.jp/dbget-bin/www_bget?K04449">
        <graphics name="K04449" fgcolor="#000000" bgcolor="#FFFFFF"
             type="rectangle" x="914" y="514" width="46" height="17"/>
    </entry>
    <entry id="118" name="ko:K04448" type="ortholog"
        link="http://www.kegg.jp/dbget-bin/www_bget?K04448">
        <graphics name="K04448" fgcolor="#000000" bgcolor="#FFFFFF"
             type="rectangle" x="914" y="492" width="46" height="17"/>
    </entry>
    <entry id="119" name="ko:K17333" type="ortholog"
        link="http://www.kegg.jp/dbget-bin/www_bget?K17333">
        <graphics name="K17333" fgcolor="#000000" bgcolor="#FFFFFF"
             type="rectangle" x="914" y="467" width="46" height="17"/>
    </entry>
    <entry id="120" name="ko:K04446" type="ortholog"
        link="http://www.kegg.jp/dbget-bin/www_bget?K04446">
        <graphics name="K04446" fgcolor="#000000" bgcolor="#FFFFFF"
             type="rectangle" x="914" y="446" width="46" height="17"/>
    </entry>
    <entry id="121" name="cel:CELE_C02F4.2 cel:CELE_F55C10.1" type="gene"
        link="http://www.kegg.jp/dbget-bin/www_bget?cel:CELE_C02F4.2+cel:CELE_F55C10.1">
        <graphics name="tax-6..." fgcolor="#000000" bgcolor="#BFFFBF"
             type="rectangle" x="849" y="391" width="46" height="17"/>
    </entry>
    <entry id="123" name="ko:K04436" type="ortholog"
        link="http://www.kegg.jp/dbget-bin/www_bget?K04436">
        <graphics name="K04436" fgcolor="#000000" bgcolor="#FFFFFF"
             type="rectangle" x="737" y="430" width="46" height="17"/>
    </entry>
    <entry id="124" name="cel:CELE_C23F12.1 cel:CELE_Y66H1B.2" type="gene"
        link="http://www.kegg.jp/dbget-bin/www_bget?cel:CELE_C23F12.1+cel:CELE_Y66H1B.2">
        <graphics name="fln-2..." fgcolor="#000000" bgcolor="#BFFFBF"
             type="rectangle" x="684" y="430" width="46" height="17"/>
    </entry>
    <entry id="125" name="ko:K04416" type="ortholog"
        link="http://www.kegg.jp/dbget-bin/www_bget?K04416">
        <graphics name="K04416" fgcolor="#000000" bgcolor="#FFFFFF"
             type="rectangle" x="580" y="476" width="46" height="17"/>
    </entry>
    <entry id="126" name="ko:K04415" type="ortholog"
        link="http://www.kegg.jp/dbget-bin/www_bget?K04415">
        <graphics name="K04415" fgcolor="#000000" bgcolor="#FFFFFF"
             type="rectangle" x="580" y="452" width="46" height="17"/>
    </entry>
    <entry id="127" name="ko:K04408" type="ortholog"
        link="http://www.kegg.jp/dbget-bin/www_bget?K04408">
        <graphics name="K04408" fgcolor="#000000" bgcolor="#FFFFFF"
             type="rectangle" x="494" y="520" width="46" height="17"/>
    </entry>
    <entry id="128" name="ko:K04406" type="ortholog"
        link="http://www.kegg.jp/dbget-bin/www_bget?K04406">
        <graphics name="K04406" fgcolor="#000000" bgcolor="#FFFFFF"
             type="rectangle" x="494" y="454" width="46" height="17"/>
    </entry>
    <entry id="129" name="ko:K04379" type="ortholog"
        link="http://www.kegg.jp/dbget-bin/www_bget?K04379">
        <graphics name="K04379" fgcolor="#000000" bgcolor="#FFFFFF"
             type="rectangle" x="1080" y="311" width="46" height="17"/>
    </entry>
    <entry id="130" name="ko:K04378" type="ortholog"
        link="http://www.kegg.jp/dbget-bin/www_bget?K04378">
        <graphics name="K04378" fgcolor="#000000" bgcolor="#FFFFFF"
             type="rectangle" x="978" y="311" width="46" height="17"/>
    </entry>
    <entry id="131" name="ko:K04377" type="ortholog"
        link="http://www.kegg.jp/dbget-bin/www_bget?K04377">
        <graphics name="K04377" fgcolor="#000000" bgcolor="#FFFFFF"
             type="rectangle" x="914" y="344" width="46" height="17"/>
    </entry>
    <entry id="132" name="ko:K04376" type="ortholog"
        link="http://www.kegg.jp/dbget-bin/www_bget?K04376">
        <graphics name="K04376" fgcolor="#000000" bgcolor="#FFFFFF"
             type="rectangle" x="914" y="322" width="46" height="17"/>
    </entry>
    <entry id="133" name="cel:CELE_C37F5.1" type="gene"
        link="http://www.kegg.jp/dbget-bin/www_bget?cel:CELE_C37F5.1">
        <graphics name="lin-1" fgcolor="#000000" bgcolor="#BFFFBF"
             type="rectangle" x="914" y="300" width="46" height="17"/>
    </entry>
    <entry id="134" name="cel:CELE_T04C10.4" type="gene"
        link="http://www.kegg.jp/dbget-bin/www_bget?cel:CELE_T04C10.4">
        <graphics name="atf-5" fgcolor="#000000" bgcolor="#BFFFBF"
             type="rectangle" x="914" y="272" width="46" height="17"/>
    </entry>
    <entry id="135" name="cel:CELE_T01H8.1" type="gene"
        link="http://www.kegg.jp/dbget-bin/www_bget?cel:CELE_T01H8.1">
        <graphics name="rskn-1" fgcolor="#000000" bgcolor="#BFFFBF"
             type="rectangle" x="850" y="282" width="46" height="17"/>
    </entry>
    <entry id="136" name="cel:CELE_R166.5" type="gene"
        link="http://www.kegg.jp/dbget-bin/www_bget?cel:CELE_R166.5">
        <graphics name="mnk-1" fgcolor="#000000" bgcolor="#BFFFBF"
             type="rectangle" x="850" y="261" width="46" height="17"/>
    </entry>
    <relation entry1="30" entry2="32" type="PPrel">
        <subtype name="activation" value="--&gt;"/>
    </relation>
    <relation entry1="28" entry2="24" type="PPrel">
        <subtype name="activation" value="--&gt;"/>
    </relation>
    <relation entry1="36" entry2="39" type="PPrel">
        <subtype name="binding/association" value="---"/>
    </relation>
    <relation entry1="34" entry2="36" type="PPrel">
        <subtype name="binding/association" value="---"/>
    </relation>
    <relation entry1="111" entry2="113" type="PPrel">
        <subtype name="binding/association" value="---"/>
    </relation>
    <relation entry1="112" entry2="113" type="PPrel">
        <subtype name="binding/association" value="---"/>
    </relation>
    <relation entry1="112" entry2="124" type="PPrel">
        <subtype name="binding/association" value="---"/>
    </relation>
    <relation entry1="112" entry2="114" type="PPrel">
        <subtype name="binding/association" value="---"/>
    </relation>
    <relation entry1="29" entry2="28" type="PPrel">
        <subtype name="phosphorylation" value="+p"/>
    </relation>
    <relation entry1="27" entry2="32" type="PPrel">
        <subtype name="phosphorylation" value="+p"/>
    </relation>
    <relation entry1="34" entry2="32" type="PPrel">
        <subtype name="activation" value="--&gt;"/>
    </relation>
    <relation entry1="32" entry2="24" type="PPrel">
        <subtype name="activation" value="--&gt;"/>
    </relation>
    <relation entry1="24" entry2="21" type="PPrel">
        <subtype name="phosphorylation" value="+p"/>
    </relation>
    <relation entry1="21" entry2="18" type="PPrel">
        <subtype name="phosphorylation" value="+p"/>
    </relation>
    <relation entry1="18" entry2="136" type="PPrel">
        <subtype name="phosphorylation" value="+p"/>
    </relation>
    <relation entry1="18" entry2="135" type="PPrel">
        <subtype name="phosphorylation" value="+p"/>
    </relation>
    <relation entry1="18" entry2="133" type="PPrel">
        <subtype name="phosphorylation" value="+p"/>
    </relation>
    <relation entry1="136" entry2="134" type="PPrel">
        <subtype name="phosphorylation" value="+p"/>
    </relation>
    <relation entry1="135" entry2="134" type="PPrel">
        <subtype name="phosphorylation" value="+p"/>
    </relation>
    <relation entry1="105" entry2="106" type="PPrel">
        <subtype name="activation" value="--&gt;"/>
    </relation>
    <relation entry1="85" entry2="110" type="PPrel">
        <subtype name="phosphorylation" value="+p"/>
    </relation>
    <relation entry1="83" entry2="110" type="PPrel">
        <subtype name="phosphorylation" value="+p"/>
    </relation>
    <relation entry1="80" entry2="71" type="PPrel">
        <subtype name="phosphorylation" value="+p"/>
    </relation>
    <relation entry1="80" entry2="57" type="PPrel">
        <subtype name="phosphorylation" value="+p"/>
    </relation>
    <relation entry1="71" entry2="69" type="PPrel">
        <subtype name="phosphorylation" value="+p"/>
    </relation>
    <relation entry1="69" entry2="67" type="PPrel">
        <subtype name="phosphorylation" value="+p"/>
    </relation>
    <relation entry1="69" entry2="63" type="PPrel">
        <subtype name="phosphorylation" value="+p"/>
    </relation>
    <relation entry1="69" entry2="59" type="PPrel">
        <subtype name="phosphorylation" value="+p"/>
    </relation>
    <relation entry1="59" entry2="61" type="PPrel">
        <subtype name="phosphorylation" value="+p"/>
    </relation>
    <relation entry1="112" entry2="111" type="PPrel">
        <subtype name="phosphorylation" value="+p"/>
    </relation>
    <relation entry1="110" entry2="111" type="PPrel">
        <subtype name="phosphorylation" value="+p"/>
    </relation>
    <relation entry1="111" entry2="67" type="PPrel">
        <subtype name="phosphorylation" value="+p"/>
    </relation>
    <relation entry1="76" entry2="112" type="PPrel">
        <subtype name="inhibition" value="--|"/>
        <subtype name="phosphorylation" value="+p"/>
    </relation>
    <relation entry1="3" entry2="18" type="PPrel">
        <subtype name="inhibition" value="--|"/>
        <subtype name="dephosphorylation" value="-p"/>
    </relation>
    <relation entry1="73" entry2="111" type="PPrel">
        <subtype name="inhibition" value="--|"/>
        <subtype name="dephosphorylation" value="-p"/>
    </relation>
    <relation entry1="73" entry2="69" type="PPrel">
        <subtype name="inhibition" value="--|"/>
        <subtype name="dephosphorylation" value="-p"/>
    </relation>
    <relation entry1="5" entry2="80" type="PPrel">
        <subtype name="inhibition" value="--|"/>
        <subtype name="dephosphorylation" value="-p"/>
    </relation>
    <relation entry1="116" entry2="111" type="PPrel">
        <subtype name="inhibition" value="--|"/>
    </relation>
    <relation entry1="8" entry2="30" type="PCrel">
        <subtype name="activation" value="--&gt;"/>
    </relation>
    <relation entry1="7" entry2="27" type="PCrel">
        <subtype name="activation" value="--&gt;"/>
    </relation>
    <relation entry1="7" entry2="29" type="PCrel">
        <subtype name="activation" value="--&gt;"/>
    </relation>
    <relation entry1="8" entry2="29" type="PCrel">
        <subtype name="activation" value="--&gt;"/>
    </relation>
    <relation entry1="90" entry2="80" type="PPrel">
        <subtype name="activation" value="--&gt;"/>
    </relation>
</pathway>
