<?xml version="1.0"?>
<!DOCTYPE pathway SYSTEM "http://www.kegg.jp/kegg/xml/KGML_v0.7.1_.dtd">
<!-- Creation date: Jan 20, 2015 17:53:36 +0900 (GMT+09:00) -->
<pathway name="path:cel03410" org="cel" number="03410"
         title="Base excision repair"
         image="http://www.kegg.jp/kegg/pathway/cel/cel03410.png"
         link="http://www.kegg.jp/kegg-bin/show_pathway?cel03410">
    <entry id="1" name="cel:CELE_R09B3.1 cel:CELE_T05H10.2" type="gene"
        link="http://www.kegg.jp/dbget-bin/www_bget?cel:CELE_R09B3.1+cel:CELE_T05H10.2">
        <graphics name="exo-3..." fgcolor="#000000" bgcolor="#BFFFBF"
             type="rectangle" x="909" y="957" width="46" height="17"/>
    </entry>
    <entry id="2" name="cel:CELE_Y47G6A.8" type="gene"
        link="http://www.kegg.jp/dbget-bin/www_bget?cel:CELE_Y47G6A.8">
        <graphics name="crn-1" fgcolor="#000000" bgcolor="#BFFFBF"
             type="rectangle" x="955" y="957" width="46" height="17"/>
    </entry>
    <entry id="3" name="cel:CELE_E02H1.4 cel:CELE_Y71F9AL.18" type="gene"
        link="http://www.kegg.jp/dbget-bin/www_bget?cel:CELE_E02H1.4+cel:CELE_Y71F9AL.18">
        <graphics name="pme-2..." fgcolor="#000000" bgcolor="#BFFFBF"
             type="rectangle" x="955" y="974" width="46" height="17"/>
    </entry>
    <entry id="4" name="cel:CELE_C29A12.3" type="gene"
        link="http://www.kegg.jp/dbget-bin/www_bget?cel:CELE_C29A12.3">
        <graphics name="lig-1" fgcolor="#000000" bgcolor="#BFFFBF"
             type="rectangle" x="863" y="974" width="46" height="17"/>
    </entry>
    <entry id="5" name="ko:K10776" type="ortholog"
        link="http://www.kegg.jp/dbget-bin/www_bget?K10776">
        <graphics name="K10776" fgcolor="#000000" bgcolor="#FFFFFF"
             type="rectangle" x="954" y="786" width="46" height="17"/>
    </entry>
    <entry id="6" name="cel:CELE_C29A12.3" type="gene"
        link="http://www.kegg.jp/dbget-bin/www_bget?cel:CELE_C29A12.3">
        <graphics name="lig-1" fgcolor="#000000" bgcolor="#BFFFBF"
             type="rectangle" x="533" y="930" width="46" height="17"/>
    </entry>
    <entry id="7" name="cel:CELE_F08B4.5 cel:CELE_F33H2.5 cel:CELE_Y53F4B.3" type="gene"
        link="http://www.kegg.jp/dbget-bin/www_bget?cel:CELE_F08B4.5+cel:CELE_F33H2.5+cel:CELE_Y53F4B.3">
        <graphics name="pole-2..." fgcolor="#000000" bgcolor="#BFFFBF"
             type="rectangle" x="955" y="991" width="46" height="17"/>
    </entry>
    <entry id="8" name="cel:CELE_F10C2.4 cel:CELE_F12F6.7 cel:CELE_R04F11.3" type="gene"
        link="http://www.kegg.jp/dbget-bin/www_bget?cel:CELE_F10C2.4+cel:CELE_F12F6.7+cel:CELE_R04F11.3">
        <graphics name="F10C2.4..." fgcolor="#000000" bgcolor="#BFFFBF"
             type="rectangle" x="909" y="991" width="46" height="17"/>
    </entry>
    <entry id="9" name="ko:K02330" type="ortholog"
        link="http://www.kegg.jp/dbget-bin/www_bget?K02330">
        <graphics name="K02330" fgcolor="#000000" bgcolor="#FFFFFF"
             type="rectangle" x="863" y="957" width="46" height="17"/>
    </entry>
    <entry id="10" name="ko:K02330" type="ortholog"
        link="http://www.kegg.jp/dbget-bin/www_bget?K02330">
        <graphics name="K02330" fgcolor="#000000" bgcolor="#FFFFFF"
             type="rectangle" x="862" y="794" width="46" height="17"/>
    </entry>
    <entry id="11" name="ko:K02330" type="ortholog"
        link="http://www.kegg.jp/dbget-bin/www_bget?K02330">
        <graphics name="K02330" fgcolor="#000000" bgcolor="#FFFFFF"
             type="rectangle" x="681" y="610" width="46" height="17"/>
    </entry>
    <entry id="12" name="ko:K02330" type="ortholog"
        link="http://www.kegg.jp/dbget-bin/www_bget?K02330">
        <graphics name="K02330" fgcolor="#000000" bgcolor="#FFFFFF"
             type="rectangle" x="383" y="600" width="46" height="17"/>
    </entry>
    <entry id="13" name="ko:K04802" type="ortholog"
        link="http://www.kegg.jp/dbget-bin/www_bget?K04802">
        <graphics name="K04802" fgcolor="#000000" bgcolor="#FFFFFF"
             type="rectangle" x="909" y="974" width="46" height="17"/>
    </entry>
    <entry id="14" name="ko:K04802" type="ortholog"
        link="http://www.kegg.jp/dbget-bin/www_bget?K04802">
        <graphics name="K04802" fgcolor="#000000" bgcolor="#FFFFFF"
             type="rectangle" x="635" y="924" width="46" height="17"/>
    </entry>
    <entry id="15" name="ko:K04802" type="ortholog"
        link="http://www.kegg.jp/dbget-bin/www_bget?K04802">
        <graphics name="K04802" fgcolor="#000000" bgcolor="#FFFFFF"
             type="rectangle" x="635" y="797" width="46" height="17"/>
    </entry>
    <entry id="16" name="ko:K02335" type="ortholog"
        link="http://www.kegg.jp/dbget-bin/www_bget?K02335">
        <graphics name="K02335" fgcolor="#000000" bgcolor="#FFFFFF"
             type="rectangle" x="533" y="797" width="46" height="17"/>
    </entry>
    <entry id="17" name="ko:K02335" type="ortholog"
        link="http://www.kegg.jp/dbget-bin/www_bget?K02335">
        <graphics name="K02335" fgcolor="#000000" bgcolor="#FFFFFF"
             type="rectangle" x="533" y="626" width="46" height="17"/>
    </entry>
    <entry id="18" name="ko:K02335" type="ortholog"
        link="http://www.kegg.jp/dbget-bin/www_bget?K02335">
        <graphics name="K02335" fgcolor="#000000" bgcolor="#FFFFFF"
             type="rectangle" x="384" y="501" width="46" height="17"/>
    </entry>
    <entry id="19" name="ko:K10772" type="ortholog"
        link="http://www.kegg.jp/dbget-bin/www_bget?K10772">
        <graphics name="K10772" fgcolor="#000000" bgcolor="#FFFFFF"
             type="rectangle" x="635" y="458" width="46" height="17"/>
    </entry>
    <entry id="20" name="cel:CELE_R09B3.1 cel:CELE_T05H10.2" type="gene"
        link="http://www.kegg.jp/dbget-bin/www_bget?cel:CELE_R09B3.1+cel:CELE_T05H10.2">
        <graphics name="exo-3..." fgcolor="#000000" bgcolor="#BFFFBF"
             type="rectangle" x="635" y="433" width="46" height="17"/>
    </entry>
    <entry id="21" name="ko:K01151" type="ortholog"
        link="http://www.kegg.jp/dbget-bin/www_bget?K01151">
        <graphics name="K01151" fgcolor="#000000" bgcolor="#FFFFFF"
             type="rectangle" x="533" y="458" width="46" height="17"/>
    </entry>
    <entry id="22" name="ko:K01142" type="ortholog"
        link="http://www.kegg.jp/dbget-bin/www_bget?K01142">
        <graphics name="K01142" fgcolor="#000000" bgcolor="#FFFFFF"
             type="rectangle" x="533" y="433" width="46" height="17"/>
    </entry>
    <entry id="23" name="ko:K03575" type="ortholog"
        link="http://www.kegg.jp/dbget-bin/www_bget?K03575">
        <graphics name="K03575" fgcolor="#000000" bgcolor="#FFFFFF"
             type="rectangle" x="687" y="227" width="46" height="17"/>
    </entry>
    <entry id="24" name="cel:CELE_Y56A3A.29" type="gene"
        link="http://www.kegg.jp/dbget-bin/www_bget?cel:CELE_Y56A3A.29">
        <graphics name="ung-1" fgcolor="#000000" bgcolor="#BFFFBF"
             type="rectangle" x="636" y="227" width="46" height="17"/>
    </entry>
    <entry id="25" name="ko:K10773" type="ortholog"
        link="http://www.kegg.jp/dbget-bin/www_bget?K10773">
        <graphics name="K10773" fgcolor="#000000" bgcolor="#FFFFFF"
             type="rectangle" x="264" y="252" width="46" height="17"/>
    </entry>
    <entry id="26" name="ko:K05522" type="ortholog"
        link="http://www.kegg.jp/dbget-bin/www_bget?K05522">
        <graphics name="K05522" fgcolor="#000000" bgcolor="#FFFFFF"
             type="rectangle" x="436" y="478" width="46" height="17"/>
    </entry>
    <entry id="27" name="ko:K10563" type="ortholog"
        link="http://www.kegg.jp/dbget-bin/www_bget?K10563">
        <graphics name="K10563" fgcolor="#000000" bgcolor="#FFFFFF"
             type="rectangle" x="384" y="478" width="46" height="17"/>
    </entry>
    <entry id="28" name="ko:K10563" type="ortholog"
        link="http://www.kegg.jp/dbget-bin/www_bget?K10563">
        <graphics name="K10563" fgcolor="#000000" bgcolor="#FFFFFF"
             type="rectangle" x="158" y="227" width="46" height="17"/>
    </entry>
    <entry id="29" name="ko:K02330" type="ortholog"
        link="http://www.kegg.jp/dbget-bin/www_bget?K02330">
        <graphics name="K02330" fgcolor="#000000" bgcolor="#FFFFFF"
             type="rectangle" x="262" y="627" width="46" height="17"/>
    </entry>
    <entry id="30" name="cel:CELE_C29A12.3" type="gene"
        link="http://www.kegg.jp/dbget-bin/www_bget?cel:CELE_C29A12.3">
        <graphics name="lig-1" fgcolor="#000000" bgcolor="#BFFFBF"
             type="rectangle" x="160" y="861" width="46" height="17"/>
    </entry>
    <entry id="31" name="ko:K10803" type="ortholog"
        link="http://www.kegg.jp/dbget-bin/www_bget?K10803">
        <graphics name="K10803" fgcolor="#000000" bgcolor="#FFFFFF"
             type="rectangle" x="262" y="853" width="46" height="17"/>
    </entry>
    <entry id="32" name="ko:K10776" type="ortholog"
        link="http://www.kegg.jp/dbget-bin/www_bget?K10776">
        <graphics name="K10776" fgcolor="#000000" bgcolor="#FFFFFF"
             type="rectangle" x="262" y="870" width="46" height="17"/>
    </entry>
    <entry id="33" name="ko:K10802" type="ortholog"
        link="http://www.kegg.jp/dbget-bin/www_bget?K10802">
        <graphics name="K10802" fgcolor="#000000" bgcolor="#FFFFFF"
             type="rectangle" x="411" y="627" width="46" height="17"/>
    </entry>
    <entry id="34" name="cel:CELE_C29A12.3" type="gene"
        link="http://www.kegg.jp/dbget-bin/www_bget?cel:CELE_C29A12.3">
        <graphics name="lig-1" fgcolor="#000000" bgcolor="#BFFFBF"
             type="rectangle" x="635" y="941" width="46" height="17"/>
    </entry>
    <entry id="35" name="ko:K04802" type="ortholog"
        link="http://www.kegg.jp/dbget-bin/www_bget?K04802">
        <graphics name="K04802" fgcolor="#000000" bgcolor="#FFFFFF"
             type="rectangle" x="635" y="610" width="46" height="17"/>
    </entry>
    <entry id="36" name="ko:K03512" type="ortholog"
        link="http://www.kegg.jp/dbget-bin/www_bget?K03512">
        <graphics name="K03512" fgcolor="#000000" bgcolor="#FFFFFF"
             type="rectangle" x="436" y="600" width="46" height="17"/>
    </entry>
    <entry id="37" name="ko:K07462" type="ortholog"
        link="http://www.kegg.jp/dbget-bin/www_bget?K07462">
        <graphics name="K07462" fgcolor="#000000" bgcolor="#FFFFFF"
             type="rectangle" x="436" y="501" width="46" height="17"/>
    </entry>
    <entry id="38" name="cel:CELE_Y47G6A.8" type="gene"
        link="http://www.kegg.jp/dbget-bin/www_bget?cel:CELE_Y47G6A.8">
        <graphics name="crn-1" fgcolor="#000000" bgcolor="#BFFFBF"
             type="rectangle" x="635" y="814" width="46" height="17"/>
    </entry>
    <entry id="39" name="ko:K10803" type="ortholog"
        link="http://www.kegg.jp/dbget-bin/www_bget?K10803">
        <graphics name="K10803" fgcolor="#000000" bgcolor="#FFFFFF"
             type="rectangle" x="908" y="794" width="46" height="17"/>
    </entry>
    <entry id="40" name="ko:K10568" type="ortholog"
        link="http://www.kegg.jp/dbget-bin/www_bget?K10568">
        <graphics name="K10568" fgcolor="#000000" bgcolor="#FFFFFF"
             type="rectangle" x="331" y="252" width="46" height="17"/>
    </entry>
    <entry id="41" name="ko:K03660" type="ortholog"
        link="http://www.kegg.jp/dbget-bin/www_bget?K03660">
        <graphics name="K03660" fgcolor="#000000" bgcolor="#FFFFFF"
             type="rectangle" x="264" y="227" width="46" height="17"/>
    </entry>
    <entry id="42" name="path:cel03410" type="map"
        link="http://www.kegg.jp/dbget-bin/www_bget?cel03410">
        <graphics name="TITLE:Base excision repair" fgcolor="#000000" bgcolor="#FFFFFF"
             type="roundrectangle" x="135" y="58" width="189" height="25"/>
    </entry>
    <entry id="43" name="ko:K10801" type="ortholog"
        link="http://www.kegg.jp/dbget-bin/www_bget?K10801">
        <graphics name="K10801" fgcolor="#000000" bgcolor="#FFFFFF"
             type="rectangle" x="748" y="227" width="46" height="17"/>
    </entry>
    <entry id="44" name="ko:K01246" type="ortholog"
        link="http://www.kegg.jp/dbget-bin/www_bget?K01246">
        <graphics name="K01246" fgcolor="#000000" bgcolor="#FFFFFF"
             type="rectangle" x="533" y="252" width="46" height="17"/>
    </entry>
    <entry id="45" name="ko:K03652" type="ortholog"
        link="http://www.kegg.jp/dbget-bin/www_bget?K03652">
        <graphics name="K03652" fgcolor="#000000" bgcolor="#FFFFFF"
             type="rectangle" x="687" y="252" width="46" height="17"/>
    </entry>
    <entry id="46" name="ko:K03649" type="ortholog"
        link="http://www.kegg.jp/dbget-bin/www_bget?K03649">
        <graphics name="K03649" fgcolor="#000000" bgcolor="#FFFFFF"
             type="rectangle" x="636" y="252" width="46" height="17"/>
    </entry>
    <entry id="47" name="ko:K10800" type="ortholog"
        link="http://www.kegg.jp/dbget-bin/www_bget?K10800">
        <graphics name="K10800" fgcolor="#000000" bgcolor="#FFFFFF"
             type="rectangle" x="636" y="278" width="46" height="17"/>
    </entry>
    <entry id="48" name="ko:K10567" type="ortholog"
        link="http://www.kegg.jp/dbget-bin/www_bget?K10567">
        <graphics name="K10567" fgcolor="#000000" bgcolor="#FFFFFF"
             type="rectangle" x="331" y="227" width="46" height="17"/>
    </entry>
    <entry id="49" name="ko:K10569" type="ortholog"
        link="http://www.kegg.jp/dbget-bin/www_bget?K10569">
        <graphics name="K10569" fgcolor="#000000" bgcolor="#FFFFFF"
             type="rectangle" x="331" y="278" width="46" height="17"/>
    </entry>
    <entry id="50" name="ko:K01142" type="ortholog"
        link="http://www.kegg.jp/dbget-bin/www_bget?K01142">
        <graphics name="K01142" fgcolor="#000000" bgcolor="#FFFFFF"
             type="rectangle" x="158" y="433" width="46" height="17"/>
    </entry>
    <entry id="51" name="cel:CELE_R09B3.1 cel:CELE_T05H10.2" type="gene"
        link="http://www.kegg.jp/dbget-bin/www_bget?cel:CELE_R09B3.1+cel:CELE_T05H10.2">
        <graphics name="exo-3..." fgcolor="#000000" bgcolor="#BFFFBF"
             type="rectangle" x="264" y="433" width="46" height="17"/>
    </entry>
    <entry id="52" name="ko:K01151" type="ortholog"
        link="http://www.kegg.jp/dbget-bin/www_bget?K01151">
        <graphics name="K01151" fgcolor="#000000" bgcolor="#FFFFFF"
             type="rectangle" x="158" y="458" width="46" height="17"/>
    </entry>
    <entry id="53" name="cel:CELE_F10C2.4 cel:CELE_F12F6.7 cel:CELE_R04F11.3" type="gene"
        link="http://www.kegg.jp/dbget-bin/www_bget?cel:CELE_F10C2.4+cel:CELE_F12F6.7+cel:CELE_R04F11.3">
        <graphics name="F10C2.4..." fgcolor="#000000" bgcolor="#BFFFBF"
             type="rectangle" x="635" y="627" width="46" height="17"/>
    </entry>
    <entry id="54" name="ko:K10772" type="ortholog"
        link="http://www.kegg.jp/dbget-bin/www_bget?K10772">
        <graphics name="K10772" fgcolor="#000000" bgcolor="#FFFFFF"
             type="rectangle" x="264" y="458" width="46" height="17"/>
    </entry>
    <entry id="55" name="cel:CELE_F08B4.5 cel:CELE_F33H2.5 cel:CELE_Y53F4B.3" type="gene"
        link="http://www.kegg.jp/dbget-bin/www_bget?cel:CELE_F08B4.5+cel:CELE_F33H2.5+cel:CELE_Y53F4B.3">
        <graphics name="pole-2..." fgcolor="#000000" bgcolor="#BFFFBF"
             type="rectangle" x="681" y="627" width="46" height="17"/>
    </entry>
    <entry id="56" name="cel:CELE_E02H1.4 cel:CELE_Y71F9AL.18" type="gene"
        link="http://www.kegg.jp/dbget-bin/www_bget?cel:CELE_E02H1.4+cel:CELE_Y71F9AL.18">
        <graphics name="pme-2..." fgcolor="#000000" bgcolor="#BFFFBF"
             type="rectangle" x="908" y="777" width="46" height="17"/>
    </entry>
    <entry id="57" name="ko:K01247 ko:K13529" type="ortholog"
        link="http://www.kegg.jp/dbget-bin/www_bget?K01247+K13529">
        <graphics name="K01247..." fgcolor="#000000" bgcolor="#FFFFFF"
             type="rectangle" x="533" y="227" width="46" height="17"/>
    </entry>
    <entry id="58" name="cel:CELE_R09B3.1 cel:CELE_T05H10.2" type="gene"
        link="http://www.kegg.jp/dbget-bin/www_bget?cel:CELE_R09B3.1+cel:CELE_T05H10.2">
        <graphics name="exo-3..." fgcolor="#000000" bgcolor="#BFFFBF"
             type="rectangle" x="862" y="777" width="46" height="17"/>
    </entry>
    <entry id="59" name="ko:K10803" type="ortholog"
        link="http://www.kegg.jp/dbget-bin/www_bget?K10803">
        <graphics name="K10803" fgcolor="#000000" bgcolor="#FFFFFF"
             type="rectangle" x="262" y="610" width="46" height="17"/>
    </entry>
    <entry id="60" name="ko:K02335" type="ortholog"
        link="http://www.kegg.jp/dbget-bin/www_bget?K02335">
        <graphics name="K02335" fgcolor="#000000" bgcolor="#FFFFFF"
             type="rectangle" x="159" y="626" width="46" height="17"/>
    </entry>
    <entry id="61" name="ko:K05522" type="ortholog"
        link="http://www.kegg.jp/dbget-bin/www_bget?K05522">
        <graphics name="K05522" fgcolor="#000000" bgcolor="#FFFFFF"
             type="rectangle" x="158" y="252" width="46" height="17"/>
    </entry>
</pathway>
