<?xml version="1.0"?>
<!DOCTYPE pathway SYSTEM "http://www.kegg.jp/kegg/xml/KGML_v0.7.1_.dtd">
<!-- Creation date: Nov 21, 2012 14:20:44 +0900 (GMT+09:00) -->
<pathway name="path:cel03460" org="cel" number="03460"
         title="Fanconi anemia pathway"
         image="http://www.kegg.jp/kegg/pathway/cel/cel03460.png"
         link="http://www.kegg.jp/kegg-bin/show_pathway?cel03460">
    <entry id="1" name="ko:K10896" type="ortholog"
        link="http://www.kegg.jp/dbget-bin/www_bget?K10896">
        <graphics name="K10896" fgcolor="#000000" bgcolor="#FFFFFF"
             type="rectangle" x="321" y="397" width="46" height="17"/>
    </entry>
    <entry id="2" name="ko:K10888" type="ortholog"
        link="http://www.kegg.jp/dbget-bin/www_bget?K10888">
        <graphics name="K10888" fgcolor="#000000" bgcolor="#FFFFFF"
             type="rectangle" x="316" y="329" width="46" height="17"/>
    </entry>
    <entry id="3" name="ko:K10889" type="ortholog"
        link="http://www.kegg.jp/dbget-bin/www_bget?K10889">
        <graphics name="K10889" fgcolor="#000000" bgcolor="#FFFFFF"
             type="rectangle" x="326" y="312" width="46" height="17"/>
    </entry>
    <entry id="4" name="ko:K10890" type="ortholog"
        link="http://www.kegg.jp/dbget-bin/www_bget?K10890">
        <graphics name="K10890" fgcolor="#000000" bgcolor="#FFFFFF"
             type="rectangle" x="302" y="346" width="46" height="17"/>
    </entry>
    <entry id="5" name="path:cel03460" type="map"
        link="http://www.kegg.jp/dbget-bin/www_bget?cel03460">
        <graphics name="TITLE:Fanconi anemia pathway" fgcolor="#000000" bgcolor="#FFFFFF"
             type="roundrectangle" x="160" y="58" width="239" height="25"/>
    </entry>
    <entry id="6" name="ko:K10891" type="ortholog"
        link="http://www.kegg.jp/dbget-bin/www_bget?K10891">
        <graphics name="K10891" fgcolor="#000000" bgcolor="#FFFFFF"
             type="rectangle" x="155" y="353" width="46" height="17"/>
    </entry>
    <entry id="7" name="cel:CELE_W02D3.10" type="gene"
        link="http://www.kegg.jp/dbget-bin/www_bget?cel:CELE_W02D3.10">
        <graphics name="fnci-1" fgcolor="#000000" bgcolor="#BFFFBF"
             type="rectangle" x="155" y="336" width="46" height="17"/>
    </entry>
    <entry id="8" name="ko:K10892" type="ortholog"
        link="http://www.kegg.jp/dbget-bin/www_bget?K10892">
        <graphics name="K10892" fgcolor="#000000" bgcolor="#FFFFFF"
             type="rectangle" x="302" y="363" width="46" height="17"/>
    </entry>
    <entry id="9" name="ko:K10893" type="ortholog"
        link="http://www.kegg.jp/dbget-bin/www_bget?K10893">
        <graphics name="K10893" fgcolor="#000000" bgcolor="#FFFFFF"
             type="rectangle" x="321" y="380" width="46" height="17"/>
    </entry>
    <entry id="10" name="ko:K10894" type="ortholog"
        link="http://www.kegg.jp/dbget-bin/www_bget?K10894">
        <graphics name="K10894" fgcolor="#000000" bgcolor="#FFFFFF"
             type="rectangle" x="348" y="363" width="46" height="17"/>
    </entry>
    <entry id="11" name="ko:K10606" type="ortholog"
        link="http://www.kegg.jp/dbget-bin/www_bget?K10606">
        <graphics name="K10606" fgcolor="#000000" bgcolor="#FFFFFF"
             type="rectangle" x="256" y="346" width="46" height="17"/>
    </entry>
    <entry id="12" name="ko:K10897" type="ortholog"
        link="http://www.kegg.jp/dbget-bin/www_bget?K10897">
        <graphics name="K10897" fgcolor="#000000" bgcolor="#FFFFFF"
             type="rectangle" x="346" y="518" width="46" height="17"/>
    </entry>
    <entry id="13" name="ko:K10993" type="ortholog"
        link="http://www.kegg.jp/dbget-bin/www_bget?K10993">
        <graphics name="K10993" fgcolor="#000000" bgcolor="#FFFFFF"
             type="rectangle" x="270" y="329" width="46" height="17"/>
    </entry>
    <entry id="14" name="cel:CELE_T04A11.6" type="gene"
        link="http://www.kegg.jp/dbget-bin/www_bget?cel:CELE_T04A11.6">
        <graphics name="him-6" fgcolor="#000000" bgcolor="#BFFFBF"
             type="rectangle" x="463" y="376" width="46" height="17"/>
    </entry>
    <entry id="15" name="path:cel03440" type="map"
        link="http://www.kegg.jp/dbget-bin/www_bget?cel03440">
        <graphics name="Homologous recombination" fgcolor="#000000" bgcolor="#FFFFFF"
             type="roundrectangle" x="448" y="692" width="92" height="34"/>
    </entry>
    <entry id="16" name="ko:K10896" type="ortholog"
        link="http://www.kegg.jp/dbget-bin/www_bget?K10896">
        <graphics name="K10896" fgcolor="#000000" bgcolor="#FFFFFF"
             type="rectangle" x="302" y="136" width="46" height="17"/>
    </entry>
    <entry id="17" name="cel:CELE_T07C12.12" type="gene"
        link="http://www.kegg.jp/dbget-bin/www_bget?cel:CELE_T07C12.12">
        <graphics name="T07C12.12" fgcolor="#000000" bgcolor="#BFFFBF"
             type="rectangle" x="417" y="359" width="46" height="17"/>
    </entry>
    <entry id="18" name="ko:K15365" type="ortholog"
        link="http://www.kegg.jp/dbget-bin/www_bget?K15365">
        <graphics name="K15365" fgcolor="#000000" bgcolor="#FFFFFF"
             type="rectangle" x="463" y="359" width="46" height="17"/>
    </entry>
    <entry id="19" name="cel:CELE_Y56A3A.27" type="gene"
        link="http://www.kegg.jp/dbget-bin/www_bget?cel:CELE_Y56A3A.27">
        <graphics name="top-3" fgcolor="#000000" bgcolor="#BFFFBF"
             type="rectangle" x="417" y="376" width="46" height="17"/>
    </entry>
    <entry id="20" name="ko:K10905" type="ortholog"
        link="http://www.kegg.jp/dbget-bin/www_bget?K10905">
        <graphics name="K10905" fgcolor="#000000" bgcolor="#FFFFFF"
             type="rectangle" x="146" y="155" width="46" height="17"/>
    </entry>
    <entry id="21" name="ko:K06640" type="ortholog"
        link="http://www.kegg.jp/dbget-bin/www_bget?K06640">
        <graphics name="K06640" fgcolor="#000000" bgcolor="#FFFFFF"
             type="rectangle" x="146" y="172" width="46" height="17"/>
    </entry>
    <entry id="22" name="cel:CELE_F18A1.5 cel:CELE_F59A3.6 cel:CELE_M04F3.1" type="gene"
        link="http://www.kegg.jp/dbget-bin/www_bget?cel:CELE_F18A1.5+cel:CELE_F59A3.6+cel:CELE_M04F3.1">
        <graphics name="rpa-1..." fgcolor="#000000" bgcolor="#BFFFBF"
             type="rectangle" x="463" y="438" width="46" height="17"/>
    </entry>
    <entry id="23" name="cel:CELE_C07H6.6" type="gene"
        link="http://www.kegg.jp/dbget-bin/www_bget?cel:CELE_C07H6.6">
        <graphics name="clk-2" fgcolor="#000000" bgcolor="#BFFFBF"
             type="rectangle" x="256" y="162" width="46" height="17"/>
    </entry>
    <entry id="24" name="ko:K08775" type="ortholog"
        link="http://www.kegg.jp/dbget-bin/www_bget?K08775">
        <graphics name="K08775" fgcolor="#000000" bgcolor="#FFFFFF"
             type="rectangle" x="346" y="502" width="46" height="17"/>
    </entry>
    <entry id="25" name="cel:CELE_T28A8.7" type="gene"
        link="http://www.kegg.jp/dbget-bin/www_bget?cel:CELE_T28A8.7">
        <graphics name="mlh-1" fgcolor="#000000" bgcolor="#BFFFBF"
             type="rectangle" x="272" y="606" width="46" height="17"/>
    </entry>
    <entry id="26" name="cel:CELE_F33H2.1" type="gene"
        link="http://www.kegg.jp/dbget-bin/www_bget?cel:CELE_F33H2.1">
        <graphics name="dog-1" fgcolor="#000000" bgcolor="#BFFFBF"
             type="rectangle" x="272" y="563" width="46" height="17"/>
    </entry>
    <entry id="27" name="ko:K10605" type="ortholog"
        link="http://www.kegg.jp/dbget-bin/www_bget?K10605">
        <graphics name="K10605" fgcolor="#000000" bgcolor="#FFFFFF"
             type="rectangle" x="226" y="563" width="46" height="17"/>
    </entry>
    <entry id="28" name="ko:K10870" type="ortholog"
        link="http://www.kegg.jp/dbget-bin/www_bget?K10870">
        <graphics name="K10870" fgcolor="#000000" bgcolor="#FFFFFF"
             type="rectangle" x="425" y="501" width="46" height="17"/>
    </entry>
    <entry id="29" name="cel:CELE_C01G5.8" type="gene"
        link="http://www.kegg.jp/dbget-bin/www_bget?cel:CELE_C01G5.8">
        <graphics name="fan-1" fgcolor="#000000" bgcolor="#BFFFBF"
             type="rectangle" x="154" y="612" width="44" height="17"/>
    </entry>
    <entry id="30" name="ko:K11832" type="ortholog"
        link="http://www.kegg.jp/dbget-bin/www_bget?K11832">
        <graphics name="K11832" fgcolor="#000000" bgcolor="#FFFFFF"
             type="rectangle" x="191" y="293" width="46" height="17"/>
    </entry>
    <entry id="31" name="cel:CELE_F35G12.4" type="gene"
        link="http://www.kegg.jp/dbget-bin/www_bget?cel:CELE_F35G12.4">
        <graphics name="F35G12.4" fgcolor="#000000" bgcolor="#BFFFBF"
             type="rectangle" x="191" y="276" width="46" height="17"/>
    </entry>
    <entry id="32" name="ko:K13960" type="ortholog"
        link="http://www.kegg.jp/dbget-bin/www_bget?K13960">
        <graphics name="K13960" fgcolor="#000000" bgcolor="#FFFFFF"
             type="rectangle" x="247" y="372" width="46" height="17"/>
    </entry>
    <entry id="33" name="cel:CELE_ZK675.2" type="gene"
        link="http://www.kegg.jp/dbget-bin/www_bget?cel:CELE_ZK675.2">
        <graphics name="rev-1" fgcolor="#000000" bgcolor="#BFFFBF"
             type="rectangle" x="188" y="489" width="46" height="17"/>
    </entry>
    <entry id="34" name="cel:CELE_F35H10.5" type="gene"
        link="http://www.kegg.jp/dbget-bin/www_bget?cel:CELE_F35H10.5">
        <graphics name="F35H10.5" fgcolor="#000000" bgcolor="#BFFFBF"
             type="rectangle" x="348" y="136" width="46" height="17"/>
    </entry>
    <entry id="35" name="cel:CELE_F35H10.5" type="gene"
        link="http://www.kegg.jp/dbget-bin/www_bget?cel:CELE_F35H10.5">
        <graphics name="F35H10.5" fgcolor="#000000" bgcolor="#BFFFBF"
             type="rectangle" x="367" y="397" width="46" height="17"/>
    </entry>
    <entry id="36" name="cel:CELE_F53A3.2" type="gene"
        link="http://www.kegg.jp/dbget-bin/www_bget?cel:CELE_F53A3.2">
        <graphics name="polh-1" fgcolor="#000000" bgcolor="#BFFFBF"
             type="rectangle" x="288" y="489" width="46" height="17"/>
    </entry>
    <entry id="37" name="cel:CELE_F22B7.6" type="gene"
        link="http://www.kegg.jp/dbget-bin/www_bget?cel:CELE_F22B7.6">
        <graphics name="polk-1" fgcolor="#000000" bgcolor="#BFFFBF"
             type="rectangle" x="238" y="511" width="46" height="17"/>
    </entry>
    <entry id="38" name="cel:CELE_Y37B11A.2" type="gene"
        link="http://www.kegg.jp/dbget-bin/www_bget?cel:CELE_Y37B11A.2">
        <graphics name="Y37B11A.2" fgcolor="#000000" bgcolor="#BFFFBF"
             type="rectangle" x="238" y="489" width="46" height="17"/>
    </entry>
    <entry id="39" name="ko:K03510" type="ortholog"
        link="http://www.kegg.jp/dbget-bin/www_bget?K03510">
        <graphics name="K03510" fgcolor="#000000" bgcolor="#FFFFFF"
             type="rectangle" x="188" y="511" width="46" height="17"/>
    </entry>
    <entry id="40" name="cel:CELE_H12C20.2" type="gene"
        link="http://www.kegg.jp/dbget-bin/www_bget?cel:CELE_H12C20.2">
        <graphics name="pms-2" fgcolor="#000000" bgcolor="#BFFFBF"
             type="rectangle" x="272" y="623" width="46" height="17"/>
    </entry>
    <entry id="41" name="path:cel03430" type="map"
        link="http://www.kegg.jp/dbget-bin/www_bget?cel03430">
        <graphics name="Mismatch repair" fgcolor="#000000" bgcolor="#FFFFFF"
             type="roundrectangle" x="274" y="688" width="92" height="25"/>
    </entry>
    <entry id="42" name="cel:CELE_C43E11.2" type="gene"
        link="http://www.kegg.jp/dbget-bin/www_bget?cel:CELE_C43E11.2">
        <graphics name="mus-81" fgcolor="#000000" bgcolor="#BFFFBF"
             type="rectangle" x="463" y="224" width="46" height="17"/>
    </entry>
    <entry id="43" name="ko:K10882 ko:K10883" type="ortholog"
        link="http://www.kegg.jp/dbget-bin/www_bget?K10882+K10883">
        <graphics name="K10882..." fgcolor="#000000" bgcolor="#FFFFFF"
             type="rectangle" x="463" y="241" width="46" height="17"/>
    </entry>
    <entry id="44" name="cel:CELE_C47D12.8" type="gene"
        link="http://www.kegg.jp/dbget-bin/www_bget?cel:CELE_C47D12.8">
        <graphics name="C47D12.8" fgcolor="#000000" bgcolor="#BFFFBF"
             type="rectangle" x="463" y="279" width="46" height="17"/>
    </entry>
    <entry id="45" name="cel:CELE_F10G8.7" type="gene"
        link="http://www.kegg.jp/dbget-bin/www_bget?cel:CELE_F10G8.7">
        <graphics name="ercc-1" fgcolor="#000000" bgcolor="#BFFFBF"
             type="rectangle" x="463" y="296" width="46" height="17"/>
    </entry>
    <entry id="46" name="cel:CELE_F56A3.2" type="gene"
        link="http://www.kegg.jp/dbget-bin/www_bget?cel:CELE_F56A3.2">
        <graphics name="slx-1" fgcolor="#000000" bgcolor="#BFFFBF"
             type="rectangle" x="521" y="279" width="46" height="17"/>
    </entry>
    <entry id="47" name="ko:K10484 ko:K15079" type="ortholog"
        link="http://www.kegg.jp/dbget-bin/www_bget?K10484+K15079">
        <graphics name="K10484..." fgcolor="#000000" bgcolor="#FFFFFF"
             type="rectangle" x="521" y="296" width="46" height="17"/>
    </entry>
    <entry id="48" name="cel:CELE_Y43C5A.6" type="gene"
        link="http://www.kegg.jp/dbget-bin/www_bget?cel:CELE_Y43C5A.6">
        <graphics name="rad-51" fgcolor="#000000" bgcolor="#BFFFBF"
             type="rectangle" x="425" y="524" width="46" height="17"/>
    </entry>
    <entry id="49" name="ko:K10898" type="ortholog"
        link="http://www.kegg.jp/dbget-bin/www_bget?K10898">
        <graphics name="K10898" fgcolor="#000000" bgcolor="#FFFFFF"
             type="rectangle" x="302" y="153" width="46" height="17"/>
    </entry>
    <entry id="50" name="ko:K10898" type="ortholog"
        link="http://www.kegg.jp/dbget-bin/www_bget?K10898">
        <graphics name="K10898" fgcolor="#000000" bgcolor="#FFFFFF"
             type="rectangle" x="321" y="414" width="46" height="17"/>
    </entry>
    <entry id="51" name="ko:K06054" type="ortholog"
        link="http://www.kegg.jp/dbget-bin/www_bget?K06054">
        <graphics name="K06054" fgcolor="#000000" bgcolor="#FFFFFF"
             type="rectangle" x="376" y="329" width="46" height="17"/>
    </entry>
    <entry id="52" name="ko:K16618" type="ortholog"
        link="http://www.kegg.jp/dbget-bin/www_bget?K16618">
        <graphics name="K16618" fgcolor="#000000" bgcolor="#FFFFFF"
             type="rectangle" x="288" y="511" width="46" height="17"/>
    </entry>
    <entry id="53" name="undefined" type="group">
        <graphics fgcolor="#000000" bgcolor="#FFFFFF"
             type="rectangle" x="440" y="367" width="92" height="34"/>
        <component id="14"/>
        <component id="17"/>
        <component id="19"/>
    </entry>
    <entry id="54" name="undefined" type="group">
        <graphics fgcolor="#000000" bgcolor="#FFFFFF"
             type="rectangle" x="272" y="614" width="46" height="34"/>
        <component id="25"/>
        <component id="40"/>
    </entry>
    <relation entry1="35" entry2="7" type="PPrel">
        <subtype name="ubiquitination" value="+u"/>
    </relation>
    <relation entry1="53" entry2="22" type="PPrel">
        <subtype name="binding/association" value="---"/>
    </relation>
    <relation entry1="29" entry2="54" type="PPrel">
        <subtype name="activation" value="--&gt;"/>
    </relation>
    <relation entry1="26" entry2="54" type="PPrel">
        <subtype name="activation" value="--&gt;"/>
    </relation>
</pathway>
