<?xml version="1.0"?>
<!DOCTYPE pathway SYSTEM "http://www.kegg.jp/kegg/xml/KGML_v0.7.1_.dtd">
<!-- Creation date: Nov 30, 2010 16:57:14 +0900 (JST) -->
<pathway name="path:cel03060" org="cel" number="03060"
         title="Protein export"
         image="http://www.kegg.jp/kegg/pathway/cel/cel03060.png"
         link="http://www.kegg.jp/kegg-bin/show_pathway?cel03060">
    <entry id="1" name="ko:K03425" type="ortholog"
        link="http://www.kegg.jp/dbget-bin/www_bget?K03425">
        <graphics name="K03425" fgcolor="#000000" bgcolor="#FFFFFF"
             type="rectangle" x="105" y="429" width="46" height="17"/>
    </entry>
    <entry id="2" name="ko:K01983" type="ortholog"
        link="http://www.kegg.jp/dbget-bin/www_bget?K01983">
        <graphics name="K01983" fgcolor="#000000" bgcolor="#FFFFFF"
             type="rectangle" x="154" y="257" width="46" height="17"/>
    </entry>
    <entry id="3" name="cel:CELE_C01A2.3" type="gene"
        link="http://www.kegg.jp/dbget-bin/www_bget?cel:CELE_C01A2.3">
        <graphics name="C01A2.3" fgcolor="#000000" bgcolor="#BFFFBF"
             type="rectangle" x="105" y="196" width="46" height="17"/>
    </entry>
    <entry id="4" name="ko:K03117" type="ortholog"
        link="http://www.kegg.jp/dbget-bin/www_bget?K03117">
        <graphics name="K03117" fgcolor="#000000" bgcolor="#FFFFFF"
             type="rectangle" x="150" y="412" width="46" height="17"/>
    </entry>
    <entry id="5" name="ko:K03118" type="ortholog"
        link="http://www.kegg.jp/dbget-bin/www_bget?K03118">
        <graphics name="K03118" fgcolor="#000000" bgcolor="#FFFFFF"
             type="rectangle" x="195" y="412" width="46" height="17"/>
    </entry>
    <entry id="6" name="ko:K03116" type="ortholog"
        link="http://www.kegg.jp/dbget-bin/www_bget?K03116">
        <graphics name="K03116" fgcolor="#000000" bgcolor="#FFFFFF"
             type="rectangle" x="105" y="412" width="46" height="17"/>
    </entry>
    <entry id="7" name="ko:K03070" type="ortholog"
        link="http://www.kegg.jp/dbget-bin/www_bget?K03070">
        <graphics name="K03070" fgcolor="#000000" bgcolor="#FFFFFF"
             type="rectangle" x="105" y="217" width="46" height="17"/>
    </entry>
    <entry id="8" name="ko:K03076" type="ortholog"
        link="http://www.kegg.jp/dbget-bin/www_bget?K03076">
        <graphics name="K03076" fgcolor="#000000" bgcolor="#FFFFFF"
             type="rectangle" x="105" y="154" width="46" height="17"/>
    </entry>
    <entry id="9" name="ko:K03073" type="ortholog"
        link="http://www.kegg.jp/dbget-bin/www_bget?K03073">
        <graphics name="K03073" fgcolor="#000000" bgcolor="#FFFFFF"
             type="rectangle" x="151" y="154" width="46" height="17"/>
    </entry>
    <entry id="10" name="ko:K03075" type="ortholog"
        link="http://www.kegg.jp/dbget-bin/www_bget?K03075">
        <graphics name="K03075" fgcolor="#000000" bgcolor="#FFFFFF"
             type="rectangle" x="197" y="154" width="46" height="17"/>
    </entry>
    <entry id="11" name="ko:K03072 ko:K03074 ko:K12257" type="ortholog"
        link="http://www.kegg.jp/dbget-bin/www_bget?K03072+K03074+K12257">
        <graphics name="K03072..." fgcolor="#000000" bgcolor="#FFFFFF"
             type="rectangle" x="105" y="175" width="46" height="17"/>
    </entry>
    <entry id="12" name="ko:K03210" type="ortholog"
        link="http://www.kegg.jp/dbget-bin/www_bget?K03210">
        <graphics name="K03210" fgcolor="#000000" bgcolor="#FFFFFF"
             type="rectangle" x="151" y="175" width="46" height="17"/>
    </entry>
    <entry id="13" name="ko:K03100" type="ortholog"
        link="http://www.kegg.jp/dbget-bin/www_bget?K03100">
        <graphics name="K03100" fgcolor="#000000" bgcolor="#FFFFFF"
             type="rectangle" x="103" y="513" width="46" height="17"/>
    </entry>
    <entry id="14" name="ko:K03101" type="ortholog"
        link="http://www.kegg.jp/dbget-bin/www_bget?K03101">
        <graphics name="K03101" fgcolor="#000000" bgcolor="#FFFFFF"
             type="rectangle" x="155" y="513" width="46" height="17"/>
    </entry>
    <entry id="15" name="cel:CELE_F25G6.8" type="gene"
        link="http://www.kegg.jp/dbget-bin/www_bget?cel:CELE_F25G6.8">
        <graphics name="F25G6.8" fgcolor="#000000" bgcolor="#BFFFBF"
             type="rectangle" x="297" y="274" width="46" height="17"/>
    </entry>
    <entry id="16" name="cel:CELE_F08D12.1" type="gene"
        link="http://www.kegg.jp/dbget-bin/www_bget?cel:CELE_F08D12.1">
        <graphics name="F08D12.1" fgcolor="#000000" bgcolor="#BFFFBF"
             type="rectangle" x="346" y="257" width="46" height="17"/>
    </entry>
    <entry id="17" name="cel:CELE_F55C5.8" type="gene"
        link="http://www.kegg.jp/dbget-bin/www_bget?cel:CELE_F55C5.8">
        <graphics name="F55C5.8" fgcolor="#000000" bgcolor="#BFFFBF"
             type="rectangle" x="346" y="274" width="46" height="17"/>
    </entry>
    <entry id="18" name="cel:CELE_F21D5.7" type="gene"
        link="http://www.kegg.jp/dbget-bin/www_bget?cel:CELE_F21D5.7">
        <graphics name="F21D5.7" fgcolor="#000000" bgcolor="#BFFFBF"
             type="rectangle" x="395" y="274" width="46" height="17"/>
    </entry>
    <entry id="19" name="cel:CELE_F37F2.2" type="gene"
        link="http://www.kegg.jp/dbget-bin/www_bget?cel:CELE_F37F2.2">
        <graphics name="F37F2.2" fgcolor="#000000" bgcolor="#BFFFBF"
             type="rectangle" x="395" y="257" width="46" height="17"/>
    </entry>
    <entry id="20" name="cel:CELE_F38A1.8" type="gene"
        link="http://www.kegg.jp/dbget-bin/www_bget?cel:CELE_F38A1.8">
        <graphics name="F38A1.8" fgcolor="#000000" bgcolor="#BFFFBF"
             type="rectangle" x="297" y="305" width="46" height="17"/>
    </entry>
    <entry id="21" name="cel:CELE_ZK512.4" type="gene"
        link="http://www.kegg.jp/dbget-bin/www_bget?cel:CELE_ZK512.4">
        <graphics name="ZK512.4" fgcolor="#000000" bgcolor="#BFFFBF"
             type="rectangle" x="297" y="257" width="46" height="17"/>
    </entry>
    <entry id="22" name="ko:K03071" type="ortholog"
        link="http://www.kegg.jp/dbget-bin/www_bget?K03071">
        <graphics name="K03071" fgcolor="#000000" bgcolor="#FFFFFF"
             type="rectangle" x="154" y="217" width="46" height="17"/>
    </entry>
    <entry id="23" name="path:cel03060" type="map"
        link="http://www.kegg.jp/dbget-bin/www_bget?cel03060">
        <graphics name="TITLE:Protein export" fgcolor="#000000" bgcolor="#FFFFFF"
             type="roundrectangle" x="108" y="58" width="136" height="25"/>
    </entry>
    <entry id="25" name="cel:CELE_F21D5.7" type="gene"
        link="http://www.kegg.jp/dbget-bin/www_bget?cel:CELE_F21D5.7">
        <graphics name="F21D5.7" fgcolor="#000000" bgcolor="#BFFFBF"
             type="rectangle" x="105" y="257" width="46" height="17"/>
    </entry>
    <entry id="26" name="ko:K03110" type="ortholog"
        link="http://www.kegg.jp/dbget-bin/www_bget?K03110">
        <graphics name="K03110" fgcolor="#000000" bgcolor="#FFFFFF"
             type="rectangle" x="105" y="305" width="46" height="17"/>
    </entry>
    <entry id="27" name="cel:CELE_C18E9.2" type="gene"
        link="http://www.kegg.jp/dbget-bin/www_bget?cel:CELE_C18E9.2">
        <graphics name="C18E9.2" fgcolor="#000000" bgcolor="#BFFFBF"
             type="rectangle" x="297" y="181" width="46" height="17"/>
    </entry>
    <entry id="28" name="cel:CELE_Y63D3A.6" type="gene"
        link="http://www.kegg.jp/dbget-bin/www_bget?cel:CELE_Y63D3A.6">
        <graphics name="dnj-29" fgcolor="#000000" bgcolor="#BFFFBF"
             type="rectangle" x="343" y="181" width="46" height="17"/>
    </entry>
    <entry id="29" name="cel:CELE_C34B2.10" type="gene"
        link="http://www.kegg.jp/dbget-bin/www_bget?cel:CELE_C34B2.10">
        <graphics name="C34B2.10" fgcolor="#000000" bgcolor="#BFFFBF"
             type="rectangle" x="295" y="513" width="46" height="17"/>
    </entry>
    <entry id="30" name="cel:CELE_Y37D8A.10" type="gene"
        link="http://www.kegg.jp/dbget-bin/www_bget?cel:CELE_Y37D8A.10">
        <graphics name="hpo-21" fgcolor="#000000" bgcolor="#BFFFBF"
             type="rectangle" x="340" y="513" width="46" height="17"/>
    </entry>
    <entry id="31" name="cel:CELE_Y57G11C.15" type="gene"
        link="http://www.kegg.jp/dbget-bin/www_bget?cel:CELE_Y57G11C.15">
        <graphics name="Y57G11C.15" fgcolor="#000000" bgcolor="#BFFFBF"
             type="rectangle" x="297" y="154" width="46" height="17"/>
    </entry>
    <entry id="32" name="cel:CELE_K12H4.4" type="gene"
        link="http://www.kegg.jp/dbget-bin/www_bget?cel:CELE_K12H4.4">
        <graphics name="K12H4.4" fgcolor="#000000" bgcolor="#BFFFBF"
             type="rectangle" x="386" y="513" width="46" height="17"/>
    </entry>
    <entry id="33" name="cel:CELE_Y54E10BR.5" type="gene"
        link="http://www.kegg.jp/dbget-bin/www_bget?cel:CELE_Y54E10BR.5">
        <graphics name="Y54E10BR.5" fgcolor="#000000" bgcolor="#BFFFBF"
             type="rectangle" x="432" y="513" width="46" height="17"/>
    </entry>
    <entry id="34" name="cel:CELE_C24H11.6" type="gene"
        link="http://www.kegg.jp/dbget-bin/www_bget?cel:CELE_C24H11.6">
        <graphics name="immp-1" fgcolor="#000000" bgcolor="#BFFFBF"
             type="rectangle" x="295" y="535" width="46" height="17"/>
    </entry>
    <entry id="35" name="cel:CELE_Y55F3AM.8" type="gene"
        link="http://www.kegg.jp/dbget-bin/www_bget?cel:CELE_Y55F3AM.8">
        <graphics name="immp-2" fgcolor="#000000" bgcolor="#BFFFBF"
             type="rectangle" x="341" y="535" width="46" height="17"/>
    </entry>
    <entry id="36" name="cel:CELE_R186.3" type="gene"
        link="http://www.kegg.jp/dbget-bin/www_bget?cel:CELE_R186.3">
        <graphics name="R186.3" fgcolor="#000000" bgcolor="#BFFFBF"
             type="rectangle" x="297" y="322" width="46" height="17"/>
    </entry>
    <entry id="37" name="cel:CELE_Y38F2AR.9" type="gene"
        link="http://www.kegg.jp/dbget-bin/www_bget?cel:CELE_Y38F2AR.9">
        <graphics name="Y38F2AR.9" fgcolor="#000000" bgcolor="#BFFFBF"
             type="rectangle" x="343" y="154" width="46" height="17"/>
    </entry>
    <entry id="38" name="cel:CELE_F32D8.6" type="gene"
        link="http://www.kegg.jp/dbget-bin/www_bget?cel:CELE_F32D8.6">
        <graphics name="emo-1" fgcolor="#000000" bgcolor="#BFFFBF"
             type="rectangle" x="389" y="154" width="46" height="17"/>
    </entry>
    <entry id="39" name="cel:CELE_C15H9.6" type="gene"
        link="http://www.kegg.jp/dbget-bin/www_bget?cel:CELE_C15H9.6">
        <graphics name="hsp-3" fgcolor="#000000" bgcolor="#BFFFBF"
             type="rectangle" x="297" y="208" width="46" height="17"/>
    </entry>
    <entry id="40" name="ko:K13301" type="ortholog"
        link="http://www.kegg.jp/dbget-bin/www_bget?K13301">
        <graphics name="K13301" fgcolor="#000000" bgcolor="#FFFFFF"
             type="rectangle" x="203" y="217" width="46" height="17"/>
    </entry>
</pathway>
