<?xml version="1.0"?>
<!DOCTYPE pathway SYSTEM "http://www.kegg.jp/kegg/xml/KGML_v0.7.1_.dtd">
<!-- Creation date: Sep 10, 2015 16:58:51 +0900 (GMT+9) -->
<pathway name="path:cel00630" org="cel" number="00630"
         title="Glyoxylate and dicarboxylate metabolism"
         image="http://www.kegg.jp/kegg/pathway/cel/cel00630.png"
         link="http://www.kegg.jp/kegg-bin/show_pathway?cel00630">
    <entry id="75" name="ko:K01816" type="ortholog" reaction="rn:R01394"
        link="http://www.kegg.jp/dbget-bin/www_bget?K01816">
        <graphics name="K01816" fgcolor="#000000" bgcolor="#FFFFFF"
             type="rectangle" x="382" y="519" width="46" height="17"/>
    </entry>
    <entry id="76" name="cel:CELE_F54H12.1 cel:CELE_ZK455.1" type="gene" reaction="rn:R01900"
        link="http://www.kegg.jp/dbget-bin/www_bget?cel:CELE_F54H12.1+cel:CELE_ZK455.1">
        <graphics name="aco-2..." fgcolor="#000000" bgcolor="#BFFFBF"
             type="rectangle" x="1189" y="373" width="46" height="17"/>
    </entry>
    <entry id="81" name="ko:K18123" type="ortholog" reaction="rn:R00470"
        link="http://www.kegg.jp/dbget-bin/www_bget?K18123">
        <graphics name="K18123" fgcolor="#000000" bgcolor="#FFFFFF"
             type="rectangle" x="1021" y="475" width="46" height="17"/>
    </entry>
    <entry id="82" name="ko:K01637" type="ortholog" reaction="rn:R00479"
        link="http://www.kegg.jp/dbget-bin/www_bget?K01637">
        <graphics name="K01637" fgcolor="#000000" bgcolor="#FFFFFF"
             type="rectangle" x="1149" y="449" width="46" height="17"/>
    </entry>
    <entry id="83" name="ko:K01458" type="ortholog" reaction="rn:R00525"
        link="http://www.kegg.jp/dbget-bin/www_bget?K01458">
        <graphics name="K01458" fgcolor="#000000" bgcolor="#FFFFFF"
             type="rectangle" x="1119" y="279" width="46" height="17"/>
    </entry>
    <entry id="84" name="ko:K03418" type="ortholog" reaction="rn:R02509"
        link="http://www.kegg.jp/dbget-bin/www_bget?K03418">
        <graphics name="K03418" fgcolor="#000000" bgcolor="#FFFFFF"
             type="rectangle" x="1144" y="260" width="46" height="17"/>
    </entry>
    <entry id="85" name="ko:K01455" type="ortholog" reaction="rn:R00524"
        link="http://www.kegg.jp/dbget-bin/www_bget?K01455">
        <graphics name="K01455" fgcolor="#000000" bgcolor="#FFFFFF"
             type="rectangle" x="1144" y="241" width="46" height="17"/>
    </entry>
    <entry id="86" name="ko:K01450" type="ortholog" reaction="rn:R00653"
        link="http://www.kegg.jp/dbget-bin/www_bget?K01450">
        <graphics name="K01450" fgcolor="#000000" bgcolor="#FFFFFF"
             type="rectangle" x="1144" y="222" width="46" height="17"/>
    </entry>
    <entry id="87" name="ko:K01433" type="ortholog" reaction="rn:R00944"
        link="http://www.kegg.jp/dbget-bin/www_bget?K01433">
        <graphics name="K01433" fgcolor="#000000" bgcolor="#FFFFFF"
             type="rectangle" x="1094" y="260" width="46" height="17"/>
    </entry>
    <entry id="88" name="ko:K01432 ko:K14263 ko:K07130" type="ortholog" reaction="rn:R01959"
        link="http://www.kegg.jp/dbget-bin/www_bget?K01432+K14263+K07130">
        <graphics name="K01432..." fgcolor="#000000" bgcolor="#FFFFFF"
             type="rectangle" x="1094" y="241" width="46" height="17"/>
    </entry>
    <entry id="90" name="cel:CELE_F54H12.1 cel:CELE_ZK455.1" type="gene" reaction="rn:R01325"
        link="http://www.kegg.jp/dbget-bin/www_bget?cel:CELE_F54H12.1+cel:CELE_ZK455.1">
        <graphics name="aco-2..." fgcolor="#000000" bgcolor="#BFFFBF"
             type="rectangle" x="988" y="145" width="46" height="17"/>
    </entry>
    <entry id="92" name="ko:K01577" type="ortholog" reaction="rn:R01908"
        link="http://www.kegg.jp/dbget-bin/www_bget?K01577">
        <graphics name="K01577" fgcolor="#000000" bgcolor="#FFFFFF"
             type="rectangle" x="1119" y="373" width="46" height="17"/>
    </entry>
    <entry id="94" name="cel:CELE_F41E6.5" type="gene" reaction="rn:R00475"
        link="http://www.kegg.jp/dbget-bin/www_bget?cel:CELE_F41E6.5">
        <graphics name="F41E6.5" fgcolor="#000000" bgcolor="#BFFFBF"
             type="rectangle" x="759" y="497" width="46" height="17"/>
    </entry>
    <entry id="95" name="ko:K00049 ko:K12972 ko:K18121" type="ortholog" reaction="rn:R00465"
        link="http://www.kegg.jp/dbget-bin/www_bget?K00049+K12972+K18121">
        <graphics name="K00049..." fgcolor="#000000" bgcolor="#FFFFFF"
             type="rectangle" x="738" y="601" width="46" height="17"/>
    </entry>
    <entry id="96" name="ko:K00015" type="ortholog" reaction="rn:R00717"
        link="http://www.kegg.jp/dbget-bin/www_bget?K00015">
        <graphics name="K00015" fgcolor="#000000" bgcolor="#FFFFFF"
             type="rectangle" x="761" y="580" width="46" height="17"/>
    </entry>
    <entry id="100" name="ko:K01569" type="ortholog" reaction="rn:R00522"
        link="http://www.kegg.jp/dbget-bin/www_bget?K01569">
        <graphics name="K01569" fgcolor="#000000" bgcolor="#FFFFFF"
             type="rectangle" x="911" y="377" width="46" height="17"/>
    </entry>
    <entry id="103" name="ko:K00122 ko:K00125 ko:K00126 ko:K00123 ko:K00124 ko:K00127" type="ortholog" reaction="rn:R00519"
        link="http://www.kegg.jp/dbget-bin/www_bget?K00122+K00125+K00126+K00123+K00124+K00127">
        <graphics name="K00122..." fgcolor="#000000" bgcolor="#FFFFFF"
             type="rectangle" x="932" y="269" width="46" height="17"/>
    </entry>
    <entry id="106" name="cel:CELE_T20G5.2" type="gene" reaction="rn:R00351"
        link="http://www.kegg.jp/dbget-bin/www_bget?cel:CELE_T20G5.2">
        <graphics name="cts-1" fgcolor="#000000" bgcolor="#BFFFBF"
             type="rectangle" x="556" y="144" width="46" height="17"/>
    </entry>
    <entry id="107" name="ko:K07248" type="ortholog" reaction="rn:R01333"
        link="http://www.kegg.jp/dbget-bin/www_bget?K07248">
        <graphics name="K07248" fgcolor="#000000" bgcolor="#FFFFFF"
             type="rectangle" x="537" y="519" width="46" height="17"/>
    </entry>
    <entry id="108" name="ko:K00048" type="ortholog" reaction="rn:R01781"
        link="http://www.kegg.jp/dbget-bin/www_bget?K00048">
        <graphics name="K00048" fgcolor="#000000" bgcolor="#FFFFFF"
             type="rectangle" x="536" y="632" width="46" height="17"/>
    </entry>
    <entry id="110" name="ko:K00050 ko:K12972 ko:K00049" type="ortholog" reaction="rn:R01388 rn:R01392"
        link="http://www.kegg.jp/dbget-bin/www_bget?K00050+K12972+K00049">
        <graphics name="K00050..." fgcolor="#000000" bgcolor="#FFFFFF"
             type="rectangle" x="350" y="609" width="46" height="17"/>
    </entry>
    <entry id="111" name="ko:K00049 ko:K12972" type="ortholog" reaction="rn:R01392"
        link="http://www.kegg.jp/dbget-bin/www_bget?K00049+K12972">
        <graphics name="K00049..." fgcolor="#000000" bgcolor="#FFFFFF"
             type="rectangle" x="350" y="588" width="46" height="17"/>
    </entry>
    <entry id="112" name="ko:K00015" type="ortholog" reaction="rn:R01388"
        link="http://www.kegg.jp/dbget-bin/www_bget?K00015">
        <graphics name="K00015" fgcolor="#000000" bgcolor="#FFFFFF"
             type="rectangle" x="300" y="588" width="46" height="17"/>
    </entry>
    <entry id="113" name="ko:K00042" type="ortholog" reaction="rn:R01745 rn:R01747"
        link="http://www.kegg.jp/dbget-bin/www_bget?K00042">
        <graphics name="K00042" fgcolor="#000000" bgcolor="#FFFFFF"
             type="rectangle" x="259" y="518" width="46" height="17"/>
    </entry>
    <entry id="114" name="ko:K01608" type="ortholog" reaction="rn:R00013"
        link="http://www.kegg.jp/dbget-bin/www_bget?K01608">
        <graphics name="K01608" fgcolor="#000000" bgcolor="#FFFFFF"
             type="rectangle" x="412" y="454" width="46" height="17"/>
    </entry>
    <entry id="115" name="ko:K01638" type="ortholog" reaction="rn:R00472"
        link="http://www.kegg.jp/dbget-bin/www_bget?K01638">
        <graphics name="K01638" fgcolor="#000000" bgcolor="#FFFFFF"
             type="rectangle" x="492" y="323" width="46" height="17"/>
    </entry>
    <entry id="116" name="ko:K08691 ko:K19282" type="ortholog" reaction="rn:R00473"
        link="http://www.kegg.jp/dbget-bin/www_bget?K08691+K19282">
        <graphics name="K08691..." fgcolor="#000000" bgcolor="#FFFFFF"
             type="rectangle" x="450" y="368" width="46" height="17"/>
    </entry>
    <entry id="117" name="ko:K08692 ko:K14067" type="ortholog" reaction="rn:R01256"
        link="http://www.kegg.jp/dbget-bin/www_bget?K08692+K14067">
        <graphics name="K08692..." fgcolor="#000000" bgcolor="#FFFFFF"
             type="rectangle" x="396" y="285" width="46" height="17"/>
    </entry>
    <entry id="122" name="ko:K07246" type="ortholog" reaction="rn:R02545"
        link="http://www.kegg.jp/dbget-bin/www_bget?K07246">
        <graphics name="K07246" fgcolor="#000000" bgcolor="#FFFFFF"
             type="rectangle" x="145" y="304" width="46" height="17"/>
    </entry>
    <entry id="123" name="cel:CELE_F20H11.3 cel:CELE_F46E10.10" type="gene" reaction="rn:R00342"
        link="http://www.kegg.jp/dbget-bin/www_bget?cel:CELE_F20H11.3+cel:CELE_F46E10.10">
        <graphics name="mdh-2..." fgcolor="#000000" bgcolor="#BFFFBF"
             type="rectangle" x="492" y="196" width="46" height="17"/>
    </entry>
    <entry id="124" name="ko:K03779 ko:K03780" type="ortholog" reaction="rn:R00339"
        link="http://www.kegg.jp/dbget-bin/www_bget?K03779+K03780">
        <graphics name="K03779..." fgcolor="#000000" bgcolor="#FFFFFF"
             type="rectangle" x="339" y="145" width="46" height="17"/>
    </entry>
    <entry id="126" name="ko:K07246" type="ortholog" reaction="rn:R06180"
        link="http://www.kegg.jp/dbget-bin/www_bget?K07246">
        <graphics name="K07246" fgcolor="#000000" bgcolor="#FFFFFF"
             type="rectangle" x="103" y="211" width="46" height="17"/>
    </entry>
    <entry id="127" name="path:cel00020" type="map"
        link="http://www.kegg.jp/dbget-bin/www_bget?cel00020">
        <graphics name="Citrate cycle (TCA cycle)" fgcolor="#000000" bgcolor="#FFFFFF"
             type="roundrectangle" x="659" y="114" width="82" height="25"/>
    </entry>
    <entry id="128" name="path:map00710" type="map"
        link="http://www.kegg.jp/dbget-bin/www_bget?map00710">
        <graphics name="Carbon fixation in photosynthetic organisms" fgcolor="#000000" bgcolor="#FFFFFF"
             type="roundrectangle" x="775" y="672" width="92" height="25"/>
    </entry>
    <entry id="129" name="path:cel00630" type="map"
        link="http://www.kegg.jp/dbget-bin/www_bget?cel00630">
        <graphics name="TITLE:Glyoxylate and dicarboxylate metabolism" fgcolor="#000000" bgcolor="#FFFFFF"
             type="roundrectangle" x="229" y="58" width="378" height="25"/>
    </entry>
    <entry id="130" name="path:cel00053" type="map"
        link="http://www.kegg.jp/dbget-bin/www_bget?cel00053">
        <graphics name="Ascorbate and aldarate metabolism" fgcolor="#000000" bgcolor="#FFFFFF"
             type="roundrectangle" x="294" y="387" width="129" height="34"/>
    </entry>
    <entry id="131" name="path:cel00620" type="map"
        link="http://www.kegg.jp/dbget-bin/www_bget?cel00620">
        <graphics name="Pyruvate metabolism" fgcolor="#000000" bgcolor="#FFFFFF"
             type="roundrectangle" x="358" y="214" width="124" height="25"/>
    </entry>
    <entry id="132" name="path:cel00620" type="map"
        link="http://www.kegg.jp/dbget-bin/www_bget?cel00620">
        <graphics name="Pyruvate metabolism" fgcolor="#000000" bgcolor="#FFFFFF"
             type="roundrectangle" x="974" y="232" width="73" height="34"/>
    </entry>
    <entry id="133" name="path:cel00620" type="map"
        link="http://www.kegg.jp/dbget-bin/www_bget?cel00620">
        <graphics name="Pyruvate metabolism" fgcolor="#000000" bgcolor="#FFFFFF"
             type="roundrectangle" x="680" y="86" width="124" height="25"/>
    </entry>
    <entry id="134" name="path:cel00750" type="map"
        link="http://www.kegg.jp/dbget-bin/www_bget?cel00750">
        <graphics name="Vitamin B6 metabolism" fgcolor="#000000" bgcolor="#FFFFFF"
             type="roundrectangle" x="463" y="550" width="140" height="25"/>
    </entry>
    <entry id="135" name="path:cel00230" type="map"
        link="http://www.kegg.jp/dbget-bin/www_bget?cel00230">
        <graphics name="Purine metabolism" fgcolor="#000000" bgcolor="#FFFFFF"
             type="roundrectangle" x="840" y="565" width="105" height="25"/>
    </entry>
    <entry id="136" name="path:cel00910" type="map"
        link="http://www.kegg.jp/dbget-bin/www_bget?cel00910">
        <graphics name="Nitrogen metabolism" fgcolor="#000000" bgcolor="#FFFFFF"
             type="roundrectangle" x="1032" y="367" width="119" height="25"/>
    </entry>
    <entry id="137" name="cel:CELE_C13B9.2" type="gene" reaction="rn:R01514"
        link="http://www.kegg.jp/dbget-bin/www_bget?cel:CELE_C13B9.2">
        <graphics name="C13B9.2" fgcolor="#000000" bgcolor="#BFFFBF"
             type="rectangle" x="257" y="632" width="46" height="17"/>
    </entry>
    <entry id="138" name="ko:K01601 ko:K01602" type="ortholog" reaction="rn:R03140"
        link="http://www.kegg.jp/dbget-bin/www_bget?K01601+K01602">
        <graphics name="K01601..." fgcolor="#000000" bgcolor="#FFFFFF"
             type="rectangle" x="642" y="672" width="46" height="17"/>
    </entry>
    <entry id="139" name="cel:CELE_C53A3.2 cel:CELE_F44E7.2 cel:CELE_K02D10.1 cel:CELE_K09H11.7" type="gene" reaction="rn:R01334"
        link="http://www.kegg.jp/dbget-bin/www_bget?cel:CELE_C53A3.2+cel:CELE_F44E7.2+cel:CELE_K02D10.1+cel:CELE_K09H11.7">
        <graphics name="C53A3.2..." fgcolor="#000000" bgcolor="#BFFFBF"
             type="rectangle" x="598" y="603" width="46" height="17"/>
    </entry>
    <entry id="140" name="ko:K00018" type="ortholog" reaction="rn:R00717"
        link="http://www.kegg.jp/dbget-bin/www_bget?K00018">
        <graphics name="K00018" fgcolor="#000000" bgcolor="#FFFFFF"
             type="rectangle" x="786" y="601" width="46" height="17"/>
    </entry>
    <entry id="141" name="ko:K00018 ko:K15893 ko:K15919" type="ortholog" reaction="rn:R01388"
        link="http://www.kegg.jp/dbget-bin/www_bget?K00018+K15893+K15919">
        <graphics name="K00018..." fgcolor="#000000" bgcolor="#FFFFFF"
             type="rectangle" x="300" y="609" width="46" height="17"/>
    </entry>
    <entry id="142" name="cpd:C00898" type="compound"
        link="http://www.kegg.jp/dbget-bin/www_bget?C00898">
        <graphics name="C00898" fgcolor="#000000" bgcolor="#FFFFFF"
             type="circle" x="187" y="144" width="8" height="8"/>
    </entry>
    <entry id="143" name="cpd:C00036" type="compound"
        link="http://www.kegg.jp/dbget-bin/www_bget?C00036">
        <graphics name="C00036" fgcolor="#000000" bgcolor="#FFFFFF"
             type="circle" x="491" y="144" width="8" height="8"/>
    </entry>
    <entry id="144" name="cpd:C00158" type="compound"
        link="http://www.kegg.jp/dbget-bin/www_bget?C00158">
        <graphics name="C00158" fgcolor="#000000" bgcolor="#FFFFFF"
             type="circle" x="825" y="144" width="8" height="8"/>
    </entry>
    <entry id="145" name="cpd:C00149" type="compound"
        link="http://www.kegg.jp/dbget-bin/www_bget?C00149">
        <graphics name="C00149" fgcolor="#000000" bgcolor="#FFFFFF"
             type="circle" x="491" y="257" width="8" height="8"/>
    </entry>
    <entry id="146" name="cpd:C04348" type="compound"
        link="http://www.kegg.jp/dbget-bin/www_bget?C04348">
        <graphics name="C04348" fgcolor="#000000" bgcolor="#FFFFFF"
             type="circle" x="449" y="310" width="8" height="8"/>
    </entry>
    <entry id="147" name="cpd:C03548" type="compound"
        link="http://www.kegg.jp/dbget-bin/www_bget?C03548">
        <graphics name="C03548" fgcolor="#000000" bgcolor="#FFFFFF"
             type="circle" x="285" y="304" width="8" height="8"/>
    </entry>
    <entry id="148" name="cpd:C00552" type="compound"
        link="http://www.kegg.jp/dbget-bin/www_bget?C00552">
        <graphics name="C00552" fgcolor="#000000" bgcolor="#FFFFFF"
             type="circle" x="187" y="304" width="8" height="8"/>
    </entry>
    <entry id="149" name="cpd:C03459" type="compound"
        link="http://www.kegg.jp/dbget-bin/www_bget?C03459">
        <graphics name="C03459" fgcolor="#000000" bgcolor="#FFFFFF"
             type="circle" x="104" y="303" width="8" height="8"/>
    </entry>
    <entry id="150" name="cpd:C00975" type="compound"
        link="http://www.kegg.jp/dbget-bin/www_bget?C00975">
        <graphics name="C00975" fgcolor="#000000" bgcolor="#FFFFFF"
             type="circle" x="187" y="454" width="8" height="8"/>
    </entry>
    <entry id="151" name="cpd:C01146" type="compound"
        link="http://www.kegg.jp/dbget-bin/www_bget?C01146">
        <graphics name="C01146" fgcolor="#000000" bgcolor="#FFFFFF"
             type="circle" x="259" y="454" width="8" height="8"/>
    </entry>
    <entry id="152" name="cpd:C00258" type="compound"
        link="http://www.kegg.jp/dbget-bin/www_bget?C00258">
        <graphics name="C00258" fgcolor="#000000" bgcolor="#FFFFFF"
             type="circle" x="259" y="599" width="8" height="8"/>
    </entry>
    <entry id="153" name="cpd:C01182" type="compound"
        link="http://www.kegg.jp/dbget-bin/www_bget?C01182">
        <graphics name="C01182" fgcolor="#000000" bgcolor="#FFFFFF"
             type="circle" x="683" y="671" width="8" height="8"/>
    </entry>
    <entry id="154" name="cpd:C00988" type="compound"
        link="http://www.kegg.jp/dbget-bin/www_bget?C00988">
        <graphics name="C00988" fgcolor="#000000" bgcolor="#FFFFFF"
             type="circle" x="598" y="626" width="8" height="8"/>
    </entry>
    <entry id="155" name="cpd:C00168" type="compound"
        link="http://www.kegg.jp/dbget-bin/www_bget?C00168">
        <graphics name="C00168" fgcolor="#000000" bgcolor="#FFFFFF"
             type="circle" x="385" y="598" width="8" height="8"/>
    </entry>
    <entry id="156" name="cpd:C00266" type="compound"
        link="http://www.kegg.jp/dbget-bin/www_bget?C00266">
        <graphics name="C00266" fgcolor="#000000" bgcolor="#FFFFFF"
             type="circle" x="536" y="594" width="8" height="8"/>
    </entry>
    <entry id="157" name="cpd:C01380" type="compound"
        link="http://www.kegg.jp/dbget-bin/www_bget?C01380">
        <graphics name="C01380" fgcolor="#000000" bgcolor="#FFFFFF"
             type="circle" x="536" y="660" width="8" height="8"/>
    </entry>
    <entry id="158" name="cpd:C00160" type="compound"
        link="http://www.kegg.jp/dbget-bin/www_bget?C00160">
        <graphics name="C00160" fgcolor="#000000" bgcolor="#FFFFFF"
             type="circle" x="601" y="496" width="8" height="8"/>
    </entry>
    <entry id="159" name="cpd:C00048" type="compound"
        link="http://www.kegg.jp/dbget-bin/www_bget?C00048">
        <graphics name="C00048" fgcolor="#000000" bgcolor="#FFFFFF"
             type="circle" x="911" y="447" width="8" height="8"/>
    </entry>
    <entry id="160" name="cpd:C00209" type="compound"
        link="http://www.kegg.jp/dbget-bin/www_bget?C00209">
        <graphics name="C00209" fgcolor="#000000" bgcolor="#FFFFFF"
             type="circle" x="911" y="398" width="8" height="8"/>
    </entry>
    <entry id="161" name="cpd:C00058" type="compound"
        link="http://www.kegg.jp/dbget-bin/www_bget?C00058">
        <graphics name="C00058" fgcolor="#000000" bgcolor="#FFFFFF"
             type="circle" x="911" y="321" width="8" height="8"/>
    </entry>
    <entry id="162" name="cpd:C00011" type="compound"
        link="http://www.kegg.jp/dbget-bin/www_bget?C00011">
        <graphics name="C00011" fgcolor="#000000" bgcolor="#FFFFFF"
             type="circle" x="911" y="236" width="8" height="8"/>
    </entry>
    <entry id="163" name="cpd:C02405" type="compound"
        link="http://www.kegg.jp/dbget-bin/www_bget?C02405">
        <graphics name="C02405" fgcolor="#000000" bgcolor="#FFFFFF"
             type="circle" x="1044" y="253" width="8" height="8"/>
    </entry>
    <entry id="164" name="cpd:C06049" type="compound"
        link="http://www.kegg.jp/dbget-bin/www_bget?C06049">
        <graphics name="C06049" fgcolor="#000000" bgcolor="#FFFFFF"
             type="circle" x="1119" y="191" width="8" height="8"/>
    </entry>
    <entry id="165" name="cpd:C00798" type="compound"
        link="http://www.kegg.jp/dbget-bin/www_bget?C00798">
        <graphics name="C00798" fgcolor="#000000" bgcolor="#FFFFFF"
             type="circle" x="1119" y="335" width="8" height="8"/>
    </entry>
    <entry id="166" name="cpd:C00313" type="compound"
        link="http://www.kegg.jp/dbget-bin/www_bget?C00313">
        <graphics name="C00313" fgcolor="#000000" bgcolor="#FFFFFF"
             type="circle" x="1119" y="401" width="8" height="8"/>
    </entry>
    <entry id="167" name="cpd:C00417" type="compound"
        link="http://www.kegg.jp/dbget-bin/www_bget?C00417">
        <graphics name="C00417" fgcolor="#000000" bgcolor="#FFFFFF"
             type="circle" x="1189" y="297" width="8" height="8"/>
    </entry>
    <entry id="168" name="cpd:C00311" type="compound"
        link="http://www.kegg.jp/dbget-bin/www_bget?C00311">
        <graphics name="C00311" fgcolor="#000000" bgcolor="#FFFFFF"
             type="circle" x="1190" y="450" width="8" height="8"/>
    </entry>
    <entry id="169" name="cpd:C00042" type="compound"
        link="http://www.kegg.jp/dbget-bin/www_bget?C00042">
        <graphics name="C00042" fgcolor="#000000" bgcolor="#FFFFFF"
             type="circle" x="1116" y="479" width="8" height="8"/>
    </entry>
    <entry id="170" name="cpd:C01127" type="compound"
        link="http://www.kegg.jp/dbget-bin/www_bget?C01127">
        <graphics name="C01127" fgcolor="#000000" bgcolor="#FFFFFF"
             type="circle" x="1076" y="485" width="8" height="8"/>
    </entry>
    <entry id="171" name="cpd:C00022" type="compound"
        link="http://www.kegg.jp/dbget-bin/www_bget?C00022">
        <graphics name="C00022" fgcolor="#000000" bgcolor="#FFFFFF"
             type="circle" x="975" y="512" width="8" height="8"/>
    </entry>
    <entry id="172" name="cpd:C01990" type="compound"
        link="http://www.kegg.jp/dbget-bin/www_bget?C01990">
        <graphics name="C01990" fgcolor="#000000" bgcolor="#FFFFFF"
             type="circle" x="1075" y="536" width="8" height="8"/>
    </entry>
    <entry id="173" name="cpd:C01989" type="compound"
        link="http://www.kegg.jp/dbget-bin/www_bget?C01989">
        <graphics name="C01989" fgcolor="#000000" bgcolor="#FFFFFF"
             type="circle" x="1075" y="582" width="8" height="8"/>
    </entry>
    <entry id="174" name="cpd:C02123" type="compound"
        link="http://www.kegg.jp/dbget-bin/www_bget?C02123">
        <graphics name="C02123" fgcolor="#000000" bgcolor="#FFFFFF"
             type="circle" x="1075" y="629" width="8" height="8"/>
    </entry>
    <entry id="175" name="cpd:C03217" type="compound"
        link="http://www.kegg.jp/dbget-bin/www_bget?C03217">
        <graphics name="C03217" fgcolor="#000000" bgcolor="#FFFFFF"
             type="circle" x="1074" y="679" width="8" height="8"/>
    </entry>
    <entry id="176" name="cpd:C00026" type="compound"
        link="http://www.kegg.jp/dbget-bin/www_bget?C00026">
        <graphics name="C00026" fgcolor="#000000" bgcolor="#FFFFFF"
             type="circle" x="975" y="704" width="8" height="8"/>
    </entry>
    <entry id="177" name="cpd:C00888" type="compound"
        link="http://www.kegg.jp/dbget-bin/www_bget?C00888">
        <graphics name="C00888" fgcolor="#000000" bgcolor="#FFFFFF"
             type="circle" x="975" y="655" width="8" height="8"/>
    </entry>
    <entry id="178" name="cpd:C00136" type="compound"
        link="http://www.kegg.jp/dbget-bin/www_bget?C00136">
        <graphics name="C00136" fgcolor="#000000" bgcolor="#FFFFFF"
             type="circle" x="973" y="606" width="8" height="8"/>
    </entry>
    <entry id="179" name="cpd:C00036" type="compound"
        link="http://www.kegg.jp/dbget-bin/www_bget?C00036">
        <graphics name="C00036" fgcolor="#000000" bgcolor="#FFFFFF"
             type="circle" x="975" y="562" width="8" height="8"/>
    </entry>
    <entry id="180" name="path:cel00260" type="map"
        link="http://www.kegg.jp/dbget-bin/www_bget?cel00260">
        <graphics name="Glycine, serine and threonine metabolism" fgcolor="#000000" bgcolor="#FFFFFF"
             type="roundrectangle" x="637" y="915" width="119" height="34"/>
    </entry>
    <entry id="181" name="cpd:C00332" type="compound"
        link="http://www.kegg.jp/dbget-bin/www_bget?C00332">
        <graphics name="C00332" fgcolor="#000000" bgcolor="#FFFFFF"
             type="circle" x="602" y="177" width="8" height="8"/>
    </entry>
    <entry id="182" name="cpd:C03561" type="compound"
        link="http://www.kegg.jp/dbget-bin/www_bget?C03561">
        <graphics name="C03561" fgcolor="#000000" bgcolor="#FFFFFF"
             type="circle" x="689" y="177" width="8" height="8"/>
    </entry>
    <entry id="183" name="cpd:C00877" type="compound"
        link="http://www.kegg.jp/dbget-bin/www_bget?C00877">
        <graphics name="C00877" fgcolor="#000000" bgcolor="#FFFFFF"
             type="circle" x="776" y="177" width="8" height="8"/>
    </entry>
    <entry id="184" name="cpd:C18026" type="compound"
        link="http://www.kegg.jp/dbget-bin/www_bget?C18026">
        <graphics name="C18026" fgcolor="#000000" bgcolor="#FFFFFF"
             type="circle" x="776" y="233" width="8" height="8"/>
    </entry>
    <entry id="185" name="cpd:C18324" type="compound"
        link="http://www.kegg.jp/dbget-bin/www_bget?C18324">
        <graphics name="C18324" fgcolor="#000000" bgcolor="#FFFFFF"
             type="circle" x="776" y="345" width="8" height="8"/>
    </entry>
    <entry id="186" name="cpd:C06028" type="compound"
        link="http://www.kegg.jp/dbget-bin/www_bget?C06028">
        <graphics name="C06028" fgcolor="#000000" bgcolor="#FFFFFF"
             type="circle" x="776" y="401" width="8" height="8"/>
    </entry>
    <entry id="187" name="cpd:C00683" type="compound"
        link="http://www.kegg.jp/dbget-bin/www_bget?C00683">
        <graphics name="C00683" fgcolor="#000000" bgcolor="#FFFFFF"
             type="circle" x="623" y="351" width="8" height="8"/>
    </entry>
    <entry id="188" name="cpd:C00100" type="compound"
        link="http://www.kegg.jp/dbget-bin/www_bget?C00100">
        <graphics name="C00100" fgcolor="#000000" bgcolor="#FFFFFF"
             type="circle" x="623" y="409" width="8" height="8"/>
    </entry>
    <entry id="189" name="cpd:C00091" type="compound"
        link="http://www.kegg.jp/dbget-bin/www_bget?C00091">
        <graphics name="C00091" fgcolor="#000000" bgcolor="#FFFFFF"
             type="circle" x="623" y="235" width="8" height="8"/>
    </entry>
    <entry id="192" name="cpd:C06027" type="compound"
        link="http://www.kegg.jp/dbget-bin/www_bget?C06027">
        <graphics name="C06027" fgcolor="#000000" bgcolor="#FFFFFF"
             type="circle" x="687" y="401" width="8" height="8"/>
    </entry>
    <entry id="193" name="cel:CELE_T02G5.7 cel:CELE_T02G5.8" type="gene" reaction="rn:R00238"
        link="http://www.kegg.jp/dbget-bin/www_bget?cel:CELE_T02G5.7+cel:CELE_T02G5.8">
        <graphics name="T02G5.7..." fgcolor="#000000" bgcolor="#BFFFBF"
             type="rectangle" x="556" y="177" width="46" height="17"/>
    </entry>
    <entry id="194" name="ko:K00023" type="ortholog" reaction="rn:R01977"
        link="http://www.kegg.jp/dbget-bin/www_bget?K00023">
        <graphics name="K00023" fgcolor="#000000" bgcolor="#FFFFFF"
             type="rectangle" x="642" y="177" width="46" height="17"/>
    </entry>
    <entry id="195" name="ko:K17865" type="ortholog" reaction="rn:R03027"
        link="http://www.kegg.jp/dbget-bin/www_bget?K17865">
        <graphics name="K17865" fgcolor="#000000" bgcolor="#FFFFFF"
             type="rectangle" x="729" y="177" width="46" height="17"/>
    </entry>
    <entry id="196" name="ko:K14446" type="ortholog" reaction="rn:R09291"
        link="http://www.kegg.jp/dbget-bin/www_bget?K14446">
        <graphics name="K14446" fgcolor="#000000" bgcolor="#FFFFFF"
             type="rectangle" x="777" y="198" width="46" height="17"/>
    </entry>
    <entry id="197" name="ko:K14447" type="ortholog" reaction="rn:R09292"
        link="http://www.kegg.jp/dbget-bin/www_bget?K14447">
        <graphics name="K14447" fgcolor="#000000" bgcolor="#FFFFFF"
             type="rectangle" x="777" y="310" width="46" height="17"/>
    </entry>
    <entry id="198" name="ko:K14448" type="ortholog" reaction="rn:R09293"
        link="http://www.kegg.jp/dbget-bin/www_bget?K14448">
        <graphics name="K14448" fgcolor="#000000" bgcolor="#FFFFFF"
             type="rectangle" x="777" y="371" width="46" height="17"/>
    </entry>
    <entry id="199" name="ko:K14449" type="ortholog" reaction="rn:R05076"
        link="http://www.kegg.jp/dbget-bin/www_bget?K14449">
        <graphics name="K14449" fgcolor="#000000" bgcolor="#FFFFFF"
             type="rectangle" x="735" y="401" width="46" height="17"/>
    </entry>
    <entry id="200" name="ko:K08691 ko:K19281" type="ortholog" reaction="rn:R00934"
        link="http://www.kegg.jp/dbget-bin/www_bget?K08691+K19281">
        <graphics name="K08691..." fgcolor="#000000" bgcolor="#FFFFFF"
             type="rectangle" x="688" y="421" width="46" height="17"/>
    </entry>
    <entry id="201" name="ko:K14451 ko:K19282" type="ortholog" reaction="rn:R10612"
        link="http://www.kegg.jp/dbget-bin/www_bget?K14451+K19282">
        <graphics name="K14451..." fgcolor="#000000" bgcolor="#FFFFFF"
             type="rectangle" x="450" y="285" width="46" height="17"/>
    </entry>
    <entry id="202" name="cel:CELE_D2030.5" type="gene" reaction="rn:R02765"
        link="http://www.kegg.jp/dbget-bin/www_bget?cel:CELE_D2030.5">
        <graphics name="mce-1" fgcolor="#000000" bgcolor="#BFFFBF"
             type="rectangle" x="623" y="326" width="46" height="17"/>
    </entry>
    <entry id="203" name="cel:CELE_F27D9.5 cel:CELE_F52E4.1" type="gene" reaction="rn:R01859"
        link="http://www.kegg.jp/dbget-bin/www_bget?cel:CELE_F27D9.5+cel:CELE_F52E4.1">
        <graphics name="pcca-1..." fgcolor="#000000" bgcolor="#BFFFBF"
             type="rectangle" x="623" y="384" width="46" height="17"/>
    </entry>
    <entry id="204" name="cel:CELE_ZK1058.1" type="gene" reaction="rn:R00833"
        link="http://www.kegg.jp/dbget-bin/www_bget?cel:CELE_ZK1058.1">
        <graphics name="mmcm-1" fgcolor="#000000" bgcolor="#BFFFBF"
             type="rectangle" x="623" y="268" width="46" height="17"/>
    </entry>
    <entry id="205" name="cpd:C00024" type="compound"
        link="http://www.kegg.jp/dbget-bin/www_bget?C00024">
        <graphics name="C00024" fgcolor="#000000" bgcolor="#FFFFFF"
             type="circle" x="522" y="370" width="8" height="8"/>
    </entry>
    <entry id="206" name="path:cel00020" type="map"
        link="http://www.kegg.jp/dbget-bin/www_bget?cel00020">
        <graphics name="Citrate cycle (TCA cycle)" fgcolor="#000000" bgcolor="#FFFFFF"
             type="roundrectangle" x="586" y="205" width="82" height="25"/>
    </entry>
    <entry id="207" name="cpd:C01213" type="compound"
        link="http://www.kegg.jp/dbget-bin/www_bget?C01213">
        <graphics name="C01213" fgcolor="#000000" bgcolor="#FFFFFF"
             type="circle" x="623" y="293" width="8" height="8"/>
    </entry>
    <entry id="208" name="path:map00710" type="map"
        link="http://www.kegg.jp/dbget-bin/www_bget?map00710">
        <graphics name="Carbon fixation in photosynthetic organisms" fgcolor="#000000" bgcolor="#FFFFFF"
             type="roundrectangle" x="259" y="729" width="92" height="25"/>
    </entry>
    <entry id="209" name="cpd:C00037" type="compound"
        link="http://www.kegg.jp/dbget-bin/www_bget?C00037">
        <graphics name="C00037" fgcolor="#000000" bgcolor="#FFFFFF"
             type="circle" x="562" y="805" width="8" height="8"/>
    </entry>
    <entry id="211" name="cpd:C00014" type="compound"
        link="http://www.kegg.jp/dbget-bin/www_bget?C00014">
        <graphics name="C00014" fgcolor="#000000" bgcolor="#FFFFFF"
             type="circle" x="459" y="805" width="8" height="8"/>
    </entry>
    <entry id="212" name="path:cel00250" type="map"
        link="http://www.kegg.jp/dbget-bin/www_bget?cel00250">
        <graphics name="Alanine, aspartate and glutamate metabolism" fgcolor="#000000" bgcolor="#FFFFFF"
             type="roundrectangle" x="459" y="703" width="123" height="34"/>
    </entry>
    <entry id="213" name="cel:CELE_T14D7.1" type="gene" reaction="rn:R00588"
        link="http://www.kegg.jp/dbget-bin/www_bget?cel:CELE_T14D7.1">
        <graphics name="T14D7.1" fgcolor="#000000" bgcolor="#BFFFBF"
             type="rectangle" x="596" y="847" width="46" height="17"/>
    </entry>
    <entry id="214" name="cpd:C00065" type="compound"
        link="http://www.kegg.jp/dbget-bin/www_bget?C00065">
        <graphics name="C00065" fgcolor="#000000" bgcolor="#FFFFFF"
             type="circle" x="704" y="848" width="8" height="8"/>
    </entry>
    <entry id="215" name="cel:CELE_C05D11.11" type="gene" reaction="rn:R00945"
        link="http://www.kegg.jp/dbget-bin/www_bget?cel:CELE_C05D11.11">
        <graphics name="mel-32" fgcolor="#000000" bgcolor="#BFFFBF"
             type="rectangle" x="705" y="824" width="46" height="17"/>
    </entry>
    <entry id="216" name="cel:CELE_D1025.2 cel:CELE_F25B4.1 cel:CELE_F52A8.5 cel:CELE_LLC1.3 cel:CELE_R12C12.1" type="gene" reaction="rn:R01221"
        link="http://www.kegg.jp/dbget-bin/www_bget?cel:CELE_D1025.2+cel:CELE_F25B4.1+cel:CELE_F52A8.5+cel:CELE_LLC1.3+cel:CELE_R12C12.1">
        <graphics name="gcsh-1..." fgcolor="#000000" bgcolor="#BFFFBF"
             type="rectangle" x="512" y="805" width="46" height="17"/>
    </entry>
    <entry id="217" name="cpd:C00197" type="compound"
        link="http://www.kegg.jp/dbget-bin/www_bget?C00197">
        <graphics name="C00197" fgcolor="#000000" bgcolor="#FFFFFF"
             type="circle" x="259" y="671" width="8" height="8"/>
    </entry>
    <entry id="220" name="cpd:C00007" type="compound"
        link="http://www.kegg.jp/dbget-bin/www_bget?C00007">
        <graphics name="C00007" fgcolor="#000000" bgcolor="#FFFFFF"
             type="circle" x="703" y="521" width="8" height="8"/>
    </entry>
    <entry id="221" name="cpd:C00027" type="compound"
        link="http://www.kegg.jp/dbget-bin/www_bget?C00027">
        <graphics name="C00027" fgcolor="#000000" bgcolor="#FFFFFF"
             type="circle" x="811" y="523" width="8" height="8"/>
    </entry>
    <entry id="222" name="cel:CELE_Y54G11A.13 cel:CELE_Y54G11A.5 cel:CELE_Y54G11A.6" type="gene" reaction="rn:R00009"
        link="http://www.kegg.jp/dbget-bin/www_bget?cel:CELE_Y54G11A.13+cel:CELE_Y54G11A.5+cel:CELE_Y54G11A.6">
        <graphics name="ctl-3..." fgcolor="#000000" bgcolor="#BFFFBF"
             type="rectangle" x="761" y="548" width="46" height="17"/>
    </entry>
    <entry id="224" name="ko:K14272" type="ortholog" reaction="rn:R00372"
        link="http://www.kegg.jp/dbget-bin/www_bget?K14272">
        <graphics name="K14272" fgcolor="#000000" bgcolor="#FFFFFF"
             type="rectangle" x="782" y="804" width="46" height="17"/>
    </entry>
    <entry id="225" name="cpd:C00025" type="compound"
        link="http://www.kegg.jp/dbget-bin/www_bget?C00025">
        <graphics name="C00025" fgcolor="#000000" bgcolor="#FFFFFF"
             type="circle" x="836" y="753" width="8" height="8"/>
    </entry>
    <entry id="226" name="cpd:C00026" type="compound"
        link="http://www.kegg.jp/dbget-bin/www_bget?C00026">
        <graphics name="C00026" fgcolor="#000000" bgcolor="#FFFFFF"
             type="circle" x="718" y="753" width="8" height="8"/>
    </entry>
    <entry id="228" name="ko:K00284" type="ortholog" reaction="rn:R00021"
        link="http://www.kegg.jp/dbget-bin/www_bget?K00284">
        <graphics name="K00284" fgcolor="#000000" bgcolor="#FFFFFF"
             type="rectangle" x="782" y="754" width="46" height="17"/>
    </entry>
    <entry id="229" name="cel:CELE_C28D4.3 cel:CELE_C45B2.5 cel:CELE_F26D10.10 cel:CELE_K03H1.1 cel:CELE_Y105C5B.28" type="gene" reaction="rn:R00253"
        link="http://www.kegg.jp/dbget-bin/www_bget?cel:CELE_C28D4.3+cel:CELE_C45B2.5+cel:CELE_F26D10.10+cel:CELE_K03H1.1+cel:CELE_Y105C5B.28">
        <graphics name="gln-6..." fgcolor="#000000" bgcolor="#BFFFBF"
             type="rectangle" x="782" y="704" width="46" height="17"/>
    </entry>
    <entry id="230" name="cpd:C00064" type="compound"
        link="http://www.kegg.jp/dbget-bin/www_bget?C00064">
        <graphics name="C00064" fgcolor="#000000" bgcolor="#FFFFFF"
             type="circle" x="727" y="704" width="8" height="8"/>
    </entry>
    <entry id="232" name="cpd:C20238" type="compound"
        link="http://www.kegg.jp/dbget-bin/www_bget?C20238">
        <graphics name="C20238" fgcolor="#000000" bgcolor="#FFFFFF"
             type="circle" x="776" y="289" width="8" height="8"/>
    </entry>
    <entry id="233" name="cel:CELE_D2030.5" type="gene" reaction="rn:R09979"
        link="http://www.kegg.jp/dbget-bin/www_bget?cel:CELE_D2030.5">
        <graphics name="mce-1" fgcolor="#000000" bgcolor="#BFFFBF"
             type="rectangle" x="777" y="257" width="46" height="17"/>
    </entry>
    <entry id="234" name="ko:K01625" type="ortholog" reaction="rn:R00470"
        link="http://www.kegg.jp/dbget-bin/www_bget?K01625">
        <graphics name="K01625" fgcolor="#000000" bgcolor="#FFFFFF"
             type="rectangle" x="1021" y="496" width="46" height="17"/>
    </entry>
    <entry id="236" name="cpd:C00025" type="compound"
        link="http://www.kegg.jp/dbget-bin/www_bget?C00025">
        <graphics name="C00025" fgcolor="#000000" bgcolor="#FFFFFF"
             type="circle" x="915" y="183" width="8" height="8"/>
    </entry>
    <entry id="237" name="cpd:C03618" type="compound"
        link="http://www.kegg.jp/dbget-bin/www_bget?C03618">
        <graphics name="C03618" fgcolor="#000000" bgcolor="#FFFFFF"
             type="circle" x="828" y="183" width="8" height="8"/>
    </entry>
    <entry id="238" name="cpd:C01732" type="compound"
        link="http://www.kegg.jp/dbget-bin/www_bget?C01732">
        <graphics name="C01732" fgcolor="#000000" bgcolor="#FFFFFF"
             type="circle" x="828" y="273" width="8" height="8"/>
    </entry>
    <entry id="241" name="path:cel00250" type="map"
        link="http://www.kegg.jp/dbget-bin/www_bget?cel00250">
        <graphics name="Alanine, aspartate and glutamate metabolism" fgcolor="#000000" bgcolor="#FFFFFF"
             type="roundrectangle" x="1013" y="183" width="126" height="34"/>
    </entry>
    <entry id="242" name="ko:K19268 ko:K01846" type="ortholog" reaction="rn:R00262"
        link="http://www.kegg.jp/dbget-bin/www_bget?K19268+K01846">
        <graphics name="K19268..." fgcolor="#000000" bgcolor="#FFFFFF"
             type="rectangle" x="875" y="184" width="46" height="17"/>
    </entry>
    <entry id="243" name="ko:K04835" type="ortholog" reaction="rn:R03696"
        link="http://www.kegg.jp/dbget-bin/www_bget?K04835">
        <graphics name="K04835" fgcolor="#000000" bgcolor="#FFFFFF"
             type="rectangle" x="829" y="227" width="46" height="17"/>
    </entry>
    <entry id="244" name="ko:K19280" type="ortholog" reaction="rn:R10904"
        link="http://www.kegg.jp/dbget-bin/www_bget?K19280">
        <graphics name="K19280" fgcolor="#000000" bgcolor="#FFFFFF"
             type="rectangle" x="828" y="334" width="46" height="17"/>
    </entry>
    <relation entry1="106" entry2="123" type="ECrel">
        <subtype name="compound" value="143"/>
    </relation>
    <relation entry1="94" entry2="139" type="ECrel">
        <subtype name="compound" value="158"/>
    </relation>
    <relation entry1="90" entry2="106" type="ECrel">
        <subtype name="compound" value="144"/>
    </relation>
    <relation entry1="123" entry2="131" type="maplink">
        <subtype name="compound" value="145"/>
    </relation>
    <relation entry1="106" entry2="127" type="maplink">
        <subtype name="compound" value="143"/>
    </relation>
    <relation entry1="106" entry2="133" type="maplink">
        <subtype name="compound" value="143"/>
    </relation>
    <relation entry1="127" entry2="133" type="maplink">
        <subtype name="compound" value="143"/>
    </relation>
    <relation entry1="123" entry2="127" type="maplink">
        <subtype name="compound" value="143"/>
    </relation>
    <relation entry1="123" entry2="133" type="maplink">
        <subtype name="compound" value="143"/>
    </relation>
    <relation entry1="132" entry2="136" type="maplink">
        <subtype name="compound" value="161"/>
    </relation>
    <relation entry1="94" entry2="135" type="maplink">
        <subtype name="compound" value="159"/>
    </relation>
    <relation entry1="137" entry2="128" type="maplink">
        <subtype name="compound" value="217"/>
    </relation>
    <relation entry1="94" entry2="180" type="maplink">
        <subtype name="compound" value="159"/>
    </relation>
    <relation entry1="135" entry2="180" type="maplink">
        <subtype name="compound" value="159"/>
    </relation>
    <relation entry1="106" entry2="193" type="ECrel">
        <subtype name="compound" value="205"/>
    </relation>
    <relation entry1="203" entry2="202" type="ECrel">
        <subtype name="compound" value="187"/>
    </relation>
    <relation entry1="202" entry2="204" type="ECrel">
        <subtype name="compound" value="207"/>
    </relation>
    <relation entry1="204" entry2="206" type="maplink">
        <subtype name="compound" value="189"/>
    </relation>
    <relation entry1="94" entry2="213" type="ECrel">
        <subtype name="compound" value="159"/>
    </relation>
    <relation entry1="135" entry2="213" type="maplink">
        <subtype name="compound" value="159"/>
    </relation>
    <relation entry1="94" entry2="222" type="ECrel">
        <subtype name="compound" value="221"/>
    </relation>
    <relation entry1="222" entry2="94" type="ECrel">
        <subtype name="compound" value="220"/>
    </relation>
    <relation entry1="215" entry2="213" type="ECrel">
        <subtype name="compound" value="214"/>
    </relation>
    <relation entry1="213" entry2="216" type="ECrel">
        <subtype name="compound" value="209"/>
    </relation>
    <relation entry1="213" entry2="215" type="ECrel">
        <subtype name="compound" value="209"/>
    </relation>
    <relation entry1="216" entry2="215" type="ECrel">
        <subtype name="compound" value="209"/>
    </relation>
    <relation entry1="216" entry2="212" type="maplink">
        <subtype name="compound" value="211"/>
    </relation>
    <relation entry1="213" entry2="180" type="maplink">
        <subtype name="compound" value="155"/>
    </relation>
    <relation entry1="212" entry2="229" type="maplink">
        <subtype name="compound" value="230"/>
    </relation>
    <relation entry1="180" entry2="213" type="maplink">
        <subtype name="compound" value="159"/>
    </relation>
    <relation entry1="137" entry2="208" type="maplink">
        <subtype name="compound" value="217"/>
    </relation>
    <reaction id="76" name="rn:R01900" type="reversible">
        <substrate id="167" name="cpd:C00417"/>
        <product id="168" name="cpd:C00311"/>
    </reaction>
    <reaction id="90" name="rn:R01325" type="reversible">
        <substrate id="167" name="cpd:C00417"/>
        <product id="144" name="cpd:C00158"/>
    </reaction>
    <reaction id="94" name="rn:R00475" type="irreversible">
        <substrate id="158" name="cpd:C00160"/>
        <product id="159" name="cpd:C00048"/>
    </reaction>
    <reaction id="106" name="rn:R00351" type="reversible">
        <substrate id="144" name="cpd:C00158"/>
        <product id="143" name="cpd:C00036"/>
    </reaction>
    <reaction id="123" name="rn:R00342" type="reversible">
        <substrate id="145" name="cpd:C00149"/>
        <product id="143" name="cpd:C00036"/>
    </reaction>
    <reaction id="137" name="rn:R01514" type="irreversible">
        <substrate id="152" name="cpd:C00258"/>
        <product id="217" name="cpd:C00197"/>
    </reaction>
    <reaction id="139" name="rn:R01334" type="irreversible">
        <substrate id="154" name="cpd:C00988"/>
        <product id="158" name="cpd:C00160"/>
    </reaction>
    <reaction id="193" name="rn:R00238" type="irreversible">
        <substrate id="205" name="cpd:C00024"/>
        <product id="181" name="cpd:C00332"/>
    </reaction>
    <reaction id="202" name="rn:R02765" type="irreversible">
        <substrate id="187" name="cpd:C00683"/>
        <product id="207" name="cpd:C01213"/>
    </reaction>
    <reaction id="203" name="rn:R01859" type="irreversible">
        <substrate id="188" name="cpd:C00100"/>
        <product id="187" name="cpd:C00683"/>
    </reaction>
    <reaction id="204" name="rn:R00833" type="irreversible">
        <substrate id="207" name="cpd:C01213"/>
        <product id="189" name="cpd:C00091"/>
    </reaction>
    <reaction id="213" name="rn:R00588" type="irreversible">
        <substrate id="159" name="cpd:C00048"/>
        <substrate id="214" name="cpd:C00065"/>
        <product id="155" name="cpd:C00168"/>
        <product id="209" name="cpd:C00037"/>
    </reaction>
    <reaction id="215" name="rn:R00945" type="irreversible">
        <substrate id="209" name="cpd:C00037"/>
        <product id="214" name="cpd:C00065"/>
    </reaction>
    <reaction id="216" name="rn:R01221" type="irreversible">
        <substrate id="209" name="cpd:C00037"/>
        <product id="211" name="cpd:C00014"/>
    </reaction>
    <reaction id="222" name="rn:R00009" type="irreversible">
        <substrate id="221" name="cpd:C00027"/>
        <product id="220" name="cpd:C00007"/>
    </reaction>
    <reaction id="229" name="rn:R00253" type="irreversible">
        <substrate id="225" name="cpd:C00025"/>
        <product id="230" name="cpd:C00064"/>
    </reaction>
    <reaction id="233" name="rn:R09979" type="irreversible">
        <substrate id="184" name="cpd:C18026"/>
        <product id="232" name="cpd:C20238"/>
    </reaction>
</pathway>
