<?xml version="1.0"?>
<!DOCTYPE pathway SYSTEM "http://www.kegg.jp/kegg/xml/KGML_v0.7.1_.dtd">
<!-- Creation date: Aug 13, 2015 17:33:47 +0900 (GMT+9) -->
<pathway name="path:cel03440" org="cel" number="03440"
         title="Homologous recombination"
         image="http://www.kegg.jp/kegg/pathway/cel/cel03440.png"
         link="http://www.kegg.jp/kegg-bin/show_pathway?cel03440">
    <entry id="1" name="cel:CELE_Y56A3A.27" type="gene"
        link="http://www.kegg.jp/dbget-bin/www_bget?cel:CELE_Y56A3A.27">
        <graphics name="top-3" fgcolor="#000000" bgcolor="#BFFFBF"
             type="rectangle" x="636" y="756" width="46" height="17"/>
    </entry>
    <entry id="2" name="cel:CELE_T04A11.6" type="gene"
        link="http://www.kegg.jp/dbget-bin/www_bget?cel:CELE_T04A11.6">
        <graphics name="him-6" fgcolor="#000000" bgcolor="#BFFFBF"
             type="rectangle" x="905" y="885" width="46" height="17"/>
    </entry>
    <entry id="3" name="cel:CELE_Y119D3B.15" type="gene"
        link="http://www.kegg.jp/dbget-bin/www_bget?cel:CELE_Y119D3B.15">
        <graphics name="dss-1" fgcolor="#000000" bgcolor="#BFFFBF"
             type="rectangle" x="1082" y="347" width="46" height="17"/>
    </entry>
    <entry id="4" name="ko:K10873" type="ortholog"
        link="http://www.kegg.jp/dbget-bin/www_bget?K10873">
        <graphics name="K10873" fgcolor="#000000" bgcolor="#FFFFFF"
             type="rectangle" x="1015" y="373" width="46" height="17"/>
    </entry>
    <entry id="5" name="cel:CELE_ZC302.1" type="gene"
        link="http://www.kegg.jp/dbget-bin/www_bget?cel:CELE_ZC302.1">
        <graphics name="mre-11" fgcolor="#000000" bgcolor="#BFFFBF"
             type="rectangle" x="998" y="211" width="46" height="17"/>
    </entry>
    <entry id="6" name="cel:CELE_T04H1.4" type="gene"
        link="http://www.kegg.jp/dbget-bin/www_bget?cel:CELE_T04H1.4">
        <graphics name="rad-50" fgcolor="#000000" bgcolor="#BFFFBF"
             type="rectangle" x="998" y="194" width="46" height="17"/>
    </entry>
    <entry id="7" name="ko:K10880" type="ortholog"
        link="http://www.kegg.jp/dbget-bin/www_bget?K10880">
        <graphics name="K10880" fgcolor="#000000" bgcolor="#FFFFFF"
             type="rectangle" x="646" y="358" width="46" height="17"/>
    </entry>
    <entry id="8" name="ko:K10870" type="ortholog"
        link="http://www.kegg.jp/dbget-bin/www_bget?K10870">
        <graphics name="K10870" fgcolor="#000000" bgcolor="#FFFFFF"
             type="rectangle" x="646" y="375" width="46" height="17"/>
    </entry>
    <entry id="9" name="ko:K10879" type="ortholog"
        link="http://www.kegg.jp/dbget-bin/www_bget?K10879">
        <graphics name="K10879" fgcolor="#000000" bgcolor="#FFFFFF"
             type="rectangle" x="747" y="392" width="46" height="17"/>
    </entry>
    <entry id="10" name="ko:K10879" type="ortholog"
        link="http://www.kegg.jp/dbget-bin/www_bget?K10879">
        <graphics name="K10879" fgcolor="#000000" bgcolor="#FFFFFF"
             type="rectangle" x="593" y="375" width="46" height="17"/>
    </entry>
    <entry id="11" name="ko:K10871" type="ortholog"
        link="http://www.kegg.jp/dbget-bin/www_bget?K10871">
        <graphics name="K10871" fgcolor="#000000" bgcolor="#FFFFFF"
             type="rectangle" x="747" y="375" width="46" height="17"/>
    </entry>
    <entry id="12" name="ko:K10871" type="ortholog"
        link="http://www.kegg.jp/dbget-bin/www_bget?K10871">
        <graphics name="K10871" fgcolor="#000000" bgcolor="#FFFFFF"
             type="rectangle" x="593" y="358" width="46" height="17"/>
    </entry>
    <entry id="13" name="ko:K10870" type="ortholog"
        link="http://www.kegg.jp/dbget-bin/www_bget?K10870">
        <graphics name="K10870" fgcolor="#000000" bgcolor="#FFFFFF"
             type="rectangle" x="701" y="375" width="46" height="17"/>
    </entry>
    <entry id="14" name="ko:K10869" type="ortholog"
        link="http://www.kegg.jp/dbget-bin/www_bget?K10869">
        <graphics name="K10869" fgcolor="#000000" bgcolor="#FFFFFF"
             type="rectangle" x="701" y="358" width="46" height="17"/>
    </entry>
    <entry id="15" name="ko:K10870" type="ortholog"
        link="http://www.kegg.jp/dbget-bin/www_bget?K10870">
        <graphics name="K10870" fgcolor="#000000" bgcolor="#FFFFFF"
             type="rectangle" x="593" y="326" width="46" height="17"/>
    </entry>
    <entry id="16" name="ko:K02317" type="ortholog"
        link="http://www.kegg.jp/dbget-bin/www_bget?K02317">
        <graphics name="K02317" fgcolor="#000000" bgcolor="#FFFFFF"
             type="rectangle" x="469" y="822" width="46" height="17"/>
    </entry>
    <entry id="17" name="ko:K02686" type="ortholog"
        link="http://www.kegg.jp/dbget-bin/www_bget?K02686">
        <graphics name="K02686" fgcolor="#000000" bgcolor="#FFFFFF"
             type="rectangle" x="423" y="822" width="46" height="17"/>
    </entry>
    <entry id="18" name="ko:K04067" type="ortholog"
        link="http://www.kegg.jp/dbget-bin/www_bget?K04067">
        <graphics name="K04067" fgcolor="#000000" bgcolor="#FFFFFF"
             type="rectangle" x="469" y="805" width="46" height="17"/>
    </entry>
    <entry id="19" name="ko:K03581" type="ortholog"
        link="http://www.kegg.jp/dbget-bin/www_bget?K03581">
        <graphics name="K03581" fgcolor="#000000" bgcolor="#FFFFFF"
             type="rectangle" x="423" y="229" width="46" height="17"/>
    </entry>
    <entry id="20" name="ko:K03655" type="ortholog"
        link="http://www.kegg.jp/dbget-bin/www_bget?K03655">
        <graphics name="K03655" fgcolor="#000000" bgcolor="#FFFFFF"
             type="rectangle" x="474" y="651" width="46" height="17"/>
    </entry>
    <entry id="21" name="ko:K03655" type="ortholog"
        link="http://www.kegg.jp/dbget-bin/www_bget?K03655">
        <graphics name="K03655" fgcolor="#000000" bgcolor="#FFFFFF"
             type="rectangle" x="253" y="651" width="46" height="17"/>
    </entry>
    <entry id="22" name="ko:K01159" type="ortholog"
        link="http://www.kegg.jp/dbget-bin/www_bget?K01159">
        <graphics name="K01159" fgcolor="#000000" bgcolor="#FFFFFF"
             type="rectangle" x="423" y="668" width="46" height="17"/>
    </entry>
    <entry id="23" name="ko:K01159" type="ortholog"
        link="http://www.kegg.jp/dbget-bin/www_bget?K01159">
        <graphics name="K01159" fgcolor="#000000" bgcolor="#FFFFFF"
             type="rectangle" x="203" y="668" width="46" height="17"/>
    </entry>
    <entry id="24" name="ko:K03551" type="ortholog"
        link="http://www.kegg.jp/dbget-bin/www_bget?K03551">
        <graphics name="K03551" fgcolor="#000000" bgcolor="#FFFFFF"
             type="rectangle" x="423" y="651" width="46" height="17"/>
    </entry>
    <entry id="25" name="ko:K03551" type="ortholog"
        link="http://www.kegg.jp/dbget-bin/www_bget?K03551">
        <graphics name="K03551" fgcolor="#000000" bgcolor="#FFFFFF"
             type="rectangle" x="203" y="651" width="46" height="17"/>
    </entry>
    <entry id="26" name="ko:K03550" type="ortholog"
        link="http://www.kegg.jp/dbget-bin/www_bget?K03550">
        <graphics name="K03550" fgcolor="#000000" bgcolor="#FFFFFF"
             type="rectangle" x="423" y="634" width="46" height="17"/>
    </entry>
    <entry id="27" name="ko:K03553" type="ortholog"
        link="http://www.kegg.jp/dbget-bin/www_bget?K03553">
        <graphics name="K03553" fgcolor="#000000" bgcolor="#FFFFFF"
             type="rectangle" x="423" y="330" width="46" height="17"/>
    </entry>
    <entry id="28" name="ko:K04066" type="ortholog"
        link="http://www.kegg.jp/dbget-bin/www_bget?K04066">
        <graphics name="K04066" fgcolor="#000000" bgcolor="#FFFFFF"
             type="rectangle" x="423" y="805" width="46" height="17"/>
    </entry>
    <entry id="29" name="ko:K02335" type="ortholog"
        link="http://www.kegg.jp/dbget-bin/www_bget?K02335">
        <graphics name="K02335" fgcolor="#000000" bgcolor="#FFFFFF"
             type="rectangle" x="203" y="493" width="46" height="17"/>
    </entry>
    <entry id="30" name="ko:K10958" type="ortholog"
        link="http://www.kegg.jp/dbget-bin/www_bget?K10958">
        <graphics name="K10958" fgcolor="#000000" bgcolor="#FFFFFF"
             type="rectangle" x="917" y="347" width="46" height="17"/>
    </entry>
    <entry id="31" name="cel:CELE_C43E11.2" type="gene"
        link="http://www.kegg.jp/dbget-bin/www_bget?cel:CELE_C43E11.2">
        <graphics name="mus-81" fgcolor="#000000" bgcolor="#BFFFBF"
             type="rectangle" x="688" y="739" width="46" height="17"/>
    </entry>
    <entry id="32" name="ko:K03553" type="ortholog"
        link="http://www.kegg.jp/dbget-bin/www_bget?K03553">
        <graphics name="K03553" fgcolor="#000000" bgcolor="#FFFFFF"
             type="rectangle" x="253" y="330" width="46" height="17"/>
    </entry>
    <entry id="33" name="ko:K06187" type="ortholog"
        link="http://www.kegg.jp/dbget-bin/www_bget?K06187">
        <graphics name="K06187" fgcolor="#000000" bgcolor="#FFFFFF"
             type="rectangle" x="203" y="364" width="46" height="17"/>
    </entry>
    <entry id="34" name="path:cel03440" type="map"
        link="http://www.kegg.jp/dbget-bin/www_bget?cel03440">
        <graphics name="TITLE:Homologous recombination" fgcolor="#000000" bgcolor="#FFFFFF"
             type="roundrectangle" x="160" y="58" width="239" height="25"/>
    </entry>
    <entry id="35" name="cel:CELE_ZC302.1" type="gene"
        link="http://www.kegg.jp/dbget-bin/www_bget?cel:CELE_ZC302.1">
        <graphics name="mre-11" fgcolor="#000000" bgcolor="#BFFFBF"
             type="rectangle" x="902" y="211" width="46" height="17"/>
    </entry>
    <entry id="36" name="cel:CELE_T04H1.4" type="gene"
        link="http://www.kegg.jp/dbget-bin/www_bget?cel:CELE_T04H1.4">
        <graphics name="rad-50" fgcolor="#000000" bgcolor="#BFFFBF"
             type="rectangle" x="902" y="194" width="46" height="17"/>
    </entry>
    <entry id="37" name="ko:K10869" type="ortholog"
        link="http://www.kegg.jp/dbget-bin/www_bget?K10869">
        <graphics name="K10869" fgcolor="#000000" bgcolor="#FFFFFF"
             type="rectangle" x="593" y="309" width="46" height="17"/>
    </entry>
    <entry id="38" name="ko:K10867" type="ortholog"
        link="http://www.kegg.jp/dbget-bin/www_bget?K10867">
        <graphics name="K10867" fgcolor="#000000" bgcolor="#FFFFFF"
             type="rectangle" x="998" y="228" width="46" height="17"/>
    </entry>
    <entry id="39" name="cel:CELE_F18A1.5 cel:CELE_F59A3.6 cel:CELE_M04F3.1" type="gene"
        link="http://www.kegg.jp/dbget-bin/www_bget?cel:CELE_F18A1.5+cel:CELE_F59A3.6+cel:CELE_M04F3.1">
        <graphics name="rpa-1..." fgcolor="#000000" bgcolor="#BFFFBF"
             type="rectangle" x="1015" y="330" width="46" height="17"/>
    </entry>
    <entry id="40" name="cel:CELE_Y43C5A.6" type="gene"
        link="http://www.kegg.jp/dbget-bin/www_bget?cel:CELE_Y43C5A.6">
        <graphics name="rad-51" fgcolor="#000000" bgcolor="#BFFFBF"
             type="rectangle" x="1015" y="351" width="46" height="17"/>
    </entry>
    <entry id="41" name="ko:K02337 ko:K03763 ko:K02342 ko:K14159 ko:K02345 ko:K02343 ko:K02341 ko:K02340 ko:K02339 ko:K02344 ko:K02338" type="ortholog"
        link="http://www.kegg.jp/dbget-bin/www_bget?K02337+K03763+K02342+K14159+K02345+K02343+K02341+K02340+K02339+K02344+K02338">
        <graphics name="K02337..." fgcolor="#000000" bgcolor="#FFFFFF"
             type="rectangle" x="423" y="493" width="46" height="17"/>
    </entry>
    <entry id="42" name="ko:K10868" type="ortholog"
        link="http://www.kegg.jp/dbget-bin/www_bget?K10868">
        <graphics name="K10868" fgcolor="#000000" bgcolor="#FFFFFF"
             type="rectangle" x="902" y="228" width="46" height="17"/>
    </entry>
    <entry id="43" name="ko:K07462" type="ortholog"
        link="http://www.kegg.jp/dbget-bin/www_bget?K07462">
        <graphics name="K07462" fgcolor="#000000" bgcolor="#FFFFFF"
             type="rectangle" x="203" y="195" width="46" height="17"/>
    </entry>
    <entry id="44" name="ko:K03629" type="ortholog"
        link="http://www.kegg.jp/dbget-bin/www_bget?K03629">
        <graphics name="K03629" fgcolor="#000000" bgcolor="#FFFFFF"
             type="rectangle" x="203" y="330" width="46" height="17"/>
    </entry>
    <entry id="45" name="ko:K03583" type="ortholog"
        link="http://www.kegg.jp/dbget-bin/www_bget?K03583">
        <graphics name="K03583" fgcolor="#000000" bgcolor="#FFFFFF"
             type="rectangle" x="423" y="212" width="46" height="17"/>
    </entry>
    <entry id="46" name="ko:K10882" type="ortholog"
        link="http://www.kegg.jp/dbget-bin/www_bget?K10882">
        <graphics name="K10882" fgcolor="#000000" bgcolor="#FFFFFF"
             type="rectangle" x="688" y="756" width="46" height="17"/>
    </entry>
    <entry id="47" name="ko:K03582" type="ortholog"
        link="http://www.kegg.jp/dbget-bin/www_bget?K03582">
        <graphics name="K03582" fgcolor="#000000" bgcolor="#FFFFFF"
             type="rectangle" x="423" y="195" width="46" height="17"/>
    </entry>
    <entry id="48" name="ko:K08775" type="ortholog"
        link="http://www.kegg.jp/dbget-bin/www_bget?K08775">
        <graphics name="K08775" fgcolor="#000000" bgcolor="#FFFFFF"
             type="rectangle" x="1082" y="330" width="46" height="17"/>
    </entry>
    <entry id="49" name="ko:K10959" type="ortholog"
        link="http://www.kegg.jp/dbget-bin/www_bget?K10959">
        <graphics name="K10959" fgcolor="#000000" bgcolor="#FFFFFF"
             type="rectangle" x="917" y="493" width="46" height="17"/>
    </entry>
    <entry id="50" name="cel:CELE_W06D4.6 cel:CELE_Y116A8C.13" type="gene"
        link="http://www.kegg.jp/dbget-bin/www_bget?cel:CELE_W06D4.6+cel:CELE_Y116A8C.13">
        <graphics name="rad-54..." fgcolor="#000000" bgcolor="#BFFFBF"
             type="rectangle" x="1012" y="493" width="46" height="17"/>
    </entry>
    <entry id="51" name="cel:CELE_F10C2.4 cel:CELE_F12F6.7 cel:CELE_R04F11.3" type="gene"
        link="http://www.kegg.jp/dbget-bin/www_bget?cel:CELE_F10C2.4+cel:CELE_F12F6.7+cel:CELE_R04F11.3">
        <graphics name="CELE_F10C2.4..." fgcolor="#000000" bgcolor="#BFFFBF"
             type="rectangle" x="917" y="668" width="46" height="17"/>
    </entry>
    <entry id="52" name="cel:CELE_T04A11.6" type="gene"
        link="http://www.kegg.jp/dbget-bin/www_bget?cel:CELE_T04A11.6">
        <graphics name="him-6" fgcolor="#000000" bgcolor="#BFFFBF"
             type="rectangle" x="636" y="739" width="46" height="17"/>
    </entry>
    <entry id="53" name="ko:K03550" type="ortholog"
        link="http://www.kegg.jp/dbget-bin/www_bget?K03550">
        <graphics name="K03550" fgcolor="#000000" bgcolor="#FFFFFF"
             type="rectangle" x="203" y="634" width="46" height="17"/>
    </entry>
    <entry id="54" name="ko:K10957" type="ortholog"
        link="http://www.kegg.jp/dbget-bin/www_bget?K10957">
        <graphics name="K10957" fgcolor="#000000" bgcolor="#FFFFFF"
             type="rectangle" x="917" y="330" width="46" height="17"/>
    </entry>
    <entry id="55" name="ko:K03584" type="ortholog"
        link="http://www.kegg.jp/dbget-bin/www_bget?K03584">
        <graphics name="K03584" fgcolor="#000000" bgcolor="#FFFFFF"
             type="rectangle" x="203" y="347" width="46" height="17"/>
    </entry>
    <entry id="56" name="ko:K03111" type="ortholog"
        link="http://www.kegg.jp/dbget-bin/www_bget?K03111">
        <graphics name="K03111" fgcolor="#000000" bgcolor="#FFFFFF"
             type="rectangle" x="253" y="195" width="46" height="17"/>
    </entry>
    <entry id="57" name="ko:K19528" type="ortholog"
        link="http://www.kegg.jp/dbget-bin/www_bget?K19528">
        <graphics name="K19528" fgcolor="#000000" bgcolor="#FFFFFF"
             type="rectangle" x="1154" y="330" width="46" height="17"/>
    </entry>
</pathway>
