"","sample1","sample2","sample3","sample4"
"gene1",19.7565378913041,50.5751004907914,27.6836806301961,22.9859081451513
"gene2",7.90261515652165,19.8687894785252,8.51805557852188,5.74647703628782
"gene3",55.3183060956515,73.1532703527518,68.144444628175,84.7605362852454
"gene4",51.3669985173907,7.22501435582734,12.7770833677828,2.87323851814391
"gene5",31.6104606260866,48.7688469018345,14.9065972624133,18.6760503679354
"gene6",0,10.837521533741,12.7770833677828,1.43661925907196
"gene7",15.8052303130433,7.22501435582734,2.12951389463047,4.30985777721587
"gene8",14.4881277869564,12.6437751226978,0,8.61971555443174
"gene9",10.5368202086955,52.3813540797482,15.9713542097285,15.8028118497915
"gene10",75.0748439869557,28.9000574233093,22.3598958936199,11.4929540725756
"gene11",0,0,0,0
"gene12",84.2945616695642,24.3844234509173,127.770833677828,30.1690044405111
"gene13",14.4881277869564,8.12814115030575,11.7123264204676,7.18309629535978
"gene14",193.61407133478,162.562823006115,218.275174199623,163.774595534203
"gene15",11.8539227347825,0,1.06475694731523,12.9295733316476
"gene16",19.7565378913041,72.2501435582734,47.9140626291856,30.1690044405111
"gene17",380.642630039126,393.76328239259,777.272571540121,554.535034001775
"gene18",6.58551263043471,12.6437751226978,0,1.43661925907196
"gene19",3.95130757826082,0,25.5541667355656,10.0563348135037
"gene20",142.24707281739,229.394205797518,91.5690974691102,89.0703940624613
"gene21",47.4156909391299,52.3813540797482,36.201736208718,63.2112473991661
"gene22",18.4394353652172,7.22501435582734,11.7123264204676,7.18309629535978
"gene23",496.547652334777,509.363512085827,347.110764824766,489.887167343537
"gene24",65.8551263043471,12.6437751226978,30.8779514721418,5.74647703628782
"gene25",5.26841010434777,3.61250717791367,4.25902778926094,0
"gene26",0,0,6.38854168389141,1.43661925907196
"gene27",18.4394353652172,0,11.7123264204676,1.43661925907196
"gene28",19.7565378913041,13.5469019171763,5.32378473657617,7.18309629535978
"gene29",104.051099560868,79.4751579141007,125.641319783198,156.591499238843
"gene30",21.0736404173911,93.9251866257554,76.6625002066969,89.0703940624613
"gene31",27.6591530478258,66.8313827914029,19.1656250516742,17.2394311088635
"gene32",73.7577414608687,105.665834953975,69.2092015754902,87.6337748033893
"gene33",94.8313818782598,79.4751579141007,118.188021151991,83.3239170261735
"gene34",104.051099560868,139.081526349676,144.806944834872,117.8027792439
"gene35",9.21971768260859,21.675043067482,2.12951389463047,17.2394311088635
"gene36",7.90261515652165,16.2562823006115,5.32378473657617,1.43661925907196
"gene37",1.31710252608694,0,0,0
"gene38",44.781485886956,51.4782272852698,38.3312501033484,63.2112473991661
"gene39",51.3669985173907,28.9000574233093,33.0074653667723,28.7323851814391
"gene40",3.95130757826082,0,1.06475694731523,0
"gene41",13.1710252608694,10.837521533741,8.51805557852188,11.4929540725756
"gene42",22.390742943478,2.70938038343525,69.2092015754902,7.18309629535978
"gene43",48.7327934652168,45.1563397239209,17.0361111570438,34.4788622177269
"gene44",5.26841010434777,1.80625358895683,31.942708419457,7.18309629535978
"gene45",5.26841010434777,7.22501435582734,0,4.30985777721587
"gene46",23.7078454695649,27.0938038343525,23.4246528409352,37.3521007358709
"gene47",15.8052303130433,7.22501435582734,34.0722223140875,5.74647703628782
"gene48",5.26841010434777,12.6437751226978,21.2951389463047,27.2957659223672
"gene49",176.49173849565,284.484940260701,266.189236828809,281.577374778103
"gene50",175.174635969563,143.597160322068,174.620139359698,38.7887199949428
"gene51",2.63420505217388,12.6437751226978,20.2303819989895,5.74647703628782
"gene52",22.390742943478,18.9656626840468,17.0361111570438,28.7323851814391
"gene53",44.781485886956,59.6063684355755,101.151909994947,37.3521007358709
"gene54",5.26841010434777,2.70938038343525,0,2.87323851814391
"gene55",5.26841010434777,3.61250717791367,4.25902778926094,17.2394311088635
"gene56",14.4881277869564,2.70938038343525,10.6475694731523,4.30985777721587
"gene57",5.26841010434777,8.12814115030575,1.06475694731523,0
"gene58",22.390742943478,14.4500287116547,9.58281252583711,1.43661925907196
"gene59",231.810044591302,251.972375659478,102.216666942263,225.549223674297
"gene60",10.5368202086955,18.0625358895683,0,1.43661925907196
"gene61",1.31710252608694,13.5469019171763,25.5541667355656,17.2394311088635
"gene62",151.466790499998,191.462880429424,293.872917459005,238.478797005945
"gene63",19.7565378913041,5.4187607668705,8.51805557852188,11.4929540725756
"gene64",3.95130757826082,12.6437751226978,15.9713542097285,7.18309629535978
"gene65",67.172228830434,111.987722515324,129.900347572459,70.3943436945259
"gene66",175.174635969563,231.200459386475,142.677430940241,449.661828089522
"gene67",10.5368202086955,0,0,0
"gene68",0,27.0938038343525,12.7770833677828,12.9295733316476
"gene69",2.63420505217388,0,1.06475694731523,2.87323851814391
"gene70",271.32312037391,261.906770398741,196.980035253318,360.591434027061
"gene71",7.90261515652165,1.80625358895683,2.12951389463047,1.43661925907196
"gene72",19.7565378913041,89.4095526533633,37.2664931560332,34.4788622177269
"gene73",50.0498959913038,36.1250717791367,41.5255209452941,67.5211051763819
"gene74",0,3.61250717791367,0,0
"gene75",44.781485886956,81.2814115030575,15.9713542097285,81.8872977671015
"gene76",0,1.80625358895683,4.25902778926094,0
"gene77",175.174635969563,116.503356487716,105.410937784208,136.478829611836
"gene78",52.6841010434777,30.7063110122662,66.0149307335445,20.1126696270074
"gene79",3.95130757826082,1.80625358895683,6.38854168389141,7.18309629535978
"gene80",0,0,0,0
"gene81",40.8301783086952,19.8687894785252,36.201736208718,44.5351970312306
"gene82",5.26841010434777,5.4187607668705,22.3598958936199,21.5492888860793
"gene83",13.1710252608694,32.512564601223,22.3598958936199,73.2675822126698
"gene84",198.882481439128,115.600229693237,89.4395835744797,137.915448870908
"gene85",139.612867765216,99.3439473926259,192.721007464057,143.661925907196
"gene86",18.4394353652172,10.837521533741,17.0361111570438,15.8028118497915
"gene87",22.390742943478,18.0625358895683,20.2303819989895,12.9295733316476
"gene88",22.390742943478,12.6437751226978,10.6475694731523,11.4929540725756
"gene89",47.4156909391299,65.025129202446,55.3673612603922,35.9154814767989
"gene90",40.8301783086952,14.4500287116547,84.1157988379035,14.3661925907196
"gene91",150.149687973911,70.4438899693165,186.332465780166,51.7182933265904
"gene92",13.1710252608694,12.6437751226978,0,1.43661925907196
"gene93",0,0,8.51805557852188,5.74647703628782
"gene94",60.5867161999993,86.700172269928,74.5329863120664,54.5915318447343
"gene95",2.63420505217388,5.4187607668705,0,10.0563348135037
"gene96",0,0,9.58281252583711,4.30985777721587
"gene97",68.4893313565209,37.9313253680935,46.8493056818703,81.8872977671015
"gene98",31.6104606260866,18.9656626840468,5.32378473657617,2.87323851814391
"gene99",73.7577414608687,67.7345095858813,59.6263890496531,63.2112473991661
"gene100",23.7078454695649,30.7063110122662,43.6550348399246,34.4788622177269
"gene101",0,0,2.12951389463047,0
"gene102",7.90261515652165,0,12.7770833677828,5.74647703628782
"gene103",51.3669985173907,16.2562823006115,23.4246528409352,35.9154814767989
"gene104",138.295765239129,94.8283134202338,87.3100696798492,74.7042014717417
"gene105",6.58551263043471,9.03126794478417,2.12951389463047,4.30985777721587
"gene106",64.5380237782601,86.700172269928,48.9788195765008,43.0985777721587
"gene107",414.887295717387,258.294263220827,334.333681456984,344.788622177269
"gene108",63.2209212521732,94.8283134202338,59.6263890496531,64.647866658238
"gene109",0,7.22501435582734,0,0
"gene110",1.31710252608694,1.80625358895683,0,2.87323851814391
"gene111",43.4643833608691,39.7375789570504,37.2664931560332,45.9718162903026
"gene112",15.8052303130433,86.700172269928,19.1656250516742,35.9154814767989
"gene113",13.1710252608694,9.03126794478417,17.0361111570438,5.74647703628782
"gene114",38.1959732565213,12.6437751226978,33.0074653667723,10.0563348135037
"gene115",31.6104606260866,73.1532703527518,51.1083334711313,2.87323851814391
"gene116",7.90261515652165,10.837521533741,0,12.9295733316476
"gene117",21.0736404173911,40.6407057515288,79.8567710486426,47.4084355493746
"gene118",42.1472808347821,27.0938038343525,22.3598958936199,8.61971555443174
"gene119",10.5368202086955,30.7063110122662,21.2951389463047,11.4929540725756
"gene120",162.003610708694,75.862650736187,68.144444628175,68.9577244354539
"gene121",22.390742943478,23.4812966564388,61.7559029442836,41.6619585130867
"gene122",0,1.80625358895683,1.06475694731523,0
"gene123",38.1959732565213,28.9000574233093,42.5902778926094,28.7323851814391
"gene124",54.0012035695646,13.5469019171763,46.8493056818703,50.2816740675185
"gene125",1.31710252608694,1.80625358895683,11.7123264204676,17.2394311088635
"gene126",156.735200604346,178.819105306727,80.9215279959578,403.69001179922
"gene127",18.4394353652172,46.9625933128777,23.4246528409352,22.9859081451513
"gene128",73.7577414608687,124.631497638022,78.7920141013274,139.35206812998
"gene129",5.26841010434777,1.80625358895683,2.12951389463047,7.18309629535978
"gene130",6.58551263043471,18.0625358895683,0,22.9859081451513
"gene131",96.1484844043467,94.8283134202338,31.942708419457,113.492921466685
"gene132",36.8788707304344,1.80625358895683,37.2664931560332,14.3661925907196
"gene133",98.7826894565206,251.069248865,242.764583987873,214.056269601721
"gene134",140.929970291303,74.0563971472302,168.231597675807,145.098545166268
"gene135",118.539227347825,94.8283134202338,139.483160098296,79.0140592489576
"gene136",7.90261515652165,3.61250717791367,0,0
"gene137",189.66276375652,144.500287116547,267.253993776124,185.323884420282
"gene138",2.63420505217388,13.5469019171763,0,15.8028118497915
"gene139",13.1710252608694,18.9656626840468,8.51805557852188,71.8309629535978
"gene140",27.6591530478258,9.03126794478417,14.9065972624133,4.30985777721587
"gene141",173.857533443476,260.100516809784,144.806944834872,178.140788124923
"gene142",5.26841010434777,2.70938038343525,2.12951389463047,0
"gene143",0,19.8687894785252,11.7123264204676,5.74647703628782
"gene144",7.90261515652165,0,5.32378473657617,10.0563348135037
"gene145",98.7826894565206,105.665834953975,106.475694731523,163.774595534203
"gene146",13.1710252608694,12.6437751226978,5.32378473657617,4.30985777721587
"gene147",14.4881277869564,21.675043067482,8.51805557852188,24.4225274042233
"gene148",27.6591530478258,36.1250717791367,52.1730904184465,51.7182933265904
"gene149",81.6603566173904,88.5064258588849,51.1083334711313,48.8450548084465
"gene150",19.7565378913041,83.0876650920144,75.5977432593816,37.3521007358709
"gene151",11.8539227347825,0,8.51805557852188,1.43661925907196
"gene152",1.31710252608694,0,4.25902778926094,0
"gene153",0,3.61250717791367,0,8.61971555443174
"gene154",15.8052303130433,19.8687894785252,6.38854168389141,17.2394311088635
"gene155",6.58551263043471,18.9656626840468,11.7123264204676,10.0563348135037
"gene156",18.4394353652172,45.1563397239209,30.8779514721418,12.9295733316476
"gene157",6.58551263043471,18.9656626840468,22.3598958936199,4.30985777721587
"gene158",267.371812795649,167.981583772986,80.9215279959578,178.140788124923
"gene159",11.8539227347825,45.1563397239209,12.7770833677828,25.8591466632952
"gene160",0,0,0,0
"gene161",13.1710252608694,9.03126794478417,14.9065972624133,11.4929540725756
"gene162",23.7078454695649,5.4187607668705,5.32378473657617,5.74647703628782
"gene163",42.1472808347821,43.350086134964,86.245312732534,77.5774399898856
"gene164",21.0736404173911,3.61250717791367,5.32378473657617,14.3661925907196
"gene165",48.7327934652168,3.61250717791367,31.942708419457,27.2957659223672
"gene166",134.344457660868,59.6063684355755,97.9576391530016,76.1408207308137
"gene167",2.63420505217388,5.4187607668705,4.25902778926094,5.74647703628782
"gene168",2.63420505217388,1.80625358895683,10.6475694731523,14.3661925907196
"gene169",5.26841010434777,12.6437751226978,26.6189236828809,2.87323851814391
"gene170",98.7826894565206,57.8001148466187,70.2739585228055,28.7323851814391
"gene171",6.58551263043471,7.22501435582734,6.38854168389141,7.18309629535978
"gene172",578.208008952167,632.188756134892,636.72465449451,518.619552524976
"gene173",69.8064338826079,89.4095526533633,47.9140626291856,43.0985777721587
"gene174",171.223328391302,138.178399555198,51.1083334711313,56.0281511038063
"gene175",9.21971768260859,50.5751004907914,46.8493056818703,87.6337748033893
"gene176",18.4394353652172,2.70938038343525,1.06475694731523,5.74647703628782
"gene177",27.6591530478258,34.3188181901798,48.9788195765008,30.1690044405111
"gene178",1.31710252608694,7.22501435582734,21.2951389463047,5.74647703628782
"gene179",31.6104606260866,25.2875502453957,17.0361111570438,4.30985777721587
"gene180",28.9762555739127,40.6407057515288,51.1083334711313,10.0563348135037
"gene181",0,0,0,8.61971555443174
"gene182",0,3.61250717791367,0,2.87323851814391
"gene183",15.8052303130433,1.80625358895683,0,21.5492888860793
"gene184",9.21971768260859,0,0,1.43661925907196
"gene185",44.781485886956,43.350086134964,17.0361111570438,33.042242958655
"gene186",7.90261515652165,14.4500287116547,11.7123264204676,21.5492888860793
"gene187",1.31710252608694,12.6437751226978,1.06475694731523,2.87323851814391
"gene188",1.31710252608694,1.80625358895683,5.32378473657617,0
"gene189",0,0,2.12951389463047,0
"gene190",0,0,2.12951389463047,0
"gene191",1.31710252608694,0,5.32378473657617,8.61971555443174
"gene192",30.2933580999997,74.0563971472302,47.9140626291856,24.4225274042233
"gene193",0,1.80625358895683,0,0
"gene194",27.6591530478258,12.6437751226978,29.8131945248266,45.9718162903026
"gene195",0,8.12814115030575,31.942708419457,2.87323851814391
"gene196",5.26841010434777,3.61250717791367,2.12951389463047,7.18309629535978
"gene197",14.4881277869564,21.675043067482,15.9713542097285,31.605623699583
"gene198",0,0,0,12.9295733316476
"gene199",17.1223328391302,30.7063110122662,14.9065972624133,53.1549125856624
"gene200",0,28.9000574233093,0,25.8591466632952
"gene201",19.7565378913041,28.9000574233093,9.58281252583711,21.5492888860793
"gene202",322.690118891301,319.70688524536,744.265106173349,837.54902803895
"gene203",28.9762555739127,19.8687894785252,31.942708419457,5.74647703628782
"gene204",96.1484844043467,70.4438899693165,100.087153047632,27.2957659223672
"gene205",69.8064338826079,48.7688469018345,34.0722223140875,41.6619585130867
"gene206",9.21971768260859,14.4500287116547,5.32378473657617,24.4225274042233
"gene207",11.8539227347825,24.3844234509173,20.2303819989895,15.8028118497915
"gene208",31.6104606260866,2.70938038343525,27.6836806301961,17.2394311088635
"gene209",25.0249479956519,16.2562823006115,15.9713542097285,17.2394311088635
"gene210",47.4156909391299,36.1250717791367,29.8131945248266,20.1126696270074
"gene211",10.5368202086955,2.70938038343525,10.6475694731523,5.74647703628782
"gene212",56.6354086217385,54.187607668705,9.58281252583711,80.4506785080296
"gene213",68.4893313565209,18.9656626840468,15.9713542097285,25.8591466632952
"gene214",39.5130757826082,149.919047883417,159.713542097285,152.281641461627
"gene215",517.621292752168,818.232875797446,431.22656366267,520.056171784048
"gene216",0,0,2.12951389463047,1.43661925907196
"gene217",0,7.22501435582734,2.12951389463047,1.43661925907196
"gene218",0,7.22501435582734,4.25902778926094,0
"gene219",122.490534926086,133.662765582806,185.267708832851,153.718260720699
"gene220",67.172228830434,61.4126220245324,47.9140626291856,54.5915318447343
"gene221",17.1223328391302,29.8031842177878,72.4034724174359,44.5351970312306
"gene222",14.4881277869564,24.3844234509173,38.3312501033484,7.18309629535978
"gene223",63.2209212521732,116.503356487716,52.1730904184465,21.5492888860793
"gene224",5.26841010434777,0,0,0
"gene225",79.0261515652165,116.503356487716,14.9065972624133,120.676017762044
"gene226",52.6841010434777,50.5751004907914,119.252778099306,30.1690044405111
"gene227",3.95130757826082,7.22501435582734,21.2951389463047,0
"gene228",6.58551263043471,18.9656626840468,2.12951389463047,10.0563348135037
"gene229",26.3420505217388,10.837521533741,46.8493056818703,10.0563348135037
"gene230",40.8301783086952,74.0563971472302,79.8567710486426,74.7042014717417
"gene231",72.4406389347818,48.7688469018345,55.3673612603922,51.7182933265904
"gene232",38.1959732565213,7.22501435582734,43.6550348399246,38.7887199949428
"gene233",50.0498959913038,40.6407057515288,22.3598958936199,54.5915318447343
"gene234",30.2933580999997,55.9938612576619,37.2664931560332,40.2253392540148
"gene235",3.95130757826082,18.0625358895683,6.38854168389141,17.2394311088635
"gene236",7.90261515652165,9.03126794478417,20.2303819989895,8.61971555443174
"gene237",32.9275631521735,121.018990460108,101.151909994947,47.4084355493746
"gene238",312.153298682605,254.681756042914,189.526736622112,159.464737756987
"gene239",5.26841010434777,3.61250717791367,0,1.43661925907196
"gene240",11.8539227347825,0,10.6475694731523,14.3661925907196
"gene241",13.1710252608694,3.61250717791367,6.38854168389141,0
"gene242",96.1484844043467,180.625358895683,214.016146410362,182.450645902138
"gene243",102.733997034781,61.4126220245324,42.5902778926094,35.9154814767989
"gene244",147.515482921737,213.137923496906,155.454514308024,86.1971555443174
"gene245",0,8.12814115030575,1.06475694731523,0
"gene246",6.58551263043471,0,2.12951389463047,5.74647703628782
"gene247",3.95130757826082,13.5469019171763,4.25902778926094,7.18309629535978
"gene248",5.26841010434777,0,1.06475694731523,1.43661925907196
"gene249",14.4881277869564,18.9656626840468,34.0722223140875,28.7323851814391
"gene250",11.8539227347825,1.80625358895683,2.12951389463047,22.9859081451513
"gene251",9.21971768260859,25.2875502453957,19.1656250516742,18.6760503679354
"gene252",14.4881277869564,1.80625358895683,8.51805557852188,7.18309629535978
"gene253",54.0012035695646,19.8687894785252,30.8779514721418,48.8450548084465
"gene254",13.1710252608694,27.0938038343525,38.3312501033484,22.9859081451513
"gene255",54.0012035695646,25.2875502453957,31.942708419457,68.9577244354539
"gene256",0,0,0,0
"gene257",23.7078454695649,9.03126794478417,10.6475694731523,12.9295733316476
"gene258",18.4394353652172,5.4187607668705,25.5541667355656,14.3661925907196
"gene259",5.26841010434777,1.80625358895683,11.7123264204676,14.3661925907196
"gene260",26.3420505217388,37.9313253680935,11.7123264204676,1.43661925907196
"gene261",13.1710252608694,54.187607668705,42.5902778926094,2.87323851814391
"gene262",13.1710252608694,3.61250717791367,6.38854168389141,11.4929540725756
"gene263",138.295765239129,65.025129202446,107.540451678839,173.830930347707
"gene264",14.4881277869564,54.187607668705,41.5255209452941,43.0985777721587
"gene265",96.1484844043467,126.437751226978,207.627604726471,209.746411824506
"gene266",30.2933580999997,2.70938038343525,38.3312501033484,37.3521007358709
"gene267",10.5368202086955,18.9656626840468,5.32378473657617,2.87323851814391
"gene268",10.5368202086955,9.03126794478417,0,7.18309629535978
"gene269",13.1710252608694,21.675043067482,30.8779514721418,18.6760503679354
"gene270",14.4881277869564,30.7063110122662,20.2303819989895,31.605623699583
"gene271",18.4394353652172,12.6437751226978,44.7197917872398,14.3661925907196
"gene272",23.7078454695649,55.9938612576619,12.7770833677828,25.8591466632952
"gene273",60.5867161999993,62.3157488190108,76.6625002066969,74.7042014717417
"gene274",0,0,1.06475694731523,0
"gene275",3.95130757826082,1.80625358895683,6.38854168389141,0
"gene276",3.95130757826082,1.80625358895683,0,1.43661925907196
"gene277",30.2933580999997,36.1250717791367,31.942708419457,57.4647703628782
"gene278",3.95130757826082,29.8031842177878,1.06475694731523,5.74647703628782
"gene279",43.4643833608691,61.4126220245324,23.4246528409352,10.0563348135037
"gene280",2.63420505217388,1.80625358895683,11.7123264204676,24.4225274042233
"gene281",18.4394353652172,48.7688469018345,63.8854168389141,34.4788622177269
"gene282",23.7078454695649,7.22501435582734,17.0361111570438,30.1690044405111
"gene283",64.5380237782601,30.7063110122662,114.993750310045,24.4225274042233
"gene284",60.5867161999993,28.9000574233093,23.4246528409352,20.1126696270074
"gene285",1.31710252608694,13.5469019171763,4.25902778926094,0
"gene286",27.6591530478258,18.9656626840468,2.12951389463047,31.605623699583
"gene287",1.31710252608694,18.0625358895683,1.06475694731523,20.1126696270074
"gene288",0,0,4.25902778926094,0
"gene289",13.1710252608694,7.22501435582734,1.06475694731523,8.61971555443174
"gene290",50.0498959913038,66.8313827914029,44.7197917872398,54.5915318447343
"gene291",0,5.4187607668705,11.7123264204676,4.30985777721587
"gene292",0,0,2.12951389463047,0
"gene293",14.4881277869564,12.6437751226978,17.0361111570438,12.9295733316476
"gene294",42.1472808347821,24.3844234509173,25.5541667355656,20.1126696270074
"gene295",35.5617682043474,66.8313827914029,33.0074653667723,53.1549125856624
"gene296",61.9038187260862,57.8001148466187,73.4682293647512,79.0140592489576
"gene297",35.5617682043474,62.3157488190108,75.5977432593816,54.5915318447343
"gene298",3.95130757826082,1.80625358895683,1.06475694731523,1.43661925907196
"gene299",77.7090490391295,90.3126794478417,111.7994794681,87.6337748033893
"gene300",34.2446656782605,16.2562823006115,29.8131945248266,5.74647703628782
"gene301",326.641426469561,207.719162730036,335.398438404299,528.67588733848
"gene302",774.456285339121,415.438325460072,664.408335124706,843.295505075238
"gene303",250.249479956519,279.066179493831,324.750868931146,225.549223674297
"gene304",3.95130757826082,8.12814115030575,14.9065972624133,43.0985777721587
"gene305",14.4881277869564,24.3844234509173,2.12951389463047,18.6760503679354
"gene306",113.270817243477,182.43161248464,257.671181250287,159.464737756987
"gene307",2.63420505217388,7.22501435582734,43.6550348399246,17.2394311088635
"gene308",272.640222899997,409.116437898723,146.936458729502,551.661795483631
"gene309",63.2209212521732,19.8687894785252,25.5541667355656,66.08448591731
"gene310",17.1223328391302,16.2562823006115,4.25902778926094,24.4225274042233
"gene311",32.9275631521735,5.4187607668705,1.06475694731523,2.87323851814391
"gene312",84.2945616695642,158.950315828201,96.8928822056863,74.7042014717417
"gene313",252.883685008693,154.434681855809,242.764583987873,301.690044405111
"gene314",18.4394353652172,9.03126794478417,2.12951389463047,8.61971555443174
"gene315",15.8052303130433,12.6437751226978,10.6475694731523,20.1126696270074
"gene316",56.6354086217385,56.8969880521403,33.0074653667723,37.3521007358709
"gene317",31.6104606260866,24.3844234509173,68.144444628175,54.5915318447343
"gene318",34.2446656782605,5.4187607668705,75.5977432593816,41.6619585130867
"gene319",23.7078454695649,74.0563971472302,42.5902778926094,50.2816740675185
"gene320",79.0261515652165,62.3157488190108,76.6625002066969,41.6619585130867
"gene321",22.390742943478,7.22501435582734,8.51805557852188,27.2957659223672
"gene322",13.1710252608694,24.3844234509173,11.7123264204676,11.4929540725756
"gene323",7.90261515652165,19.8687894785252,6.38854168389141,7.18309629535978
"gene324",22.390742943478,18.9656626840468,31.942708419457,40.2253392540148
"gene325",189.66276375652,322.416265628795,320.491841141886,251.408370337592
"gene326",0,19.8687894785252,2.12951389463047,12.9295733316476
"gene327",0,19.8687894785252,21.2951389463047,1.43661925907196
"gene328",0,5.4187607668705,0,0
"gene329",57.9525111478254,34.3188181901798,48.9788195765008,22.9859081451513
"gene330",48.7327934652168,32.512564601223,53.2378473657617,30.1690044405111
"gene331",75.0748439869557,121.922117254586,57.4968751550227,71.8309629535978
"gene332",0,13.5469019171763,4.25902778926094,24.4225274042233
"gene333",17.1223328391302,5.4187607668705,1.06475694731523,0
"gene334",226.541634486954,75.862650736187,185.267708832851,225.549223674297
"gene335",5.26841010434777,2.70938038343525,10.6475694731523,37.3521007358709
"gene336",7.90261515652165,13.5469019171763,0,21.5492888860793
"gene337",1.31710252608694,10.837521533741,0,4.30985777721587
"gene338",82.9774591434773,59.6063684355755,112.864236415415,28.7323851814391
"gene339",110.636612191303,67.7345095858813,48.9788195765008,124.98587553926
"gene340",3.95130757826082,2.70938038343525,4.25902778926094,8.61971555443174
"gene341",13.1710252608694,0,1.06475694731523,4.30985777721587
"gene342",39.5130757826082,27.0938038343525,53.2378473657617,34.4788622177269
"gene343",1.31710252608694,0,0,0
"gene344",3.95130757826082,27.0938038343525,2.12951389463047,21.5492888860793
"gene345",0,7.22501435582734,0,4.30985777721587
"gene346",5.26841010434777,7.22501435582734,0,22.9859081451513
"gene347",50.0498959913038,105.665834953975,155.454514308024,33.042242958655
"gene348",22.390742943478,14.4500287116547,37.2664931560332,22.9859081451513
"gene349",13.1710252608694,18.9656626840468,10.6475694731523,50.2816740675185
"gene350",15.8052303130433,36.1250717791367,15.9713542097285,40.2253392540148
"gene351",23.7078454695649,18.0625358895683,34.0722223140875,38.7887199949428
"gene352",14.4881277869564,9.03126794478417,0,0
"gene353",28.9762555739127,32.512564601223,42.5902778926094,15.8028118497915
"gene354",6.58551263043471,1.80625358895683,12.7770833677828,22.9859081451513
"gene355",18.4394353652172,67.7345095858813,22.3598958936199,57.4647703628782
"gene356",5.26841010434777,5.4187607668705,17.0361111570438,14.3661925907196
"gene357",50.0498959913038,5.4187607668705,11.7123264204676,12.9295733316476
"gene358",7.90261515652165,10.837521533741,15.9713542097285,0
"gene359",32.9275631521735,10.837521533741,27.6836806301961,17.2394311088635
"gene360",34.2446656782605,14.4500287116547,43.6550348399246,15.8028118497915
"gene361",3.95130757826082,5.4187607668705,0,2.87323851814391
"gene362",50.0498959913038,46.0594665183993,61.7559029442836,40.2253392540148
"gene363",0,3.61250717791367,0,15.8028118497915
"gene364",55.3183060956515,35.2219449846583,10.6475694731523,56.0281511038063
"gene365",13.1710252608694,2.70938038343525,12.7770833677828,14.3661925907196
"gene366",81.6603566173904,88.5064258588849,83.0510418905883,80.4506785080296
"gene367",13.1710252608694,13.5469019171763,15.9713542097285,30.1690044405111
"gene368",2.63420505217388,3.61250717791367,10.6475694731523,15.8028118497915
"gene369",194.931173860867,214.944177085863,53.2378473657617,77.5774399898856
"gene370",0,0,10.6475694731523,0
"gene371",1.31710252608694,2.70938038343525,0,15.8028118497915
"gene372",25.0249479956519,12.6437751226978,9.58281252583711,33.042242958655
"gene373",11.8539227347825,0,17.0361111570438,4.30985777721587
"gene374",18.4394353652172,14.4500287116547,11.7123264204676,0
"gene375",9.21971768260859,1.80625358895683,4.25902778926094,1.43661925907196
"gene376",131.710252608694,113.793976104281,288.549132722429,203.999934788218
"gene377",77.7090490391295,45.1563397239209,42.5902778926094,38.7887199949428
"gene378",18.4394353652172,5.4187607668705,15.9713542097285,0
"gene379",14.4881277869564,0,4.25902778926094,0
"gene380",25.0249479956519,67.7345095858813,23.4246528409352,28.7323851814391
"gene381",22.390742943478,62.3157488190108,73.4682293647512,37.3521007358709
"gene382",0,0,10.6475694731523,0
"gene383",19.7565378913041,16.2562823006115,27.6836806301961,45.9718162903026
"gene384",0,0,0,0
"gene385",10.5368202086955,5.4187607668705,8.51805557852188,4.30985777721587
"gene386",39.5130757826082,59.6063684355755,42.5902778926094,67.5211051763819
"gene387",17.1223328391302,35.2219449846583,30.8779514721418,21.5492888860793
"gene388",60.5867161999993,21.675043067482,40.4607639979789,25.8591466632952
"gene389",0,0,0,0
"gene390",1.31710252608694,24.3844234509173,8.51805557852188,12.9295733316476
"gene391",17.1223328391302,78.5720311196223,37.2664931560332,58.9013896219502
"gene392",14.4881277869564,7.22501435582734,2.12951389463047,5.74647703628782
"gene393",13.1710252608694,0,2.12951389463047,11.4929540725756
"gene394",10.5368202086955,5.4187607668705,12.7770833677828,22.9859081451513
"gene395",59.2696136739124,50.5751004907914,38.3312501033484,25.8591466632952
"gene396",60.5867161999993,30.7063110122662,36.201736208718,76.1408207308137
"gene397",32.9275631521735,41.5438325460072,63.8854168389141,70.3943436945259
"gene398",43.4643833608691,74.0563971472302,17.0361111570438,117.8027792439
"gene399",25.0249479956519,10.837521533741,8.51805557852188,12.9295733316476
"gene400",6.58551263043471,2.70938038343525,4.25902778926094,1.43661925907196
"gene401",148.832585447824,160.756569417158,73.4682293647512,156.591499238843
"gene402",7.90261515652165,23.4812966564388,17.0361111570438,10.0563348135037
"gene403",18.4394353652172,27.0938038343525,11.7123264204676,5.74647703628782
"gene404",114.587919769564,28.9000574233093,25.5541667355656,24.4225274042233
"gene405",3.95130757826082,0,1.06475694731523,1.43661925907196
"gene406",47.4156909391299,21.675043067482,72.4034724174359,31.605623699583
"gene407",65.8551263043471,59.6063684355755,29.8131945248266,27.2957659223672
"gene408",0,5.4187607668705,0,0
"gene409",7.90261515652165,3.61250717791367,10.6475694731523,33.042242958655
"gene410",92.1971768260859,79.4751579141007,118.188021151991,80.4506785080296
"gene411",64.5380237782601,88.5064258588849,186.332465780166,77.5774399898856
"gene412",11.8539227347825,9.03126794478417,10.6475694731523,5.74647703628782
"gene413",7.90261515652165,18.9656626840468,19.1656250516742,7.18309629535978
"gene414",26.3420505217388,13.5469019171763,12.7770833677828,35.9154814767989
"gene415",3.95130757826082,7.22501435582734,0,1.43661925907196
"gene416",71.1235364086948,43.350086134964,31.942708419457,51.7182933265904
"gene417",54.0012035695646,43.350086134964,57.4968751550227,68.9577244354539
"gene418",44.781485886956,39.7375789570504,46.8493056818703,20.1126696270074
"gene419",1.31710252608694,0,0,0
"gene420",5.26841010434777,12.6437751226978,9.58281252583711,28.7323851814391
"gene421",17.1223328391302,43.350086134964,15.9713542097285,10.0563348135037
"gene422",5.26841010434777,21.675043067482,6.38854168389141,11.4929540725756
"gene423",6.58551263043471,1.80625358895683,4.25902778926094,1.43661925907196
"gene424",26.3420505217388,13.5469019171763,0,25.8591466632952
"gene425",90.880074299999,50.5751004907914,104.346180836893,99.126728875965
"gene426",2.63420505217388,0,4.25902778926094,0
"gene427",39.5130757826082,46.0594665183993,61.7559029442836,45.9718162903026
"gene428",177.808841021737,301.644349355791,278.966320196591,285.887232555319
"gene429",184.394353652172,119.212736871151,55.3673612603922,97.690109616893
"gene430",2.63420505217388,41.5438325460072,1.06475694731523,0
"gene431",13.1710252608694,2.70938038343525,0,8.61971555443174
"gene432",101.416894508694,83.9907918864928,15.9713542097285,51.7182933265904
"gene433",35.5617682043474,52.3813540797482,48.9788195765008,119.239398502972
"gene434",1.31710252608694,2.70938038343525,8.51805557852188,10.0563348135037
"gene435",3.95130757826082,3.61250717791367,1.06475694731523,15.8028118497915
"gene436",102.733997034781,160.756569417158,37.2664931560332,116.366159984828
"gene437",51.3669985173907,28.9000574233093,21.2951389463047,50.2816740675185
"gene438",10.5368202086955,39.7375789570504,27.6836806301961,56.0281511038063
"gene439",10.5368202086955,1.80625358895683,17.0361111570438,2.87323851814391
"gene440",51.3669985173907,97.537693803669,66.0149307335445,45.9718162903026
"gene441",17.1223328391302,9.03126794478417,42.5902778926094,15.8028118497915
"gene442",372.740014882604,514.782272852698,391.830556612006,238.478797005945
"gene443",5.26841010434777,21.675043067482,27.6836806301961,7.18309629535978
"gene444",7.90261515652165,7.22501435582734,6.38854168389141,10.0563348135037
"gene445",0,1.80625358895683,0,2.87323851814391
"gene446",570.305393795646,723.404562377212,718.710939437783,728.365964349482
"gene447",40.8301783086952,43.350086134964,54.302604313077,139.35206812998
"gene448",0,1.80625358895683,8.51805557852188,7.18309629535978
"gene449",35.5617682043474,59.6063684355755,72.4034724174359,71.8309629535978
"gene450",1.31710252608694,0,21.2951389463047,17.2394311088635
"gene451",63.2209212521732,30.7063110122662,143.742187887557,34.4788622177269
"gene452",55.3183060956515,75.862650736187,66.0149307335445,51.7182933265904
"gene453",5.26841010434777,7.22501435582734,14.9065972624133,21.5492888860793
"gene454",22.390742943478,35.2219449846583,41.5255209452941,4.30985777721587
"gene455",39.5130757826082,67.7345095858813,36.201736208718,21.5492888860793
"gene456",3.95130757826082,2.70938038343525,9.58281252583711,1.43661925907196
"gene457",2.63420505217388,7.22501435582734,55.3673612603922,21.5492888860793
"gene458",48.7327934652168,19.8687894785252,51.1083334711313,24.4225274042233
"gene459",30.2933580999997,48.7688469018345,64.9501737862293,74.7042014717417
"gene460",3.95130757826082,2.70938038343525,23.4246528409352,5.74647703628782
"gene461",156.735200604346,89.4095526533633,163.972569886546,119.239398502972
"gene462",48.7327934652168,18.9656626840468,23.4246528409352,44.5351970312306
"gene463",13.1710252608694,9.03126794478417,2.12951389463047,10.0563348135037
"gene464",75.0748439869557,48.7688469018345,55.3673612603922,87.6337748033893
"gene465",22.390742943478,10.837521533741,29.8131945248266,14.3661925907196
"gene466",104.051099560868,90.3126794478417,86.245312732534,51.7182933265904
"gene467",55.3183060956515,27.0938038343525,2.12951389463047,5.74647703628782
"gene468",0,8.12814115030575,30.8779514721418,20.1126696270074
"gene469",47.4156909391299,50.5751004907914,59.6263890496531,51.7182933265904
"gene470",105.368202086955,45.1563397239209,59.6263890496531,43.0985777721587
"gene471",0,0,0,11.4929540725756
"gene472",165.954918286955,61.4126220245324,90.5043405217949,158.028118497915
"gene473",6.58551263043471,2.70938038343525,2.12951389463047,4.30985777721587
"gene474",35.5617682043474,12.6437751226978,30.8779514721418,24.4225274042233
"gene475",0,16.2562823006115,5.32378473657617,1.43661925907196
"gene476",0,19.8687894785252,0,0
"gene477",15.8052303130433,2.70938038343525,40.4607639979789,14.3661925907196
"gene478",15.8052303130433,28.9000574233093,21.2951389463047,34.4788622177269
"gene479",46.0985884130429,29.8031842177878,37.2664931560332,20.1126696270074
"gene480",38.1959732565213,133.662765582806,62.8206598915988,58.9013896219502
"gene481",43.4643833608691,7.22501435582734,25.5541667355656,45.9718162903026
"gene482",23.7078454695649,78.5720311196223,163.972569886546,67.5211051763819
"gene483",6.58551263043471,0,22.3598958936199,0
"gene484",13.1710252608694,24.3844234509173,41.5255209452941,10.0563348135037
"gene485",171.223328391302,68.6376363803597,64.9501737862293,35.9154814767989
"gene486",13.1710252608694,12.6437751226978,4.25902778926094,1.43661925907196
"gene487",36.8788707304344,113.793976104281,31.942708419457,37.3521007358709
"gene488",5.26841010434777,10.837521533741,0,7.18309629535978
"gene489",3.95130757826082,1.80625358895683,0,0
"gene490",98.7826894565206,94.8283134202338,110.734722520784,100.563348135037
"gene491",21.0736404173911,7.22501435582734,31.942708419457,14.3661925907196
"gene492",35.5617682043474,27.0938038343525,48.9788195765008,21.5492888860793
"gene493",2.63420505217388,7.22501435582734,58.5616321023379,12.9295733316476
"gene494",5.26841010434777,0,1.06475694731523,8.61971555443174
"gene495",7.90261515652165,8.12814115030575,2.12951389463047,10.0563348135037
"gene496",7.90261515652165,63.2188756134892,25.5541667355656,33.042242958655
"gene497",193.61407133478,200.494148374209,97.9576391530016,106.309825171325
"gene498",7.90261515652165,2.70938038343525,5.32378473657617,12.9295733316476
"gene499",50.0498959913038,51.4782272852698,37.2664931560332,48.8450548084465
"gene500",27.6591530478258,27.0938038343525,33.0074653667723,24.4225274042233
"gene501",81.6603566173904,19.8687894785252,41.5255209452941,79.0140592489576
"gene502",31.6104606260866,5.4187607668705,2.12951389463047,0
"gene503",5.26841010434777,1.80625358895683,12.7770833677828,35.9154814767989
"gene504",48.7327934652168,46.9625933128777,68.144444628175,12.9295733316476
"gene505",44.781485886956,51.4782272852698,22.3598958936199,50.2816740675185
"gene506",7.90261515652165,13.5469019171763,19.1656250516742,15.8028118497915
"gene507",38.1959732565213,50.5751004907914,19.1656250516742,35.9154814767989
"gene508",43.4643833608691,30.7063110122662,40.4607639979789,47.4084355493746
"gene509",7.90261515652165,23.4812966564388,10.6475694731523,0
"gene510",35.5617682043474,65.025129202446,114.993750310045,43.0985777721587
"gene511",1.31710252608694,3.61250717791367,0,4.30985777721587
"gene512",2.63420505217388,0,1.06475694731523,18.6760503679354
"gene513",0,1.80625358895683,8.51805557852188,12.9295733316476
"gene514",177.808841021737,303.450602944748,185.267708832851,182.450645902138
"gene515",140.929970291303,72.2501435582734,85.1805557852188,100.563348135037
"gene516",0,0,0,0
"gene517",6.58551263043471,0,6.38854168389141,12.9295733316476
"gene518",3.95130757826082,12.6437751226978,4.25902778926094,0
"gene519",213.370609226084,28.9000574233093,85.1805557852188,133.605591093692
"gene520",0,0,1.06475694731523,5.74647703628782
"gene521",86.9287667217381,81.2814115030575,38.3312501033484,80.4506785080296
"gene522",40.8301783086952,14.4500287116547,12.7770833677828,12.9295733316476
"gene523",35.5617682043474,46.9625933128777,22.3598958936199,24.4225274042233
"gene524",82.9774591434773,138.178399555198,106.475694731523,106.309825171325
"gene525",15.8052303130433,35.2219449846583,41.5255209452941,15.8028118497915
"gene526",17.1223328391302,23.4812966564388,19.1656250516742,1.43661925907196
"gene527",40.8301783086952,70.4438899693165,26.6189236828809,100.563348135037
"gene528",1.31710252608694,25.2875502453957,0,0
"gene529",23.7078454695649,8.12814115030575,10.6475694731523,34.4788622177269
"gene530",9.21971768260859,7.22501435582734,5.32378473657617,12.9295733316476
"gene531",32.9275631521735,34.3188181901798,20.2303819989895,43.0985777721587
"gene532",67.172228830434,70.4438899693165,33.0074653667723,90.5070133215332
"gene533",54.0012035695646,35.2219449846583,127.770833677828,31.605623699583
"gene534",403.033372982604,235.716093358867,126.706076730513,135.042210352764
"gene535",0,0,0,0
"gene536",6.58551263043471,2.70938038343525,9.58281252583711,21.5492888860793
"gene537",14.4881277869564,19.8687894785252,15.9713542097285,66.08448591731
"gene538",252.883685008693,198.687894785252,73.4682293647512,145.098545166268
"gene539",0,2.70938038343525,1.06475694731523,0
"gene540",19.7565378913041,21.675043067482,38.3312501033484,100.563348135037
"gene541",134.344457660868,27.0938038343525,61.7559029442836,90.5070133215332
"gene542",61.9038187260862,46.0594665183993,29.8131945248266,41.6619585130867
"gene543",59.2696136739124,66.8313827914029,37.2664931560332,50.2816740675185
"gene544",18.4394353652172,14.4500287116547,11.7123264204676,21.5492888860793
"gene545",71.1235364086948,39.7375789570504,110.734722520784,71.8309629535978
"gene546",108.002407139129,92.1189330367986,144.806944834872,160.901357016059
"gene547",3.95130757826082,0,0,0
"gene548",0,0,0,1.43661925907196
"gene549",22.390742943478,29.8031842177878,31.942708419457,31.605623699583
"gene550",43.4643833608691,204.106655552122,139.483160098296,61.7746281400941
"gene551",23.7078454695649,24.3844234509173,38.3312501033484,28.7323851814391
"gene552",64.5380237782601,51.4782272852698,9.58281252583711,57.4647703628782
"gene553",291.079658265214,166.175330184029,151.195486518763,275.830897741816
"gene554",60.5867161999993,14.4500287116547,31.942708419457,14.3661925907196
"gene555",11.8539227347825,5.4187607668705,14.9065972624133,5.74647703628782
"gene556",3.95130757826082,9.03126794478417,22.3598958936199,21.5492888860793
"gene557",100.099791982608,72.2501435582734,29.8131945248266,60.3380088810222
"gene558",17.1223328391302,29.8031842177878,33.0074653667723,8.61971555443174
"gene559",40.8301783086952,101.150200981583,33.0074653667723,40.2253392540148
"gene560",38.1959732565213,18.0625358895683,17.0361111570438,25.8591466632952
"gene561",82.9774591434773,177.01285171777,166.102083781177,117.8027792439
"gene562",30.2933580999997,68.6376363803597,41.5255209452941,56.0281511038063
"gene563",14.4881277869564,34.3188181901798,37.2664931560332,81.8872977671015
"gene564",43.4643833608691,23.4812966564388,37.2664931560332,14.3661925907196
"gene565",2.63420505217388,0,0,1.43661925907196
"gene566",5.26841010434777,28.9000574233093,34.0722223140875,51.7182933265904
"gene567",11.8539227347825,5.4187607668705,9.58281252583711,15.8028118497915
"gene568",0,1.80625358895683,8.51805557852188,8.61971555443174
"gene569",0,8.12814115030575,12.7770833677828,4.30985777721587
"gene570",154.100995552172,498.525990552086,210.821875568416,146.53516442534
"gene571",90.880074299999,45.1563397239209,37.2664931560332,43.0985777721587
"gene572",19.7565378913041,24.3844234509173,12.7770833677828,64.647866658238
"gene573",18.4394353652172,29.8031842177878,22.3598958936199,30.1690044405111
"gene574",322.690118891301,99.3439473926259,171.425868517753,183.88726516121
"gene575",18.4394353652172,13.5469019171763,15.9713542097285,20.1126696270074
"gene576",0,3.61250717791367,1.06475694731523,1.43661925907196
"gene577",126.441842504346,146.306540705504,108.605208626154,159.464737756987
"gene578",35.5617682043474,52.3813540797482,40.4607639979789,71.8309629535978
"gene579",38.1959732565213,3.61250717791367,12.7770833677828,1.43661925907196
"gene580",453.083268973908,180.625358895683,195.915278306003,380.704103654068
"gene581",21.0736404173911,16.2562823006115,14.9065972624133,30.1690044405111
"gene582",28.9762555739127,45.1563397239209,26.6189236828809,71.8309629535978
"gene583",19.7565378913041,12.6437751226978,19.1656250516742,14.3661925907196
"gene584",54.0012035695646,39.7375789570504,47.9140626291856,70.3943436945259
"gene585",11.8539227347825,8.12814115030575,2.12951389463047,21.5492888860793
"gene586",11.8539227347825,30.7063110122662,19.1656250516742,30.1690044405111
"gene587",194.931173860867,205.912909141079,144.806944834872,231.295700710585
"gene588",35.5617682043474,16.2562823006115,12.7770833677828,18.6760503679354
"gene589",50.0498959913038,70.4438899693165,53.2378473657617,89.0703940624613
"gene590",15.8052303130433,18.0625358895683,9.58281252583711,10.0563348135037
"gene591",11.8539227347825,67.7345095858813,33.0074653667723,21.5492888860793
"gene592",2.63420505217388,9.03126794478417,5.32378473657617,5.74647703628782
"gene593",134.344457660868,65.025129202446,114.993750310045,130.732352575548
"gene594",115.905022295651,155.337808650288,75.5977432593816,109.183063689469
"gene595",18.4394353652172,43.350086134964,38.3312501033484,25.8591466632952
"gene596",7.90261515652165,18.9656626840468,8.51805557852188,30.1690044405111
"gene597",13.1710252608694,35.2219449846583,21.2951389463047,0
"gene598",31.6104606260866,12.6437751226978,11.7123264204676,30.1690044405111
"gene599",21.0736404173911,8.12814115030575,5.32378473657617,25.8591466632952
"gene600",18.4394353652172,14.4500287116547,10.6475694731523,5.74647703628782
"gene601",1.31710252608694,2.70938038343525,5.32378473657617,2.87323851814391
"gene602",32.9275631521735,29.8031842177878,40.4607639979789,76.1408207308137
"gene603",0,0,0,4.30985777721587
"gene604",3.95130757826082,5.4187607668705,5.32378473657617,8.61971555443174
"gene605",3.95130757826082,1.80625358895683,0,0
"gene606",48.7327934652168,70.4438899693165,93.6986113637406,40.2253392540148
"gene607",25.0249479956519,67.7345095858813,31.942708419457,56.0281511038063
"gene608",85.6116641956512,106.568961748453,70.2739585228055,109.183063689469
"gene609",15.8052303130433,18.9656626840468,8.51805557852188,8.61971555443174
"gene610",69.8064338826079,21.675043067482,59.6263890496531,74.7042014717417
"gene611",2.63420505217388,0,19.1656250516742,20.1126696270074
"gene612",44.781485886956,52.3813540797482,52.1730904184465,15.8028118497915
"gene613",14.4881277869564,57.8001148466187,33.0074653667723,84.7605362852454
"gene614",47.4156909391299,21.675043067482,14.9065972624133,22.9859081451513
"gene615",17.1223328391302,57.8001148466187,11.7123264204676,17.2394311088635
"gene616",167.272020813042,159.85344262268,95.8281252583711,124.98587553926
"gene617",7.90261515652165,3.61250717791367,9.58281252583711,2.87323851814391
"gene618",52.6841010434777,41.5438325460072,78.7920141013274,24.4225274042233
"gene619",0,3.61250717791367,17.0361111570438,18.6760503679354
"gene620",1.31710252608694,10.837521533741,11.7123264204676,10.0563348135037
"gene621",7.90261515652165,13.5469019171763,2.12951389463047,11.4929540725756
"gene622",0,1.80625358895683,0,0
"gene623",15.8052303130433,23.4812966564388,5.32378473657617,0
"gene624",64.5380237782601,19.8687894785252,30.8779514721418,35.9154814767989
"gene625",752.065542395644,348.606942668669,798.567710486426,557.408272519919
"gene626",5.26841010434777,1.80625358895683,17.0361111570438,1.43661925907196
"gene627",56.6354086217385,24.3844234509173,61.7559029442836,76.1408207308137
"gene628",22.390742943478,10.837521533741,15.9713542097285,2.87323851814391
"gene629",25.0249479956519,8.12814115030575,26.6189236828809,34.4788622177269
"gene630",17.1223328391302,3.61250717791367,11.7123264204676,35.9154814767989
"gene631",2.63420505217388,32.512564601223,9.58281252583711,8.61971555443174
"gene632",9.21971768260859,5.4187607668705,34.0722223140875,12.9295733316476
"gene633",44.781485886956,83.0876650920144,62.8206598915988,91.9436325806052
"gene634",136.978662713042,122.825244049065,96.8928822056863,63.2112473991661
"gene635",23.7078454695649,39.7375789570504,11.7123264204676,2.87323851814391
"gene636",19.7565378913041,14.4500287116547,8.51805557852188,17.2394311088635
"gene637",156.735200604346,175.206598128813,306.650000826788,225.549223674297
"gene638",81.6603566173904,24.3844234509173,31.942708419457,28.7323851814391
"gene639",15.8052303130433,3.61250717791367,8.51805557852188,5.74647703628782
"gene640",42.1472808347821,21.675043067482,30.8779514721418,28.7323851814391
"gene641",94.8313818782598,155.337808650288,176.749653254329,126.422494798332
"gene642",10.5368202086955,12.6437751226978,17.0361111570438,5.74647703628782
"gene643",7.90261515652165,12.6437751226978,12.7770833677828,2.87323851814391
"gene644",0,2.70938038343525,0,2.87323851814391
"gene645",1.31710252608694,13.5469019171763,37.2664931560332,14.3661925907196
"gene646",56.6354086217385,27.0938038343525,34.0722223140875,57.4647703628782
"gene647",121.173432399999,128.244004815935,137.353646203665,196.816838492858
"gene648",10.5368202086955,18.9656626840468,4.25902778926094,0
"gene649",538.694933169559,493.107229785216,275.772049354646,453.971685866738
"gene650",0,0,0,0
"gene651",7.90261515652165,2.70938038343525,0,17.2394311088635
"gene652",46.0985884130429,88.5064258588849,66.0149307335445,10.0563348135037
"gene653",40.8301783086952,16.2562823006115,62.8206598915988,116.366159984828
"gene654",22.390742943478,18.9656626840468,8.51805557852188,0
"gene655",0,1.80625358895683,0,0
"gene656",76.3919465130426,39.7375789570504,36.201736208718,30.1690044405111
"gene657",529.47521548695,583.419909233057,251.282639566395,337.60552588191
"gene658",3.95130757826082,12.6437751226978,38.3312501033484,10.0563348135037
"gene659",26.3420505217388,3.61250717791367,55.3673612603922,18.6760503679354
"gene660",50.0498959913038,23.4812966564388,37.2664931560332,76.1408207308137
"gene661",5.26841010434777,0,8.51805557852188,5.74647703628782
"gene662",0,0,2.12951389463047,0
"gene663",3.95130757826082,36.1250717791367,8.51805557852188,2.87323851814391
"gene664",109.319509665216,73.1532703527518,55.3673612603922,109.183063689469
"gene665",36.8788707304344,39.7375789570504,14.9065972624133,33.042242958655
"gene666",5.26841010434777,0,1.06475694731523,2.87323851814391
"gene667",0,1.80625358895683,17.0361111570438,2.87323851814391
"gene668",1.31710252608694,0,0,2.87323851814391
"gene669",633.526315047819,663.798193941637,395.024827453952,385.013961431284
"gene670",38.1959732565213,63.2188756134892,34.0722223140875,28.7323851814391
"gene671",140.929970291303,144.500287116547,90.5043405217949,145.098545166268
"gene672",0,0,0,0
"gene673",2.63420505217388,2.70938038343525,14.9065972624133,0
"gene674",9.21971768260859,73.1532703527518,37.2664931560332,47.4084355493746
"gene675",71.1235364086948,62.3157488190108,51.1083334711313,89.0703940624613
"gene676",11.8539227347825,54.187607668705,23.4246528409352,17.2394311088635
"gene677",3.95130757826082,2.70938038343525,5.32378473657617,7.18309629535978
"gene678",28.9762555739127,27.0938038343525,5.32378473657617,15.8028118497915
"gene679",15.8052303130433,12.6437751226978,10.6475694731523,7.18309629535978
"gene680",0,9.03126794478417,0,0
"gene681",10.5368202086955,19.8687894785252,19.1656250516742,33.042242958655
"gene682",1.31710252608694,1.80625358895683,1.06475694731523,4.30985777721587
"gene683",11.8539227347825,19.8687894785252,19.1656250516742,27.2957659223672
"gene684",7.90261515652165,7.22501435582734,26.6189236828809,1.43661925907196
"gene685",9.21971768260859,0,0,5.74647703628782
"gene686",7.90261515652165,28.9000574233093,0,2.87323851814391
"gene687",93.5142793521728,270.938038343525,289.613889669744,181.014026643066
"gene688",3.95130757826082,0,0,0
"gene689",0,0,0,0
"gene690",3.95130757826082,13.5469019171763,10.6475694731523,14.3661925907196
"gene691",77.7090490391295,128.244004815935,78.7920141013274,77.5774399898856
"gene692",19.7565378913041,8.12814115030575,11.7123264204676,11.4929540725756
"gene693",5.26841010434777,8.12814115030575,0,2.87323851814391
"gene694",0,16.2562823006115,9.58281252583711,17.2394311088635
"gene695",11.8539227347825,23.4812966564388,11.7123264204676,22.9859081451513
"gene696",26.3420505217388,13.5469019171763,15.9713542097285,20.1126696270074
"gene697",7.90261515652165,2.70938038343525,15.9713542097285,2.87323851814391
"gene698",101.416894508694,296.225588588921,137.353646203665,80.4506785080296
"gene699",76.3919465130426,100.247074187104,40.4607639979789,60.3380088810222
"gene700",204.150891543476,137.275272760719,78.7920141013274,67.5211051763819
"gene701",0,9.03126794478417,22.3598958936199,8.61971555443174
"gene702",0,5.4187607668705,0,7.18309629535978
"gene703",32.9275631521735,48.7688469018345,36.201736208718,43.0985777721587
"gene704",19.7565378913041,7.22501435582734,0,7.18309629535978
"gene705",0,3.61250717791367,2.12951389463047,0
"gene706",2.63420505217388,0,1.06475694731523,2.87323851814391
"gene707",127.758945030433,62.3157488190108,196.980035253318,110.619682948541
"gene708",271.32312037391,146.306540705504,222.534201988884,66.08448591731
"gene709",155.418098078259,77.6689043251439,51.1083334711313,38.7887199949428
"gene710",22.390742943478,35.2219449846583,55.3673612603922,34.4788622177269
"gene711",3.95130757826082,29.8031842177878,2.12951389463047,12.9295733316476
"gene712",40.8301783086952,61.4126220245324,66.0149307335445,67.5211051763819
"gene713",23.7078454695649,25.2875502453957,76.6625002066969,37.3521007358709
"gene714",6.58551263043471,3.61250717791367,21.2951389463047,12.9295733316476
"gene715",210.736404173911,182.43161248464,151.195486518763,162.337976275131
"gene716",168.589123339128,108.37521533741,127.770833677828,45.9718162903026
"gene717",11.8539227347825,32.512564601223,22.3598958936199,10.0563348135037
"gene718",18.4394353652172,0,20.2303819989895,34.4788622177269
"gene719",3.95130757826082,0,6.38854168389141,11.4929540725756
"gene720",15.8052303130433,7.22501435582734,2.12951389463047,18.6760503679354
"gene721",18.4394353652172,21.675043067482,5.32378473657617,5.74647703628782
"gene722",57.9525111478254,59.6063684355755,146.936458729502,119.239398502972
"gene723",0,1.80625358895683,2.12951389463047,0
"gene724",11.8539227347825,9.03126794478417,5.32378473657617,5.74647703628782
"gene725",2.63420505217388,0,4.25902778926094,0
"gene726",57.9525111478254,59.6063684355755,19.1656250516742,4.30985777721587
"gene727",81.6603566173904,54.187607668705,116.058507257361,106.309825171325
"gene728",15.8052303130433,10.837521533741,19.1656250516742,1.43661925907196
"gene729",146.19838039565,181.528485690162,85.1805557852188,280.140755519031
"gene730",3.95130757826082,21.675043067482,26.6189236828809,17.2394311088635
"gene731",40.8301783086952,9.03126794478417,30.8779514721418,5.74647703628782
"gene732",6.58551263043471,101.150200981583,53.2378473657617,11.4929540725756
"gene733",73.7577414608687,59.6063684355755,76.6625002066969,58.9013896219502
"gene734",77.7090490391295,32.512564601223,61.7559029442836,43.0985777721587
"gene735",34.2446656782605,51.4782272852698,94.7633683110559,76.1408207308137
"gene736",26.3420505217388,45.1563397239209,12.7770833677828,0
"gene737",9.21971768260859,0,19.1656250516742,0
"gene738",35.5617682043474,28.9000574233093,43.6550348399246,61.7746281400941
"gene739",11.8539227347825,25.2875502453957,20.2303819989895,12.9295733316476
"gene740",9.21971768260859,0,8.51805557852188,2.87323851814391
"gene741",15.8052303130433,35.2219449846583,19.1656250516742,47.4084355493746
"gene742",14.4881277869564,19.8687894785252,14.9065972624133,7.18309629535978
"gene743",51.3669985173907,28.9000574233093,20.2303819989895,28.7323851814391
"gene744",156.735200604346,111.084595720845,176.749653254329,288.760471073463
"gene745",34.2446656782605,45.1563397239209,94.7633683110559,45.9718162903026
"gene746",1.31710252608694,16.2562823006115,0,4.30985777721587
"gene747",0,1.80625358895683,4.25902778926094,0
"gene748",7.90261515652165,28.9000574233093,6.38854168389141,7.18309629535978
"gene749",27.6591530478258,21.675043067482,8.51805557852188,35.9154814767989
"gene750",14.4881277869564,18.0625358895683,0,12.9295733316476
"gene751",55.3183060956515,19.8687894785252,57.4968751550227,38.7887199949428
"gene752",1.31710252608694,1.80625358895683,2.12951389463047,0
"gene753",1.31710252608694,1.80625358895683,0,4.30985777721587
"gene754",46.0985884130429,61.4126220245324,22.3598958936199,34.4788622177269
"gene755",47.4156909391299,36.1250717791367,29.8131945248266,14.3661925907196
"gene756",56.6354086217385,19.8687894785252,29.8131945248266,34.4788622177269
"gene757",31.6104606260866,18.0625358895683,19.1656250516742,7.18309629535978
"gene758",28.9762555739127,12.6437751226978,22.3598958936199,17.2394311088635
"gene759",57.9525111478254,117.406483282194,106.475694731523,61.7746281400941
"gene760",109.319509665216,382.02263406437,219.339931146938,135.042210352764
"gene761",216.004814278258,108.37521533741,118.188021151991,136.478829611836
"gene762",110.636612191303,39.7375789570504,84.1157988379035,152.281641461627
"gene763",1.31710252608694,8.12814115030575,4.25902778926094,11.4929540725756
"gene764",19.7565378913041,5.4187607668705,15.9713542097285,24.4225274042233
"gene765",10.5368202086955,2.70938038343525,10.6475694731523,2.87323851814391
"gene766",5.26841010434777,9.03126794478417,8.51805557852188,0
"gene767",30.2933580999997,84.8939186809712,73.4682293647512,48.8450548084465
"gene768",43.4643833608691,104.762708159496,83.0510418905883,43.0985777721587
"gene769",6.58551263043471,18.0625358895683,42.5902778926094,68.9577244354539
"gene770",0,0,1.06475694731523,8.61971555443174
"gene771",9.21971768260859,1.80625358895683,20.2303819989895,0
"gene772",6.58551263043471,27.0938038343525,11.7123264204676,4.30985777721587
"gene773",28.9762555739127,27.0938038343525,10.6475694731523,25.8591466632952
"gene774",21.0736404173911,9.03126794478417,25.5541667355656,24.4225274042233
"gene775",0,1.80625358895683,0,5.74647703628782
"gene776",18.4394353652172,12.6437751226978,11.7123264204676,12.9295733316476
"gene777",14.4881277869564,1.80625358895683,17.0361111570438,10.0563348135037
"gene778",0,3.61250717791367,1.06475694731523,0
"gene779",267.371812795649,509.363512085827,266.189236828809,244.225274042233
"gene780",7.90261515652165,1.80625358895683,9.58281252583711,12.9295733316476
"gene781",71.1235364086948,97.537693803669,42.5902778926094,57.4647703628782
"gene782",59.2696136739124,25.2875502453957,63.8854168389141,50.2816740675185
"gene783",6.58551263043471,1.80625358895683,8.51805557852188,1.43661925907196
"gene784",3.95130757826082,5.4187607668705,4.25902778926094,12.9295733316476
"gene785",6.58551263043471,16.2562823006115,1.06475694731523,0
"gene786",17.1223328391302,18.9656626840468,4.25902778926094,17.2394311088635
"gene787",18.4394353652172,9.03126794478417,22.3598958936199,58.9013896219502
"gene788",238.395557221736,235.716093358867,187.397222727481,303.126663664183
"gene789",26.3420505217388,13.5469019171763,23.4246528409352,31.605623699583
"gene790",51.3669985173907,57.8001148466187,55.3673612603922,54.5915318447343
"gene791",15.8052303130433,63.2188756134892,40.4607639979789,41.6619585130867
"gene792",25.0249479956519,7.22501435582734,17.0361111570438,40.2253392540148
"gene793",23.7078454695649,7.22501435582734,9.58281252583711,28.7323851814391
"gene794",343.763759308692,364.863224969281,255.541667355656,341.915383659126
"gene795",3.95130757826082,2.70938038343525,4.25902778926094,1.43661925907196
"gene796",3.95130757826082,18.9656626840468,6.38854168389141,8.61971555443174
"gene797",34.2446656782605,10.837521533741,89.4395835744797,41.6619585130867
"gene798",14.4881277869564,39.7375789570504,79.8567710486426,38.7887199949428
"gene799",7.90261515652165,16.2562823006115,2.12951389463047,12.9295733316476
"gene800",0,1.80625358895683,1.06475694731523,0
"gene801",36.8788707304344,48.7688469018345,38.3312501033484,15.8028118497915
"gene802",34.2446656782605,90.3126794478417,30.8779514721418,80.4506785080296
"gene803",136.978662713042,124.631497638022,225.72847283083,142.225306648124
"gene804",36.8788707304344,27.0938038343525,46.8493056818703,43.0985777721587
"gene805",7.90261515652165,7.22501435582734,19.1656250516742,4.30985777721587
"gene806",479.425319495647,257.391136426349,307.714757774103,304.563282923255
"gene807",0,2.70938038343525,0,0
"gene808",13.1710252608694,50.5751004907914,42.5902778926094,20.1126696270074
"gene809",18.4394353652172,3.61250717791367,54.302604313077,7.18309629535978
"gene810",14.4881277869564,29.8031842177878,31.942708419457,44.5351970312306
"gene811",39.5130757826082,124.631497638022,52.1730904184465,60.3380088810222
"gene812",28.9762555739127,1.80625358895683,6.38854168389141,0
"gene813",110.636612191303,65.025129202446,64.9501737862293,12.9295733316476
"gene814",0,3.61250717791367,0,0
"gene815",7.90261515652165,3.61250717791367,2.12951389463047,0
"gene816",96.1484844043467,46.0594665183993,53.2378473657617,76.1408207308137
"gene817",15.8052303130433,3.61250717791367,6.38854168389141,1.43661925907196
"gene818",7.90261515652165,16.2562823006115,5.32378473657617,8.61971555443174
"gene819",114.587919769564,133.662765582806,94.7633683110559,83.3239170261735
"gene820",0,0,1.06475694731523,22.9859081451513
"gene821",40.8301783086952,37.9313253680935,112.864236415415,112.056302207613
"gene822",172.540430917389,184.237866073597,261.930209039548,147.971783684411
"gene823",0,2.70938038343525,1.06475694731523,4.30985777721587
"gene824",9.21971768260859,29.8031842177878,43.6550348399246,11.4929540725756
"gene825",13.1710252608694,10.837521533741,26.6189236828809,27.2957659223672
"gene826",223.90742943478,252.875502453957,159.713542097285,238.478797005945
"gene827",148.832585447824,184.237866073597,123.511805888567,170.957691829563
"gene828",7.90261515652165,3.61250717791367,11.7123264204676,27.2957659223672
"gene829",750.748439869557,915.770569601115,883.748266271645,2177.91479675309
"gene830",5.26841010434777,3.61250717791367,9.58281252583711,4.30985777721587
"gene831",468.888499286951,387.441394831241,634.59514059988,531.549125856624
"gene832",0,1.80625358895683,0,4.30985777721587
"gene833",13.1710252608694,21.675043067482,30.8779514721418,12.9295733316476
"gene834",60.5867161999993,32.512564601223,110.734722520784,24.4225274042233
"gene835",151.466790499998,157.144062239245,75.5977432593816,86.1971555443174
"gene836",0,0,0,0
"gene837",7.90261515652165,14.4500287116547,5.32378473657617,8.61971555443174
"gene838",15.8052303130433,12.6437751226978,51.1083334711313,30.1690044405111
"gene839",13.1710252608694,5.4187607668705,14.9065972624133,34.4788622177269
"gene840",2.63420505217388,1.80625358895683,0,2.87323851814391
"gene841",13.1710252608694,18.9656626840468,20.2303819989895,40.2253392540148
"gene842",115.905022295651,164.369076595072,134.15937536172,80.4506785080296
"gene843",15.8052303130433,25.2875502453957,54.302604313077,53.1549125856624
"gene844",60.5867161999993,54.187607668705,51.1083334711313,74.7042014717417
"gene845",86.9287667217381,67.7345095858813,66.0149307335445,35.9154814767989
"gene846",39.5130757826082,14.4500287116547,33.0074653667723,12.9295733316476
"gene847",5.26841010434777,27.0938038343525,8.51805557852188,4.30985777721587
"gene848",557.134368534776,582.516782438579,532.378473657617,472.647736234674
"gene849",123.807637452172,37.9313253680935,52.1730904184465,63.2112473991661
"gene850",0,2.70938038343525,0,4.30985777721587
"gene851",69.8064338826079,18.0625358895683,31.942708419457,12.9295733316476
"gene852",64.5380237782601,32.512564601223,25.5541667355656,34.4788622177269
"gene853",341.129554256518,559.938612576619,677.185418492489,449.661828089522
"gene854",46.0985884130429,40.6407057515288,76.6625002066969,61.7746281400941
"gene855",23.7078454695649,16.2562823006115,62.8206598915988,14.3661925907196
"gene856",1.31710252608694,13.5469019171763,70.2739585228055,12.9295733316476
"gene857",0,0,4.25902778926094,17.2394311088635
"gene858",32.9275631521735,12.6437751226978,110.734722520784,53.1549125856624
"gene859",13.1710252608694,18.0625358895683,0,5.74647703628782
"gene860",50.0498959913038,84.8939186809712,127.770833677828,33.042242958655
"gene861",9.21971768260859,24.3844234509173,37.2664931560332,40.2253392540148
"gene862",19.7565378913041,10.837521533741,8.51805557852188,15.8028118497915
"gene863",81.6603566173904,177.01285171777,119.252778099306,41.6619585130867
"gene864",15.8052303130433,32.512564601223,26.6189236828809,15.8028118497915
"gene865",7.90261515652165,36.1250717791367,9.58281252583711,14.3661925907196
"gene866",13.1710252608694,5.4187607668705,19.1656250516742,28.7323851814391
"gene867",1.31710252608694,0,2.12951389463047,4.30985777721587
"gene868",10.5368202086955,8.12814115030575,20.2303819989895,11.4929540725756
"gene869",25.0249479956519,12.6437751226978,34.0722223140875,31.605623699583
"gene870",13.1710252608694,14.4500287116547,15.9713542097285,11.4929540725756
"gene871",22.390742943478,10.837521533741,26.6189236828809,37.3521007358709
"gene872",32.9275631521735,90.3126794478417,87.3100696798492,66.08448591731
"gene873",55.3183060956515,27.0938038343525,10.6475694731523,18.6760503679354
"gene874",22.390742943478,52.3813540797482,20.2303819989895,38.7887199949428
"gene875",0,0,0,0
"gene876",86.9287667217381,89.4095526533633,83.0510418905883,97.690109616893
"gene877",1.31710252608694,5.4187607668705,14.9065972624133,17.2394311088635
"gene878",23.7078454695649,59.6063684355755,55.3673612603922,109.183063689469
"gene879",2.63420505217388,5.4187607668705,1.06475694731523,2.87323851814391
"gene880",2.63420505217388,3.61250717791367,1.06475694731523,5.74647703628782
"gene881",17.1223328391302,7.22501435582734,4.25902778926094,4.30985777721587
"gene882",11.8539227347825,27.0938038343525,9.58281252583711,8.61971555443174
"gene883",5.26841010434777,13.5469019171763,10.6475694731523,7.18309629535978
"gene884",18.4394353652172,8.12814115030575,43.6550348399246,77.5774399898856
"gene885",13.1710252608694,30.7063110122662,54.302604313077,57.4647703628782
"gene886",28.9762555739127,19.8687894785252,40.4607639979789,8.61971555443174
"gene887",242.346864799997,323.319392423273,212.951389463047,206.873173306362
"gene888",18.4394353652172,7.22501435582734,17.0361111570438,10.0563348135037
"gene889",64.5380237782601,73.1532703527518,47.9140626291856,137.915448870908
"gene890",42.1472808347821,84.8939186809712,48.9788195765008,68.9577244354539
"gene891",34.2446656782605,8.12814115030575,10.6475694731523,5.74647703628782
"gene892",17.1223328391302,46.0594665183993,41.5255209452941,1.43661925907196
"gene893",2.63420505217388,29.8031842177878,6.38854168389141,2.87323851814391
"gene894",28.9762555739127,43.350086134964,26.6189236828809,63.2112473991661
"gene895",7.90261515652165,10.837521533741,29.8131945248266,28.7323851814391
"gene896",47.4156909391299,95.7314402147122,14.9065972624133,104.873205912253
"gene897",21.0736404173911,10.837521533741,15.9713542097285,40.2253392540148
"gene898",1.31710252608694,0,0,0
"gene899",1134.02527496086,1156.90542372685,1027.4904541592,1405.01363537237
"gene900",536.060728117385,910.351808834244,651.631251756924,749.915253235561
"gene901",138.295765239129,211.33166990795,187.397222727481,228.422462192441
"gene902",13.1710252608694,5.4187607668705,27.6836806301961,4.30985777721587
"gene903",123.807637452172,79.4751579141007,91.5690974691102,99.126728875965
"gene904",13.1710252608694,13.5469019171763,5.32378473657617,5.74647703628782
"gene905",64.5380237782601,21.675043067482,117.123264204676,53.1549125856624
"gene906",31.6104606260866,3.61250717791367,37.2664931560332,14.3661925907196
"gene907",2.63420505217388,18.9656626840468,6.38854168389141,7.18309629535978
"gene908",0,5.4187607668705,2.12951389463047,7.18309629535978
"gene909",35.5617682043474,88.5064258588849,139.483160098296,135.042210352764
"gene910",356.934784569561,814.620368619532,339.65746619356,320.366094773046
"gene911",79.0261515652165,216.75043067482,96.8928822056863,96.2534903578211
"gene912",35.5617682043474,36.1250717791367,8.51805557852188,17.2394311088635
"gene913",11.8539227347825,28.9000574233093,23.4246528409352,15.8028118497915
"gene914",67.172228830434,55.9938612576619,27.6836806301961,7.18309629535978
"gene915",10.5368202086955,10.837521533741,20.2303819989895,40.2253392540148
"gene916",7.90261515652165,7.22501435582734,0,4.30985777721587
"gene917",3.95130757826082,2.70938038343525,0,5.74647703628782
"gene918",11.8539227347825,5.4187607668705,0,0
"gene919",10.5368202086955,18.9656626840468,14.9065972624133,58.9013896219502
"gene920",7.90261515652165,2.70938038343525,36.201736208718,11.4929540725756
"gene921",30.2933580999997,21.675043067482,14.9065972624133,17.2394311088635
"gene922",126.441842504346,133.662765582806,95.8281252583711,110.619682948541
"gene923",52.6841010434777,63.2188756134892,86.245312732534,45.9718162903026
"gene924",52.6841010434777,45.1563397239209,43.6550348399246,21.5492888860793
"gene925",0,1.80625358895683,0,5.74647703628782
"gene926",47.4156909391299,45.1563397239209,61.7559029442836,38.7887199949428
"gene927",101.416894508694,128.244004815935,137.353646203665,137.915448870908
"gene928",7.90261515652165,2.70938038343525,4.25902778926094,15.8028118497915
"gene929",23.7078454695649,68.6376363803597,21.2951389463047,37.3521007358709
"gene930",114.587919769564,84.8939186809712,51.1083334711313,45.9718162903026
"gene931",14.4881277869564,19.8687894785252,15.9713542097285,22.9859081451513
"gene932",44.781485886956,27.0938038343525,31.942708419457,20.1126696270074
"gene933",23.7078454695649,5.4187607668705,15.9713542097285,7.18309629535978
"gene934",36.8788707304344,24.3844234509173,59.6263890496531,38.7887199949428
"gene935",92.1971768260859,105.665834953975,146.936458729502,189.633742197498
"gene936",11.8539227347825,18.9656626840468,2.12951389463047,21.5492888860793
"gene937",80.3432540913034,12.6437751226978,22.3598958936199,56.0281511038063
"gene938",80.3432540913034,137.275272760719,148.001215676818,143.661925907196
"gene939",44.781485886956,75.862650736187,123.511805888567,81.8872977671015
"gene940",293.713863317388,195.075387607338,46.8493056818703,176.704168865851
"gene941",27.6591530478258,16.2562823006115,8.51805557852188,2.87323851814391
"gene942",3.95130757826082,1.80625358895683,0,10.0563348135037
"gene943",0,0,8.51805557852188,11.4929540725756
"gene944",5.26841010434777,23.4812966564388,26.6189236828809,10.0563348135037
"gene945",14.4881277869564,7.22501435582734,12.7770833677828,2.87323851814391
"gene946",6.58551263043471,2.70938038343525,5.32378473657617,1.43661925907196
"gene947",0,1.80625358895683,1.06475694731523,1.43661925907196
"gene948",39.5130757826082,35.2219449846583,15.9713542097285,30.1690044405111
"gene949",7.90261515652165,29.8031842177878,33.0074653667723,43.0985777721587
"gene950",22.390742943478,66.8313827914029,19.1656250516742,25.8591466632952
"gene951",126.441842504346,94.8283134202338,66.0149307335445,77.5774399898856
"gene952",155.418098078259,157.144062239245,102.216666942263,191.07036145657
"gene953",217.321916804345,207.719162730036,195.915278306003,386.450580690356
"gene954",17.1223328391302,14.4500287116547,0,4.30985777721587
"gene955",1.31710252608694,13.5469019171763,4.25902778926094,2.87323851814391
"gene956",117.222124821738,225.781698619604,321.556598089201,153.718260720699
"gene957",9.21971768260859,29.8031842177878,10.6475694731523,12.9295733316476
"gene958",6.58551263043471,8.12814115030575,25.5541667355656,37.3521007358709
"gene959",2.63420505217388,8.12814115030575,0,4.30985777721587
"gene960",46.0985884130429,142.69403352759,17.0361111570438,140.788687389052
"gene961",23.7078454695649,36.1250717791367,27.6836806301961,37.3521007358709
"gene962",98.7826894565206,74.0563971472302,89.4395835744797,116.366159984828
"gene963",28.9762555739127,23.4812966564388,23.4246528409352,11.4929540725756
"gene964",71.1235364086948,74.0563971472302,44.7197917872398,123.549256280188
"gene965",209.419301647824,115.600229693237,101.151909994947,139.35206812998
"gene966",82.9774591434773,59.6063684355755,76.6625002066969,64.647866658238
"gene967",65.8551263043471,32.512564601223,75.5977432593816,99.126728875965
"gene968",23.7078454695649,3.61250717791367,6.38854168389141,1.43661925907196
"gene969",46.0985884130429,51.4782272852698,72.4034724174359,47.4084355493746
"gene970",102.733997034781,73.1532703527518,96.8928822056863,28.7323851814391
"gene971",364.837399726083,766.754648512176,251.282639566395,349.098479954485
"gene972",6.58551263043471,5.4187607668705,1.06475694731523,1.43661925907196
"gene973",18.4394353652172,12.6437751226978,37.2664931560332,22.9859081451513
"gene974",57.9525111478254,88.5064258588849,69.2092015754902,50.2816740675185
"gene975",25.0249479956519,57.8001148466187,62.8206598915988,10.0563348135037
"gene976",39.5130757826082,7.22501435582734,12.7770833677828,40.2253392540148
"gene977",82.9774591434773,18.9656626840468,94.7633683110559,87.6337748033893
"gene978",7.90261515652165,0,1.06475694731523,0
"gene979",10.5368202086955,5.4187607668705,0,0
"gene980",0,2.70938038343525,1.06475694731523,2.87323851814391
"gene981",10.5368202086955,9.03126794478417,8.51805557852188,2.87323851814391
"gene982",25.0249479956519,27.0938038343525,25.5541667355656,56.0281511038063
"gene983",52.6841010434777,51.4782272852698,40.4607639979789,22.9859081451513
"gene984",1.31710252608694,18.9656626840468,0,10.0563348135037
"gene985",7.90261515652165,12.6437751226978,27.6836806301961,24.4225274042233
"gene986",9.21971768260859,35.2219449846583,4.25902778926094,18.6760503679354
"gene987",82.9774591434773,48.7688469018345,30.8779514721418,31.605623699583
"gene988",3.95130757826082,0,0,2.87323851814391
"gene989",44.781485886956,108.37521533741,104.346180836893,90.5070133215332
"gene990",14.4881277869564,2.70938038343525,1.06475694731523,12.9295733316476
"gene991",34.2446656782605,10.837521533741,34.0722223140875,51.7182933265904
"gene992",0,0,0,0
"gene993",181.760148599998,77.6689043251439,80.9215279959578,153.718260720699
"gene994",0,1.80625358895683,2.12951389463047,0
"gene995",2.63420505217388,12.6437751226978,8.51805557852188,4.30985777721587
"gene996",23.7078454695649,3.61250717791367,11.7123264204676,54.5915318447343
"gene997",1.31710252608694,9.03126794478417,1.06475694731523,8.61971555443174
"gene998",65.8551263043471,25.2875502453957,26.6189236828809,56.0281511038063
"gene999",15.8052303130433,12.6437751226978,10.6475694731523,2.87323851814391
"gene1000",97.4655869304337,88.5064258588849,37.2664931560332,129.295733316476
